Reference,Year,Full.Reference,peer.review,search,Location,USA,Global.Region,Method,Conventional..Molecular..or.Immunologic,MDL.ALOD.LOD,Below.MDL,MDL.units,Sample.Volume,kingdom,class,order,family,genius,Animal.common.name,Animal.Latin.Name,X,Free.captive,Pathogen1,Pathogen,medium,Presence,Enumerated,Censored.Data,Enum.Stats,Presence.Absence,Total,percent,Individual.Sample,Mean,Geometric.mean,Standard.deviation,Median,Min,Max,X95..low,X95..high,units,Notes,Notes.1,CenMedianLow,CenMedianHigh,CenMinLow,CenMinHigh,CenMaxLow,CenMaxHigh,log10mean,log10SD,GRADES,GRADES_Score
Adesiyun et al.,1998,Adesiyun et al. 1998,yes,review,Trinidad,no,North America,"biochemical, plate culture",Conventional,ND,ND,NA,streak,Animal,Bird,Psittaciformes,Psittacidae,Amazona,Orange-winged amazon,Amazona amazonica,,free range,Camplylobacter spp.,Campylobacter,"feces, cloacal swab",yes,no,,,ND,6,,NA,,NA,,NA,,,,,,,,NA,NA,NA,NA,NA,NA,NA,NA,Low,1
Adesiyun et al.,1998,Adesiyun et al. 1998,yes,review,Trinidad,no,North America,"biochemical, plate culture",Conventional,ND,ND,NA,streak,Animal,Bird,Columbiformes,Columbidae,Columba,Pigeon,Columba spp.,,free range,Camplylobacter spp.,Campylobacter,"feces, cloacal swab",yes,no,,,ND,8,,NA,,NA,,NA,,,,,,,,NA,NA,NA,NA,NA,NA,NA,NA,Low,1
Adesiyun et al.,1998,Adesiyun et al. 1998,yes,review,Trinidad,no,North America,"biochemical, plate culture",Conventional,ND,ND,NA,streak,Animal,Bird,Psittaciformes,Psittacinae,Ara,Scarlet macaw,Ara macao,,free range,Camplylobacter spp.,Campylobacter,"feces, cloacal swab",yes,no,,,ND,1,,NA,,NA,,NA,,,,,,,,NA,NA,NA,NA,NA,NA,NA,NA,Low,1
Adesiyun et al.,1998,Adesiyun et al. 1998,yes,review,Trinidad,no,North America,"biochemical, plate culture",Conventional,ND,ND,NA,streak,Animal,Bird,Piciformes,Ramphastidae,Ramphastos,Toucan,Ramphastos toucanas,,free range,Camplylobacter spp.,Campylobacter,"feces, cloacal swab",yes,no,,,ND,4,,NA,,NA,,NA,,,,,,,,NA,NA,NA,NA,NA,NA,NA,NA,Low,1
Broman et al.,2002,Broman et al. 2002,yes,review,"Sweden, Malmo, Pildammsparken",no,Europe,"plate culture, isolates, PCR used for macro restriction profiling",Conventional,NA,NA,NA,NA,Animal,Bird,Charadriiformes,Laridae,Chroicocephalus,Black-headed gull,Larus ridibundus,,free,Campylobacter spp.,Campylobacter,Cloacal swab,yes,no,,,250,786,,NA,,NA,,NA,,,,,,"Has more data on Campylobacter species, and how long animals are infected that were not included due to vagueness of data.",,NA,NA,NA,NA,NA,NA,NA,NA,High,3
Broman et al.,2002,Broman et al. 2002,yes,review,"Sweden, Malmo, Pildammsparken",no,Europe,"plate culture, isolates, PCR used for macro restriction profiling",Conventional,NA,NA,NA,NA,Animal,Bird,Charadriiformes,Laridae,Chroicocephalus,Black-headed gull,Larus ridibundus,,free,Campylobacter jejuni,Campylobacter jejuni,Cloacal swab,yes,no,,,235,786,,NA,,NA,,NA,,,,,,"Has more data on Campylobacter species, and how long animals are infected that were not included due to vagueness of data.",,NA,NA,NA,NA,NA,NA,NA,NA,High,3
Casanovas et al.,1995,Casanovas et al. 1995,yes,review,"Spain, Barcelona",no,Europe,"visual, plate culture",Conventional,NA,NA,NA,NA,Animal,Bird,Columbiformes,Columbidae,Columba,Pigeon,Columba livia,,free,Campylobacter spp. (jejuni),Campylobacter,cloacal swab,yes,no,,,105,400,,NA,,NA,,NA,,,,,,,,NA,NA,NA,NA,NA,NA,NA,NA,High,3
Craven et al.,2000,Craven et al. 2000,yes,review,"USA, Georgia, Athens near, 200 ft of chicken house",yes,North America,"microscope, agglutination test, broth culture",Immunologic,NA,NA,NA,NA,Animal,Bird,Passeriformes,,,,,Wild birds (Includes European starlings and House Sparrows),free,Campylobacter jejuni,Campylobacter jejuni,"feces, cloacal swab, intestines",yes,no,,,12,124,0.1,NA,,NA,,NA,,,,,,,,NA,NA,NA,NA,NA,NA,NA,NA,Moderate,2
Fallacara et al.,2001,Fallacara et al. 2001,yes,review,"USA,  Ohio, Battlle-Darby Creek, Hoover Dam, Antrim Park, Sharon Woods, Griggs Reservior, Scioto Park",yes,North America,"Culture, Subculture, confirm latex agglutination",Conventional,NA,NA,NA,variable swab,Animal,Bird,,,,Bird (class),,Waterfowl Domestic/Hybrid species,free,Campylobacter jejuni,Campylobacter jejuni,feces,yes,no,,,6,10,,NA,,NA,,NA,,,,,,,,NA,NA,NA,NA,NA,NA,NA,NA,Moderate,2
Fallacara et al.,2001,Fallacara et al. 2001,yes,review,"USA,  Ohio, Battlle-Darby Creek, Hoover Dam, Antrim Park, Sharon Woods, Griggs Reservior, Scioto Park",yes,North America,"Culture, Subculture, confirm latex agglutination",Conventional,NA,NA,NA,variable swab,Animal,Bird,Anseriformes,Anatidae,Branta,Canada goose,,,free,Campylobacter jejuni,Campylobacter jejuni,feces,yes,no,,,185,357,,NA,,NA,,NA,,,,,,,,NA,NA,NA,NA,NA,NA,NA,NA,Moderate,2
Fallacara et al.,2001,Fallacara et al. 2001,yes,review,"USA,  Ohio, Battlle-Darby Creek, Hoover Dam, Antrim Park, Sharon Woods, Griggs Reservior, Scioto Park",yes,North America,"Culture, Subculture, confirm latex agglutination",Conventional,NA,NA,NA,variable swab,Animal,Bird,Anseriformes,Anatidae,Anas,Mallard,,,free,Campylobacter jejuni,Campylobacter jejuni,feces,yes,no,,,33,82,,NA,,NA,,NA,,,,,,,,NA,NA,NA,NA,NA,NA,NA,NA,Moderate,2
Fallacara et al.,2004,Fallacara et al. 2004,yes,review,"USA, Ohio, Columbus Zoo",yes,North America,"Culture, Subculture, confirm latex agglutination",Conventional,NA,NA,NA,swab,Animal,Bird,Anseriformes,Anatidae,Branta,Canada goose,,,free,Campylobacter jejuni,Campylobacter jejuni,feces,yes,no,,,146,342,,NA,,NA,,NA,,,,,,,,NA,NA,NA,NA,NA,NA,NA,NA,High,3
Fallacara et al.,2004,Fallacara et al. 2004,yes,review,"USA, Ohio, Columbus Zoo",yes,North America,"Culture, Subculture, confirm latex agglutination",Conventional,NA,NA,NA,swab,Animal,Bird,Anseriformes,Anatidae,Anas,Mallard,,,free,Campylobacter jejuni,Campylobacter jejuni,feces,yes,no,,,ND,100,,NA,,NA,,NA,,,,,,,,NA,NA,NA,NA,NA,NA,NA,NA,High,3
French et al.,2009,French et al. 2009,yes,review,"New Zealand, North, Palmerston",no,Western Pacific,"PCR, Culture broth, Plate Isolate",Molecular,NA,NA,NA,swab variable,Animal,Bird,Passeriformes,,,,"Multiple types (Sturnus vulgaris, Passer domesticus, Hirundo tahitica, Turdus merula, Gymnorhina tibicen, Turdus philomelos, Prosthemadera novaeseelandiae, Fringilla coelebs, Carduelis carduelis)","Multiple types (European starling, house sparrow, welcome swallow, blackbird, Australian magpie, song thrush, tui, chaffinch, and goldfinch)",free,Campylobacter jejuni,Campylobacter jejuni,feces ,yes,no,,,24,192,,NA,,NA,,NA,,,,,,contains detailed genetic information,,NA,NA,NA,NA,NA,NA,NA,NA,Low,1
Hellein et al.,2011,Hellein et al. 2011,yes,Google Scholar,"USA, Florida, Pensacola",yes,North America,qPCR,Molecular,NA,NA,NA,0.25-0.3 g,Animal,Bird,Charadriiformes,Laridae,,,,Seagull,?,Campylobacter,Campylobacter,feces,yes,no,,,6,18,,NA,,NA,,NA,,,,,,,,NA,NA,NA,NA,NA,NA,NA,NA,Low,1
Hellein et al.,2011,Hellein et al. 2011,yes,Google Scholar,"USA, Florida, Pensacola",yes,North America,qPCR,Molecular,NA,NA,NA,0.25-0.3 g,Animal,Bird,Charadriiformes,Laridae,,,,Seagull,?,Campylobacter coli,Campylobacter coli,feces,yes,no,,,4,18,,NA,,NA,,NA,,,,,,,,NA,NA,NA,NA,NA,NA,NA,NA,Low,1
Hsu et al.,2015,Hsu et al. 2015,yes,Google Scholar,"USA, Ohio, Columbus, Olentangy River Wetland Research Park",yes,North America,qPCR (CampyF/CampyR/CampyP 287 bp),Molecular,50 cycles (<21 gene copies/ml),NA,NA,NA,Animal,Bird,Anseriformes,Anatidae,Branta,Canada goose,Branta canadensis,,Free,Campylobacter ,Campylobacter,feces,yes,no,,,ND,44,,NA,,NA,,NA,,,,,,,,NA,NA,NA,NA,NA,NA,NA,NA,Low,1
Kapperud and Rosef,1983,Kapperud and Rosef 1983,yes,review,"Norway, Oslo and rural",no,Europe,"Microscope, Plate Culture",Conventional,NA,NA,NA,swab variable,Animal,Bird,Charadriiformes,Alcidae,Fratercula,Atlantic puffin,Fratercula arctica,,free,Camplyobacter coli,Campylobacter coli,isolates,yes,no,,,1,40,,NA,,NA,,NA,,,,,,Isolates are based on the number of infected individuals.,,NA,NA,NA,NA,NA,NA,NA,NA,Low,1
Kapperud and Rosef,1983,Kapperud and Rosef 1983,yes,review,"Norway, Oslo and rural",no,Europe,"Microscope, Plate Culture",Conventional,NA,NA,NA,swab variable,Animal,Bird,Charadriiformes,Alcidae,Fratercula,Atlantic puffin,Fratercula arctica,,free,Camplyobacter jejuni,Campylobacter jejuni,isolates,yes,no,,,0,40,,NA,,NA,,NA,,,,,,Isolates are based on the number of infected individuals.,,NA,NA,NA,NA,NA,NA,NA,NA,Low,1
Kapperud and Rosef,1983,Kapperud and Rosef 1983,yes,review,"Norway, Oslo and rural",no,Europe,"Microscope, Plate Culture",Conventional,NA,NA,NA,swab variable,Animal,Bird,Charadriiformes,Alcidae,Fratercula,Atlantic puffin,Fratercula arctica,,free,Camplyobacter NARTC  (nalidixic acid-resistant thermophilic campylobacters),Campylobacter lari,isolates,yes,no,,,39,40,,NA,,NA,,NA,,,,,,Isolates are based on the number of infected individuals.,,NA,NA,NA,NA,NA,NA,NA,NA,Low,1
Kapperud and Rosef,1983,Kapperud and Rosef 1983,yes,review,"Norway, Oslo and rural",no,Europe,"Microscope, Plate Culture",Conventional,NA,NA,NA,swab variable,Animal,Bird,Anseriformes,Anatidae,Bucephala,Common goldeneye,Bucephala clangula,,free,Camplyobacter coli,Campylobacter coli,isolates,yes,no,,,1,1,,NA,,NA,,NA,,,,,,Isolates are based on the number of infected individuals.,,NA,NA,NA,NA,NA,NA,NA,NA,Low,1
Kapperud and Rosef,1983,Kapperud and Rosef 1983,yes,review,"Norway, Oslo and rural",no,Europe,"Microscope, Plate Culture",Conventional,NA,NA,NA,swab variable,Animal,Bird,Anseriformes,Anatidae,Bucephala,Common goldeneye,Bucephala clangula,,free,Camplyobacter jejuni,Campylobacter jejuni,isolates,yes,no,,,0,1,,NA,,NA,,NA,,,,,,Isolates are based on the number of infected individuals.,,NA,NA,NA,NA,NA,NA,NA,NA,Low,1
Kapperud and Rosef,1983,Kapperud and Rosef 1983,yes,review,"Norway, Oslo and rural",no,Europe,"Microscope, Plate Culture",Conventional,NA,NA,NA,swab variable,Animal,Bird,Anseriformes,Anatidae,Bucephala,Common goldeneye,Bucephala clangula,,free,Camplyobacter NARTC  (nalidixic acid-resistant thermophilic campylobacters),Campylobacter lari,isolates,yes,no,,,0,1,,NA,,NA,,NA,,,,,,Isolates are based on the number of infected individuals.,,NA,NA,NA,NA,NA,NA,NA,NA,Low,1
Kapperud and Rosef,1983,Kapperud and Rosef 1983,yes,review,"Norway, Oslo and rural",no,Europe,"Microscope, Plate Culture",Conventional,NA,NA,NA,swab variable,Animal,Bird,Passeriformes,Emberizidae,Emberiza,Common reed bunting,Emberiza schoeniclus,,free,Camplyobacter coli,Campylobacter coli,isolates,yes,no,,,0,1,,NA,,NA,,NA,,,,,,Isolates are based on the number of infected individuals.,,NA,NA,NA,NA,NA,NA,NA,NA,Low,1
Kapperud and Rosef,1983,Kapperud and Rosef 1983,yes,review,"Norway, Oslo and rural",no,Europe,"Microscope, Plate Culture",Conventional,NA,NA,NA,swab variable,Animal,Bird,Passeriformes,Emberizidae,Emberiza,Common reed bunting,Emberiza schoeniclus,,free,Camplyobacter jejuni,Campylobacter jejuni,isolates,yes,no,,,1,1,,NA,,NA,,NA,,,,,,Isolates are based on the number of infected individuals.,,NA,NA,NA,NA,NA,NA,NA,NA,Low,1
Kapperud and Rosef,1983,Kapperud and Rosef 1983,yes,review,"Norway, Oslo and rural",no,Europe,"Microscope, Plate Culture",Conventional,NA,NA,NA,swab variable,Animal,Bird,Passeriformes,Emberizidae,Emberiza,Common reed bunting,Emberiza schoeniclus,,free,Camplyobacter NARTC  (nalidixic acid-resistant thermophilic campylobacters),Campylobacter lari,isolates,yes,no,,,0,1,,NA,,NA,,NA,,,,,,Isolates are based on the number of infected individuals.,,NA,NA,NA,NA,NA,NA,NA,NA,Low,1
Kapperud and Rosef,1983,Kapperud and Rosef 1983,yes,review,"Norway, Oslo and rural",no,Europe,"Microscope, Plate Culture",Conventional,NA,NA,NA,swab variable,Animal,Bird,Charadriiformes,Laridae,Sterna,Common tern,Sterna hirundo,,free,Camplyobacter coli,Campylobacter coli,isolates,yes,no,,,1,2,,NA,,NA,,NA,,,,,,Isolates are based on the number of infected individuals.,,NA,NA,NA,NA,NA,NA,NA,NA,Low,1
Kapperud and Rosef,1983,Kapperud and Rosef 1983,yes,review,"Norway, Oslo and rural",no,Europe,"Microscope, Plate Culture",Conventional,NA,NA,NA,swab variable,Animal,Bird,Charadriiformes,Laridae,Sterna,Common tern,Sterna hirundo,,free,Camplyobacter jejuni,Campylobacter jejuni,isolates,yes,no,,,1,2,,NA,,NA,,NA,,,,,,Isolates are based on the number of infected individuals.,,NA,NA,NA,NA,NA,NA,NA,NA,Low,1
Kapperud and Rosef,1983,Kapperud and Rosef 1983,yes,review,"Norway, Oslo and rural",no,Europe,"Microscope, Plate Culture",Conventional,NA,NA,NA,swab variable,Animal,Bird,Charadriiformes,Laridae,Sterna,Common tern,Sterna hirundo,,free,Camplyobacter NARTC  (nalidixic acid-resistant thermophilic campylobacters),Campylobacter lari,isolates,yes,no,,,0,2,,NA,,NA,,NA,,,,,,Isolates are based on the number of infected individuals.,,NA,NA,NA,NA,NA,NA,NA,NA,Low,1
Kapperud and Rosef,1983,Kapperud and Rosef 1983,yes,review,"Norway, Oslo and rural",no,Europe,"Microscope, Plate Culture",Conventional,NA,NA,NA,swab variable,Animal,Bird,Passeriformes,Corvidae,Corvus,Hooded crow,Corvus corone cornix,,free,Camplyobacter coli,Campylobacter coli,isolates,yes,no,,,2,44,,NA,,NA,,NA,,,,,,Isolates are based on the number of infected individuals.,,NA,NA,NA,NA,NA,NA,NA,NA,Low,1
Kapperud and Rosef,1983,Kapperud and Rosef 1983,yes,review,"Norway, Oslo and rural",no,Europe,"Microscope, Plate Culture",Conventional,NA,NA,NA,swab variable,Animal,Bird,Passeriformes,Corvidae,Corvus,Hooded crow,Corvus corone cornix,,free,Camplyobacter jejuni,Campylobacter jejuni,isolates,yes,no,,,41,44,,NA,,NA,,NA,,,,,,Isolates are based on the number of infected individuals.,,NA,NA,NA,NA,NA,NA,NA,NA,Low,1
Kapperud and Rosef,1983,Kapperud and Rosef 1983,yes,review,"Norway, Oslo and rural",no,Europe,"Microscope, Plate Culture",Conventional,NA,NA,NA,swab variable,Animal,Bird,Passeriformes,Corvidae,Corvus,Hooded crow,Corvus corone cornix,,free,Camplyobacter NARTC  (nalidixic acid-resistant thermophilic campylobacters),Campylobacter lari,isolates,yes,no,,,1,44,,NA,,NA,,NA,,,,,,Isolates are based on the number of infected individuals.,,NA,NA,NA,NA,NA,NA,NA,NA,Low,1
Kapperud and Rosef,1983,Kapperud and Rosef 1983,yes,review,"Norway, Oslo and rural",no,Europe,"Microscope, Plate Culture",Conventional,NA,NA,NA,swab variable,Animal,Bird,Columbiformes,Columbidae,Columba,Pigeon,Columba livia,,free,Camplyobacter coli,Campylobacter coli,isolates,yes,no,,,0,3,,NA,,NA,,NA,,,,,,Isolates are based on the number of infected individuals.,,NA,NA,NA,NA,NA,NA,NA,NA,Low,1
Kapperud and Rosef,1983,Kapperud and Rosef 1983,yes,review,"Norway, Oslo and rural",no,Europe,"Microscope, Plate Culture",Conventional,NA,NA,NA,swab variable,Animal,Bird,Columbiformes,Columbidae,Columba,Pigeon,Columba livia,,free,Camplyobacter jejuni,Campylobacter jejuni,isolates,yes,no,,,3,3,,NA,,NA,,NA,,,,,,Isolates are based on the number of infected individuals.,,NA,NA,NA,NA,NA,NA,NA,NA,Low,1
Kapperud and Rosef,1983,Kapperud and Rosef 1983,yes,review,"Norway, Oslo and rural",no,Europe,"Microscope, Plate Culture",Conventional,NA,NA,NA,swab variable,Animal,Bird,Columbiformes,Columbidae,Columba,Pigeon,Columba livia,,free,Camplyobacter NARTC  (nalidixic acid-resistant thermophilic campylobacters),Campylobacter lari,isolates,yes,no,,,0,3,,NA,,NA,,NA,,,,,,Isolates are based on the number of infected individuals.,,NA,NA,NA,NA,NA,NA,NA,NA,Low,1
Kapperud and Rosef,1983,Kapperud and Rosef 1983,yes,review,"Norway, Oslo and rural",no,Europe,"Microscope, Plate Culture",Conventional,NA,NA,NA,swab variable,Animal,Bird,Strigiformes,Strigidae,Strix,Ural owl,Strix uralensis,,free,Camplyobacter coli,Campylobacter coli,isolates,yes,no,,,0,2,,NA,,NA,,NA,,,,,,Isolates are based on the number of infected individuals.,,NA,NA,NA,NA,NA,NA,NA,NA,Low,1
Kapperud and Rosef,1983,Kapperud and Rosef 1983,yes,review,"Norway, Oslo and rural",no,Europe,"Microscope, Plate Culture",Conventional,NA,NA,NA,swab variable,Animal,Bird,Strigiformes,Strigidae,Strix,Ural owl,Strix uralensis,,free,Camplyobacter jejuni,Campylobacter jejuni,isolates,yes,no,,,2,2,,NA,,NA,,NA,,,,,,Isolates are based on the number of infected individuals.,,NA,NA,NA,NA,NA,NA,NA,NA,Low,1
Kapperud and Rosef,1983,Kapperud and Rosef 1983,yes,review,"Norway, Oslo and rural",no,Europe,"Microscope, Plate Culture",Conventional,NA,NA,NA,swab variable,Animal,Bird,Strigiformes,Strigidae,Strix,Ural owl,Strix uralensis,,free,Camplyobacter NARTC  (nalidixic acid-resistant thermophilic campylobacters),Campylobacter lari,isolates,yes,no,,,0,2,,NA,,NA,,NA,,,,,,Isolates are based on the number of infected individuals.,,NA,NA,NA,NA,NA,NA,NA,NA,Low,1
Kapperud and Rosef,1983,Kapperud and Rosef 1983,yes,review,"Norway, Oslo and rural",no,Europe,"Microscope, Plate Culture",Conventional,NA,NA,NA,swab variable,Animal,Bird,Charadriiformes,Laridae,Larus,,Larus spp.,Gull (family),free,Camplyobacter coli,Campylobacter coli,isolates,yes,no,,,12,45,,NA,,NA,,NA,,,,,,Isolates are based on the number of infected individuals.,,NA,NA,NA,NA,NA,NA,NA,NA,Low,1
Kapperud and Rosef,1983,Kapperud and Rosef 1983,yes,review,"Norway, Oslo and rural",no,Europe,"Microscope, Plate Culture",Conventional,NA,NA,NA,swab variable,Animal,Bird,Charadriiformes,Laridae,Larus,,Larus spp.,Gull (family),free,Camplyobacter jejuni,Campylobacter jejuni,isolates,yes,no,,,24,45,,NA,,NA,,NA,,,,,,Isolates are based on the number of infected individuals.,,NA,NA,NA,NA,NA,NA,NA,NA,Low,1
Kapperud and Rosef,1983,Kapperud and Rosef 1983,yes,review,"Norway, Oslo and rural",no,Europe,"Microscope, Plate Culture",Conventional,NA,NA,NA,swab variable,Animal,Bird,Charadriiformes,Laridae,Larus,,Larus spp.,Gull (family),free,Camplyobacter NARTC  (nalidixic acid-resistant thermophilic campylobacters),Campylobacter lari,isolates,yes,no,,,9,45,,NA,,NA,,NA,,,,,,Isolates are based on the number of infected individuals.,,NA,NA,NA,NA,NA,NA,NA,NA,Low,1
Kinzleman et al.,2008,Kinzleman et al. 2008,yes,Web of Science,"USA, Racine, Wisconsin 2006",yes,North America,Culture and Plate,Conventional,NA,NA,NA,NA,Animal,Bird,Charadriiformes,Laridae,,,,Gull (family),free,Campylobacter,Campylobacter,feces,yes,no,,,11,111,,NA,,NA,,NA,,,,,,I'm not sure since there was a lot of differet types of data.,This data is a mess,NA,NA,NA,NA,NA,NA,NA,NA,Moderate,2
Kinzleman et al.,2008,Kinzleman et al. 2008,yes,Web of Science,"USA, Racine, Wisconsin, 2004",yes,North America,Culture and Plate,Conventional,45% recovery,NA,NA,NA,Animal,Bird,Charadriiformes,Laridae,,,,Gull (family),free,Campylobacter,Campylobacter,feces,yes,no,,,45,313,,NA,,NA,,NA,,,,,,I'm not sure since there was a lot of differet types of data.,This data is a mess,NA,NA,NA,NA,NA,NA,NA,NA,Moderate,2
Kinzleman et al.,2008,Kinzleman et al. 2008,yes,Web of Science,"USA, Racine, Wisconsin, 2005",yes,North America,Culture and Plate,Conventional,NA,NA,NA,NA,Animal,Bird,Charadriiformes,Laridae,,,,Gull (family),free,Campylobacter,Campylobacter,feces,yes,no,,,43,200,,NA,,NA,,NA,,,,,,I'm not sure since there was a lot of differet types of data.,This data is a mess,NA,NA,NA,NA,NA,NA,NA,NA,Moderate,2
Kinzleman et al.,2008,Kinzleman et al. 2008,yes,Web of Science,"USA, Racine, Wisconsin 2005",yes,North America,"Culture and Plate, Agglutination tests",Immunologic,NA,NA,NA,NA,Animal,Bird,Charadriiformes,Laridae,,,,Gull (family),free,Campylobacter,Campylobacter,feces,yes,no,,,68,100,,NA,,NA,,NA,,,,,,I'm not sure since there was a lot of differet types of data.,This data is a mess,NA,NA,NA,NA,NA,NA,NA,NA,Moderate,2
Kinzleman et al.,2008,Kinzleman et al. 2008,yes,Web of Science,"USA, Milwaukee, Wisconsin 2004",yes,North America,"Culture and Plate, Agglutination tests",Immunologic,NA,NA,NA,NA,Animal,Bird,Charadriiformes,Laridae,,,,Gull (family),free,Campylobacter coli,Campylobacter coli,feces,yes,no,,,2,100,,NA,,NA,,NA,,,,,,I'm not sure since there was a lot of differet types of data.,This data is a mess,NA,NA,NA,NA,NA,NA,NA,NA,Moderate,2
Kinzleman et al.,2008,Kinzleman et al. 2008,yes,Web of Science,"USA, Racine, Wisconsin 2005",yes,North America,"Culture and Plate, Agglutination tests",Immunologic,NA,NA,NA,NA,Animal,Bird,Charadriiformes,Laridae,,,,Gull (family),free,Campylobacter coli,Campylobacter coli,feces,yes,no,,,59,100,,NA,,NA,,NA,,,,,,I'm not sure since there was a lot of differet types of data.,This data is a mess,NA,NA,NA,NA,NA,NA,NA,NA,Moderate,2
Kinzleman et al.,2008,Kinzleman et al. 2008,yes,Web of Science,"USA, Racine, Wisconsin 2006",yes,North America,"Culture and Plate, Agglutination tests",Immunologic,NA,NA,NA,NA,Animal,Bird,Charadriiformes,Laridae,,,,Gull (family),free,Campylobacter coli,Campylobacter coli,feces,yes,no,,,4,111,,NA,,NA,,NA,,,,,,I'm not sure since there was a lot of differet types of data.,This data is a mess,NA,NA,NA,NA,NA,NA,NA,NA,Moderate,2
Kinzleman et al.,2008,Kinzleman et al. 2008,yes,Web of Science,"USA, Racine, Wisconsin 2006",yes,North America,"Culture and Plate, Agglutination tests",Immunologic,NA,NA,NA,NA,Animal,Bird,Charadriiformes,Laridae,,,,Gull (family),free,Campylobacter fetus,Campylobacter fetus,feces,yes,no,,,2,111,,NA,,NA,,NA,,,,,,I'm not sure since there was a lot of differet types of data.,This data is a mess,NA,NA,NA,NA,NA,NA,NA,NA,Moderate,2
Kinzleman et al.,2008,Kinzleman et al. 2008,yes,Web of Science,"USA, Racine, Wisconsin 2005",yes,North America,"Culture and Plate, Agglutination tests",Immunologic,NA,NA,NA,NA,Animal,Bird,Charadriiformes,Laridae,,,,Gull (family),free,Campylobacter hyointestinalis,Campylobacter hyointestinalis,feces,yes,no,,,1,100,,NA,,NA,,NA,,,,,,,This data is a mess,NA,NA,NA,NA,NA,NA,NA,NA,Moderate,2
Kinzleman et al.,2008,Kinzleman et al. 2008,yes,Web of Science,"USA, Milwaukee, Wisconsin 2004",yes,North America,"Culture and Plate, Agglutination tests",Immunologic,NA,NA,NA,NA,Animal,Bird,Charadriiformes,Laridae,,,,Gull (family),free,Campylobacter jejuni,Campylobacter jejuni,feces,yes,no,,,1,100,,NA,,NA,,NA,,,,,,I'm not sure since there was a lot of differet types of data.,This data is a mess,NA,NA,NA,NA,NA,NA,NA,NA,Moderate,2
Kinzleman et al.,2008,Kinzleman et al. 2008,yes,Web of Science,"USA, Racine, Wisconsin 2006",yes,North America,"Culture and Plate, Agglutination tests",Immunologic,NA,NA,NA,NA,Animal,Bird,Charadriiformes,Laridae,,,,Gull (family),free,Campylobacter jejuni,Campylobacter jejuni,feces,yes,no,,,1,111,,NA,,NA,,NA,,,,,,I'm not sure since there was a lot of differet types of data.,This data is a mess,NA,NA,NA,NA,NA,NA,NA,NA,Moderate,2
Kinzleman et al.,2008,Kinzleman et al. 2008,yes,Web of Science,"USA, Racine, Wisconsin 2005",yes,North America,"Culture and Plate, Agglutination tests",Immunologic,NA,NA,NA,NA,Animal,Bird,Charadriiformes,Laridae,,,,Gull (family),free,Campylobacter jejuni ,Campylobacter jejuni,feces,yes,no,,,1,100,,NA,,NA,,NA,,,,,,,This data is a mess,NA,NA,NA,NA,NA,NA,NA,NA,Moderate,2
Kinzleman et al.,2008,Kinzleman et al. 2008,yes,Web of Science,"USA, Racine, Wisconsin 2005",yes,North America,"Culture and Plate, Agglutination tests",Immunologic,NA,NA,NA,NA,Animal,Bird,Charadriiformes,Laridae,,,,Gull (family),free,Campylobacter lari,Campylobacter lari,feces,yes,no,,,4,100,,NA,,NA,,NA,,,,,,,This data is a mess,NA,NA,NA,NA,NA,NA,NA,NA,Moderate,2
Kinzleman et al.,2008,Kinzleman et al. 2008,yes,Web of Science,"USA, Racine, Wisconsin 2006",yes,North America,"Culture and Plate, Agglutination tests",Immunologic,NA,NA,NA,NA,Animal,Bird,Charadriiformes,Laridae,,,,Gull (family),free,Campylobacter lari,Campylobacter lari,feces,yes,no,,,3,111,,NA,,NA,,NA,,,,,,I'm not sure since there was a lot of differet types of data.,This data is a mess,NA,NA,NA,NA,NA,NA,NA,NA,Moderate,2
Kinzleman et al.,2008,Kinzleman et al. 2008,yes,Web of Science,"USA, Racine, Wisconsin 2005",yes,North America,"Culture and Plate, Agglutination tests",Immunologic,NA,NA,NA,NA,Animal,Bird,Charadriiformes,Laridae,,,,Gull (family),free,Campylobacter sputorum,Campylobacter sputorum,feces,yes,no,,,2,100,,NA,,NA,,NA,,,,,,,This data is a mess,NA,NA,NA,NA,NA,NA,NA,NA,Moderate,2
Kinzleman et al.,2008,Kinzleman et al. 2008,yes,Web of Science,"USA, Racine, Wisconsin 2005",yes,North America,"Culture and Plate, Agglutination tests",Immunologic,NA,NA,NA,NA,Animal,Bird,Charadriiformes,Laridae,,,,Gull (family),free,Campylobacter upsaliensis,Campylobacter upsaliensis,feces,yes,no,,,1,100,,NA,,NA,,NA,,,,,,,This data is a mess,NA,NA,NA,NA,NA,NA,NA,NA,Moderate,2
Kinzleman et al.,2008,Kinzleman et al. 2008,yes,Web of Science,"USA, Racine, Wisconsin 2006",yes,North America,"Culture and Plate, Agglutination tests",Immunologic,NA,NA,NA,NA,Animal,Bird,Charadriiformes,Laridae,,,,Gull (family),free,Campylobacter upsaliensis,Campylobacter upsaliensis,feces,yes,no,,,1,111,,NA,,NA,,NA,,,,,,I'm not sure since there was a lot of differet types of data.,This data is a mess,NA,NA,NA,NA,NA,NA,NA,NA,Moderate,2
Luechtefeld et al.,1980,Luechtefeld et al. 1980,yes,review,"USA, Northern Colorado",yes,North America,"biochemical, culture plate",Conventional,NA,NA,NA,swab variable,Animal,Bird,Anseriformes,Anatidae,Mareca,American widgeon,Mereca americana,,free,Campylobacter fetus subsp. jejuni,Campylobacter jejuni,cecal and cloacal swabs,yes,no,,,16,38,,NA,,NA,,NA,,,,,,,,NA,NA,NA,NA,NA,NA,NA,NA,Low,1
Luechtefeld et al.,1980,Luechtefeld et al. 1980,yes,review,"USA, Northern Colorado",yes,North America,"biochemical, culture plate",Conventional,NA,NA,NA,swab variable,Animal,Bird,,,,Bird (class),,,free,Campylobacter fetus subsp. jejuni,Campylobacter jejuni,cecal and cloacal swabs,yes,no,,,5,17,,NA,,NA,,NA,,,,,,,,NA,NA,NA,NA,NA,NA,NA,NA,Low,1
Luechtefeld et al.,1980,Luechtefeld et al. 1980,yes,review,"USA, Northern Colorado",yes,North America,"biochemical, culture plate",Conventional,NA,NA,NA,swab variable,Animal,Bird,,,,Bird (class),,Waterfowl Multiple Species,free,Campylobacter fetus subsp. jejuni,Campylobacter jejuni,cecal and cloacal swabs,yes,no,,,154,445,,NA,,NA,,NA,,,,,,,,NA,NA,NA,NA,NA,NA,NA,NA,Low,1
Luechtefeld et al.,1980,Luechtefeld et al. 1980,yes,review,"USA, Northern Colorado",yes,North America,"biochemical, culture plate",Conventional,NA,NA,NA,swab variable,Animal,Bird,Anseriformes,Anatidae,Mareca,Gadwall,Anas strepera,,free,Campylobacter fetus subsp. jejuni,Campylobacter jejuni,cecal and cloacal swabs,yes,no,,,4,26,,NA,,NA,,NA,,,,,,,,NA,NA,NA,NA,NA,NA,NA,NA,Low,1
Luechtefeld et al.,1980,Luechtefeld et al. 1980,yes,review,"USA, Northern Colorado",yes,North America,"biochemical, culture plate",Conventional,NA,NA,NA,swab variable,Animal,Bird,Anseriformes,Anatidae,Anas,Green-winged teal,Anas carolinensis,,free,Campylobacter fetus subsp. jejuni,Campylobacter jejuni,cecal and cloacal swabs,yes,no,,,9,56,,NA,,NA,,NA,,,,,,,,NA,NA,NA,NA,NA,NA,NA,NA,Low,1
Luechtefeld et al.,1980,Luechtefeld et al. 1980,yes,review,"USA, Northern Colorado",yes,North America,"biochemical, culture plate",Conventional,NA,NA,NA,swab variable,Animal,Bird,Anseriformes,Anatidae,Anas,Mallard,Anas platyrhynchos,,free,Campylobacter fetus subsp. jejuni,Campylobacter jejuni,cecal and cloacal swabs,yes,no,,,82,246,,NA,,NA,,NA,,,,,,,,NA,NA,NA,NA,NA,NA,NA,NA,Low,1
Luechtefeld et al.,1980,Luechtefeld et al. 1980,yes,review,"USA, Northern Colorado",yes,North America,"biochemical, culture plate",Conventional,NA,NA,NA,swab variable,Animal,Bird,Anseriformes,Anatidae,Anas,Northern pintail,Anas acuta,,free,Campylobacter fetus subsp. jejuni,Campylobacter jejuni,cecal and cloacal swabs,yes,no,,,15,30,,NA,,NA,,NA,,,,,,,,NA,NA,NA,NA,NA,NA,NA,NA,Low,1
Luechtefeld et al.,1980,Luechtefeld et al. 1980,yes,review,"USA, Northern Colorado",yes,North America,"biochemical, culture plate",Conventional,NA,NA,NA,swab variable,Animal,Bird,Anseriformes,Anatidae,Spatula,Northern shovler,Spatula clypeata,,free,Campylobacter fetus subsp. jejuni,Campylobacter jejuni,cecal and cloacal swabs,yes,no,,,23,35,,NA,,NA,,NA,,,,,,,,NA,NA,NA,NA,NA,NA,NA,NA,Low,1
Moore et al.,2002,Moore et al. 2002,yes,review,"Northern Ireland, Newcastle, Portavogie, Kikeel, County Down",no,Europe,"Microscope, biochemical, culture broth (enrich) and plate",Conventional,NA,NA,NA,1g,Animal,Bird,Charadriiformes,Laridae,Larus,,Larus spp.,Gull (family),free,Campylobacter spp. ,Campylobacter,feces,yes,no,,,28,205,,NA,,NA,,NA,,,,,,,,NA,NA,NA,NA,NA,NA,NA,NA,Moderate,2
Moore et al.,2002,Moore et al. 2002,yes,review,"Northern Ireland, Newcastle, Portavogie, Kikeel, County Down",no,Europe,"Microscope, biochemical, culture broth (enrich) and plate",Conventional,NA,NA,NA,1g,Animal,Bird,Charadriiformes,Laridae,Larus,,Larus spp.,Gull (family),free,Campylobacter jejuni,Campylobacter jejuni,feces,yes,no,,,2,205,,NA,,NA,,NA,,,,,,,,NA,NA,NA,NA,NA,NA,NA,NA,Moderate,2
Moore et al.,2002,Moore et al. 2002,yes,review,"Northern Ireland, Newcastle, Portavogie, Kikeel, County Down",no,Europe,"Microscope, biochemical, culture broth (enrich) and plate",Conventional,NA,NA,NA,1g,Animal,Bird,Charadriiformes,Laridae,Larus,,Larus spp.,Gull (family),free,Campylobacter lari,Campylobacter lari,feces,yes,no,,,5,205,,NA,,NA,,NA,,,,,,,,NA,NA,NA,NA,NA,NA,NA,NA,Moderate,2
Navarro et al.,2019,Navarro et al. 2019,yes,Google Scholar,"Spain, Marismas de Odiel",no,Europe,PCR,Molecular,NA,NA,NA,swab variable,Animal,Bird,Charadriiformes,Laridae,Larus,Yellow legged gull,Larus michahellis,,free,Campylobacter,Campylobacter,cloacal swab,yes,no,,,5,19,,NA,,NA,,NA,,,,,,,,NA,NA,NA,NA,NA,NA,NA,NA,Low,1
Oates et al.,2012,Oates et al. 2012,yes,Web of Science,"USA, Monteray Bay, California",yes,North America,"PCR, Culture",Molecular,NA,NA,NA,NA,Animal,Bird,Charadriiformes,Laridae,Larus,,Larus spp.,Gull (family),free,Camplyobacter jejuni,Campylobacter jejuni,feces,yes,no,,,13,149,0.087,NA,,NA,,NA,,,,,,,,NA,NA,NA,NA,NA,NA,NA,NA,Low,1
Ogden et al.,2009,Ogden et al. 2009,yes,Google Scholar,"UK, Scotland",no,Europe,"microscope, agglutination, culture broth and plate.",Conventional,NA,NA,NA,NA,Animal,Bird,Columbiformes,Columbidae,Columba,Pigeon,,,free,Campylobacter,Campylobacter,feces,yes,no,,,71,255,0.278,NA,,NA,,NA,,,,,,,,NA,NA,NA,NA,NA,NA,NA,NA,Low,1
Ogden et al.,2009,Ogden et al. 2009,yes,Google Scholar,"UK, Scotland",no,Europe,"microscope, agglutination, culture broth and plate.",Conventional,NA,NA,NA,NA,Animal,Bird,Anseriformes,Anatidae,Cygnus,Swan,,,free,Campylobacter,Campylobacter,feces,yes,no,,,4,39,0.103,NA,,NA,,NA,,,,,,,,NA,NA,NA,NA,NA,NA,NA,NA,Low,1
Ogden et al.,2009,Ogden et al. 2009,yes,Google Scholar,"UK, Scotland",no,Europe,"microscope, agglutination, culture broth and plate.",Conventional,NA,NA,NA,NA,Animal,Bird,Charadriiformes,Laridae,,,,Gull (family),free,Campylobacter,Campylobacter,feces,yes,no,,,48,216,0.222,NA,,NA,,NA,,,,,,,,NA,NA,NA,NA,NA,NA,NA,NA,Low,1
Pacha et al. ,1987,Pacha et al.  1987,yes,review,"USA, Washington, Central Washington",yes,North America,Plate Culture and count,Conventional,NA,NA,NA,swab variable,Animal,Bird,Anseriformes,Anatidae,Branta,Canada goose,Branta canadens,,free,Campylobacter jejuni,Campylobacter jejuni,feces swab,yes,no,,,5,94,,NA,,NA,,NA,,,,,,,,NA,NA,NA,NA,NA,NA,NA,NA,Low,1
Pacha et al. ,1987,Pacha et al.  1987,yes,review,"USA, Washington, Central Washington",yes,North America,Plate Culture and count,Conventional,NA,NA,NA,swab variable,Animal,Bird,Anseriformes,Anatidae,Anas,Green-winged teal,Anas carolinensis,,free,Campylobacter jejuni,Campylobacter jejuni,cloacal swab,yes,no,,,1,1,,NA,,NA,,NA,,,,,,,,NA,NA,NA,NA,NA,NA,NA,NA,Low,1
Pacha et al. ,1987,Pacha et al.  1987,yes,review,"USA, Washington, Central Washington",yes,North America,Plate Culture and count,Conventional,NA,NA,NA,swab variable,Animal,Bird,Anseriformes,Anatidae,Anas,Mallard,Anasplatyrhynchos,,free,Campylobacter jejuni,Campylobacter jejuni,cloacal swab,yes,no,,,70,89,,NA,,NA,,NA,,,,,,,,NA,NA,NA,NA,NA,NA,NA,NA,Low,1
Pacha et al. ,1987,Pacha et al.  1987,yes,review,"USA, Washington, Central Washington",yes,North America,Plate Culture and count,Conventional,NA,NA,NA,swab variable,Animal,Bird,Anseriformes,Anatidae,Aythya,Redhead,Aythya americana,,free,Campylobacter jejuni,Campylobacter jejuni,cloacal swab,yes,no,,,11,22,,NA,,NA,,NA,,,,,,,,NA,NA,NA,NA,NA,NA,NA,NA,Low,1
Pacha et al. ,1987,Pacha et al.  1987,yes,review,"USA, Washington, Central Washington",yes,North America,Plate Culture and count,Conventional,NA,NA,NA,swab variable,Animal,Bird,Anseriformes,Anatidae,Aythya,Ring-necked duck,Aythya collaris,,free,Campylobacter jejuni,Campylobacter jejuni,cloacal swab,yes,no,,,0,1,,NA,,NA,,NA,,,,,,,,NA,NA,NA,NA,NA,NA,NA,NA,Low,1
Pacha et al. ,1987,Pacha et al.  1987,yes,review,"USA, Washington, Central Washington",yes,North America,Plate Culture and count,Conventional,NA,NA,NA,swab variable,Animal,Bird,Gruiformes,Gruidae,Grus,Sandhill crane,Grus canadensis tabid,,free,Campylobacter jejuni,Campylobacter jejuni,feces swab,yes,no,,,74,91,,NA,,NA,,NA,,,,,,,,NA,NA,NA,NA,NA,NA,NA,NA,Low,1
Palmgren et al.,2004,Palmgren et al. 2004,yes,review,Sweden,no,Europe,"culture broth and plate, PCR (SmaI, KpnI)",Conventional,NA,NA,NA,NA,Animal,Bird,Falconiformes,Falconidae,Falco,Peregrine falcon,Falco peregrinus,,free,Campylobacter,Campylobacter,cloacal swab,yes,no,,,6,69,,NA,,NA,,NA,,,,,,,,NA,NA,NA,NA,NA,NA,NA,NA,Low,1
Pao et al.,2014,Pao et al. 2014,yes,Google Scholar,"USA, Virginia, Petersburg, Virginia State University",yes,North America,"Culture broth and plate, standard method",Conventional,<1 cfu/g,NA,NA,<=1g,Animal,Bird,Passeriformes,Icteridae,Molothrus,Brown-headed cowbird,Molothrus ater,,free,Campylobacter jejuni,Campylobacter jejuni,feces,yes,no,,,4,16,,NA,,NA,,NA,,,,,,,,NA,NA,NA,NA,NA,NA,NA,NA,Moderate,2
Pao et al.,2014,Pao et al. 2014,yes,Google Scholar,"USA, Virginia, Petersburg, Virginia State University",yes,North America,"Culture broth and plate, standard method",Conventional,<1 cfu/g,NA,NA,<=1g,Animal,Bird,Passeriformes,Passerellidae,Spizella,Chipping sparrow,Spizella passerine,,free,Campylobacter jejuni,Campylobacter jejuni,feces,yes,no,,,1,1,,NA,,NA,,NA,,,,,,,,NA,NA,NA,NA,NA,NA,NA,NA,Moderate,2
Pao et al.,2014,Pao et al. 2014,yes,Google Scholar,"USA, Virginia, Petersburg, Virginia State University",yes,North America,"Culture broth and plate, standard method",Conventional,<1 cfu/g,NA,NA,<=1g,Animal,Bird,Passeriformes,Passerellidae,Junco,Dark-eyed junco,Junco hyemalis,,free,Campylobacter jejuni,Campylobacter jejuni,feces,yes,no,,,ND,1,,NA,,NA,,NA,,,,,,,,NA,NA,NA,NA,NA,NA,NA,NA,Moderate,2
Pao et al.,2014,Pao et al. 2014,yes,Google Scholar,"USA, Virginia, Petersburg, Virginia State University",yes,North America,"Culture broth and plate, standard method",Conventional,<1 cfu/g,NA,NA,<=1g,Animal,Bird,Passeriformes,Sturnidae,Sturnus,European starling,Sturnus vulgaris,,free,Campylobacter jejuni,Campylobacter jejuni,feces,yes,no,,,23,174,,NA,,NA,,NA,,,,,,,,NA,NA,NA,NA,NA,NA,NA,NA,Moderate,2
Pao et al.,2014,Pao et al. 2014,yes,Google Scholar,"USA, Virginia, Petersburg, Virginia State University",yes,North America,"Culture broth and plate, standard method",Conventional,<1 cfu/g,NA,NA,<=1g,Animal,Bird,Passeriformes,Passeridae,Passer,House sparrow,Passer domesticus,,free,Campylobacter jejuni,Campylobacter jejuni,feces,yes,no,,,1,40,,NA,,NA,,NA,,,,,,,,NA,NA,NA,NA,NA,NA,NA,NA,Moderate,2
Pao et al.,2014,Pao et al. 2014,yes,Google Scholar,"USA, Virginia, Petersburg, Virginia State University",yes,North America,"Culture broth and plate, standard method",Conventional,<1 cfu/g,NA,NA,<=1g,Animal,Bird,Columbiformes,Columbidae,Zenaida,Mourning dove,Zenaida macroura,,free,Campylobacter jejuni,Campylobacter jejuni,feces,yes,no,,,3,39,,NA,,NA,,NA,,,,,,,,NA,NA,NA,NA,NA,NA,NA,NA,Moderate,2
Pao et al.,2014,Pao et al. 2014,yes,Google Scholar,"USA, Virginia, Petersburg, Virginia State University",yes,North America,"Culture broth and plate, standard method",Conventional,<1 cfu/g,NA,NA,<=1g,Animal,Bird,Passeriformes,Parulidae,Setophaga,Myrtle warbler,Setophaga coronata coronata,,free,Campylobacter jejuni,Campylobacter jejuni,feces,yes,no,,,ND,1,,NA,,NA,,NA,,,,,,,,NA,NA,NA,NA,NA,NA,NA,NA,Moderate,2
Pao et al.,2014,Pao et al. 2014,yes,Google Scholar,"USA, Virginia, Petersburg, Virginia State University",yes,North America,"Culture broth and plate, standard method",Conventional,<1 cfu/g,NA,NA,<=1g,Animal,Bird,Passeriformes,Cardinalidae,Cardinalis,Northern cardinal,Cardinalis cardinalis,,free,Campylobacter jejuni,Campylobacter jejuni,feces,yes,no,,,ND,2,,NA,,NA,,NA,,,,,,,,NA,NA,NA,NA,NA,NA,NA,NA,Moderate,2
Pao et al.,2014,Pao et al. 2014,yes,Google Scholar,"USA, Virginia, Petersburg, Virginia State University",yes,North America,"Culture broth and plate, standard method",Conventional,<1 cfu/g,NA,NA,<=1g,Animal,Bird,Passeriformes,Mimidae,Mimus,Northern mockingbird,Mimus polyglottos,,free,Campylobacter jejuni,Campylobacter jejuni,feces,yes,no,,,ND,1,,NA,,NA,,NA,,,,,,,,NA,NA,NA,NA,NA,NA,NA,NA,Moderate,2
Pao et al.,2014,Pao et al. 2014,yes,Google Scholar,"USA, Virginia, Petersburg, Virginia State University",yes,North America,"Culture broth and plate, standard method",Conventional,<1 cfu/g,NA,NA,<=1g,Animal,Bird,Passeriformes,Parulidae,Setophaga,Palm warbler,Dendroica palmarum palmarum,,free,Campylobacter jejuni,Campylobacter jejuni,feces,yes,no,,,ND,1,,NA,,NA,,NA,,,,,,,,NA,NA,NA,NA,NA,NA,NA,NA,Moderate,2
Pao et al.,2014,Pao et al. 2014,yes,Google Scholar,"USA, Virginia, Petersburg, Virginia State University",yes,North America,"Culture broth and plate, standard method",Conventional,<1 cfu/g,NA,NA,<=1g,Animal,Bird,Columbiformes,Columbidae,Columba,Pigeon,Columba livi,,free,Campylobacter jejuni,Campylobacter jejuni,feces,yes,no,,,1,144,,NA,,NA,,NA,,,,,,,,NA,NA,NA,NA,NA,NA,NA,NA,Moderate,2
Pao et al.,2014,Pao et al. 2014,yes,Google Scholar,"USA, Virginia, Petersburg, Virginia State University",yes,North America,"Culture broth and plate, standard method",Conventional,<1 cfu/g,NA,NA,<=1g,Animal,Bird,Passeriformes,Passerellidae,Passerculus,Savannah sparrow,Passerculus sandwichensis,,free,Campylobacter jejuni,Campylobacter jejuni,feces,yes,no,,,ND,8,,NA,,NA,,NA,,,,,,,,NA,NA,NA,NA,NA,NA,NA,NA,Moderate,2
Pao et al.,2014,Pao et al. 2014,yes,Google Scholar,"USA, Virginia, Petersburg, Virginia State University",yes,North America,"Culture broth and plate, standard method",Conventional,<1 cfu/g,NA,NA,<=1g,Animal,Bird,Passeriformes,Passerellidae,Melospiza,Song sparrow,Melospiza melodia,,free,Campylobacter jejuni,Campylobacter jejuni,feces,yes,no,,,ND,14,,NA,,NA,,NA,,,,,,,,NA,NA,NA,NA,NA,NA,NA,NA,Moderate,2
Pao et al.,2014,Pao et al. 2014,yes,Google Scholar,"USA, Virginia, Petersburg, Virginia State University",yes,North America,"Culture broth and plate, standard method",Conventional,<1 cfu/g,NA,NA,<=1g,Animal,Bird,Passeriformes,Passerellidae,Melospiza,Swamp sparrow,Melospiza georgiana,,free,Campylobacter jejuni,Campylobacter jejuni,feces,yes,no,,,ND,3,,NA,,NA,,NA,,,,,,,,NA,NA,NA,NA,NA,NA,NA,NA,Moderate,2
Pao et al.,2014,Pao et al. 2014,yes,Google Scholar,"USA, Virginia, Petersburg, Virginia State University",yes,North America,"Culture broth and plate, standard method",Conventional,<1 cfu/g,NA,NA,<=1g,Animal,Bird,Passeriformes,Passerellidae,Zonotrichia,White-throated sparrow,Zonotrichia albicollis,,free,Campylobacter jejuni,Campylobacter jejuni,feces,yes,no,,,ND,1,,NA,,NA,,NA,,,,,,,,NA,NA,NA,NA,NA,NA,NA,NA,Moderate,2
Pearson et al.,2016,Pearson et al. 2016,yes,Google Scholar,"Australia, Southern, piggery",no,Western Pacific,"biochemical, culture broth and plate",Conventional,NA,NA,NA,swab,Animal,Bird,Passeriformes,Sturnidae,Sturnus,European starling,Sturnus vulgaris,,free,Campylobacter jejuni,Campylobacter jejuni,cloacal swab,yes,no,,,3,473,,NA,,NA,,NA,,,,,,,,NA,NA,NA,NA,NA,NA,NA,NA,High,3
Plaza-Rodriguez et al.,2021,Plaza-Rodriguez et al. 2021,yes ,Google Scholar,Germany,no,Europe,Standard emthods (ISO 10272-1:2006),Conventional,NA,NA,NA,NA,Animal,Bird,Anseriformes,Anatidae,,,,Ducks and Geese,free,Campylobacter spp,Campylobacter,"feces, hunted animal",yes,no,,,ND,93,,NA,,NA,,NA,,,,,,,,NA,NA,NA,NA,NA,NA,NA,NA,Very Low,0
Quessy and Messier,1992,Quessy and Messier 1992,yes,review,"Canada, Garbage Dump 80 km SE Montreal",no,North America,"Stain, culture",Conventional,NA,NA,NA,swab variable,Animal,Bird,Charadriiformes,Laridae,Larus,Ring-billed gull,Larus delawarensis,,free,Campylobacter spp.,Campylobacter,Cloacal swab,yes,no,,,2,46,,NA,,NA,,NA,,,,,,,,NA,NA,NA,NA,NA,NA,NA,NA,High,3
Quessy and Messier,1992,Quessy and Messier 1992,yes,review,"Canada, Montreal, Ile de la Couvee",no,North America,"Stain, culture",Conventional,NA,NA,NA,swab variable,Animal,Bird,Charadriiformes,Laridae,Larus,Ring-billed gull,Larus delawarensis,,free,Campylobacter spp.,Campylobacter,Cloacal swab,yes,no,,,9,79,,NA,,NA,,NA,,,,,,,,NA,NA,NA,NA,NA,NA,NA,NA,High,3
Quessy and Messier,1992,Quessy and Messier 1992,yes,review,"Canada, Montreal, Ile St-Ours",no,North America,"Stain, culture",Conventional,NA,NA,NA,swab variable,Animal,Bird,Charadriiformes,Laridae,Larus,Ring-billed gull,Larus delawarensis,,free,Campylobacter spp.,Campylobacter,Cloacal swab,yes,no,,,11,83,,NA,,NA,,NA,,,,,,,,NA,NA,NA,NA,NA,NA,NA,NA,High,3
Quessy and Messier,1992,Quessy and Messier 1992,yes,review,"Canada, Montreal, St. Lawerence River",no,North America,"Stain, culture",Conventional,NA,NA,NA,swab variable,Animal,Bird,Charadriiformes,Laridae,Larus,Ring-billed gull,Larus delawarensis,,free,Campylobacter spp.,Campylobacter,Cloacal swab,yes,no,,,25,264,,NA,,NA,,NA,,,,,,,,NA,NA,NA,NA,NA,NA,NA,NA,High,3
Quessy and Messier,1992,Quessy and Messier 1992,yes,review,"Canada, Shoreline 50 km E Montreal",no,North America,"Stain, culture",Conventional,NA,NA,NA,swab variable,Animal,Bird,Charadriiformes,Laridae,Larus,Ring-billed gull,Larus delawarensis,,free,Campylobacter spp.,Campylobacter,Cloacal swab,yes,no,,,5,56,,NA,,NA,,NA,,,,,,,,NA,NA,NA,NA,NA,NA,NA,NA,High,3
Rapp et al.,2020,Rapp et al. 2020,yes,review,"New Zealand, Waikato district, Dairy farm",no,Western Pacific,"PCR, culture broth and plate, NZ Reference method ",Molecular,NA,NA,NA,NA,Animal,Bird,,,,Bird (class),,,free,Campylobacter jejuni,Campylobacter jejuni,feces,yes,no,,,77,211,,NA,,NA,,NA,,,,,,,,NA,NA,NA,NA,NA,NA,NA,NA,Very Low,0
Rutledge et al.,2013,Rutledge et al. 2013,yes,Google Scholar,"USA, North Carolina, Greensboro",yes,North America,"PCR (flaAF/flaAR), culture plate",Molecular,NA,NA,NA,0.1g ,Animal,Bird,Anseriformes,Anatidae,Branta,Canada goose,Branta canadensis,,free,Campylobacter (all strains jejuni),Campylobacter,feces,yes,no,,,26,318,,NA,,NA,,NA,,,,,,,,NA,NA,NA,NA,NA,NA,NA,NA,High,3
Sen et al. ,2018,Sen et al.  2018,yes,Web of Science,"USA, Washington",yes,North America,"qPCR (CampF2/CampR2/CampP2 (probe)), plate culture isolates",Molecular,NA,NA,NA,~0.25 mg,Animal,Bird,Passeriformes,Corvidae,Corvus,American crow,Corvus brachyrhynchos,,free,Campylobacter spp.,Campylobacter,feces,yes,no,,,49,80,,NA,,NA,,NA,,,,,,Can be further broken down by location,,NA,NA,NA,NA,NA,NA,NA,NA,Moderate,2
Sen et al. ,2018,Sen et al.  2018,yes,Web of Science,"USA, Washington",yes,North America,"PCR (flaA-F/flaA-R 1,728bp, Fla242 FU/FLA625RU 383bp), plate culture isolates",Molecular,NA,NA,NA,swab variable,Animal,Bird,Passeriformes,Corvidae,Corvus,American crow,Corvus brachyrhynchos,,free,Campylobacter (fla),Campylobacter (adhesin),feces,yes,no,,,49,80,,NA,,NA,,NA,,,,,,Can be further broken down by location,,NA,NA,NA,NA,NA,NA,NA,NA,Moderate,2
Sen et al. ,2018,Sen et al.  2018,yes,Web of Science,"USA, Washington",yes,North America,"PCR (cadFU/cadFR 400 bp), plate culture isolates",Molecular,NA,NA,NA,swab variable,Animal,Bird,Passeriformes,Corvidae,Corvus,American crow,Corvus brachyrhynchos,,free,Campylobacter cadF,Campylobacter (adhesin),feces,yes,no,,,45,80,,NA,,NA,,NA,,,,,,Can be further broken down by location,,NA,NA,NA,NA,NA,NA,NA,NA,Moderate,2
Sen et al. ,2018,Sen et al.  2018,yes,Web of Science,"USA, Washington",yes,North America,"PCR (LYA-F/MII-R gene cluster), plate culture isolates",Molecular,NA,NA,NA,swab variable,Animal,Bird,Passeriformes,Corvidae,Corvus,American crow,Corvus brachyrhynchos,,free,Campylobacter (cdt),Campylobacter (virulence),feces,yes,no,,,49,80,,NA,,NA,,NA,,,,,,Can be further broken down by location,,NA,NA,NA,NA,NA,NA,NA,NA,Moderate,2
Sen et al. ,2018,Sen et al.  2018,yes,Web of Science,"USA, Washington",yes,North America,"PCR (hipOU/hipOR 735bp), plate culture isolates",Molecular,NA,NA,NA,swab variable,Animal,Bird,Passeriformes,Corvidae,Corvus,American crow,Corvus brachyrhynchos,,free,Campylobacter jejuni,Campylobacter jejuni,feces,yes,no,,,49,80,,NA,,NA,,NA,,,,,,Can be further broken down by location,,NA,NA,NA,NA,NA,NA,NA,NA,Moderate,2
Sen et al. ,2018,Sen et al.  2018,yes,Web of Science,"India, Kulkata",no,South-East Asia,"qPCR (CampF2/CampR2/CampP2 (probe)), plate culture isolates",Molecular,NA,NA,NA,~0.25 mg,Animal,Bird,Passeriformes,Corvidae,Corvus,House crow,Corvus splendens,,free,Campylobacter spp.,Campylobacter,feces,yes,no,,,25,36,,NA,,NA,,NA,,,,,,Can be further broken down by location,,NA,NA,NA,NA,NA,NA,NA,NA,Moderate,2
Sen et al. ,2018,Sen et al.  2018,yes,Web of Science,"India, Kulkata",no,South-East Asia,"PCR (cadFU/cadFR 400 bp), plate culture isolates",Molecular,NA,NA,NA,swab variable,Animal,Bird,Passeriformes,Corvidae,Corvus,House crow,Corvus splendens,,free,Campylobacter (cadF),Campylobacter (adhesin),feces,yes,no,,,25,36,,NA,,NA,,NA,,,,,,Can be further broken down by location,,NA,NA,NA,NA,NA,NA,NA,NA,Moderate,2
Sen et al. ,2018,Sen et al.  2018,yes,Web of Science,"India, Kulkata",no,South-East Asia,"PCR (flaA-F/flaA-R 1,728bp, Fla242 FU/FLA625RU 383bp), plate culture isolates",Molecular,NA,NA,NA,swab variable,Animal,Bird,Passeriformes,Corvidae,Corvus,House crow,Corvus splendens,,free,Campylobacter (fla),Campylobacter (adhesin),feces,yes,no,,,24,36,,NA,,NA,,NA,,,,,,Can be further broken down by location,,NA,NA,NA,NA,NA,NA,NA,NA,Moderate,2
Sen et al. ,2018,Sen et al.  2018,yes,Web of Science,"India, Kulkata",no,South-East Asia,"PCR (LYA-F/MII-R gene cluster), plate culture isolates",Molecular,NA,NA,NA,swab variable,Animal,Bird,Passeriformes,Corvidae,Corvus,House crow,Corvus splendens,,free,Campylobacter (cdt),Campylobacter (virulence),feces,yes,no,,,25,36,,NA,,NA,,NA,,,,,,Can be further broken down by location,,NA,NA,NA,NA,NA,NA,NA,NA,Moderate,2
Sen et al. ,2018,Sen et al.  2018,yes,Web of Science,"India, Kulkata",no,South-East Asia,"PCR (hipOU/hipOR 735bp), plate culture isolates",Molecular,NA,NA,NA,swab variable,Animal,Bird,Passeriformes,Corvidae,Corvus,House crow,Corvus splendens,,free,Campylobacter jejuni,Campylobacter jejuni,feces,yes,no,,,25,36,,NA,,NA,,NA,,,,,,Can be further broken down by location,,NA,NA,NA,NA,NA,NA,NA,NA,Moderate,2
Siembieda et al.,2011,Siembieda et al. 2011,yes,Google Scholar,"USA, California, San Francisco Bay",yes,North America,"PCR, biochemical, cultrure broth and plate",Molecular,NA,NA,NA,<5 g,Animal,Bird,Gruiformes,Rallidae,Fulica,American coot,,,free,Campylobacter coli,Campylobacter coli,feces,yes,no,,,2,2,,NA,,NA,,NA,,,,,,Data had to be compiled from all over the place in the article,response to oil spill,NA,NA,NA,NA,NA,NA,NA,NA,Low,1
Siembieda et al.,2011,Siembieda et al. 2011,yes,Google Scholar,"USA, California, San Francisco Bay",yes,North America,"PCR, biochemical, cultrure broth and plate",Molecular,NA,NA,NA,<5 g,Animal,Bird,Gruiformes,Rallidae,Fulica,American coot,,,free,Campylobacter jejuni,Campylobacter jejuni,feces,yes,no,,,ND,2,,NA,,NA,,NA,,,,,,Data had to be compiled from all over the place in the article,response to oil spill,NA,NA,NA,NA,NA,NA,NA,NA,Low,1
Siembieda et al.,2011,Siembieda et al. 2011,yes,Google Scholar,"USA, California, San Francisco Bay",yes,North America,"PCR, biochemical, cultrure broth and plate",Molecular,NA,NA,NA,<5 g,Animal,Bird,Gruiformes,Rallidae,Fulica,American coot,,,free,Campylobacter lari,Campylobacter lari,feces,yes,no,,,ND,2,,NA,,NA,,NA,,,,,,Data had to be compiled from all over the place in the article,response to oil spill,NA,NA,NA,NA,NA,NA,NA,NA,Low,1
Siembieda et al.,2011,Siembieda et al. 2011,yes,Google Scholar,"USA, California, San Francisco Bay",yes,North America,"PCR, biochemical, cultrure broth and plate",Molecular,NA,NA,NA,<5 g,Animal,Bird,Passeriformes,Corvidae,Corvus,American crow,,,free,Campylobacter coli,Campylobacter coli,feces,yes,no,,,ND,12,,NA,,NA,,NA,,,,,,Data had to be compiled from all over the place in the article,response to oil spill,NA,NA,NA,NA,NA,NA,NA,NA,Low,1
Siembieda et al.,2011,Siembieda et al. 2011,yes,Google Scholar,"USA, California, San Francisco Bay",yes,North America,"PCR, biochemical, cultrure broth and plate",Molecular,NA,NA,NA,<5 g,Animal,Bird,Passeriformes,Corvidae,Corvus,American crow,,,free,Campylobacter jejuni,Campylobacter jejuni,feces,yes,no,,,7,12,,NA,,NA,,NA,,,,,,Data had to be compiled from all over the place in the article,response to oil spill,NA,NA,NA,NA,NA,NA,NA,NA,Low,1
Siembieda et al.,2011,Siembieda et al. 2011,yes,Google Scholar,"USA, California, San Francisco Bay",yes,North America,"PCR, biochemical, cultrure broth and plate",Molecular,NA,NA,NA,<5 g,Animal,Bird,Passeriformes,Corvidae,Corvus,American crow,,,free,Campylobacter lari,Campylobacter lari,feces,yes,no,,,ND,12,,NA,,NA,,NA,,,,,,Data had to be compiled from all over the place in the article,response to oil spill,NA,NA,NA,NA,NA,NA,NA,NA,Low,1
Siembieda et al.,2011,Siembieda et al. 2011,yes,Google Scholar,"USA, California, San Francisco Bay",yes,North America,"PCR, biochemical, cultrure broth and plate",Molecular,NA,NA,NA,<5 g,Animal,Bird,Falconiformes,Falconidae,Falco,American kestrel,,,free,Campylobacter coli,Campylobacter coli,feces,yes,no,,,ND,6,,NA,,NA,,NA,,,,,,Data had to be compiled from all over the place in the article,response to oil spill,NA,NA,NA,NA,NA,NA,NA,NA,Low,1
Siembieda et al.,2011,Siembieda et al. 2011,yes,Google Scholar,"USA, California, San Francisco Bay",yes,North America,"PCR, biochemical, cultrure broth and plate",Molecular,NA,NA,NA,<5 g,Animal,Bird,Falconiformes,Falconidae,Falco,American kestrel,,,free,Campylobacter jejuni,Campylobacter jejuni,feces,yes,no,,,ND,6,,NA,,NA,,NA,,,,,,Data had to be compiled from all over the place in the article,response to oil spill,NA,NA,NA,NA,NA,NA,NA,NA,Low,1
Siembieda et al.,2011,Siembieda et al. 2011,yes,Google Scholar,"USA, California, San Francisco Bay",yes,North America,"PCR, biochemical, cultrure broth and plate",Molecular,NA,NA,NA,<5 g,Animal,Bird,Falconiformes,Falconidae,Falco,American kestrel,,,free,Campylobacter lari,Campylobacter lari,feces,yes,no,,,ND,6,,NA,,NA,,NA,,,,,,Data had to be compiled from all over the place in the article,response to oil spill,NA,NA,NA,NA,NA,NA,NA,NA,Low,1
Siembieda et al.,2011,Siembieda et al. 2011,yes,Google Scholar,"USA, California, San Francisco Bay",yes,North America,"PCR, biochemical, cultrure broth and plate",Molecular,NA,NA,NA,<5 g,Animal,Bird,Passeriformes,Turdidae,Turdus,American robin,,,free,Campylobacter coli,Campylobacter coli,feces,yes,no,,,ND,13,,NA,,NA,,NA,,,,,,Data had to be compiled from all over the place in the article,response to oil spill,NA,NA,NA,NA,NA,NA,NA,NA,Low,1
Siembieda et al.,2011,Siembieda et al. 2011,yes,Google Scholar,"USA, California, San Francisco Bay",yes,North America,"PCR, biochemical, cultrure broth and plate",Molecular,NA,NA,NA,<5 g,Animal,Bird,Passeriformes,Turdidae,Turdus,American robin,,,free,Campylobacter jejuni,Campylobacter jejuni,feces,yes,no,,,1,13,,NA,,NA,,NA,,,,,,Data had to be compiled from all over the place in the article,response to oil spill,NA,NA,NA,NA,NA,NA,NA,NA,Low,1
Siembieda et al.,2011,Siembieda et al. 2011,yes,Google Scholar,"USA, California, San Francisco Bay",yes,North America,"PCR, biochemical, cultrure broth and plate",Molecular,NA,NA,NA,<5 g,Animal,Bird,Passeriformes,Turdidae,Turdus,American robin,,,free,Campylobacter lari,Campylobacter lari,feces,yes,no,,,ND,13,,NA,,NA,,NA,,,,,,Data had to be compiled from all over the place in the article,response to oil spill,NA,NA,NA,NA,NA,NA,NA,NA,Low,1
Siembieda et al.,2011,Siembieda et al. 2011,yes,Google Scholar,"USA, California, San Francisco Bay",yes,North America,"PCR, biochemical, cultrure broth and plate",Molecular,NA,NA,NA,<5 g,Animal,Bird,Columbiformes,Columbidae,Patagioenas,Band-tailed pigeon,,,free,Campylobacter coli,Campylobacter coli,feces,yes,no,,,ND,2,,NA,,NA,,NA,,,,,,Data had to be compiled from all over the place in the article,response to oil spill,NA,NA,NA,NA,NA,NA,NA,NA,Low,1
Siembieda et al.,2011,Siembieda et al. 2011,yes,Google Scholar,"USA, California, San Francisco Bay",yes,North America,"PCR, biochemical, cultrure broth and plate",Molecular,NA,NA,NA,<5 g,Animal,Bird,Columbiformes,Columbidae,Patagioenas,Band-tailed pigeon,,,free,Campylobacter jejuni,Campylobacter jejuni,feces,yes,no,,,ND,2,,NA,,NA,,NA,,,,,,Data had to be compiled from all over the place in the article,response to oil spill,NA,NA,NA,NA,NA,NA,NA,NA,Low,1
Siembieda et al.,2011,Siembieda et al. 2011,yes,Google Scholar,"USA, California, San Francisco Bay",yes,North America,"PCR, biochemical, cultrure broth and plate",Molecular,NA,NA,NA,<5 g,Animal,Bird,Columbiformes,Columbidae,Patagioenas,Band-tailed pigeon,,,free,Campylobacter lari,Campylobacter lari,feces,yes,no,,,ND,2,,NA,,NA,,NA,,,,,,Data had to be compiled from all over the place in the article,response to oil spill,NA,NA,NA,NA,NA,NA,NA,NA,Low,1
Siembieda et al.,2011,Siembieda et al. 2011,yes,Google Scholar,"USA, California, San Francisco Bay",yes,North America,"PCR, biochemical, cultrure broth and plate",Molecular,NA,NA,NA,<5 g,Animal,Bird,Strigiformes,Tytonidae,Tyto,Barn owl ,,,free,Campylobacter coli,Campylobacter coli,feces,yes,no,,,ND,5,,NA,,NA,,NA,,,,,,Data had to be compiled from all over the place in the article,response to oil spill,NA,NA,NA,NA,NA,NA,NA,NA,Low,1
Siembieda et al.,2011,Siembieda et al. 2011,yes,Google Scholar,"USA, California, San Francisco Bay",yes,North America,"PCR, biochemical, cultrure broth and plate",Molecular,NA,NA,NA,<5 g,Animal,Bird,Strigiformes,Tytonidae,Tyto,Barn owl ,,,free,Campylobacter jejuni,Campylobacter jejuni,feces,yes,no,,,ND,5,,NA,,NA,,NA,,,,,,Data had to be compiled from all over the place in the article,response to oil spill,NA,NA,NA,NA,NA,NA,NA,NA,Low,1
Siembieda et al.,2011,Siembieda et al. 2011,yes,Google Scholar,"USA, California, San Francisco Bay",yes,North America,"PCR, biochemical, cultrure broth and plate",Molecular,NA,NA,NA,<5 g,Animal,Bird,Strigiformes,Tytonidae,Tyto,Barn owl ,,,free,Campylobacter lari,Campylobacter lari,feces,yes,no,,,ND,5,,NA,,NA,,NA,,,,,,Data had to be compiled from all over the place in the article,response to oil spill,NA,NA,NA,NA,NA,NA,NA,NA,Low,1
Siembieda et al.,2011,Siembieda et al. 2011,yes,Google Scholar,"USA, California, San Francisco Bay",yes,North America,"PCR, biochemical, cultrure broth and plate",Molecular,NA,NA,NA,<5 g,Animal,Bird,,,,Bird (class),,Northern flicker and mockingbird,free,Campylobacter coli,Campylobacter coli,feces,yes,no,,,ND,2,,NA,,NA,,NA,,,,,,Data had to be compiled from all over the place in the article,response to oil spill,NA,NA,NA,NA,NA,NA,NA,NA,Low,1
Siembieda et al.,2011,Siembieda et al. 2011,yes,Google Scholar,"USA, California, San Francisco Bay",yes,North America,"PCR, biochemical, cultrure broth and plate",Molecular,NA,NA,NA,<5 g,Animal,Bird,,,,Bird (class),,Northern flicker and mockingbird,free,Campylobacter jejuni,Campylobacter jejuni,feces,yes,no,,,ND,2,,NA,,NA,,NA,,,,,,Data had to be compiled from all over the place in the article,response to oil spill,NA,NA,NA,NA,NA,NA,NA,NA,Low,1
Siembieda et al.,2011,Siembieda et al. 2011,yes,Google Scholar,"USA, California, San Francisco Bay",yes,North America,"PCR, biochemical, cultrure broth and plate",Molecular,NA,NA,NA,<5 g,Animal,Bird,,,,Bird (class),,Northern flicker and mockingbird,free,Campylobacter lari,Campylobacter lari,feces,yes,no,,,ND,2,,NA,,NA,,NA,,,,,,Data had to be compiled from all over the place in the article,response to oil spill,NA,NA,NA,NA,NA,NA,NA,NA,Low,1
Siembieda et al.,2011,Siembieda et al. 2011,yes,Google Scholar,"USA, California, San Francisco Bay",yes,North America,"PCR, biochemical, cultrure broth and plate",Molecular,NA,NA,NA,<5 g,Animal,Bird,Pelecaniformes,Ardeida,Nycticorax,Black-crowned night heron,,,free,Campylobacter coli,Campylobacter coli,feces,yes,no,,,ND,16,,NA,,NA,,NA,,,,,,Data had to be compiled from all over the place in the article,response to oil spill,NA,NA,NA,NA,NA,NA,NA,NA,Low,1
Siembieda et al.,2011,Siembieda et al. 2011,yes,Google Scholar,"USA, California, San Francisco Bay",yes,North America,"PCR, biochemical, cultrure broth and plate",Molecular,NA,NA,NA,<5 g,Animal,Bird,Pelecaniformes,Ardeida,Nycticorax,Black-crowned night heron,,,free,Campylobacter jejuni,Campylobacter jejuni,feces,yes,no,,,ND,16,,NA,,NA,,NA,,,,,,Data had to be compiled from all over the place in the article,response to oil spill,NA,NA,NA,NA,NA,NA,NA,NA,Low,1
Siembieda et al.,2011,Siembieda et al. 2011,yes,Google Scholar,"USA, California, San Francisco Bay",yes,North America,"PCR, biochemical, cultrure broth and plate",Molecular,NA,NA,NA,<5 g,Animal,Bird,Pelecaniformes,Ardeida,Nycticorax,Black-crowned night heron,,,free,Campylobacter lari,Campylobacter lari,feces,yes,no,,,ND,16,,NA,,NA,,NA,,,,,,Data had to be compiled from all over the place in the article,response to oil spill,NA,NA,NA,NA,NA,NA,NA,NA,Low,1
Siembieda et al.,2011,Siembieda et al. 2011,yes,Google Scholar,"USA, California, San Francisco Bay",yes,North America,"PCR, biochemical, cultrure broth and plate",Molecular,NA,NA,NA,<5 g,Animal,Bird,Pelecaniformes,Pelecanidae,Pelecanus,Brown pelican,,,free,Campylobacter coli,Campylobacter coli,feces,yes,no,,,ND,6,,NA,,NA,,NA,,,,,,Data had to be compiled from all over the place in the article,response to oil spill,NA,NA,NA,NA,NA,NA,NA,NA,Low,1
Siembieda et al.,2011,Siembieda et al. 2011,yes,Google Scholar,"USA, California, San Francisco Bay",yes,North America,"PCR, biochemical, cultrure broth and plate",Molecular,NA,NA,NA,<5 g,Animal,Bird,Pelecaniformes,Pelecanidae,Pelecanus,Brown pelican,,,free,Campylobacter jejuni,Campylobacter jejuni,feces,yes,no,,,ND,6,,NA,,NA,,NA,,,,,,Data had to be compiled from all over the place in the article,response to oil spill,NA,NA,NA,NA,NA,NA,NA,NA,Low,1
Siembieda et al.,2011,Siembieda et al. 2011,yes,Google Scholar,"USA, California, San Francisco Bay",yes,North America,"PCR, biochemical, cultrure broth and plate",Molecular,NA,NA,NA,<5 g,Animal,Bird,Pelecaniformes,Pelecanidae,Pelecanus,Brown pelican,,,free,Campylobacter lari,Campylobacter lari,feces,yes,no,,,1,6,,NA,,NA,,NA,,,,,,Data had to be compiled from all over the place in the article,response to oil spill,NA,NA,NA,NA,NA,NA,NA,NA,Low,1
Siembieda et al.,2011,Siembieda et al. 2011,yes,Google Scholar,"USA, California, San Francisco Bay",yes,North America,"PCR, biochemical, cultrure broth and plate",Molecular,NA,NA,NA,<5 g,Animal,Bird,Anseriformes,Anatidae,Branta,Canada goose,,,free,Campylobacter coli,Campylobacter coli,feces,yes,no,,,ND,13,,NA,,NA,,NA,,,,,,Data had to be compiled from all over the place in the article,response to oil spill,NA,NA,NA,NA,NA,NA,NA,NA,Low,1
Siembieda et al.,2011,Siembieda et al. 2011,yes,Google Scholar,"USA, California, San Francisco Bay",yes,North America,"PCR, biochemical, cultrure broth and plate",Molecular,NA,NA,NA,<5 g,Animal,Bird,Anseriformes,Anatidae,Branta,Canada goose,,,free,Campylobacter jejuni,Campylobacter jejuni,feces,yes,no,,,ND,13,,NA,,NA,,NA,,,,,,Data had to be compiled from all over the place in the article,response to oil spill,NA,NA,NA,NA,NA,NA,NA,NA,Low,1
Siembieda et al.,2011,Siembieda et al. 2011,yes,Google Scholar,"USA, California, San Francisco Bay",yes,North America,"PCR, biochemical, cultrure broth and plate",Molecular,NA,NA,NA,<5 g,Animal,Bird,Anseriformes,Anatidae,Branta,Canada goose,,,free,Campylobacter lari,Campylobacter lari,feces,yes,no,,,ND,13,,NA,,NA,,NA,,,,,,Data had to be compiled from all over the place in the article,response to oil spill,NA,NA,NA,NA,NA,NA,NA,NA,Low,1
Siembieda et al.,2011,Siembieda et al. 2011,yes,Google Scholar,"USA, California, San Francisco Bay",yes,North America,"PCR, biochemical, cultrure broth and plate",Molecular,NA,NA,NA,<5 g,Animal,Bird,Podicipediformes,Podicipedidae,Aechmophorus,Clark's grebe,,,free,Campylobacter coli,Campylobacter coli,feces,yes,no,,,ND,6,,NA,,NA,,NA,,,,,,Data had to be compiled from all over the place in the article,response to oil spill,NA,NA,NA,NA,NA,NA,NA,NA,Low,1
Siembieda et al.,2011,Siembieda et al. 2011,yes,Google Scholar,"USA, California, San Francisco Bay",yes,North America,"PCR, biochemical, cultrure broth and plate",Molecular,NA,NA,NA,<5 g,Animal,Bird,Podicipediformes,Podicipedidae,Aechmophorus,Clark's grebe,,,free,Campylobacter jejuni,Campylobacter jejuni,feces,yes,no,,,ND,6,,NA,,NA,,NA,,,,,,Data had to be compiled from all over the place in the article,response to oil spill,NA,NA,NA,NA,NA,NA,NA,NA,Low,1
Siembieda et al.,2011,Siembieda et al. 2011,yes,Google Scholar,"USA, California, San Francisco Bay",yes,North America,"PCR, biochemical, cultrure broth and plate",Molecular,NA,NA,NA,<5 g,Animal,Bird,Podicipediformes,Podicipedidae,Aechmophorus,Clark's grebe,,,free,Campylobacter lari,Campylobacter lari,feces,yes,no,,,ND,6,,NA,,NA,,NA,,,,,,Data had to be compiled from all over the place in the article,response to oil spill,NA,NA,NA,NA,NA,NA,NA,NA,Low,1
Siembieda et al.,2011,Siembieda et al. 2011,yes,Google Scholar,"USA, California, San Francisco Bay",yes,North America,"PCR, biochemical, cultrure broth and plate",Molecular,NA,NA,NA,<5 g,Animal,Bird,Charadriiformes,Alcidae,Uria,Common murre,,,free,Campylobacter coli,Campylobacter coli,feces,yes,no,,,ND,31,,NA,,NA,,NA,,,,,,Data had to be compiled from all over the place in the article,response to oil spill,NA,NA,NA,NA,NA,NA,NA,NA,Low,1
Siembieda et al.,2011,Siembieda et al. 2011,yes,Google Scholar,"USA, California, San Francisco Bay",yes,North America,"PCR, biochemical, cultrure broth and plate",Molecular,NA,NA,NA,<5 g,Animal,Bird,Charadriiformes,Alcidae,Uria,Common murre,,,free,Campylobacter jejuni,Campylobacter jejuni,feces,yes,no,,,4,31,,NA,,NA,,NA,,,,,,Data had to be compiled from all over the place in the article,response to oil spill,NA,NA,NA,NA,NA,NA,NA,NA,Low,1
Siembieda et al.,2011,Siembieda et al. 2011,yes,Google Scholar,"USA, California, San Francisco Bay",yes,North America,"PCR, biochemical, cultrure broth and plate",Molecular,NA,NA,NA,<5 g,Animal,Bird,Charadriiformes,Alcidae,Uria,Common murre,,,free,Campylobacter lari,Campylobacter lari,feces,yes,no,,,1,31,,NA,,NA,,NA,,,,,,Data had to be compiled from all over the place in the article,response to oil spill,NA,NA,NA,NA,NA,NA,NA,NA,Low,1
Siembieda et al.,2011,Siembieda et al. 2011,yes,Google Scholar,"USA, California, San Francisco Bay",yes,North America,"PCR, biochemical, cultrure broth and plate",Molecular,NA,NA,NA,<5 g,Animal,Bird,Charadriiformes,Laridae,Larus,Glaucous-winged gull,,,free,Campylobacter coli,Campylobacter coli,feces,yes,no,,,ND,1,,NA,,NA,,NA,,,,,,Data had to be compiled from all over the place in the article,response to oil spill,NA,NA,NA,NA,NA,NA,NA,NA,Low,1
Siembieda et al.,2011,Siembieda et al. 2011,yes,Google Scholar,"USA, California, San Francisco Bay",yes,North America,"PCR, biochemical, cultrure broth and plate",Molecular,NA,NA,NA,<5 g,Animal,Bird,Charadriiformes,Laridae,Larus,Glaucous-winged gull,,,free,Campylobacter jejuni,Campylobacter jejuni,feces,yes,no,,,ND,1,,NA,,NA,,NA,,,,,,Data had to be compiled from all over the place in the article,response to oil spill,NA,NA,NA,NA,NA,NA,NA,NA,Low,1
Siembieda et al.,2011,Siembieda et al. 2011,yes,Google Scholar,"USA, California, San Francisco Bay",yes,North America,"PCR, biochemical, cultrure broth and plate",Molecular,NA,NA,NA,<5 g,Animal,Bird,Charadriiformes,Laridae,Larus,Glaucous-winged gull,,,free,Campylobacter lari,Campylobacter lari,feces,yes,no,,,ND,1,,NA,,NA,,NA,,,,,,Data had to be compiled from all over the place in the article,response to oil spill,NA,NA,NA,NA,NA,NA,NA,NA,Low,1
Siembieda et al.,2011,Siembieda et al. 2011,yes,Google Scholar,"USA, California, San Francisco Bay",yes,North America,"PCR, biochemical, cultrure broth and plate",Molecular,NA,NA,NA,<5 g,Animal,Bird,Strigiformes,Strigidae,Bubo,Great horned owl,,,free,Campylobacter coli,Campylobacter coli,feces,yes,no,,,ND,6,,NA,,NA,,NA,,,,,,Data had to be compiled from all over the place in the article,response to oil spill,NA,NA,NA,NA,NA,NA,NA,NA,Low,1
Siembieda et al.,2011,Siembieda et al. 2011,yes,Google Scholar,"USA, California, San Francisco Bay",yes,North America,"PCR, biochemical, cultrure broth and plate",Molecular,NA,NA,NA,<5 g,Animal,Bird,Strigiformes,Strigidae,Bubo,Great horned owl,,,free,Campylobacter jejuni,Campylobacter jejuni,feces,yes,no,,,ND,6,,NA,,NA,,NA,,,,,,Data had to be compiled from all over the place in the article,response to oil spill,NA,NA,NA,NA,NA,NA,NA,NA,Low,1
Siembieda et al.,2011,Siembieda et al. 2011,yes,Google Scholar,"USA, California, San Francisco Bay",yes,North America,"PCR, biochemical, cultrure broth and plate",Molecular,NA,NA,NA,<5 g,Animal,Bird,Strigiformes,Strigidae,Bubo,Great horned owl,,,free,Campylobacter lari,Campylobacter lari,feces,yes,no,,,ND,6,,NA,,NA,,NA,,,,,,Data had to be compiled from all over the place in the article,response to oil spill,NA,NA,NA,NA,NA,NA,NA,NA,Low,1
Siembieda et al.,2011,Siembieda et al. 2011,yes,Google Scholar,"USA, California, San Francisco Bay",yes,North America,"PCR, biochemical, cultrure broth and plate",Molecular,NA,NA,NA,<5 g,Animal,Bird,Pelecaniformes,Ardeidae,Butorides,Green heron,,,free,Campylobacter coli,Campylobacter coli,feces,yes,no,,,1,8,,NA,,NA,,NA,,,,,,Data had to be compiled from all over the place in the article,response to oil spill,NA,NA,NA,NA,NA,NA,NA,NA,Low,1
Siembieda et al.,2011,Siembieda et al. 2011,yes,Google Scholar,"USA, California, San Francisco Bay",yes,North America,"PCR, biochemical, cultrure broth and plate",Molecular,NA,NA,NA,<5 g,Animal,Bird,Pelecaniformes,Ardeidae,Butorides,Green heron,,,free,Campylobacter jejuni,Campylobacter jejuni,feces,yes,no,,,1,8,,NA,,NA,,NA,,,,,,Data had to be compiled from all over the place in the article,response to oil spill,NA,NA,NA,NA,NA,NA,NA,NA,Low,1
Siembieda et al.,2011,Siembieda et al. 2011,yes,Google Scholar,"USA, California, San Francisco Bay",yes,North America,"PCR, biochemical, cultrure broth and plate",Molecular,NA,NA,NA,<5 g,Animal,Bird,Pelecaniformes,Ardeidae,Butorides,Green heron,,,free,Campylobacter lari,Campylobacter lari,feces,yes,no,,,ND,8,,NA,,NA,,NA,,,,,,Data had to be compiled from all over the place in the article,response to oil spill,NA,NA,NA,NA,NA,NA,NA,NA,Low,1
Siembieda et al.,2011,Siembieda et al. 2011,yes,Google Scholar,"USA, California, San Francisco Bay",yes,North America,"PCR, biochemical, cultrure broth and plate",Molecular,NA,NA,NA,<5 g,Animal,Bird,Anseriformes,Anatidae,Anas,Mallard,,,free,Campylobacter coli,Campylobacter coli,feces,yes,no,,,ND,12,,NA,,NA,,NA,,,,,,Data had to be compiled from all over the place in the article,response to oil spill,NA,NA,NA,NA,NA,NA,NA,NA,Low,1
Siembieda et al.,2011,Siembieda et al. 2011,yes,Google Scholar,"USA, California, San Francisco Bay",yes,North America,"PCR, biochemical, cultrure broth and plate",Molecular,NA,NA,NA,<5 g,Animal,Bird,Anseriformes,Anatidae,Anas,Mallard,,,free,Campylobacter jejuni,Campylobacter jejuni,feces,yes,no,,,ND,12,,NA,,NA,,NA,,,,,,Data had to be compiled from all over the place in the article,response to oil spill,NA,NA,NA,NA,NA,NA,NA,NA,Low,1
Siembieda et al.,2011,Siembieda et al. 2011,yes,Google Scholar,"USA, California, San Francisco Bay",yes,North America,"PCR, biochemical, cultrure broth and plate",Molecular,NA,NA,NA,<5 g,Animal,Bird,Anseriformes,Anatidae,Anas,Mallard,,,free,Campylobacter lari,Campylobacter lari,feces,yes,no,,,ND,12,,NA,,NA,,NA,,,,,,Data had to be compiled from all over the place in the article,response to oil spill,NA,NA,NA,NA,NA,NA,NA,NA,Low,1
Siembieda et al.,2011,Siembieda et al. 2011,yes,Google Scholar,"USA, California, San Francisco Bay",yes,North America,"PCR, biochemical, cultrure broth and plate",Molecular,NA,NA,NA,<5 g,Animal,Bird,Columbiformes,Columbidae,Zenaida,Mourning dove,,,free,Campylobacter coli,Campylobacter coli,feces,yes,no,,,ND,14,,NA,,NA,,NA,,,,,,Data had to be compiled from all over the place in the article,response to oil spill,NA,NA,NA,NA,NA,NA,NA,NA,Low,1
Siembieda et al.,2011,Siembieda et al. 2011,yes,Google Scholar,"USA, California, San Francisco Bay",yes,North America,"PCR, biochemical, cultrure broth and plate",Molecular,NA,NA,NA,<5 g,Animal,Bird,Columbiformes,Columbidae,Zenaida,Mourning dove,,,free,Campylobacter jejuni,Campylobacter jejuni,feces,yes,no,,,ND,14,,NA,,NA,,NA,,,,,,Data had to be compiled from all over the place in the article,response to oil spill,NA,NA,NA,NA,NA,NA,NA,NA,Low,1
Siembieda et al.,2011,Siembieda et al. 2011,yes,Google Scholar,"USA, California, San Francisco Bay",yes,North America,"PCR, biochemical, cultrure broth and plate",Molecular,NA,NA,NA,<5 g,Animal,Bird,Columbiformes,Columbidae,Zenaida,Mourning dove,,,free,Campylobacter lari,Campylobacter lari,feces,yes,no,,,ND,14,,NA,,NA,,NA,,,,,,Data had to be compiled from all over the place in the article,response to oil spill,NA,NA,NA,NA,NA,NA,NA,NA,Low,1
Siembieda et al.,2011,Siembieda et al. 2011,yes,Google Scholar,"USA, California, San Francisco Bay",yes,North America,"PCR, biochemical, cultrure broth and plate",Molecular,NA,NA,NA,<5 g,Animal,Bird,Accipitriformes,Accipitridae,Buteo,Red-tailed hawk,,,free,Campylobacter coli,Campylobacter coli,feces,yes,no,,,ND,5,,NA,,NA,,NA,,,,,,Data had to be compiled from all over the place in the article,response to oil spill,NA,NA,NA,NA,NA,NA,NA,NA,Low,1
Siembieda et al.,2011,Siembieda et al. 2011,yes,Google Scholar,"USA, California, San Francisco Bay",yes,North America,"PCR, biochemical, cultrure broth and plate",Molecular,NA,NA,NA,<5 g,Animal,Bird,Accipitriformes,Accipitridae,Buteo,Red-tailed hawk,,,free,Campylobacter jejuni,Campylobacter jejuni,feces,yes,no,,,ND,5,,NA,,NA,,NA,,,,,,Data had to be compiled from all over the place in the article,response to oil spill,NA,NA,NA,NA,NA,NA,NA,NA,Low,1
Siembieda et al.,2011,Siembieda et al. 2011,yes,Google Scholar,"USA, California, San Francisco Bay",yes,North America,"PCR, biochemical, cultrure broth and plate",Molecular,NA,NA,NA,<5 g,Animal,Bird,Accipitriformes,Accipitridae,Buteo,Red-tailed hawk,,,free,Campylobacter lari,Campylobacter lari,feces,yes,no,,,ND,5,,NA,,NA,,NA,,,,,,Data had to be compiled from all over the place in the article,response to oil spill,NA,NA,NA,NA,NA,NA,NA,NA,Low,1
Siembieda et al.,2011,Siembieda et al. 2011,yes,Google Scholar,"USA, California, San Francisco Bay",yes,North America,"PCR, biochemical, cultrure broth and plate",Molecular,NA,NA,NA,<5 g,Animal,Bird,Anseriformes,Anatidae,Oxyura,Ruddy duck,,,free,Campylobacter coli,Campylobacter coli,feces,yes,no,,,ND,5,,NA,,NA,,NA,,,,,,Data had to be compiled from all over the place in the article,response to oil spill,NA,NA,NA,NA,NA,NA,NA,NA,Low,1
Siembieda et al.,2011,Siembieda et al. 2011,yes,Google Scholar,"USA, California, San Francisco Bay",yes,North America,"PCR, biochemical, cultrure broth and plate",Molecular,NA,NA,NA,<5 g,Animal,Bird,Anseriformes,Anatidae,Oxyura,Ruddy duck,,,free,Campylobacter jejuni,Campylobacter jejuni,feces,yes,no,,,2,5,,NA,,NA,,NA,,,,,,Data had to be compiled from all over the place in the article,response to oil spill,NA,NA,NA,NA,NA,NA,NA,NA,Low,1
Siembieda et al.,2011,Siembieda et al. 2011,yes,Google Scholar,"USA, California, San Francisco Bay",yes,North America,"PCR, biochemical, cultrure broth and plate",Molecular,NA,NA,NA,<5 g,Animal,Bird,Anseriformes,Anatidae,Oxyura,Ruddy duck,,,free,Campylobacter lari,Campylobacter lari,feces,yes,no,,,1,5,,NA,,NA,,NA,,,,,,Data had to be compiled from all over the place in the article,response to oil spill,NA,NA,NA,NA,NA,NA,NA,NA,Low,1
Siembieda et al.,2011,Siembieda et al. 2011,yes,Google Scholar,"USA, California, San Francisco Bay",yes,North America,"PCR, biochemical, cultrure broth and plate",Molecular,NA,NA,NA,<5 g,Animal,Bird,Pelecaniformes,Ardeidae,Egretta,Snowy egret,,,free,Campylobacter coli,Campylobacter coli,feces,yes,no,,,ND,7,,NA,,NA,,NA,,,,,,Data had to be compiled from all over the place in the article,response to oil spill,NA,NA,NA,NA,NA,NA,NA,NA,Low,1
Siembieda et al.,2011,Siembieda et al. 2011,yes,Google Scholar,"USA, California, San Francisco Bay",yes,North America,"PCR, biochemical, cultrure broth and plate",Molecular,NA,NA,NA,<5 g,Animal,Bird,Pelecaniformes,Ardeidae,Egretta,Snowy egret,,,free,Campylobacter jejuni,Campylobacter jejuni,feces,yes,no,,,1,7,,NA,,NA,,NA,,,,,,Data had to be compiled from all over the place in the article,response to oil spill,NA,NA,NA,NA,NA,NA,NA,NA,Low,1
Siembieda et al.,2011,Siembieda et al. 2011,yes,Google Scholar,"USA, California, San Francisco Bay",yes,North America,"PCR, biochemical, cultrure broth and plate",Molecular,NA,NA,NA,<5 g,Animal,Bird,Pelecaniformes,Ardeidae,Egretta,Snowy egret,,,free,Campylobacter lari,Campylobacter lari,feces,yes,no,,,ND,7,,NA,,NA,,NA,,,,,,Data had to be compiled from all over the place in the article,response to oil spill,NA,NA,NA,NA,NA,NA,NA,NA,Low,1
Siembieda et al.,2011,Siembieda et al. 2011,yes,Google Scholar,"USA, California, San Francisco Bay",yes,North America,"PCR, biochemical, cultrure broth and plate",Molecular,NA,NA,NA,<5 g,Animal,Bird,Procellariiformes,Procellariidae,Puffinus,Sooty shearwater,,,free,Campylobacter coli,Campylobacter coli,feces,yes,no,,,ND,1,,NA,,NA,,NA,,,,,,Data had to be compiled from all over the place in the article,response to oil spill,NA,NA,NA,NA,NA,NA,NA,NA,Low,1
Siembieda et al.,2011,Siembieda et al. 2011,yes,Google Scholar,"USA, California, San Francisco Bay",yes,North America,"PCR, biochemical, cultrure broth and plate",Molecular,NA,NA,NA,<5 g,Animal,Bird,Procellariiformes,Procellariidae,Puffinus,Sooty shearwater,,,free,Campylobacter jejuni,Campylobacter jejuni,feces,yes,no,,,ND,1,,NA,,NA,,NA,,,,,,Data had to be compiled from all over the place in the article,response to oil spill,NA,NA,NA,NA,NA,NA,NA,NA,Low,1
Siembieda et al.,2011,Siembieda et al. 2011,yes,Google Scholar,"USA, California, San Francisco Bay",yes,North America,"PCR, biochemical, cultrure broth and plate",Molecular,NA,NA,NA,<5 g,Animal,Bird,Procellariiformes,Procellariidae,Puffinus,Sooty shearwater,,,free,Campylobacter lari,Campylobacter lari,feces,yes,no,,,ND,1,,NA,,NA,,NA,,,,,,Data had to be compiled from all over the place in the article,response to oil spill,NA,NA,NA,NA,NA,NA,NA,NA,Low,1
Siembieda et al.,2011,Siembieda et al. 2011,yes,Google Scholar,"USA, California, San Francisco Bay",yes,North America,"PCR, biochemical, cultrure broth and plate",Molecular,NA,NA,NA,<5 g,Animal,Bird,Anseriformes,Anatidae,Melanitta,Surf scoter,,,free,Campylobacter coli,Campylobacter coli,feces,yes,no,,,1,8,,NA,,NA,,NA,,,,,,Data had to be compiled from all over the place in the article,response to oil spill,NA,NA,NA,NA,NA,NA,NA,NA,Low,1
Siembieda et al.,2011,Siembieda et al. 2011,yes,Google Scholar,"USA, California, San Francisco Bay",yes,North America,"PCR, biochemical, cultrure broth and plate",Molecular,NA,NA,NA,<5 g,Animal,Bird,Anseriformes,Anatidae,Melanitta,Surf scoter,,,free,Campylobacter jejuni,Campylobacter jejuni,feces,yes,no,,,2,8,,NA,,NA,,NA,,,,,,Data had to be compiled from all over the place in the article,response to oil spill,NA,NA,NA,NA,NA,NA,NA,NA,Low,1
Siembieda et al.,2011,Siembieda et al. 2011,yes,Google Scholar,"USA, California, San Francisco Bay",yes,North America,"PCR, biochemical, cultrure broth and plate",Molecular,NA,NA,NA,<5 g,Animal,Bird,Anseriformes,Anatidae,Melanitta,Surf scoter,,,free,Campylobacter lari,Campylobacter lari,feces,yes,no,,,1,8,,NA,,NA,,NA,,,,,,Data had to be compiled from all over the place in the article,response to oil spill,NA,NA,NA,NA,NA,NA,NA,NA,Low,1
Siembieda et al.,2011,Siembieda et al. 2011,yes,Google Scholar,"USA, California, San Francisco Bay",yes,North America,"PCR, biochemical, cultrure broth and plate",Molecular,NA,NA,NA,<5 g,Animal,Bird,Accipitriformes,Cathartidae,Cathartes,Turkey vulture,,,free,Campylobacter coli,Campylobacter coli,feces,yes,no,,,ND,3,,NA,,NA,,NA,,,,,,Data had to be compiled from all over the place in the article,response to oil spill,NA,NA,NA,NA,NA,NA,NA,NA,Low,1
Siembieda et al.,2011,Siembieda et al. 2011,yes,Google Scholar,"USA, California, San Francisco Bay",yes,North America,"PCR, biochemical, cultrure broth and plate",Molecular,NA,NA,NA,<5 g,Animal,Bird,Accipitriformes,Cathartidae,Cathartes,Turkey vulture,,,free,Campylobacter jejuni,Campylobacter jejuni,feces,yes,no,,,ND,3,,NA,,NA,,NA,,,,,,Data had to be compiled from all over the place in the article,response to oil spill,NA,NA,NA,NA,NA,NA,NA,NA,Low,1
Siembieda et al.,2011,Siembieda et al. 2011,yes,Google Scholar,"USA, California, San Francisco Bay",yes,North America,"PCR, biochemical, cultrure broth and plate",Molecular,NA,NA,NA,<5 g,Animal,Bird,Accipitriformes,Cathartidae,Cathartes,Turkey vulture,,,free,Campylobacter lari,Campylobacter lari,feces,yes,no,,,ND,3,,NA,,NA,,NA,,,,,,Data had to be compiled from all over the place in the article,response to oil spill,NA,NA,NA,NA,NA,NA,NA,NA,Low,1
Siembieda et al.,2011,Siembieda et al. 2011,yes,Google Scholar,"USA, California, San Francisco Bay",yes,North America,"PCR, biochemical, cultrure broth and plate",Molecular,NA,NA,NA,<5 g,Animal,Bird,Gruiformes,Rallidae,Rallus,Virginia rail,,,free,Campylobacter coli,Campylobacter coli,feces,yes,no,,,ND,1,,NA,,NA,,NA,,,,,,Data had to be compiled from all over the place in the article,response to oil spill,NA,NA,NA,NA,NA,NA,NA,NA,Low,1
Siembieda et al.,2011,Siembieda et al. 2011,yes,Google Scholar,"USA, California, San Francisco Bay",yes,North America,"PCR, biochemical, cultrure broth and plate",Molecular,NA,NA,NA,<5 g,Animal,Bird,Gruiformes,Rallidae,Rallus,Virginia rail,,,free,Campylobacter jejuni,Campylobacter jejuni,feces,yes,no,,,ND,1,,NA,,NA,,NA,,,,,,Data had to be compiled from all over the place in the article,response to oil spill,NA,NA,NA,NA,NA,NA,NA,NA,Low,1
Siembieda et al.,2011,Siembieda et al. 2011,yes,Google Scholar,"USA, California, San Francisco Bay",yes,North America,"PCR, biochemical, cultrure broth and plate",Molecular,NA,NA,NA,<5 g,Animal,Bird,Gruiformes,Rallidae,Rallus,Virginia rail,,,free,Campylobacter lari,Campylobacter lari,feces,yes,no,,,ND,1,,NA,,NA,,NA,,,,,,Data had to be compiled from all over the place in the article,response to oil spill,NA,NA,NA,NA,NA,NA,NA,NA,Low,1
Siembieda et al.,2011,Siembieda et al. 2011,yes,Google Scholar,"USA, California, San Francisco Bay",yes,North America,"PCR, biochemical, cultrure broth and plate",Molecular,NA,NA,NA,<5 g,Animal,Bird,Podicipedidae,Aechmophorus,Aechmophoru,Western grebe,,,free,Campylobacter coli,Campylobacter coli,feces,yes,no,,,ND,11,,NA,,NA,,NA,,,,,,Data had to be compiled from all over the place in the article,response to oil spill,NA,NA,NA,NA,NA,NA,NA,NA,Low,1
Siembieda et al.,2011,Siembieda et al. 2011,yes,Google Scholar,"USA, California, San Francisco Bay",yes,North America,"PCR, biochemical, cultrure broth and plate",Molecular,NA,NA,NA,<5 g,Animal,Bird,Podicipedidae,Aechmophorus,Aechmophoru,Western grebe,,,free,Campylobacter jejuni,Campylobacter jejuni,feces,yes,no,,,ND,11,,NA,,NA,,NA,,,,,,Data had to be compiled from all over the place in the article,response to oil spill,NA,NA,NA,NA,NA,NA,NA,NA,Low,1
Siembieda et al.,2011,Siembieda et al. 2011,yes,Google Scholar,"USA, California, San Francisco Bay",yes,North America,"PCR, biochemical, cultrure broth and plate",Molecular,NA,NA,NA,<5 g,Animal,Bird,Podicipedidae,Aechmophorus,Aechmophoru,Western grebe,,,free,Campylobacter lari,Campylobacter lari,feces,yes,no,,,ND,11,,NA,,NA,,NA,,,,,,Data had to be compiled from all over the place in the article,response to oil spill,NA,NA,NA,NA,NA,NA,NA,NA,Low,1
Siembieda et al.,2011,Siembieda et al. 2011,yes,Google Scholar,"USA, California, San Francisco Bay",yes,North America,"PCR, biochemical, cultrure broth and plate",Molecular,NA,NA,NA,<5 g,Animal,Bird,Charadriiformes,Laridae,Larus,Western gull,,,free,Campylobacter coli,Campylobacter coli,feces,yes,no,,,ND,7,,NA,,NA,,NA,,,,,,Data had to be compiled from all over the place in the article,response to oil spill,NA,NA,NA,NA,NA,NA,NA,NA,Low,1
Siembieda et al.,2011,Siembieda et al. 2011,yes,Google Scholar,"USA, California, San Francisco Bay",yes,North America,"PCR, biochemical, cultrure broth and plate",Molecular,NA,NA,NA,<5 g,Animal,Bird,Charadriiformes,Laridae,Larus,Western gull,,,free,Campylobacter jejuni,Campylobacter jejuni,feces,yes,no,,,1,7,,NA,,NA,,NA,,,,,,Data had to be compiled from all over the place in the article,response to oil spill,NA,NA,NA,NA,NA,NA,NA,NA,Low,1
Siembieda et al.,2011,Siembieda et al. 2011,yes,Google Scholar,"USA, California, San Francisco Bay",yes,North America,"PCR, biochemical, cultrure broth and plate",Molecular,NA,NA,NA,<5 g,Animal,Bird,Charadriiformes,Laridae,Larus,Western gull,,,free,Campylobacter lari,Campylobacter lari,feces,yes,no,,,ND,7,,NA,,NA,,NA,,,,,,Data had to be compiled from all over the place in the article,response to oil spill,NA,NA,NA,NA,NA,NA,NA,NA,Low,1
Siembieda et al.,2011,Siembieda et al. 2011,yes,Google Scholar,"USA, California, San Francisco Bay",yes,North America,"PCR, biochemical, cultrure broth and plate",Molecular,NA,NA,NA,<5 g,Animal,Bird,Strigidae,Striginae,Megascops,Western screech owl,,,free,Campylobacter coli,Campylobacter coli,feces,yes,no,,,ND,3,,NA,,NA,,NA,,,,,,Data had to be compiled from all over the place in the article,response to oil spill,NA,NA,NA,NA,NA,NA,NA,NA,Low,1
Siembieda et al.,2011,Siembieda et al. 2011,yes,Google Scholar,"USA, California, San Francisco Bay",yes,North America,"PCR, biochemical, cultrure broth and plate",Molecular,NA,NA,NA,<5 g,Animal,Bird,Strigidae,Striginae,Megascops,Western screech owl,,,free,Campylobacter jejuni,Campylobacter jejuni,feces,yes,no,,,1,3,,NA,,NA,,NA,,,,,,Data had to be compiled from all over the place in the article,response to oil spill,NA,NA,NA,NA,NA,NA,NA,NA,Low,1
Siembieda et al.,2011,Siembieda et al. 2011,yes,Google Scholar,"USA, California, San Francisco Bay",yes,North America,"PCR, biochemical, cultrure broth and plate",Molecular,NA,NA,NA,<5 g,Animal,Bird,Strigidae,Striginae,Megascops,Western screech owl,,,free,Campylobacter lari,Campylobacter lari,feces,yes,no,,,ND,3,,NA,,NA,,NA,,,,,,Data had to be compiled from all over the place in the article,response to oil spill,NA,NA,NA,NA,NA,NA,NA,NA,Low,1
Siembieda et al.,2011,Siembieda et al. 2011,yes,Google Scholar,"USA, California, San Francisco Bay",yes,North America,"PCR, biochemical, cultrure broth and plate",Molecular,NA,NA,NA,<5 g,Animal,Bird,Passeriformes,Corvidae,Aphelocoma,Western scrub jay,,,free,Campylobacter coli,Campylobacter coli,feces,yes,no,,,2,12,,NA,,NA,,NA,,,,,,Data had to be compiled from all over the place in the article,response to oil spill,NA,NA,NA,NA,NA,NA,NA,NA,Low,1
Siembieda et al.,2011,Siembieda et al. 2011,yes,Google Scholar,"USA, California, San Francisco Bay",yes,North America,"PCR, biochemical, cultrure broth and plate",Molecular,NA,NA,NA,<5 g,Animal,Bird,Passeriformes,Corvidae,Aphelocoma,Western scrub jay,,,free,Campylobacter jejuni,Campylobacter jejuni,feces,yes,no,,,ND,12,,NA,,NA,,NA,,,,,,Data had to be compiled from all over the place in the article,response to oil spill,NA,NA,NA,NA,NA,NA,NA,NA,Low,1
Siembieda et al.,2011,Siembieda et al. 2011,yes,Google Scholar,"USA, California, San Francisco Bay",yes,North America,"PCR, biochemical, cultrure broth and plate",Molecular,NA,NA,NA,<5 g,Animal,Bird,Passeriformes,Corvidae,Aphelocoma,Western scrub jay,,,free,Campylobacter lari,Campylobacter lari,feces,yes,no,,,ND,12,,NA,,NA,,NA,,,,,,Data had to be compiled from all over the place in the article,response to oil spill,NA,NA,NA,NA,NA,NA,NA,NA,Low,1
Siembieda et al.,2011,Siembieda et al. 2011,yes,Google Scholar,"USA, California, San Francisco Bay",yes,North America,"PCR, biochemical, cultrure broth and plate",Molecular,NA,NA,NA,<5 g,Animal,Bird,Anseriformes,Anatidae,,,,Scaup and scoter ,free,Campylobacter coli,Campylobacter coli,feces,yes,no,,,ND,6,,NA,,NA,,NA,,,,,,Data had to be compiled from all over the place in the article,response to oil spill,NA,NA,NA,NA,NA,NA,NA,NA,Low,1
Siembieda et al.,2011,Siembieda et al. 2011,yes,Google Scholar,"USA, California, San Francisco Bay",yes,North America,"PCR, biochemical, cultrure broth and plate",Molecular,NA,NA,NA,<5 g,Animal,Bird,Anseriformes,Anatidae,,,,Scaup and scoter ,free,Campylobacter jejuni,Campylobacter jejuni,feces,yes,no,,,ND,6,,NA,,NA,,NA,,,,,,Data had to be compiled from all over the place in the article,response to oil spill,NA,NA,NA,NA,NA,NA,NA,NA,Low,1
Siembieda et al.,2011,Siembieda et al. 2011,yes,Google Scholar,"USA, California, San Francisco Bay",yes,North America,"PCR, biochemical, cultrure broth and plate",Molecular,NA,NA,NA,<5 g,Animal,Bird,Anseriformes,Anatidae,,,,Scaup and scoter ,free,Campylobacter lari,Campylobacter lari,feces,yes,no,,,ND,6,,NA,,NA,,NA,,,,,,Data had to be compiled from all over the place in the article,response to oil spill,NA,NA,NA,NA,NA,NA,NA,NA,Low,1
Siembieda et al.,2011,Siembieda et al. 2011,yes,Google Scholar,"USA, California, San Francisco Bay",yes,North America,"PCR, biochemical, cultrure broth and plate",Molecular,NA,NA,NA,<5 g,Animal,Bird,Charadriiformes,,,,,Killdeer and willet ,free,Campylobacter coli,Campylobacter coli,feces,yes,no,,,ND,2,,NA,,NA,,NA,,,,,,Data had to be compiled from all over the place in the article,response to oil spill,NA,NA,NA,NA,NA,NA,NA,NA,Low,1
Siembieda et al.,2011,Siembieda et al. 2011,yes,Google Scholar,"USA, California, San Francisco Bay",yes,North America,"PCR, biochemical, cultrure broth and plate",Molecular,NA,NA,NA,<5 g,Animal,Bird,Charadriiformes,,,,,Killdeer and willet ,free,Campylobacter jejuni,Campylobacter jejuni,feces,yes,no,,,ND,2,,NA,,NA,,NA,,,,,,Data had to be compiled from all over the place in the article,response to oil spill,NA,NA,NA,NA,NA,NA,NA,NA,Low,1
Siembieda et al.,2011,Siembieda et al. 2011,yes,Google Scholar,"USA, California, San Francisco Bay",yes,North America,"PCR, biochemical, cultrure broth and plate",Molecular,NA,NA,NA,<5 g,Animal,Bird,Charadriiformes,,,,,Killdeer and willet ,free,Campylobacter lari,Campylobacter lari,feces,yes,no,,,ND,2,,NA,,NA,,NA,,,,,,Data had to be compiled from all over the place in the article,response to oil spill,NA,NA,NA,NA,NA,NA,NA,NA,Low,1
Siembieda et al.,2011,Siembieda et al. 2011,yes,Google Scholar,"USA, California, San Francisco Bay",yes,North America,"PCR, biochemical, cultrure broth and plate",Molecular,NA,NA,NA,<5 g,Animal,Bird,Podicipediformes,,,,,Eared and western grebe ,free,Campylobacter coli,Campylobacter coli,feces,yes,no,,,3,3,,NA,,NA,,NA,,,,,,Data had to be compiled from all over the place in the article,response to oil spill,NA,NA,NA,NA,NA,NA,NA,NA,Low,1
Siembieda et al.,2011,Siembieda et al. 2011,yes,Google Scholar,"USA, California, San Francisco Bay",yes,North America,"PCR, biochemical, cultrure broth and plate",Molecular,NA,NA,NA,<5 g,Animal,Bird,Podicipediformes,,,,,Eared and western grebe ,free,Campylobacter jejuni,Campylobacter jejuni,feces,yes,no,,,ND,3,,NA,,NA,,NA,,,,,,Data had to be compiled from all over the place in the article,response to oil spill,NA,NA,NA,NA,NA,NA,NA,NA,Low,1
Siembieda et al.,2011,Siembieda et al. 2011,yes,Google Scholar,"USA, California, San Francisco Bay",yes,North America,"PCR, biochemical, cultrure broth and plate",Molecular,NA,NA,NA,<5 g,Animal,Bird,Podicipediformes,,,,,Eared and western grebe ,free,Campylobacter lari,Campylobacter lari,feces,yes,no,,,1,3,,NA,,NA,,NA,,,,,,Data had to be compiled from all over the place in the article,response to oil spill,NA,NA,NA,NA,NA,NA,NA,NA,Low,1
Siembieda et al.,2011,Siembieda et al. 2011,yes,Google Scholar,"USA, California, San Francisco Bay",yes,North America,"PCR, biochemical, cultrure broth and plate",Molecular,NA,NA,NA,<5 g,Animal,Bird,Gaviiformes,Gaviidae,Gavia,,,"Common, Pacific, and red-throated loons ",free,Campylobacter coli,Campylobacter coli,feces,yes,no,,,1,9,,NA,,NA,,NA,,,,,,Data had to be compiled from all over the place in the article,response to oil spill,NA,NA,NA,NA,NA,NA,NA,NA,Low,1
Siembieda et al.,2011,Siembieda et al. 2011,yes,Google Scholar,"USA, California, San Francisco Bay",yes,North America,"PCR, biochemical, cultrure broth and plate",Molecular,NA,NA,NA,<5 g,Animal,Bird,Gaviiformes,Gaviidae,Gavia,,,"Common, Pacific, and red-throated loons ",free,Campylobacter jejuni,Campylobacter jejuni,feces,yes,no,,,ND,9,,NA,,NA,,NA,,,,,,Data had to be compiled from all over the place in the article,response to oil spill,NA,NA,NA,NA,NA,NA,NA,NA,Low,1
Siembieda et al.,2011,Siembieda et al. 2011,yes,Google Scholar,"USA, California, San Francisco Bay",yes,North America,"PCR, biochemical, cultrure broth and plate",Molecular,NA,NA,NA,<5 g,Animal,Bird,Gaviiformes,Gaviidae,Gavia,,,"Common, Pacific, and red-throated loons ",free,Campylobacter lari,Campylobacter lari,feces,yes,no,,,ND,9,,NA,,NA,,NA,,,,,,Data had to be compiled from all over the place in the article,response to oil spill,NA,NA,NA,NA,NA,NA,NA,NA,Low,1
Sippy et al.,2012,Sippy et al. 2012,yes,Google Scholar,"USA, Iowa, centra, farms",yes,North America,"PCR (16S rRNA 816 bp 854 bp variable, mapA 417 bp, tetO 559 bp, cjsa0191 1920 bp, pTet0048 3438 bp, gyrA 219 bp) culture broth and plate",Molecular,NA,NA,NA,swab variable,Animal,Bird,Passeriformes,Fringillidae,Spinus,American goldfinch,Spinus tristis,,free,Campylobacter,Campylobacter,cloacal swab,yes,no,,,ND,2,,NA,,NA,,NA,,,,,,,,NA,NA,NA,NA,NA,NA,NA,NA,Moderate,2
Sippy et al.,2012,Sippy et al. 2012,yes,Google Scholar,"USA, Iowa, centra, farms",yes,North America,"PCR (16S rRNA 816 bp 854 bp variable, mapA 417 bp, tetO 559 bp, cjsa0191 1920 bp, pTet0048 3438 bp, gyrA 219 bp) culture broth and plate",Molecular,NA,NA,NA,swab variable,Animal,Bird,Passeriformes,Turdidae,Turdus,American robin,Turdus migratorius,,free,Campylobacter,Campylobacter,cloacal swab,yes,no,,,ND,1,,NA,,NA,,NA,,,,,,,,NA,NA,NA,NA,NA,NA,NA,NA,Moderate,2
Sippy et al.,2012,Sippy et al. 2012,yes,Google Scholar,"USA, Iowa, centra, farms",yes,North America,"PCR (16S rRNA 816 bp 854 bp variable, mapA 417 bp, tetO 559 bp, cjsa0191 1920 bp, pTet0048 3438 bp, gyrA 219 bp) culture broth and plate",Molecular,NA,NA,NA,swab variable,Animal,Bird,Passeriformes,Hirundinidae,Hirundo,Barn swallow,Hirundo rustica,,free,Campylobacter,Campylobacter,cloacal swab,yes,no,,,ND,1,,NA,,NA,,NA,,,,,,,,NA,NA,NA,NA,NA,NA,NA,NA,Moderate,2
Sippy et al.,2012,Sippy et al. 2012,yes,Google Scholar,"USA, Iowa, centra, farms",yes,North America,"PCR (16S rRNA 816 bp 854 bp variable, mapA 417 bp, tetO 559 bp, cjsa0191 1920 bp, pTet0048 3438 bp, gyrA 219 bp) culture broth and plate",Molecular,NA,NA,NA,swab variable,Animal,Bird,Passeriformes,Paridae,Poecile,Black-capped chickadee,Poecile atricapillus,,free,Campylobacter,Campylobacter,cloacal swab,yes,no,,,ND,2,,NA,,NA,,NA,,,,,,,,NA,NA,NA,NA,NA,NA,NA,NA,Moderate,2
Sippy et al.,2012,Sippy et al. 2012,yes,Google Scholar,"USA, Iowa, centra, farms",yes,North America,"PCR (16S rRNA 816 bp 854 bp variable, mapA 417 bp, tetO 559 bp, cjsa0191 1920 bp, pTet0048 3438 bp, gyrA 219 bp) culture broth and plate",Molecular,NA,NA,NA,swab variable,Animal,Bird,Passeriformes,Corvidae,Cyanocitta,Blue jay,Cyanocitta cristata,,free,Campylobacter,Campylobacter,cloacal swab,yes,no,,,ND,2,,NA,,NA,,NA,,,,,,,,NA,NA,NA,NA,NA,NA,NA,NA,Moderate,2
Sippy et al.,2012,Sippy et al. 2012,yes,Google Scholar,"USA, Iowa, centra, farms",yes,North America,"PCR (16S rRNA 816 bp 854 bp variable, mapA 417 bp, tetO 559 bp, cjsa0191 1920 bp, pTet0048 3438 bp, gyrA 219 bp) culture broth and plate",Molecular,NA,NA,NA,swab variable,Animal,Bird,Passeriformes,Certhiidae,Certhia,Brown creeper,Certhia Americana,,free,Campylobacter,Campylobacter,cloacal swab,yes,no,,,ND,1,,NA,,NA,,NA,,,,,,,,NA,NA,NA,NA,NA,NA,NA,NA,Moderate,2
Sippy et al.,2012,Sippy et al. 2012,yes,Google Scholar,"USA, Iowa, centra, farms",yes,North America,"PCR (16S rRNA 816 bp 854 bp variable, mapA 417 bp, tetO 559 bp, cjsa0191 1920 bp, pTet0048 3438 bp, gyrA 219 bp) culture broth and plate",Molecular,NA,NA,NA,swab variable,Animal,Bird,Passeriformes,Passerellidae,Junco,Dark-eyed junco,Junco hyemalis,,free,Campylobacter,Campylobacter,cloacal swab,yes,no,,,ND,18,,NA,,NA,,NA,,,,,,,,NA,NA,NA,NA,NA,NA,NA,NA,Moderate,2
Sippy et al.,2012,Sippy et al. 2012,yes,Google Scholar,"USA, Iowa, centra, farms",yes,North America,"PCR (16S rRNA 816 bp 854 bp variable, mapA 417 bp, tetO 559 bp, cjsa0191 1920 bp, pTet0048 3438 bp, gyrA 219 bp) culture broth and plate",Molecular,NA,NA,NA,swab variable,Animal,Bird,Piciformes,Picidae,Dryobates,Downy woodpecker,Picoides pubescens,,free,Campylobacter,Campylobacter,cloacal swab,yes,no,,,ND,1,,NA,,NA,,NA,,,,,,,,NA,NA,NA,NA,NA,NA,NA,NA,Moderate,2
Sippy et al.,2012,Sippy et al. 2012,yes,Google Scholar,"USA, Iowa, centra, farms",yes,North America,"PCR (16S rRNA 816 bp 854 bp variable, mapA 417 bp, tetO 559 bp, cjsa0191 1920 bp, pTet0048 3438 bp, gyrA 219 bp) culture broth and plate",Molecular,NA,NA,NA,swab variable,Animal,Bird,Passeriformes,Sturnidae,Sturnus,European starling,Sturnus vulgaris,,free,Campylobacter,Campylobacter,cloacal swab,yes,no,,,ND,3,,NA,,NA,,NA,,,,,,,,NA,NA,NA,NA,NA,NA,NA,NA,Moderate,2
Sippy et al.,2012,Sippy et al. 2012,yes,Google Scholar,"USA, Iowa, centra, farms",yes,North America,"PCR (16S rRNA 816 bp 854 bp variable, mapA 417 bp, tetO 559 bp, cjsa0191 1920 bp, pTet0048 3438 bp, gyrA 219 bp) culture broth and plate",Molecular,NA,NA,NA,swab variable,Animal,Bird,Passeriformes,Mimidae,Dumetella,Grey catbird,Dumetella carolinensis,,free,Campylobacter,Campylobacter,cloacal swab,yes,no,,,ND,2,,NA,,NA,,NA,,,,,,,,NA,NA,NA,NA,NA,NA,NA,NA,Moderate,2
Sippy et al.,2012,Sippy et al. 2012,yes,Google Scholar,"USA, Iowa, centra, farms",yes,North America,"PCR (16S rRNA 816 bp 854 bp variable, mapA 417 bp, tetO 559 bp, cjsa0191 1920 bp, pTet0048 3438 bp, gyrA 219 bp) culture broth and plate",Molecular,NA,NA,NA,swab variable,Animal,Bird,Piciformes,Picidae,Leuconotopicus,Hairy woodpecker,Picoides villosus,,free,Campylobacter,Campylobacter,cloacal swab,yes,no,,,ND,1,,NA,,NA,,NA,,,,,,,,NA,NA,NA,NA,NA,NA,NA,NA,Moderate,2
Sippy et al.,2012,Sippy et al. 2012,yes,Google Scholar,"USA, Iowa, centra, farms",yes,North America,"PCR (16S rRNA 816 bp 854 bp variable, mapA 417 bp, tetO 559 bp, cjsa0191 1920 bp, pTet0048 3438 bp, gyrA 219 bp) culture broth and plate",Molecular,NA,NA,NA,swab variable,Animal,Bird,Passeriformes,Passerellida,Zonotrichia,Harris's sparrow,Zonotrichia querula,,free,Campylobacter,Campylobacter,cloacal swab,yes,no,,,ND,1,,NA,,NA,,NA,,,,,,,,NA,NA,NA,NA,NA,NA,NA,NA,Moderate,2
Sippy et al.,2012,Sippy et al. 2012,yes,Google Scholar,"USA, Iowa, centra, farms",yes,North America,"PCR (16S rRNA 816 bp 854 bp variable, mapA 417 bp, tetO 559 bp, cjsa0191 1920 bp, pTet0048 3438 bp, gyrA 219 bp) culture broth and plate",Molecular,NA,NA,NA,swab variable,Animal,Bird,Passeriformes,Passeridae,Passer,House sparrow,Passer domesticus,,free,Campylobacter ,Campylobacter,cloacal swab,yes,no,,,3,107,,NA,,NA,,NA,,,,,,,,NA,NA,NA,NA,NA,NA,NA,NA,Moderate,2
Sippy et al.,2012,Sippy et al. 2012,yes,Google Scholar,"USA, Iowa, centra, farms",yes,North America,"PCR (16S rRNA 816 bp 854 bp variable, mapA 417 bp, tetO 559 bp, cjsa0191 1920 bp, pTet0048 3438 bp, gyrA 219 bp) culture broth and plate",Molecular,NA,NA,NA,swab variable,Animal,Bird,Passeriformes,Passeridae,Passer,House sparrow,Passer domesticus,,free,Campylobacter coli,Campylobacter coli,cloacal swab,yes,no,,,1,107,,NA,,NA,,NA,,,,,,,,NA,NA,NA,NA,NA,NA,NA,NA,Moderate,2
Sippy et al.,2012,Sippy et al. 2012,yes,Google Scholar,"USA, Iowa, centra, farms",yes,North America,"PCR (16S rRNA 816 bp 854 bp variable, mapA 417 bp, tetO 559 bp, cjsa0191 1920 bp, pTet0048 3438 bp, gyrA 219 bp) culture broth and plate",Molecular,NA,NA,NA,swab variable,Animal,Bird,Passeriformes,Passeridae,Passer,House sparrow,Passer domesticus,,free,Campylobacter jejuni,Campylobacter jejuni,cloacal swab,yes,no,,,2,107,,NA,,NA,,NA,,,,,,,,NA,NA,NA,NA,NA,NA,NA,NA,Moderate,2
Sippy et al.,2012,Sippy et al. 2012,yes,Google Scholar,"USA, Iowa, centra, farms",yes,North America,"PCR (16S rRNA 816 bp 854 bp variable, mapA 417 bp, tetO 559 bp, cjsa0191 1920 bp, pTet0048 3438 bp, gyrA 219 bp) culture broth and plate",Molecular,NA,NA,NA,swab variable,Animal,Bird,Passeriformes,Parulidae,Leiothlypis,Nashville warbler,Oreothlypis ruficapilla,,free,Campylobacter,Campylobacter,cloacal swab,yes,no,,,ND,1,,NA,,NA,,NA,,,,,,,,NA,NA,NA,NA,NA,NA,NA,NA,Moderate,2
Sippy et al.,2012,Sippy et al. 2012,yes,Google Scholar,"USA, Iowa, centra, farms",yes,North America,"PCR (16S rRNA 816 bp 854 bp variable, mapA 417 bp, tetO 559 bp, cjsa0191 1920 bp, pTet0048 3438 bp, gyrA 219 bp) culture broth and plate",Molecular,NA,NA,NA,swab variable,Animal,Bird,Passeriformes,Cardinalidae,Cardinalis,Northern cardinal,Cardinalis cardinalis,,free,Campylobacter,Campylobacter,cloacal swab,yes,no,,,ND,3,,NA,,NA,,NA,,,,,,,,NA,NA,NA,NA,NA,NA,NA,NA,Moderate,2
Sippy et al.,2012,Sippy et al. 2012,yes,Google Scholar,"USA, Iowa, centra, farms",yes,North America,"PCR (16S rRNA 816 bp 854 bp variable, mapA 417 bp, tetO 559 bp, cjsa0191 1920 bp, pTet0048 3438 bp, gyrA 219 bp) culture broth and plate",Molecular,NA,NA,NA,swab variable,Animal,Bird,Passeriformes,Parulidae,Leiothlypis,Orange crowned warbler,Oreothlypis celata,,free,Campylobacter,Campylobacter,cloacal swab,yes,no,,,ND,1,,NA,,NA,,NA,,,,,,,,NA,NA,NA,NA,NA,NA,NA,NA,Moderate,2
Sippy et al.,2012,Sippy et al. 2012,yes,Google Scholar,"USA, Iowa, centra, farms",yes,North America,"PCR (16S rRNA 816 bp 854 bp variable, mapA 417 bp, tetO 559 bp, cjsa0191 1920 bp, pTet0048 3438 bp, gyrA 219 bp) culture broth and plate",Molecular,NA,NA,NA,swab variable,Animal,Bird,Passeriformes,Cardinalidae,Pheucticus,Rose-breasted grosbeak,Pheucticus ludovicianus,,free,Campylobacter,Campylobacter,cloacal swab,yes,no,,,1,2,,NA,,NA,,NA,,,,,,,,NA,NA,NA,NA,NA,NA,NA,NA,Moderate,2
Sippy et al.,2012,Sippy et al. 2012,yes,Google Scholar,"USA, Iowa, centra, farms",yes,North America,"PCR (16S rRNA 816 bp 854 bp variable, mapA 417 bp, tetO 559 bp, cjsa0191 1920 bp, pTet0048 3438 bp, gyrA 219 bp) culture broth and plate",Molecular,NA,NA,NA,swab variable,Animal,Bird,Passeriformes,Cardinalidae,Pheucticus,Rose-breasted grosbeak,Pheucticus ludovicianus,,free,Campylobacter jejuni,Campylobacter jejuni,cloacal swab,yes,no,,,1,2,,NA,,NA,,NA,,,,,,,,NA,NA,NA,NA,NA,NA,NA,NA,Moderate,2
Sippy et al.,2012,Sippy et al. 2012,yes,Google Scholar,"USA, Iowa, centra, farms",yes,North America,"PCR (16S rRNA 816 bp 854 bp variable, mapA 417 bp, tetO 559 bp, cjsa0191 1920 bp, pTet0048 3438 bp, gyrA 219 bp) culture broth and plate",Molecular,NA,NA,NA,swab variable,Animal,Bird,Passeriformes,Regulidae,Regulus,Ruby-crowned kinglet,Regulus calendula,,free,Campylobacter,Campylobacter,cloacal swab,yes,no,,,ND,1,,NA,,NA,,NA,,,,,,,,NA,NA,NA,NA,NA,NA,NA,NA,Moderate,2
Sippy et al.,2012,Sippy et al. 2012,yes,Google Scholar,"USA, Iowa, centra, farms",yes,North America,"PCR (16S rRNA 816 bp 854 bp variable, mapA 417 bp, tetO 559 bp, cjsa0191 1920 bp, pTet0048 3438 bp, gyrA 219 bp) culture broth and plate",Molecular,NA,NA,NA,swab variable,Animal,Bird,Passeriformes,Passerellidae,Melospiza,Song sparrow,Melospiza melodia,,free,Campylobacter,Campylobacter,cloacal swab,yes,no,,,ND,4,,NA,,NA,,NA,,,,,,,,NA,NA,NA,NA,NA,NA,NA,NA,Moderate,2
Sippy et al.,2012,Sippy et al. 2012,yes,Google Scholar,"USA, Iowa, centra, farms",yes,North America,"PCR (16S rRNA 816 bp 854 bp variable, mapA 417 bp, tetO 559 bp, cjsa0191 1920 bp, pTet0048 3438 bp, gyrA 219 bp) culture broth and plate",Molecular,NA,NA,NA,swab variable,Animal,Bird,Passeriformes,Passerellidae,Melospiza,Swamp sparrow ,Melospiza Americana,,free,Campylobacter,Campylobacter,cloacal swab,yes,no,,,ND,6,,NA,,NA,,NA,,,,,,,,NA,NA,NA,NA,NA,NA,NA,NA,Moderate,2
Sippy et al.,2012,Sippy et al. 2012,yes,Google Scholar,"USA, Iowa, centra, farms",yes,North America,"PCR (16S rRNA 816 bp 854 bp variable, mapA 417 bp, tetO 559 bp, cjsa0191 1920 bp, pTet0048 3438 bp, gyrA 219 bp) culture broth and plate",Molecular,NA,NA,NA,swab variable,Animal,Bird,Passeriformes,Passerellidae,Zonotrichia,White-throated sparrow,Zonotrichia albicollis,,free,Campylobacter ,Campylobacter,cloacal swab,yes,no,,,5,28,,NA,,NA,,NA,,,,,,,,NA,NA,NA,NA,NA,NA,NA,NA,Moderate,2
Sippy et al.,2012,Sippy et al. 2012,yes,Google Scholar,"USA, Iowa, centra, farms",yes,North America,"PCR (16S rRNA 816 bp 854 bp variable, mapA 417 bp, tetO 559 bp, cjsa0191 1920 bp, pTet0048 3438 bp, gyrA 219 bp) culture broth and plate",Molecular,NA,NA,NA,swab variable,Animal,Bird,Passeriformes,Passerellidae,Zonotrichia,White-throated sparrow,Zonotrichia albicollis,,free,Campylobacter coli,Campylobacter coli,cloacal swab,yes,no,,,1,28,,NA,,NA,,NA,,,,,,,,NA,NA,NA,NA,NA,NA,NA,NA,Moderate,2
Sippy et al.,2012,Sippy et al. 2012,yes,Google Scholar,"USA, Iowa, centra, farms",yes,North America,"PCR (16S rRNA 816 bp 854 bp variable, mapA 417 bp, tetO 559 bp, cjsa0191 1920 bp, pTet0048 3438 bp, gyrA 219 bp) culture broth and plate",Molecular,NA,NA,NA,swab variable,Animal,Bird,Passeriformes,Passerellidae,Zonotrichia,White-throated sparrow,Zonotrichia albicollis,,free,Campylobacter jejuni,Campylobacter jejuni,cloacal swab,yes,no,,,4,28,,NA,,NA,,NA,,,,,,,,NA,NA,NA,NA,NA,NA,NA,NA,Moderate,2
Smith et al.,2020,Smith et al. 2020,yes,review,"USA, Washington/Oregon/California",yes,North America,"PCR (method from Wang et al. (2002)), QIAamp?
DNA stool mini kits",Molecular,NA,NA,NA,NA,Animal,Bird,,,,Bird (class),,Birds (35 sepcies),free,Campylobacter spp.,Campylobacter,feces,yes,no,,,207,2024,,NA,,NA,,NA,,,,,,,,NA,NA,NA,NA,NA,NA,NA,NA,Low,1
Sulzner et al.,2014,Sulzner et al. 2014,yes,Google Scholar,"USA, California, University of California Landels-Hill Big Creek Reserve/Hopland Research and Extension Center ",yes,North America,culture broth and plate,Conventional,NA,NA,NA,swab,Animal,Bird,Accipitriformes,Cathartidae,Cathartes,Turkey vulture,Cathartes aura,,free,Campylobacter spp. ,Campylobacter,Cloacal swab,yes,no,,,3,55,,NA,,NA,,NA,,,,,,,,NA,NA,NA,NA,NA,NA,NA,NA,Moderate,2
Taff et al.,2016,Taff et al. 2016,yes,Web of Science,"USA, CA, Davis",no,North America,"Culture, biochemical testing, at outside lab",Conventional,NA,NA,NA,swab top feces,Animal,Bird,Passeriformes,Corvidae,Corvus,American crow,Corvus brachyrhynchos,,free,Campylobacter jejuni,Campylobacter jejuni,feces swab,yes,no,,,178,337,,NA,,NA,,NA,,,,,,Went into the habitat of infection rates and habitat/density,,NA,NA,NA,NA,NA,NA,NA,NA,High,3
Tang et al.,2017,Tang et al. 2017,yes,Web of Science,"USA, Texas/Missouri/Colorado/Kansas",yes,North America,"PCR (CCCJ-F/CCCJ-R,mapA-F/mapA-R, CJSA_1356F/CJSA_1356R), culture broth and plate",Molecular,NA,NA,NA,NA,Animal,Bird,Passeriformes,Sturnidae,Sturnus,European starling,Sturnus vulgaris,,free,Campylobacter spp. (jejuni),Campylobacter,tissue (duodenum to the cloaca),yes,no,,,51,150,,NA,,NA,,NA,,,,,,,,NA,NA,NA,NA,NA,NA,NA,NA,Moderate,2
Wahlstrom et al.,2003,Wahlstrom et al. 2003,yes,review,"Sweden, Oland, Oteby Bird Observatory",no,Europe,"Standard method, culture",Conventional,NA,NA,NA,0.1g,Animal,Bird,Anseriformes,Anatidae,Branta,Canada goose,,,free,Campylobacter ,Campylobacter,feces (squeezed out of hunted animals),yes,no,,,16,105,0.149192425,NA,,NA,,NA,,,,,,calculated percentages for individual includes formulas),12,NA,NA,NA,NA,NA,NA,NA,NA,Low,1
Wahlstrom et al.,2003,Wahlstrom et al. 2003,yes,review,"Sweden, Oland, Oteby Bird Observatory",no,Europe,"Standard method, culture",Conventional,NA,NA,NA,0.1g,Animal,Bird,Anseriformes,Anatidae,Branta,Canada goose,,,free,Campylobacter jejuni,Campylobacter jejuni,feces (squeezed out of hunted animals),yes,no,,,16,105,0.149192425,NA,,NA,,NA,,,,,,,12,NA,NA,NA,NA,NA,NA,NA,NA,Low,1
Wahlstrom et al.,2003,Wahlstrom et al. 2003,yes,review,"Sweden, Oland, Oteby Bird Observatory",no,Europe,"Standard method, culture",Conventional,NA,NA,NA,0.1g,Animal,Bird,Charadriiformes,Laridae,Larus,,"Larus argentatus, Larus canus, Larus marinus","Gulls (90 herring, 6 black backed, 15 common)",free,Campylobacter ,Campylobacter,feces (squeezed out of hunted animals),yes,no,,,23,104,0.217756528,NA,,NA,,NA,,,,,,calculated percentages for individual includes formulas),16,NA,NA,NA,NA,NA,NA,NA,NA,Low,1
Wahlstrom et al.,2003,Wahlstrom et al. 2003,yes,review,"Sweden, Oland, Oteby Bird Observatory",no,Europe,"Standard method, culture",Conventional,NA,NA,NA,0.1g,Animal,Bird,Charadriiformes,Laridae,Larus,,"Larus argentatus, Larus canus, Larus marinus",Gull (family),free,Campylobacter jejuni,Campylobacter jejuni,feces (squeezed out of hunted animals),yes,no,,,14,104,0.130102113,NA,,NA,,NA,,,,,,,11,NA,NA,NA,NA,NA,NA,NA,NA,Low,1
Wahlstrom et al.,2003,Wahlstrom et al. 2003,yes,review,"Sweden, Oland, Oteby Bird Observatory",no,Europe,"Standard method, culture",Conventional,NA,NA,NA,0.1g,Animal,Bird,Charadriiformes,Laridae,Larus,,"Larus argentatus, Larus canus, Larus marinus",Gull (family),free,Campylobacter lari,Campylobacter lari,feces (squeezed out of hunted animals),yes,no,,,3,104,0.030261834,NA,,NA,,NA,,,,,,,3,NA,NA,NA,NA,NA,NA,NA,NA,Low,1
Waldenstrom et al.,2002,Waldenstrom et al. 2002,yes,review,"Sweden, Oland, Oteby Bird Observatory",no,Europe,"PCR, Biochemical, plate culture, outside lab, standard method",Molecular,NA,NA,NA,NA,Animal,Bird,Passeriformes,Hirundinidae,Hirundo,Barn swallow,Hirundo rustica,,free,Campylobacter spp.,Campylobacter,feces or cloaca swab,yes,no,,,ND,4,,NA,,NA,,NA,,,,,,,,NA,NA,NA,NA,NA,NA,NA,NA,Low,1
Waldenstrom et al.,2002,Waldenstrom et al. 2002,yes,review,"Sweden, Oland, Oteby Bird Observatory",no,Europe,"PCR, Biochemical, plate culture, outside lab, standard method",Molecular,NA,NA,NA,NA,Animal,Bird,Passeriformes,Hirundinidae,Hirundo,Barn swallow,Hirundo rustica,,free,Campylobacter coli,Campylobacter coli,feces or cloaca swab,yes,no,,,ND,4,,NA,,NA,,NA,,,,,,,,NA,NA,NA,NA,NA,NA,NA,NA,Low,1
Waldenstrom et al.,2002,Waldenstrom et al. 2002,yes,review,"Sweden, Oland, Oteby Bird Observatory",no,Europe,"PCR, Biochemical, plate culture, outside lab, standard method",Molecular,NA,NA,NA,NA,Animal,Bird,Passeriformes,Hirundinidae,Hirundo,Barn swallow,Hirundo rustica,,free,Campylobacter jejuni,Campylobacter jejuni,feces or cloaca swab,yes,no,,,ND,4,,NA,,NA,,NA,,,,,,,,NA,NA,NA,NA,NA,NA,NA,NA,Low,1
Waldenstrom et al.,2002,Waldenstrom et al. 2002,yes,review,"Sweden, Oland, Oteby Bird Observatory",no,Europe,"PCR, Biochemical, plate culture, outside lab, standard method",Molecular,NA,NA,NA,NA,Animal,Bird,Passeriformes,Hirundinidae,Hirundo,Barn swallow,Hirundo rustica,,free,Campylobacter lari,Campylobacter lari,feces or cloaca swab,yes,no,,,ND,4,,NA,,NA,,NA,,,,,,,,NA,NA,NA,NA,NA,NA,NA,NA,Low,1
Waldenstrom et al.,2002,Waldenstrom et al. 2002,yes,review,"Sweden, Oland, Oteby Bird Observatory",no,Europe,"PCR, Biochemical, plate culture, outside lab, standard method",Molecular,NA,NA,NA,NA,Animal,Bird,Passeriformes,Sylviidae,Sylvia,Barred warbler,Sylvia nisoria,,free,Campylobacter spp.,Campylobacter,feces or cloaca swab,yes,no,,,ND,1,,NA,,NA,,NA,,,,,,,,NA,NA,NA,NA,NA,NA,NA,NA,Low,1
Waldenstrom et al.,2002,Waldenstrom et al. 2002,yes,review,"Sweden, Oland, Oteby Bird Observatory",no,Europe,"PCR, Biochemical, plate culture, outside lab, standard method",Molecular,NA,NA,NA,NA,Animal,Bird,Passeriformes,Sylviidae,Sylvia,Barred warbler,Sylvia nisoria,,free,Campylobacter coli,Campylobacter coli,feces or cloaca swab,yes,no,,,ND,1,,NA,,NA,,NA,,,,,,,,NA,NA,NA,NA,NA,NA,NA,NA,Low,1
Waldenstrom et al.,2002,Waldenstrom et al. 2002,yes,review,"Sweden, Oland, Oteby Bird Observatory",no,Europe,"PCR, Biochemical, plate culture, outside lab, standard method",Molecular,NA,NA,NA,NA,Animal,Bird,Passeriformes,Sylviidae,Sylvia,Barred warbler,Sylvia nisoria,,free,Campylobacter jejuni,Campylobacter jejuni,feces or cloaca swab,yes,no,,,ND,1,,NA,,NA,,NA,,,,,,,,NA,NA,NA,NA,NA,NA,NA,NA,Low,1
Waldenstrom et al.,2002,Waldenstrom et al. 2002,yes,review,"Sweden, Oland, Oteby Bird Observatory",no,Europe,"PCR, Biochemical, plate culture, outside lab, standard method",Molecular,NA,NA,NA,NA,Animal,Bird,Passeriformes,Sylviidae,Sylvia,Barred warbler,Sylvia nisoria,,free,Campylobacter lari,Campylobacter lari,feces or cloaca swab,yes,no,,,ND,1,,NA,,NA,,NA,,,,,,,,NA,NA,NA,NA,NA,NA,NA,NA,Low,1
Waldenstrom et al.,2002,Waldenstrom et al. 2002,yes,review,"Sweden, Oland, Oteby Bird Observatory",no,Europe,"PCR, Biochemical, plate culture, outside lab, standard method",Molecular,NA,NA,NA,NA,Animal,Bird,Passeriformes,Muscicapidae,Phoenicurus,Black redstart,Phoenicurus ochruros,,free,Campylobacter spp.,Campylobacter,feces or cloaca swab,yes,no,,,ND,11,,NA,,NA,,NA,,,,,,,,NA,NA,NA,NA,NA,NA,NA,NA,Low,1
Waldenstrom et al.,2002,Waldenstrom et al. 2002,yes,review,"Sweden, Oland, Oteby Bird Observatory",no,Europe,"PCR, Biochemical, plate culture, outside lab, standard method",Molecular,NA,NA,NA,NA,Animal,Bird,Passeriformes,Muscicapidae,Phoenicurus,Black redstart,Phoenicurus ochruros,,free,Campylobacter coli,Campylobacter coli,feces or cloaca swab,yes,no,,,ND,11,,NA,,NA,,NA,,,,,,,,NA,NA,NA,NA,NA,NA,NA,NA,Low,1
Waldenstrom et al.,2002,Waldenstrom et al. 2002,yes,review,"Sweden, Oland, Oteby Bird Observatory",no,Europe,"PCR, Biochemical, plate culture, outside lab, standard method",Molecular,NA,NA,NA,NA,Animal,Bird,Passeriformes,Muscicapidae,Phoenicurus,Black redstart,Phoenicurus ochruros,,free,Campylobacter jejuni,Campylobacter jejuni,feces or cloaca swab,yes,no,,,ND,11,,NA,,NA,,NA,,,,,,,,NA,NA,NA,NA,NA,NA,NA,NA,Low,1
Waldenstrom et al.,2002,Waldenstrom et al. 2002,yes,review,"Sweden, Oland, Oteby Bird Observatory",no,Europe,"PCR, Biochemical, plate culture, outside lab, standard method",Molecular,NA,NA,NA,NA,Animal,Bird,Passeriformes,Muscicapidae,Phoenicurus,Black redstart,Phoenicurus ochruros,,free,Campylobacter lari,Campylobacter lari,feces or cloaca swab,yes,no,,,ND,11,,NA,,NA,,NA,,,,,,,,NA,NA,NA,NA,NA,NA,NA,NA,Low,1
Waldenstrom et al.,2002,Waldenstrom et al. 2002,yes,review,"Sweden, Oland, Oteby Bird Observatory",no,Europe,"PCR, Biochemical, plate culture, outside lab, standard method",Molecular,NA,NA,NA,NA,Animal,Bird,Charadriiformes,Laridae,Chroicocephalus,Black-headed gull,Larus ridibundus,,free,Campylobacter spp.,Campylobacter,feces or cloaca swab,yes,no,,,ND,3,,NA,,NA,,NA,,,,,,,,NA,NA,NA,NA,NA,NA,NA,NA,Low,1
Waldenstrom et al.,2002,Waldenstrom et al. 2002,yes,review,"Sweden, Oland, Oteby Bird Observatory",no,Europe,"PCR, Biochemical, plate culture, outside lab, standard method",Molecular,NA,NA,NA,NA,Animal,Bird,Charadriiformes,Laridae,Chroicocephalus,Black-headed gull,Larus ridibundus,,free,Campylobacter coli,Campylobacter coli,feces or cloaca swab,yes,no,,,ND,3,,NA,,NA,,NA,,,,,,,,NA,NA,NA,NA,NA,NA,NA,NA,Low,1
Waldenstrom et al.,2002,Waldenstrom et al. 2002,yes,review,"Sweden, Oland, Oteby Bird Observatory",no,Europe,"PCR, Biochemical, plate culture, outside lab, standard method",Molecular,NA,NA,NA,NA,Animal,Bird,Charadriiformes,Laridae,Chroicocephalus,Black-headed gull,Larus ridibundus,,free,Campylobacter jejuni,Campylobacter jejuni,feces or cloaca swab,yes,no,,,ND,3,,NA,,NA,,NA,,,,,,,,NA,NA,NA,NA,NA,NA,NA,NA,Low,1
Waldenstrom et al.,2002,Waldenstrom et al. 2002,yes,review,"Sweden, Oland, Oteby Bird Observatory",no,Europe,"PCR, Biochemical, plate culture, outside lab, standard method",Molecular,NA,NA,NA,NA,Animal,Bird,Charadriiformes,Laridae,Chroicocephalus,Black-headed gull,Larus ridibundus,,free,Campylobacter lari,Campylobacter lari,feces or cloaca swab,yes,no,,,ND,3,,NA,,NA,,NA,,,,,,,,NA,NA,NA,NA,NA,NA,NA,NA,Low,1
Waldenstrom et al.,2002,Waldenstrom et al. 2002,yes,review,"Sweden, Oland, Oteby Bird Observatory",no,Europe,"PCR, Biochemical, plate culture, outside lab, standard method",Molecular,NA,NA,NA,NA,Animal,Bird,Passeriformes,Paridae,Cyanistes,Blue tit,Parus caeruleus,,free,Campylobacter spp.,Campylobacter,feces or cloaca swab,yes,no,,,ND,7,,NA,,NA,,NA,,,,,,,,NA,NA,NA,NA,NA,NA,NA,NA,Low,1
Waldenstrom et al.,2002,Waldenstrom et al. 2002,yes,review,"Sweden, Oland, Oteby Bird Observatory",no,Europe,"PCR, Biochemical, plate culture, outside lab, standard method",Molecular,NA,NA,NA,NA,Animal,Bird,Passeriformes,Paridae,Cyanistes,Blue tit,Parus caeruleus,,free,Campylobacter coli,Campylobacter coli,feces or cloaca swab,yes,no,,,ND,7,,NA,,NA,,NA,,,,,,,,NA,NA,NA,NA,NA,NA,NA,NA,Low,1
Waldenstrom et al.,2002,Waldenstrom et al. 2002,yes,review,"Sweden, Oland, Oteby Bird Observatory",no,Europe,"PCR, Biochemical, plate culture, outside lab, standard method",Molecular,NA,NA,NA,NA,Animal,Bird,Passeriformes,Paridae,Cyanistes,Blue tit,Parus caeruleus,,free,Campylobacter jejuni,Campylobacter jejuni,feces or cloaca swab,yes,no,,,ND,7,,NA,,NA,,NA,,,,,,,,NA,NA,NA,NA,NA,NA,NA,NA,Low,1
Waldenstrom et al.,2002,Waldenstrom et al. 2002,yes,review,"Sweden, Oland, Oteby Bird Observatory",no,Europe,"PCR, Biochemical, plate culture, outside lab, standard method",Molecular,NA,NA,NA,NA,Animal,Bird,Passeriformes,Paridae,Cyanistes,Blue tit,Parus caeruleus,,free,Campylobacter lari,Campylobacter lari,feces or cloaca swab,yes,no,,,ND,7,,NA,,NA,,NA,,,,,,,,NA,NA,NA,NA,NA,NA,NA,NA,Low,1
Waldenstrom et al.,2002,Waldenstrom et al. 2002,yes,review,"Sweden, Oland, Oteby Bird Observatory",no,Europe,"PCR, Biochemical, plate culture, outside lab, standard method",Molecular,NA,NA,NA,NA,Animal,Bird,Passeriformes,Muscicapidae,Luscinia,Bluethroat,Luscinia svecica,,free,Campylobacter spp.,Campylobacter,feces or cloaca swab,yes,no,,,ND,19,,NA,,NA,,NA,,,,,,,,NA,NA,NA,NA,NA,NA,NA,NA,Low,1
Waldenstrom et al.,2002,Waldenstrom et al. 2002,yes,review,"Sweden, Oland, Oteby Bird Observatory",no,Europe,"PCR, Biochemical, plate culture, outside lab, standard method",Molecular,NA,NA,NA,NA,Animal,Bird,Passeriformes,Muscicapidae,Luscinia,Bluethroat,Luscinia svecica,,free,Campylobacter coli,Campylobacter coli,feces or cloaca swab,yes,no,,,ND,19,,NA,,NA,,NA,,,,,,,,NA,NA,NA,NA,NA,NA,NA,NA,Low,1
Waldenstrom et al.,2002,Waldenstrom et al. 2002,yes,review,"Sweden, Oland, Oteby Bird Observatory",no,Europe,"PCR, Biochemical, plate culture, outside lab, standard method",Molecular,NA,NA,NA,NA,Animal,Bird,Passeriformes,Muscicapidae,Luscinia,Bluethroat,Luscinia svecica,,free,Campylobacter jejuni,Campylobacter jejuni,feces or cloaca swab,yes,no,,,ND,19,,NA,,NA,,NA,,,,,,,,NA,NA,NA,NA,NA,NA,NA,NA,Low,1
Waldenstrom et al.,2002,Waldenstrom et al. 2002,yes,review,"Sweden, Oland, Oteby Bird Observatory",no,Europe,"PCR, Biochemical, plate culture, outside lab, standard method",Molecular,NA,NA,NA,NA,Animal,Bird,Passeriformes,Muscicapidae,Luscinia,Bluethroat,Luscinia svecica,,free,Campylobacter lari,Campylobacter lari,feces or cloaca swab,yes,no,,,ND,19,,NA,,NA,,NA,,,,,,,,NA,NA,NA,NA,NA,NA,NA,NA,Low,1
Waldenstrom et al.,2002,Waldenstrom et al. 2002,yes,review,"Sweden, Oland, Oteby Bird Observatory",no,Europe,"PCR, Biochemical, plate culture, outside lab, standard method",Molecular,NA,NA,NA,NA,Animal,Bird,Strigiformes,Strigidae,Aegolius,Boreal owl,Aegolius funereus,,free,Campylobacter spp.,Campylobacter,feces or cloaca swab,yes,no,,,ND,1,,NA,,NA,,NA,,,,,,,,NA,NA,NA,NA,NA,NA,NA,NA,Low,1
Waldenstrom et al.,2002,Waldenstrom et al. 2002,yes,review,"Sweden, Oland, Oteby Bird Observatory",no,Europe,"PCR, Biochemical, plate culture, outside lab, standard method",Molecular,NA,NA,NA,NA,Animal,Bird,Strigiformes,Strigidae,Aegolius,Boreal owl,Aegolius funereus,,free,Campylobacter coli,Campylobacter coli,feces or cloaca swab,yes,no,,,ND,1,,NA,,NA,,NA,,,,,,,,NA,NA,NA,NA,NA,NA,NA,NA,Low,1
Waldenstrom et al.,2002,Waldenstrom et al. 2002,yes,review,"Sweden, Oland, Oteby Bird Observatory",no,Europe,"PCR, Biochemical, plate culture, outside lab, standard method",Molecular,NA,NA,NA,NA,Animal,Bird,Strigiformes,Strigidae,Aegolius,Boreal owl,Aegolius funereus,,free,Campylobacter jejuni,Campylobacter jejuni,feces or cloaca swab,yes,no,,,ND,1,,NA,,NA,,NA,,,,,,,,NA,NA,NA,NA,NA,NA,NA,NA,Low,1
Waldenstrom et al.,2002,Waldenstrom et al. 2002,yes,review,"Sweden, Oland, Oteby Bird Observatory",no,Europe,"PCR, Biochemical, plate culture, outside lab, standard method",Molecular,NA,NA,NA,NA,Animal,Bird,Strigiformes,Strigidae,Aegolius,Boreal owl,Aegolius funereus,,free,Campylobacter lari,Campylobacter lari,feces or cloaca swab,yes,no,,,ND,1,,NA,,NA,,NA,,,,,,,,NA,NA,NA,NA,NA,NA,NA,NA,Low,1
Waldenstrom et al.,2002,Waldenstrom et al. 2002,yes,review,"Sweden, Oland, Oteby Bird Observatory",no,Europe,"PCR, Biochemical, plate culture, outside lab, standard method",Molecular,NA,NA,NA,NA,Animal,Bird,Passeriformes,Fringillidae,Fringilla,Brambling,Fringilla montifringilla,,free,Campylobacter spp.,Campylobacter,feces or cloaca swab,yes,no,,,ND,9,,NA,,NA,,NA,,,,,,,,NA,NA,NA,NA,NA,NA,NA,NA,Low,1
Waldenstrom et al.,2002,Waldenstrom et al. 2002,yes,review,"Sweden, Oland, Oteby Bird Observatory",no,Europe,"PCR, Biochemical, plate culture, outside lab, standard method",Molecular,NA,NA,NA,NA,Animal,Bird,Passeriformes,Fringillidae,Fringilla,Brambling,Fringilla montifringilla,,free,Campylobacter coli,Campylobacter coli,feces or cloaca swab,yes,no,,,ND,9,,NA,,NA,,NA,,,,,,,,NA,NA,NA,NA,NA,NA,NA,NA,Low,1
Waldenstrom et al.,2002,Waldenstrom et al. 2002,yes,review,"Sweden, Oland, Oteby Bird Observatory",no,Europe,"PCR, Biochemical, plate culture, outside lab, standard method",Molecular,NA,NA,NA,NA,Animal,Bird,Passeriformes,Fringillidae,Fringilla,Brambling,Fringilla montifringilla,,free,Campylobacter jejuni,Campylobacter jejuni,feces or cloaca swab,yes,no,,,ND,9,,NA,,NA,,NA,,,,,,,,NA,NA,NA,NA,NA,NA,NA,NA,Low,1
Waldenstrom et al.,2002,Waldenstrom et al. 2002,yes,review,"Sweden, Oland, Oteby Bird Observatory",no,Europe,"PCR, Biochemical, plate culture, outside lab, standard method",Molecular,NA,NA,NA,NA,Animal,Bird,Passeriformes,Fringillidae,Fringilla,Brambling,Fringilla montifringilla,,free,Campylobacter lari,Campylobacter lari,feces or cloaca swab,yes,no,,,ND,9,,NA,,NA,,NA,,,,,,,,NA,NA,NA,NA,NA,NA,NA,NA,Low,1
Waldenstrom et al.,2002,Waldenstrom et al. 2002,yes,review,"Sweden, Oland, Oteby Bird Observatory",no,Europe,"PCR, Biochemical, plate culture, outside lab, standard method",Molecular,NA,NA,NA,NA,Animal,Bird,Anseriformes,Anatidae,Branta,Brant goose,Branta bernicla,,free,Campylobacter spp.,Campylobacter,feces or cloaca swab,yes,no,,,1,4,,NA,,NA,,NA,,,,,,,,NA,NA,NA,NA,NA,NA,NA,NA,Low,1
Waldenstrom et al.,2002,Waldenstrom et al. 2002,yes,review,"Sweden, Oland, Oteby Bird Observatory",no,Europe,"PCR, Biochemical, plate culture, outside lab, standard method",Molecular,NA,NA,NA,NA,Animal,Bird,Anseriformes,Anatidae,Branta,Brant goose,Branta bernicla,,free,Campylobacter coli,Campylobacter coli,feces or cloaca swab,yes,no,,,ND,4,,NA,,NA,,NA,,,,,,,,NA,NA,NA,NA,NA,NA,NA,NA,Low,1
Waldenstrom et al.,2002,Waldenstrom et al. 2002,yes,review,"Sweden, Oland, Oteby Bird Observatory",no,Europe,"PCR, Biochemical, plate culture, outside lab, standard method",Molecular,NA,NA,NA,NA,Animal,Bird,Anseriformes,Anatidae,Branta,Brant goose,Branta bernicla,,free,Campylobacter jejuni,Campylobacter jejuni,feces or cloaca swab,yes,no,,,ND,4,,NA,,NA,,NA,,,,,,,,NA,NA,NA,NA,NA,NA,NA,NA,Low,1
Waldenstrom et al.,2002,Waldenstrom et al. 2002,yes,review,"Sweden, Oland, Oteby Bird Observatory",no,Europe,"PCR, Biochemical, plate culture, outside lab, standard method",Molecular,NA,NA,NA,NA,Animal,Bird,Anseriformes,Anatidae,Branta,Brant goose,Branta bernicla,,free,Campylobacter lari,Campylobacter lari,feces or cloaca swab,yes,no,,,ND,4,,NA,,NA,,NA,,,,,,,,NA,NA,NA,NA,NA,NA,NA,NA,Low,1
Waldenstrom et al.,2002,Waldenstrom et al. 2002,yes,review,"Sweden, Oland, Oteby Bird Observatory",no,Europe,"PCR, Biochemical, plate culture, outside lab, standard method",Molecular,NA,NA,NA,NA,Animal,Bird,Charadriiformes,Scolopacidae,Calidris,Broad-billed sandpiper,Limicola falcinellus,,free,Campylobacter spp.,Campylobacter,feces or cloaca swab,yes,no,,,ND,11,,NA,,NA,,NA,,,,,,,,NA,NA,NA,NA,NA,NA,NA,NA,Low,1
Waldenstrom et al.,2002,Waldenstrom et al. 2002,yes,review,"Sweden, Oland, Oteby Bird Observatory",no,Europe,"PCR, Biochemical, plate culture, outside lab, standard method",Molecular,NA,NA,NA,NA,Animal,Bird,Charadriiformes,Scolopacidae,Calidris,Broad-billed sandpiper,Limicola falcinellus,,free,Campylobacter coli,Campylobacter coli,feces or cloaca swab,yes,no,,,3,11,,NA,,NA,,NA,,,,,,,,NA,NA,NA,NA,NA,NA,NA,NA,Low,1
Waldenstrom et al.,2002,Waldenstrom et al. 2002,yes,review,"Sweden, Oland, Oteby Bird Observatory",no,Europe,"PCR, Biochemical, plate culture, outside lab, standard method",Molecular,NA,NA,NA,NA,Animal,Bird,Charadriiformes,Scolopacidae,Calidris,Broad-billed sandpiper,Limicola falcinellus,,free,Campylobacter jejuni,Campylobacter jejuni,feces or cloaca swab,yes,no,,,4,11,,NA,,NA,,NA,,,,,,,,NA,NA,NA,NA,NA,NA,NA,NA,Low,1
Waldenstrom et al.,2002,Waldenstrom et al. 2002,yes,review,"Sweden, Oland, Oteby Bird Observatory",no,Europe,"PCR, Biochemical, plate culture, outside lab, standard method",Molecular,NA,NA,NA,NA,Animal,Bird,Charadriiformes,Scolopacidae,Calidris,Broad-billed sandpiper,Limicola falcinellus,,free,Campylobacter lari,Campylobacter lari,feces or cloaca swab,yes,no,,,5,11,,NA,,NA,,NA,,,,,,,,NA,NA,NA,NA,NA,NA,NA,NA,Low,1
Waldenstrom et al.,2002,Waldenstrom et al. 2002,yes,review,"Sweden, Oland, Oteby Bird Observatory",no,Europe,"PCR, Biochemical, plate culture, outside lab, standard method",Molecular,NA,NA,NA,NA,Animal,Bird,Passeriformes,Paridae,Periparus,Coal tit,Parus ater,,free,Campylobacter spp.,Campylobacter,feces or cloaca swab,yes,no,,,ND,2,,NA,,NA,,NA,,,,,,,,NA,NA,NA,NA,NA,NA,NA,NA,Low,1
Waldenstrom et al.,2002,Waldenstrom et al. 2002,yes,review,"Sweden, Oland, Oteby Bird Observatory",no,Europe,"PCR, Biochemical, plate culture, outside lab, standard method",Molecular,NA,NA,NA,NA,Animal,Bird,Passeriformes,Paridae,Periparus,Coal tit,Parus ater,,free,Campylobacter coli,Campylobacter coli,feces or cloaca swab,yes,no,,,ND,2,,NA,,NA,,NA,,,,,,,,NA,NA,NA,NA,NA,NA,NA,NA,Low,1
Waldenstrom et al.,2002,Waldenstrom et al. 2002,yes,review,"Sweden, Oland, Oteby Bird Observatory",no,Europe,"PCR, Biochemical, plate culture, outside lab, standard method",Molecular,NA,NA,NA,NA,Animal,Bird,Passeriformes,Paridae,Periparus,Coal tit,Parus ater,,free,Campylobacter jejuni,Campylobacter jejuni,feces or cloaca swab,yes,no,,,ND,2,,NA,,NA,,NA,,,,,,,,NA,NA,NA,NA,NA,NA,NA,NA,Low,1
Waldenstrom et al.,2002,Waldenstrom et al. 2002,yes,review,"Sweden, Oland, Oteby Bird Observatory",no,Europe,"PCR, Biochemical, plate culture, outside lab, standard method",Molecular,NA,NA,NA,NA,Animal,Bird,Passeriformes,Paridae,Periparus,Coal tit,Parus ater,,free,Campylobacter lari,Campylobacter lari,feces or cloaca swab,yes,no,,,ND,2,,NA,,NA,,NA,,,,,,,,NA,NA,NA,NA,NA,NA,NA,NA,Low,1
Waldenstrom et al.,2002,Waldenstrom et al. 2002,yes,review,"Sweden, Oland, Oteby Bird Observatory",no,Europe,"PCR, Biochemical, plate culture, outside lab, standard method",Molecular,NA,NA,NA,NA,Animal,Bird,Passeriformes,Muscicapidae,Ficedula,Collared flycatcher,Ficedula albicollis,,free,Campylobacter spp.,Campylobacter,feces or cloaca swab,yes,no,,,ND,3,,NA,,NA,,NA,,,,,,,,NA,NA,NA,NA,NA,NA,NA,NA,Low,1
Waldenstrom et al.,2002,Waldenstrom et al. 2002,yes,review,"Sweden, Oland, Oteby Bird Observatory",no,Europe,"PCR, Biochemical, plate culture, outside lab, standard method",Molecular,NA,NA,NA,NA,Animal,Bird,Passeriformes,Muscicapidae,Ficedula,Collared flycatcher,Ficedula albicollis,,free,Campylobacter coli,Campylobacter coli,feces or cloaca swab,yes,no,,,ND,3,,NA,,NA,,NA,,,,,,,,NA,NA,NA,NA,NA,NA,NA,NA,Low,1
Waldenstrom et al.,2002,Waldenstrom et al. 2002,yes,review,"Sweden, Oland, Oteby Bird Observatory",no,Europe,"PCR, Biochemical, plate culture, outside lab, standard method",Molecular,NA,NA,NA,NA,Animal,Bird,Passeriformes,Muscicapidae,Ficedula,Collared flycatcher,Ficedula albicollis,,free,Campylobacter jejuni,Campylobacter jejuni,feces or cloaca swab,yes,no,,,ND,3,,NA,,NA,,NA,,,,,,,,NA,NA,NA,NA,NA,NA,NA,NA,Low,1
Waldenstrom et al.,2002,Waldenstrom et al. 2002,yes,review,"Sweden, Oland, Oteby Bird Observatory",no,Europe,"PCR, Biochemical, plate culture, outside lab, standard method",Molecular,NA,NA,NA,NA,Animal,Bird,Passeriformes,Muscicapidae,Ficedula,Collared flycatcher,Ficedula albicollis,,free,Campylobacter lari,Campylobacter lari,feces or cloaca swab,yes,no,,,ND,3,,NA,,NA,,NA,,,,,,,,NA,NA,NA,NA,NA,NA,NA,NA,Low,1
Waldenstrom et al.,2002,Waldenstrom et al. 2002,yes,review,"Sweden, Oland, Oteby Bird Observatory",no,Europe,"PCR, Biochemical, plate culture, outside lab, standard method",Molecular,NA,NA,NA,NA,Animal,Bird,Passeriformes,Turdidae,Turdus,Common blackbird,Turdus merula,,free,Campylobacter spp.,Campylobacter,feces or cloaca swab,yes,no,,,2,44,,NA,,NA,,NA,,,,,,,,NA,NA,NA,NA,NA,NA,NA,NA,Low,1
Waldenstrom et al.,2002,Waldenstrom et al. 2002,yes,review,"Sweden, Oland, Oteby Bird Observatory",no,Europe,"PCR, Biochemical, plate culture, outside lab, standard method",Molecular,NA,NA,NA,NA,Animal,Bird,Passeriformes,Turdidae,Turdus,Common blackbird,Turdus merula,,free,Campylobacter coli,Campylobacter coli,feces or cloaca swab,yes,no,,,7,44,,NA,,NA,,NA,,,,,,,,NA,NA,NA,NA,NA,NA,NA,NA,Low,1
Waldenstrom et al.,2002,Waldenstrom et al. 2002,yes,review,"Sweden, Oland, Oteby Bird Observatory",no,Europe,"PCR, Biochemical, plate culture, outside lab, standard method",Molecular,NA,NA,NA,NA,Animal,Bird,Passeriformes,Turdidae,Turdus,Common blackbird,Turdus merula,,free,Campylobacter jejuni,Campylobacter jejuni,feces or cloaca swab,yes,no,,,7,44,,NA,,NA,,NA,,,,,,,,NA,NA,NA,NA,NA,NA,NA,NA,Low,1
Waldenstrom et al.,2002,Waldenstrom et al. 2002,yes,review,"Sweden, Oland, Oteby Bird Observatory",no,Europe,"PCR, Biochemical, plate culture, outside lab, standard method",Molecular,NA,NA,NA,NA,Animal,Bird,Passeriformes,Turdidae,Turdus,Common blackbird,Turdus merula,,free,Campylobacter lari,Campylobacter lari,feces or cloaca swab,yes,no,,,4,44,,NA,,NA,,NA,,,,,,,,NA,NA,NA,NA,NA,NA,NA,NA,Low,1
Waldenstrom et al.,2002,Waldenstrom et al. 2002,yes,review,"Sweden, Oland, Oteby Bird Observatory",no,Europe,"PCR, Biochemical, plate culture, outside lab, standard method",Molecular,NA,NA,NA,NA,Animal,Bird,Passeriformes,Fringillidae,Fringilla,Common chaffinch,Fringilla coelebs,,free,Campylobacter spp.,Campylobacter,feces or cloaca swab,yes,no,,,ND,26,,NA,,NA,,NA,,,,,,,,NA,NA,NA,NA,NA,NA,NA,NA,Low,1
Waldenstrom et al.,2002,Waldenstrom et al. 2002,yes,review,"Sweden, Oland, Oteby Bird Observatory",no,Europe,"PCR, Biochemical, plate culture, outside lab, standard method",Molecular,NA,NA,NA,NA,Animal,Bird,Passeriformes,Fringillidae,Fringilla,Common chaffinch,Fringilla coelebs,,free,Campylobacter coli,Campylobacter coli,feces or cloaca swab,yes,no,,,ND,26,,NA,,NA,,NA,,,,,,,,NA,NA,NA,NA,NA,NA,NA,NA,Low,1
Waldenstrom et al.,2002,Waldenstrom et al. 2002,yes,review,"Sweden, Oland, Oteby Bird Observatory",no,Europe,"PCR, Biochemical, plate culture, outside lab, standard method",Molecular,NA,NA,NA,NA,Animal,Bird,Passeriformes,Fringillidae,Fringilla,Common chaffinch,Fringilla coelebs,,free,Campylobacter jejuni,Campylobacter jejuni,feces or cloaca swab,yes,no,,,ND,26,,NA,,NA,,NA,,,,,,,,NA,NA,NA,NA,NA,NA,NA,NA,Low,1
Waldenstrom et al.,2002,Waldenstrom et al. 2002,yes,review,"Sweden, Oland, Oteby Bird Observatory",no,Europe,"PCR, Biochemical, plate culture, outside lab, standard method",Molecular,NA,NA,NA,NA,Animal,Bird,Passeriformes,Fringillidae,Fringilla,Common chaffinch,Fringilla coelebs,,free,Campylobacter lari,Campylobacter lari,feces or cloaca swab,yes,no,,,ND,26,,NA,,NA,,NA,,,,,,,,NA,NA,NA,NA,NA,NA,NA,NA,Low,1
Waldenstrom et al.,2002,Waldenstrom et al. 2002,yes,review,"Sweden, Oland, Oteby Bird Observatory",no,Europe,"PCR, Biochemical, plate culture, outside lab, standard method",Molecular,NA,NA,NA,NA,Animal,Bird,Passeriformes,Phylloscopidae,Phylloscopus,Common chiffchaff,Phylloscopus collybita,,free,Campylobacter spp.,Campylobacter,feces or cloaca swab,yes,no,,,ND,8,,NA,,NA,,NA,,,,,,,,NA,NA,NA,NA,NA,NA,NA,NA,Low,1
Waldenstrom et al.,2002,Waldenstrom et al. 2002,yes,review,"Sweden, Oland, Oteby Bird Observatory",no,Europe,"PCR, Biochemical, plate culture, outside lab, standard method",Molecular,NA,NA,NA,NA,Animal,Bird,Passeriformes,Phylloscopidae,Phylloscopus,Common chiffchaff,Phylloscopus collybita,,free,Campylobacter coli,Campylobacter coli,feces or cloaca swab,yes,no,,,ND,8,,NA,,NA,,NA,,,,,,,,NA,NA,NA,NA,NA,NA,NA,NA,Low,1
Waldenstrom et al.,2002,Waldenstrom et al. 2002,yes,review,"Sweden, Oland, Oteby Bird Observatory",no,Europe,"PCR, Biochemical, plate culture, outside lab, standard method",Molecular,NA,NA,NA,NA,Animal,Bird,Passeriformes,Phylloscopidae,Phylloscopus,Common chiffchaff,Phylloscopus collybita,,free,Campylobacter jejuni,Campylobacter jejuni,feces or cloaca swab,yes,no,,,ND,8,,NA,,NA,,NA,,,,,,,,NA,NA,NA,NA,NA,NA,NA,NA,Low,1
Waldenstrom et al.,2002,Waldenstrom et al. 2002,yes,review,"Sweden, Oland, Oteby Bird Observatory",no,Europe,"PCR, Biochemical, plate culture, outside lab, standard method",Molecular,NA,NA,NA,NA,Animal,Bird,Passeriformes,Phylloscopidae,Phylloscopus,Common chiffchaff,Phylloscopus collybita,,free,Campylobacter lari,Campylobacter lari,feces or cloaca swab,yes,no,,,ND,8,,NA,,NA,,NA,,,,,,,,NA,NA,NA,NA,NA,NA,NA,NA,Low,1
Waldenstrom et al.,2002,Waldenstrom et al. 2002,yes,review,"Sweden, Oland, Oteby Bird Observatory",no,Europe,"PCR, Biochemical, plate culture, outside lab, standard method",Molecular,NA,NA,NA,NA,Animal,Bird,Cuculiformes,Cuculida,Cuculus,Common cuckoo,Cuculus canorus,,free,Campylobacter spp.,Campylobacter,feces or cloaca swab,yes,no,,,ND,2,,NA,,NA,,NA,,,,,,,,NA,NA,NA,NA,NA,NA,NA,NA,Low,1
Waldenstrom et al.,2002,Waldenstrom et al. 2002,yes,review,"Sweden, Oland, Oteby Bird Observatory",no,Europe,"PCR, Biochemical, plate culture, outside lab, standard method",Molecular,NA,NA,NA,NA,Animal,Bird,Cuculiformes,Cuculida,Cuculus,Common cuckoo,Cuculus canorus,,free,Campylobacter coli,Campylobacter coli,feces or cloaca swab,yes,no,,,ND,2,,NA,,NA,,NA,,,,,,,,NA,NA,NA,NA,NA,NA,NA,NA,Low,1
Waldenstrom et al.,2002,Waldenstrom et al. 2002,yes,review,"Sweden, Oland, Oteby Bird Observatory",no,Europe,"PCR, Biochemical, plate culture, outside lab, standard method",Molecular,NA,NA,NA,NA,Animal,Bird,Cuculiformes,Cuculida,Cuculus,Common cuckoo,Cuculus canorus,,free,Campylobacter jejuni,Campylobacter jejuni,feces or cloaca swab,yes,no,,,ND,2,,NA,,NA,,NA,,,,,,,,NA,NA,NA,NA,NA,NA,NA,NA,Low,1
Waldenstrom et al.,2002,Waldenstrom et al. 2002,yes,review,"Sweden, Oland, Oteby Bird Observatory",no,Europe,"PCR, Biochemical, plate culture, outside lab, standard method",Molecular,NA,NA,NA,NA,Animal,Bird,Cuculiformes,Cuculida,Cuculus,Common cuckoo,Cuculus canorus,,free,Campylobacter lari,Campylobacter lari,feces or cloaca swab,yes,no,,,ND,2,,NA,,NA,,NA,,,,,,,,NA,NA,NA,NA,NA,NA,NA,NA,Low,1
Waldenstrom et al.,2002,Waldenstrom et al. 2002,yes,review,"Sweden, Oland, Oteby Bird Observatory",no,Europe,"PCR, Biochemical, plate culture, outside lab, standard method",Molecular,NA,NA,NA,NA,Animal,Bird,Anseriformes,Anatidae,Somateria,Common eider,Somateria mollissima,,free,Campylobacter spp.,Campylobacter,feces or cloaca swab,yes,no,,,1,1,,NA,,NA,,NA,,,,,,,,NA,NA,NA,NA,NA,NA,NA,NA,Low,1
Waldenstrom et al.,2002,Waldenstrom et al. 2002,yes,review,"Sweden, Oland, Oteby Bird Observatory",no,Europe,"PCR, Biochemical, plate culture, outside lab, standard method",Molecular,NA,NA,NA,NA,Animal,Bird,Anseriformes,Anatidae,Somateria,Common eider,Somateria mollissima,,free,Campylobacter coli,Campylobacter coli,feces or cloaca swab,yes,no,,,ND,1,,NA,,NA,,NA,,,,,,,,NA,NA,NA,NA,NA,NA,NA,NA,Low,1
Waldenstrom et al.,2002,Waldenstrom et al. 2002,yes,review,"Sweden, Oland, Oteby Bird Observatory",no,Europe,"PCR, Biochemical, plate culture, outside lab, standard method",Molecular,NA,NA,NA,NA,Animal,Bird,Anseriformes,Anatidae,Somateria,Common eider,Somateria mollissima,,free,Campylobacter jejuni,Campylobacter jejuni,feces or cloaca swab,yes,no,,,ND,1,,NA,,NA,,NA,,,,,,,,NA,NA,NA,NA,NA,NA,NA,NA,Low,1
Waldenstrom et al.,2002,Waldenstrom et al. 2002,yes,review,"Sweden, Oland, Oteby Bird Observatory",no,Europe,"PCR, Biochemical, plate culture, outside lab, standard method",Molecular,NA,NA,NA,NA,Animal,Bird,Anseriformes,Anatidae,Somateria,Common eider,Somateria mollissima,,free,Campylobacter lari,Campylobacter lari,feces or cloaca swab,yes,no,,,ND,1,,NA,,NA,,NA,,,,,,,,NA,NA,NA,NA,NA,NA,NA,NA,Low,1
Waldenstrom et al.,2002,Waldenstrom et al. 2002,yes,review,"Sweden, Oland, Oteby Bird Observatory",no,Europe,"PCR, Biochemical, plate culture, outside lab, standard method",Molecular,NA,NA,NA,NA,Animal,Bird,Passeriformes,Locustellidae,Locustella,Common grasshopper warbler,Locustella naevia,,free,Campylobacter spp.,Campylobacter,feces or cloaca swab,yes,no,,,ND,1,,NA,,NA,,NA,,,,,,,,NA,NA,NA,NA,NA,NA,NA,NA,Low,1
Waldenstrom et al.,2002,Waldenstrom et al. 2002,yes,review,"Sweden, Oland, Oteby Bird Observatory",no,Europe,"PCR, Biochemical, plate culture, outside lab, standard method",Molecular,NA,NA,NA,NA,Animal,Bird,Passeriformes,Locustellidae,Locustella,Common grasshopper warbler,Locustella naevia,,free,Campylobacter coli,Campylobacter coli,feces or cloaca swab,yes,no,,,ND,1,,NA,,NA,,NA,,,,,,,,NA,NA,NA,NA,NA,NA,NA,NA,Low,1
Waldenstrom et al.,2002,Waldenstrom et al. 2002,yes,review,"Sweden, Oland, Oteby Bird Observatory",no,Europe,"PCR, Biochemical, plate culture, outside lab, standard method",Molecular,NA,NA,NA,NA,Animal,Bird,Passeriformes,Locustellidae,Locustella,Common grasshopper warbler,Locustella naevia,,free,Campylobacter jejuni,Campylobacter jejuni,feces or cloaca swab,yes,no,,,ND,1,,NA,,NA,,NA,,,,,,,,NA,NA,NA,NA,NA,NA,NA,NA,Low,1
Waldenstrom et al.,2002,Waldenstrom et al. 2002,yes,review,"Sweden, Oland, Oteby Bird Observatory",no,Europe,"PCR, Biochemical, plate culture, outside lab, standard method",Molecular,NA,NA,NA,NA,Animal,Bird,Passeriformes,Locustellidae,Locustella,Common grasshopper warbler,Locustella naevia,,free,Campylobacter lari,Campylobacter lari,feces or cloaca swab,yes,no,,,ND,1,,NA,,NA,,NA,,,,,,,,NA,NA,NA,NA,NA,NA,NA,NA,Low,1
Waldenstrom et al.,2002,Waldenstrom et al. 2002,yes,review,"Sweden, Oland, Oteby Bird Observatory",no,Europe,"PCR, Biochemical, plate culture, outside lab, standard method",Molecular,NA,NA,NA,NA,Animal,Bird,Charadriiformes,Scolopacidae,Tringa,Common greenshank,Tringa nebularia,,free,Campylobacter spp.,Campylobacter,feces or cloaca swab,yes,no,,,1,1,,NA,,NA,,NA,,,,,,,,NA,NA,NA,NA,NA,NA,NA,NA,Low,1
Waldenstrom et al.,2002,Waldenstrom et al. 2002,yes,review,"Sweden, Oland, Oteby Bird Observatory",no,Europe,"PCR, Biochemical, plate culture, outside lab, standard method",Molecular,NA,NA,NA,NA,Animal,Bird,Charadriiformes,Scolopacidae,Tringa,Common greenshank,Tringa nebularia,,free,Campylobacter coli,Campylobacter coli,feces or cloaca swab,yes,no,,,ND,1,,NA,,NA,,NA,,,,,,,,NA,NA,NA,NA,NA,NA,NA,NA,Low,1
Waldenstrom et al.,2002,Waldenstrom et al. 2002,yes,review,"Sweden, Oland, Oteby Bird Observatory",no,Europe,"PCR, Biochemical, plate culture, outside lab, standard method",Molecular,NA,NA,NA,NA,Animal,Bird,Charadriiformes,Scolopacidae,Tringa,Common greenshank,Tringa nebularia,,free,Campylobacter jejuni,Campylobacter jejuni,feces or cloaca swab,yes,no,,,ND,1,,NA,,NA,,NA,,,,,,,,NA,NA,NA,NA,NA,NA,NA,NA,Low,1
Waldenstrom et al.,2002,Waldenstrom et al. 2002,yes,review,"Sweden, Oland, Oteby Bird Observatory",no,Europe,"PCR, Biochemical, plate culture, outside lab, standard method",Molecular,NA,NA,NA,NA,Animal,Bird,Charadriiformes,Scolopacidae,Tringa,Common greenshank,Tringa nebularia,,free,Campylobacter lari,Campylobacter lari,feces or cloaca swab,yes,no,,,ND,1,,NA,,NA,,NA,,,,,,,,NA,NA,NA,NA,NA,NA,NA,NA,Low,1
Waldenstrom et al.,2002,Waldenstrom et al. 2002,yes,review,"Sweden, Oland, Oteby Bird Observatory",no,Europe,"PCR, Biochemical, plate culture, outside lab, standard method",Molecular,NA,NA,NA,NA,Animal,Bird,Charadriiformes,Laridae,Larus,Common gull,Larus canus,,free,Campylobacter spp.,Campylobacter,feces or cloaca swab,yes,no,,,ND,1,,NA,,NA,,NA,,,,,,,,NA,NA,NA,NA,NA,NA,NA,NA,Low,1
Waldenstrom et al.,2002,Waldenstrom et al. 2002,yes,review,"Sweden, Oland, Oteby Bird Observatory",no,Europe,"PCR, Biochemical, plate culture, outside lab, standard method",Molecular,NA,NA,NA,NA,Animal,Bird,Charadriiformes,Laridae,Larus,Common gull,Larus canus,,free,Campylobacter coli,Campylobacter coli,feces or cloaca swab,yes,no,,,ND,1,,NA,,NA,,NA,,,,,,,,NA,NA,NA,NA,NA,NA,NA,NA,Low,1
Waldenstrom et al.,2002,Waldenstrom et al. 2002,yes,review,"Sweden, Oland, Oteby Bird Observatory",no,Europe,"PCR, Biochemical, plate culture, outside lab, standard method",Molecular,NA,NA,NA,NA,Animal,Bird,Charadriiformes,Laridae,Larus,Common gull,Larus canus,,free,Campylobacter jejuni,Campylobacter jejuni,feces or cloaca swab,yes,no,,,ND,1,,NA,,NA,,NA,,,,,,,,NA,NA,NA,NA,NA,NA,NA,NA,Low,1
Waldenstrom et al.,2002,Waldenstrom et al. 2002,yes,review,"Sweden, Oland, Oteby Bird Observatory",no,Europe,"PCR, Biochemical, plate culture, outside lab, standard method",Molecular,NA,NA,NA,NA,Animal,Bird,Charadriiformes,Laridae,Larus,Common gull,Larus canus,,free,Campylobacter lari,Campylobacter lari,feces or cloaca swab,yes,no,,,ND,1,,NA,,NA,,NA,,,,,,,,NA,NA,NA,NA,NA,NA,NA,NA,Low,1
Waldenstrom et al.,2002,Waldenstrom et al. 2002,yes,review,"Sweden, Oland, Oteby Bird Observatory",no,Europe,"PCR, Biochemical, plate culture, outside lab, standard method",Molecular,NA,NA,NA,NA,Animal,Bird,Passeriformes,Hirundinidae,Delichon,Common house martin,Delichon urbica,,free,Campylobacter spp.,Campylobacter,feces or cloaca swab,yes,no,,,ND,13,,NA,,NA,,NA,,,,,,,,NA,NA,NA,NA,NA,NA,NA,NA,Low,1
Waldenstrom et al.,2002,Waldenstrom et al. 2002,yes,review,"Sweden, Oland, Oteby Bird Observatory",no,Europe,"PCR, Biochemical, plate culture, outside lab, standard method",Molecular,NA,NA,NA,NA,Animal,Bird,Passeriformes,Hirundinidae,Delichon,Common house martin,Delichon urbica,,free,Campylobacter coli,Campylobacter coli,feces or cloaca swab,yes,no,,,ND,13,,NA,,NA,,NA,,,,,,,,NA,NA,NA,NA,NA,NA,NA,NA,Low,1
Waldenstrom et al.,2002,Waldenstrom et al. 2002,yes,review,"Sweden, Oland, Oteby Bird Observatory",no,Europe,"PCR, Biochemical, plate culture, outside lab, standard method",Molecular,NA,NA,NA,NA,Animal,Bird,Passeriformes,Hirundinidae,Delichon,Common house martin,Delichon urbica,,free,Campylobacter jejuni,Campylobacter jejuni,feces or cloaca swab,yes,no,,,ND,13,,NA,,NA,,NA,,,,,,,,NA,NA,NA,NA,NA,NA,NA,NA,Low,1
Waldenstrom et al.,2002,Waldenstrom et al. 2002,yes,review,"Sweden, Oland, Oteby Bird Observatory",no,Europe,"PCR, Biochemical, plate culture, outside lab, standard method",Molecular,NA,NA,NA,NA,Animal,Bird,Passeriformes,Hirundinidae,Delichon,Common house martin,Delichon urbica,,free,Campylobacter lari,Campylobacter lari,feces or cloaca swab,yes,no,,,ND,13,,NA,,NA,,NA,,,,,,,,NA,NA,NA,NA,NA,NA,NA,NA,Low,1
Waldenstrom et al.,2002,Waldenstrom et al. 2002,yes,review,"Sweden, Oland, Oteby Bird Observatory",no,Europe,"PCR, Biochemical, plate culture, outside lab, standard method",Molecular,NA,NA,NA,NA,Animal,Bird,Passeriformes,Fringillidae,Linaria,Common linnet,Carduelis cannabina,,free,Campylobacter spp.,Campylobacter,feces or cloaca swab,yes,no,,,ND,2,,NA,,NA,,NA,,,,,,,,NA,NA,NA,NA,NA,NA,NA,NA,Low,1
Waldenstrom et al.,2002,Waldenstrom et al. 2002,yes,review,"Sweden, Oland, Oteby Bird Observatory",no,Europe,"PCR, Biochemical, plate culture, outside lab, standard method",Molecular,NA,NA,NA,NA,Animal,Bird,Passeriformes,Fringillidae,Linaria,Common linnet,Carduelis cannabina,,free,Campylobacter coli,Campylobacter coli,feces or cloaca swab,yes,no,,,ND,2,,NA,,NA,,NA,,,,,,,,NA,NA,NA,NA,NA,NA,NA,NA,Low,1
Waldenstrom et al.,2002,Waldenstrom et al. 2002,yes,review,"Sweden, Oland, Oteby Bird Observatory",no,Europe,"PCR, Biochemical, plate culture, outside lab, standard method",Molecular,NA,NA,NA,NA,Animal,Bird,Passeriformes,Fringillidae,Linaria,Common linnet,Carduelis cannabina,,free,Campylobacter jejuni,Campylobacter jejuni,feces or cloaca swab,yes,no,,,ND,2,,NA,,NA,,NA,,,,,,,,NA,NA,NA,NA,NA,NA,NA,NA,Low,1
Waldenstrom et al.,2002,Waldenstrom et al. 2002,yes,review,"Sweden, Oland, Oteby Bird Observatory",no,Europe,"PCR, Biochemical, plate culture, outside lab, standard method",Molecular,NA,NA,NA,NA,Animal,Bird,Passeriformes,Fringillidae,Linaria,Common linnet,Carduelis cannabina,,free,Campylobacter lari,Campylobacter lari,feces or cloaca swab,yes,no,,,ND,2,,NA,,NA,,NA,,,,,,,,NA,NA,NA,NA,NA,NA,NA,NA,Low,1
Waldenstrom et al.,2002,Waldenstrom et al. 2002,yes,review,"Sweden, Oland, Oteby Bird Observatory",no,Europe,"PCR, Biochemical, plate culture, outside lab, standard method",Molecular,NA,NA,NA,NA,Animal,Bird,Passeriformes,Fringillidae,Acanthis,Common redpool,Carduelis flammea,,free,Campylobacter spp.,Campylobacter,feces or cloaca swab,yes,no,,,ND,6,,NA,,NA,,NA,,,,,,,,NA,NA,NA,NA,NA,NA,NA,NA,Low,1
Waldenstrom et al.,2002,Waldenstrom et al. 2002,yes,review,"Sweden, Oland, Oteby Bird Observatory",no,Europe,"PCR, Biochemical, plate culture, outside lab, standard method",Molecular,NA,NA,NA,NA,Animal,Bird,Passeriformes,Fringillidae,Acanthis,Common redpool,Carduelis flammea,,free,Campylobacter coli,Campylobacter coli,feces or cloaca swab,yes,no,,,ND,6,,NA,,NA,,NA,,,,,,,,NA,NA,NA,NA,NA,NA,NA,NA,Low,1
Waldenstrom et al.,2002,Waldenstrom et al. 2002,yes,review,"Sweden, Oland, Oteby Bird Observatory",no,Europe,"PCR, Biochemical, plate culture, outside lab, standard method",Molecular,NA,NA,NA,NA,Animal,Bird,Passeriformes,Fringillidae,Acanthis,Common redpool,Carduelis flammea,,free,Campylobacter jejuni,Campylobacter jejuni,feces or cloaca swab,yes,no,,,ND,6,,NA,,NA,,NA,,,,,,,,NA,NA,NA,NA,NA,NA,NA,NA,Low,1
Waldenstrom et al.,2002,Waldenstrom et al. 2002,yes,review,"Sweden, Oland, Oteby Bird Observatory",no,Europe,"PCR, Biochemical, plate culture, outside lab, standard method",Molecular,NA,NA,NA,NA,Animal,Bird,Passeriformes,Fringillidae,Acanthis,Common redpool,Carduelis flammea,,free,Campylobacter lari,Campylobacter lari,feces or cloaca swab,yes,no,,,ND,6,,NA,,NA,,NA,,,,,,,,NA,NA,NA,NA,NA,NA,NA,NA,Low,1
Waldenstrom et al.,2002,Waldenstrom et al. 2002,yes,review,"Sweden, Oland, Oteby Bird Observatory",no,Europe,"PCR, Biochemical, plate culture, outside lab, standard method",Molecular,NA,NA,NA,NA,Animal,Bird,Passeriformes,Muscicapidae,Phoenicurus,Common redstart,Phoenicurus phoenicurus,,free,Campylobacter spp.,Campylobacter,feces or cloaca swab,yes,no,,,ND,44,,NA,,NA,,NA,,,,,,,,NA,NA,NA,NA,NA,NA,NA,NA,Low,1
Waldenstrom et al.,2002,Waldenstrom et al. 2002,yes,review,"Sweden, Oland, Oteby Bird Observatory",no,Europe,"PCR, Biochemical, plate culture, outside lab, standard method",Molecular,NA,NA,NA,NA,Animal,Bird,Passeriformes,Muscicapidae,Phoenicurus,Common redstart,Phoenicurus phoenicurus,,free,Campylobacter coli,Campylobacter coli,feces or cloaca swab,yes,no,,,ND,44,,NA,,NA,,NA,,,,,,,,NA,NA,NA,NA,NA,NA,NA,NA,Low,1
Waldenstrom et al.,2002,Waldenstrom et al. 2002,yes,review,"Sweden, Oland, Oteby Bird Observatory",no,Europe,"PCR, Biochemical, plate culture, outside lab, standard method",Molecular,NA,NA,NA,NA,Animal,Bird,Passeriformes,Muscicapidae,Phoenicurus,Common redstart,Phoenicurus phoenicurus,,free,Campylobacter jejuni,Campylobacter jejuni,feces or cloaca swab,yes,no,,,ND,44,,NA,,NA,,NA,,,,,,,,NA,NA,NA,NA,NA,NA,NA,NA,Low,1
Waldenstrom et al.,2002,Waldenstrom et al. 2002,yes,review,"Sweden, Oland, Oteby Bird Observatory",no,Europe,"PCR, Biochemical, plate culture, outside lab, standard method",Molecular,NA,NA,NA,NA,Animal,Bird,Passeriformes,Muscicapidae,Phoenicurus,Common redstart,Phoenicurus phoenicurus,,free,Campylobacter lari,Campylobacter lari,feces or cloaca swab,yes,no,,,ND,44,,NA,,NA,,NA,,,,,,,,NA,NA,NA,NA,NA,NA,NA,NA,Low,1
Waldenstrom et al.,2002,Waldenstrom et al. 2002,yes,review,"Sweden, Oland, Oteby Bird Observatory",no,Europe,"PCR, Biochemical, plate culture, outside lab, standard method",Molecular,NA,NA,NA,NA,Animal,Bird,Passeriformes,Emberizidae,Emberiza,Common reed bunting,Emberiza schoeniclus,,free,Campylobacter spp.,Campylobacter,feces or cloaca swab,yes,no,,,ND,8,,NA,,NA,,NA,,,,,,,,NA,NA,NA,NA,NA,NA,NA,NA,Low,1
Waldenstrom et al.,2002,Waldenstrom et al. 2002,yes,review,"Sweden, Oland, Oteby Bird Observatory",no,Europe,"PCR, Biochemical, plate culture, outside lab, standard method",Molecular,NA,NA,NA,NA,Animal,Bird,Passeriformes,Emberizidae,Emberiza,Common reed bunting,Emberiza schoeniclus,,free,Campylobacter coli,Campylobacter coli,feces or cloaca swab,yes,no,,,ND,8,,NA,,NA,,NA,,,,,,,,NA,NA,NA,NA,NA,NA,NA,NA,Low,1
Waldenstrom et al.,2002,Waldenstrom et al. 2002,yes,review,"Sweden, Oland, Oteby Bird Observatory",no,Europe,"PCR, Biochemical, plate culture, outside lab, standard method",Molecular,NA,NA,NA,NA,Animal,Bird,Passeriformes,Emberizidae,Emberiza,Common reed bunting,Emberiza schoeniclus,,free,Campylobacter jejuni,Campylobacter jejuni,feces or cloaca swab,yes,no,,,ND,8,,NA,,NA,,NA,,,,,,,,NA,NA,NA,NA,NA,NA,NA,NA,Low,1
Waldenstrom et al.,2002,Waldenstrom et al. 2002,yes,review,"Sweden, Oland, Oteby Bird Observatory",no,Europe,"PCR, Biochemical, plate culture, outside lab, standard method",Molecular,NA,NA,NA,NA,Animal,Bird,Passeriformes,Emberizidae,Emberiza,Common reed bunting,Emberiza schoeniclus,,free,Campylobacter lari,Campylobacter lari,feces or cloaca swab,yes,no,,,ND,8,,NA,,NA,,NA,,,,,,,,NA,NA,NA,NA,NA,NA,NA,NA,Low,1
Waldenstrom et al.,2002,Waldenstrom et al. 2002,yes,review,"Sweden, Oland, Oteby Bird Observatory",no,Europe,"PCR, Biochemical, plate culture, outside lab, standard method",Molecular,NA,NA,NA,NA,Animal,Bird,Charadriiformes,Charadriidae,Charadrius,Common ringed plover,Charadrius hiaticula,,free,Campylobacter spp.,Campylobacter,feces or cloaca swab,yes,no,,,1,6,,NA,,NA,,NA,,,,,,,,NA,NA,NA,NA,NA,NA,NA,NA,Low,1
Waldenstrom et al.,2002,Waldenstrom et al. 2002,yes,review,"Sweden, Oland, Oteby Bird Observatory",no,Europe,"PCR, Biochemical, plate culture, outside lab, standard method",Molecular,NA,NA,NA,NA,Animal,Bird,Charadriiformes,Charadriidae,Charadrius,Common ringed plover,Charadrius hiaticula,,free,Campylobacter coli,Campylobacter coli,feces or cloaca swab,yes,no,,,ND,6,,NA,,NA,,NA,,,,,,,,NA,NA,NA,NA,NA,NA,NA,NA,Low,1
Waldenstrom et al.,2002,Waldenstrom et al. 2002,yes,review,"Sweden, Oland, Oteby Bird Observatory",no,Europe,"PCR, Biochemical, plate culture, outside lab, standard method",Molecular,NA,NA,NA,NA,Animal,Bird,Charadriiformes,Charadriidae,Charadrius,Common ringed plover,Charadrius hiaticula,,free,Campylobacter jejuni,Campylobacter jejuni,feces or cloaca swab,yes,no,,,ND,6,,NA,,NA,,NA,,,,,,,,NA,NA,NA,NA,NA,NA,NA,NA,Low,1
Waldenstrom et al.,2002,Waldenstrom et al. 2002,yes,review,"Sweden, Oland, Oteby Bird Observatory",no,Europe,"PCR, Biochemical, plate culture, outside lab, standard method",Molecular,NA,NA,NA,NA,Animal,Bird,Charadriiformes,Charadriidae,Charadrius,Common ringed plover,Charadrius hiaticula,,free,Campylobacter lari,Campylobacter lari,feces or cloaca swab,yes,no,,,1,6,,NA,,NA,,NA,,,,,,,,NA,NA,NA,NA,NA,NA,NA,NA,Low,1
Waldenstrom et al.,2002,Waldenstrom et al. 2002,yes,review,"Sweden, Oland, Oteby Bird Observatory",no,Europe,"PCR, Biochemical, plate culture, outside lab, standard method",Molecular,NA,NA,NA,NA,Animal,Bird,Passeriformes,Fringillidae,Carpodacus,Common rosefinch,Carpodacus erythrinus,,free,Campylobacter spp.,Campylobacter,feces or cloaca swab,yes,no,,,ND,6,,NA,,NA,,NA,,,,,,,,NA,NA,NA,NA,NA,NA,NA,NA,Low,1
Waldenstrom et al.,2002,Waldenstrom et al. 2002,yes,review,"Sweden, Oland, Oteby Bird Observatory",no,Europe,"PCR, Biochemical, plate culture, outside lab, standard method",Molecular,NA,NA,NA,NA,Animal,Bird,Passeriformes,Fringillidae,Carpodacus,Common rosefinch,Carpodacus erythrinus,,free,Campylobacter coli,Campylobacter coli,feces or cloaca swab,yes,no,,,ND,6,,NA,,NA,,NA,,,,,,,,NA,NA,NA,NA,NA,NA,NA,NA,Low,1
Waldenstrom et al.,2002,Waldenstrom et al. 2002,yes,review,"Sweden, Oland, Oteby Bird Observatory",no,Europe,"PCR, Biochemical, plate culture, outside lab, standard method",Molecular,NA,NA,NA,NA,Animal,Bird,Passeriformes,Fringillidae,Carpodacus,Common rosefinch,Carpodacus erythrinus,,free,Campylobacter jejuni,Campylobacter jejuni,feces or cloaca swab,yes,no,,,ND,6,,NA,,NA,,NA,,,,,,,,NA,NA,NA,NA,NA,NA,NA,NA,Low,1
Waldenstrom et al.,2002,Waldenstrom et al. 2002,yes,review,"Sweden, Oland, Oteby Bird Observatory",no,Europe,"PCR, Biochemical, plate culture, outside lab, standard method",Molecular,NA,NA,NA,NA,Animal,Bird,Passeriformes,Fringillidae,Carpodacus,Common rosefinch,Carpodacus erythrinus,,free,Campylobacter lari,Campylobacter lari,feces or cloaca swab,yes,no,,,ND,6,,NA,,NA,,NA,,,,,,,,NA,NA,NA,NA,NA,NA,NA,NA,Low,1
Waldenstrom et al.,2002,Waldenstrom et al. 2002,yes,review,"Sweden, Oland, Oteby Bird Observatory",no,Europe,"PCR, Biochemical, plate culture, outside lab, standard method",Molecular,NA,NA,NA,NA,Animal,Bird,Charadriiformes,Scolopacidae,Actitis,Common sandpiper,Actitis hypoleucos,,free,Campylobacter spp.,Campylobacter,feces or cloaca swab,yes,no,,,5,8,,NA,,NA,,NA,,,,,,,,NA,NA,NA,NA,NA,NA,NA,NA,Low,1
Waldenstrom et al.,2002,Waldenstrom et al. 2002,yes,review,"Sweden, Oland, Oteby Bird Observatory",no,Europe,"PCR, Biochemical, plate culture, outside lab, standard method",Molecular,NA,NA,NA,NA,Animal,Bird,Charadriiformes,Scolopacidae,Actitis,Common sandpiper,Actitis hypoleucos,,free,Campylobacter coli,Campylobacter coli,feces or cloaca swab,yes,no,,,ND,8,,NA,,NA,,NA,,,,,,,,NA,NA,NA,NA,NA,NA,NA,NA,Low,1
Waldenstrom et al.,2002,Waldenstrom et al. 2002,yes,review,"Sweden, Oland, Oteby Bird Observatory",no,Europe,"PCR, Biochemical, plate culture, outside lab, standard method",Molecular,NA,NA,NA,NA,Animal,Bird,Charadriiformes,Scolopacidae,Actitis,Common sandpiper,Actitis hypoleucos,,free,Campylobacter jejuni,Campylobacter jejuni,feces or cloaca swab,yes,no,,,ND,8,,NA,,NA,,NA,,,,,,,,NA,NA,NA,NA,NA,NA,NA,NA,Low,1
Waldenstrom et al.,2002,Waldenstrom et al. 2002,yes,review,"Sweden, Oland, Oteby Bird Observatory",no,Europe,"PCR, Biochemical, plate culture, outside lab, standard method",Molecular,NA,NA,NA,NA,Animal,Bird,Charadriiformes,Scolopacidae,Actitis,Common sandpiper,Actitis hypoleucos,,free,Campylobacter lari,Campylobacter lari,feces or cloaca swab,yes,no,,,3,8,,NA,,NA,,NA,,,,,,,,NA,NA,NA,NA,NA,NA,NA,NA,Low,1
Waldenstrom et al.,2002,Waldenstrom et al. 2002,yes,review,"Sweden, Oland, Oteby Bird Observatory",no,Europe,"PCR, Biochemical, plate culture, outside lab, standard method",Molecular,NA,NA,NA,NA,Animal,Bird,Charadriiformes,Scolopacidae,Gallinago,Common snipe,Gallinago gallinago,,free,Campylobacter spp.,Campylobacter,feces or cloaca swab,yes,no,,,1,1,,NA,,NA,,NA,,,,,,,,NA,NA,NA,NA,NA,NA,NA,NA,Low,1
Waldenstrom et al.,2002,Waldenstrom et al. 2002,yes,review,"Sweden, Oland, Oteby Bird Observatory",no,Europe,"PCR, Biochemical, plate culture, outside lab, standard method",Molecular,NA,NA,NA,NA,Animal,Bird,Charadriiformes,Scolopacidae,Gallinago,Common snipe,Gallinago gallinago,,free,Campylobacter coli,Campylobacter coli,feces or cloaca swab,yes,no,,,ND,1,,NA,,NA,,NA,,,,,,,,NA,NA,NA,NA,NA,NA,NA,NA,Low,1
Waldenstrom et al.,2002,Waldenstrom et al. 2002,yes,review,"Sweden, Oland, Oteby Bird Observatory",no,Europe,"PCR, Biochemical, plate culture, outside lab, standard method",Molecular,NA,NA,NA,NA,Animal,Bird,Charadriiformes,Scolopacidae,Gallinago,Common snipe,Gallinago gallinago,,free,Campylobacter jejuni,Campylobacter jejuni,feces or cloaca swab,yes,no,,,ND,1,,NA,,NA,,NA,,,,,,,,NA,NA,NA,NA,NA,NA,NA,NA,Low,1
Waldenstrom et al.,2002,Waldenstrom et al. 2002,yes,review,"Sweden, Oland, Oteby Bird Observatory",no,Europe,"PCR, Biochemical, plate culture, outside lab, standard method",Molecular,NA,NA,NA,NA,Animal,Bird,Charadriiformes,Scolopacidae,Gallinago,Common snipe,Gallinago gallinago,,free,Campylobacter lari,Campylobacter lari,feces or cloaca swab,yes,no,,,ND,1,,NA,,NA,,NA,,,,,,,,NA,NA,NA,NA,NA,NA,NA,NA,Low,1
Waldenstrom et al.,2002,Waldenstrom et al. 2002,yes,review,"Sweden, Oland, Oteby Bird Observatory",no,Europe,"PCR, Biochemical, plate culture, outside lab, standard method",Molecular,NA,NA,NA,NA,Animal,Bird,Passeriformes,Sylviidae,Sylvia,Common whitethroat,Sylvia communis,,free,Campylobacter spp.,Campylobacter,feces or cloaca swab,yes,no,,,ND,20,,NA,,NA,,NA,,,,,,,,NA,NA,NA,NA,NA,NA,NA,NA,Low,1
Waldenstrom et al.,2002,Waldenstrom et al. 2002,yes,review,"Sweden, Oland, Oteby Bird Observatory",no,Europe,"PCR, Biochemical, plate culture, outside lab, standard method",Molecular,NA,NA,NA,NA,Animal,Bird,Passeriformes,Sylviidae,Sylvia,Common whitethroat,Sylvia communis,,free,Campylobacter coli,Campylobacter coli,feces or cloaca swab,yes,no,,,ND,20,,NA,,NA,,NA,,,,,,,,NA,NA,NA,NA,NA,NA,NA,NA,Low,1
Waldenstrom et al.,2002,Waldenstrom et al. 2002,yes,review,"Sweden, Oland, Oteby Bird Observatory",no,Europe,"PCR, Biochemical, plate culture, outside lab, standard method",Molecular,NA,NA,NA,NA,Animal,Bird,Passeriformes,Sylviidae,Sylvia,Common whitethroat,Sylvia communis,,free,Campylobacter jejuni,Campylobacter jejuni,feces or cloaca swab,yes,no,,,ND,20,,NA,,NA,,NA,,,,,,,,NA,NA,NA,NA,NA,NA,NA,NA,Low,1
Waldenstrom et al.,2002,Waldenstrom et al. 2002,yes,review,"Sweden, Oland, Oteby Bird Observatory",no,Europe,"PCR, Biochemical, plate culture, outside lab, standard method",Molecular,NA,NA,NA,NA,Animal,Bird,Passeriformes,Sylviidae,Sylvia,Common whitethroat,Sylvia communis,,free,Campylobacter lari,Campylobacter lari,feces or cloaca swab,yes,no,,,ND,20,,NA,,NA,,NA,,,,,,,,NA,NA,NA,NA,NA,NA,NA,NA,Low,1
Waldenstrom et al.,2002,Waldenstrom et al. 2002,yes,review,"Sweden, Oland, Oteby Bird Observatory",no,Europe,"PCR, Biochemical, plate culture, outside lab, standard method",Molecular,NA,NA,NA,NA,Animal,Bird,Columbiformes,Columbinae,Columba,Common wood pigeon,Columba palumbus,,free,Campylobacter spp.,Campylobacter,feces or cloaca swab,yes,no,,,ND,5,,NA,,NA,,NA,,,,,,,,NA,NA,NA,NA,NA,NA,NA,NA,Low,1
Waldenstrom et al.,2002,Waldenstrom et al. 2002,yes,review,"Sweden, Oland, Oteby Bird Observatory",no,Europe,"PCR, Biochemical, plate culture, outside lab, standard method",Molecular,NA,NA,NA,NA,Animal,Bird,Columbiformes,Columbinae,Columba,Common wood pigeon,Columba palumbus,,free,Campylobacter coli,Campylobacter coli,feces or cloaca swab,yes,no,,,ND,5,,NA,,NA,,NA,,,,,,,,NA,NA,NA,NA,NA,NA,NA,NA,Low,1
Waldenstrom et al.,2002,Waldenstrom et al. 2002,yes,review,"Sweden, Oland, Oteby Bird Observatory",no,Europe,"PCR, Biochemical, plate culture, outside lab, standard method",Molecular,NA,NA,NA,NA,Animal,Bird,Columbiformes,Columbinae,Columba,Common wood pigeon,Columba palumbus,,free,Campylobacter jejuni,Campylobacter jejuni,feces or cloaca swab,yes,no,,,ND,5,,NA,,NA,,NA,,,,,,,,NA,NA,NA,NA,NA,NA,NA,NA,Low,1
Waldenstrom et al.,2002,Waldenstrom et al. 2002,yes,review,"Sweden, Oland, Oteby Bird Observatory",no,Europe,"PCR, Biochemical, plate culture, outside lab, standard method",Molecular,NA,NA,NA,NA,Animal,Bird,Columbiformes,Columbinae,Columba,Common wood pigeon,Columba palumbus,,free,Campylobacter lari,Campylobacter lari,feces or cloaca swab,yes,no,,,ND,5,,NA,,NA,,NA,,,,,,,,NA,NA,NA,NA,NA,NA,NA,NA,Low,1
Waldenstrom et al.,2002,Waldenstrom et al. 2002,yes,review,"Sweden, Oland, Oteby Bird Observatory",no,Europe,"PCR, Biochemical, plate culture, outside lab, standard method",Molecular,NA,NA,NA,NA,Animal,Bird,Charadriiformes,Scolopacidae,Calidris,Curlew sandpiper,Calidris ferruginea,,free,Campylobacter spp.,Campylobacter,feces or cloaca swab,yes,no,,,2,9,,NA,,NA,,NA,,,,,,,,NA,NA,NA,NA,NA,NA,NA,NA,Low,1
Waldenstrom et al.,2002,Waldenstrom et al. 2002,yes,review,"Sweden, Oland, Oteby Bird Observatory",no,Europe,"PCR, Biochemical, plate culture, outside lab, standard method",Molecular,NA,NA,NA,NA,Animal,Bird,Charadriiformes,Scolopacidae,Calidris,Curlew sandpiper,Calidris ferruginea,,free,Campylobacter coli,Campylobacter coli,feces or cloaca swab,yes,no,,,ND,9,,NA,,NA,,NA,,,,,,,,NA,NA,NA,NA,NA,NA,NA,NA,Low,1
Waldenstrom et al.,2002,Waldenstrom et al. 2002,yes,review,"Sweden, Oland, Oteby Bird Observatory",no,Europe,"PCR, Biochemical, plate culture, outside lab, standard method",Molecular,NA,NA,NA,NA,Animal,Bird,Charadriiformes,Scolopacidae,Calidris,Curlew sandpiper,Calidris ferruginea,,free,Campylobacter jejuni,Campylobacter jejuni,feces or cloaca swab,yes,no,,,1,9,,NA,,NA,,NA,,,,,,,,NA,NA,NA,NA,NA,NA,NA,NA,Low,1
Waldenstrom et al.,2002,Waldenstrom et al. 2002,yes,review,"Sweden, Oland, Oteby Bird Observatory",no,Europe,"PCR, Biochemical, plate culture, outside lab, standard method",Molecular,NA,NA,NA,NA,Animal,Bird,Charadriiformes,Scolopacidae,Calidris,Curlew sandpiper,Calidris ferruginea,,free,Campylobacter lari,Campylobacter lari,feces or cloaca swab,yes,no,,,6,9,,NA,,NA,,NA,,,,,,,,NA,NA,NA,NA,NA,NA,NA,NA,Low,1
Waldenstrom et al.,2002,Waldenstrom et al. 2002,yes,review,"Sweden, Oland, Oteby Bird Observatory",no,Europe,"PCR, Biochemical, plate culture, outside lab, standard method",Molecular,NA,NA,NA,NA,Animal,Bird,Charadriiformes,Scolopacidae,Calidris,Dunlin,Calidris alpina,,free,Campylobacter spp.,Campylobacter,feces or cloaca swab,yes,no,,,145,313,,NA,,NA,,NA,,,,,,,,NA,NA,NA,NA,NA,NA,NA,NA,Low,1
Waldenstrom et al.,2002,Waldenstrom et al. 2002,yes,review,"Sweden, Oland, Oteby Bird Observatory",no,Europe,"PCR, Biochemical, plate culture, outside lab, standard method",Molecular,NA,NA,NA,NA,Animal,Bird,Charadriiformes,Scolopacidae,Calidris,Dunlin,Calidris alpina,,free,Campylobacter coli,Campylobacter coli,feces or cloaca swab,yes,no,,,6,313,,NA,,NA,,NA,,,,,,,,NA,NA,NA,NA,NA,NA,NA,NA,Low,1
Waldenstrom et al.,2002,Waldenstrom et al. 2002,yes,review,"Sweden, Oland, Oteby Bird Observatory",no,Europe,"PCR, Biochemical, plate culture, outside lab, standard method",Molecular,NA,NA,NA,NA,Animal,Bird,Charadriiformes,Scolopacidae,Calidris,Dunlin,Calidris alpina,,free,Campylobacter jejuni,Campylobacter jejuni,feces or cloaca swab,yes,no,,,29,313,,NA,,NA,,NA,,,,,,,,NA,NA,NA,NA,NA,NA,NA,NA,Low,1
Waldenstrom et al.,2002,Waldenstrom et al. 2002,yes,review,"Sweden, Oland, Oteby Bird Observatory",no,Europe,"PCR, Biochemical, plate culture, outside lab, standard method",Molecular,NA,NA,NA,NA,Animal,Bird,Charadriiformes,Scolopacidae,Calidris,Dunlin,Calidris alpina,,free,Campylobacter lari,Campylobacter lari,feces or cloaca swab,yes,no,,,70,313,,NA,,NA,,NA,,,,,,,,NA,NA,NA,NA,NA,NA,NA,NA,Low,1
Waldenstrom et al.,2002,Waldenstrom et al. 2002,yes,review,"Sweden, Oland, Oteby Bird Observatory",no,Europe,"PCR, Biochemical, plate culture, outside lab, standard method",Molecular,NA,NA,NA,NA,Animal,Bird,Passeriformes,Prunellidae,Prunella,Dunnock,Prunella modularis,,free,Campylobacter spp.,Campylobacter,feces or cloaca swab,yes,no,,,ND,13,,NA,,NA,,NA,,,,,,,,NA,NA,NA,NA,NA,NA,NA,NA,Low,1
Waldenstrom et al.,2002,Waldenstrom et al. 2002,yes,review,"Sweden, Oland, Oteby Bird Observatory",no,Europe,"PCR, Biochemical, plate culture, outside lab, standard method",Molecular,NA,NA,NA,NA,Animal,Bird,Passeriformes,Prunellidae,Prunella,Dunnock,Prunella modularis,,free,Campylobacter coli,Campylobacter coli,feces or cloaca swab,yes,no,,,ND,13,,NA,,NA,,NA,,,,,,,,NA,NA,NA,NA,NA,NA,NA,NA,Low,1
Waldenstrom et al.,2002,Waldenstrom et al. 2002,yes,review,"Sweden, Oland, Oteby Bird Observatory",no,Europe,"PCR, Biochemical, plate culture, outside lab, standard method",Molecular,NA,NA,NA,NA,Animal,Bird,Passeriformes,Prunellidae,Prunella,Dunnock,Prunella modularis,,free,Campylobacter jejuni,Campylobacter jejuni,feces or cloaca swab,yes,no,,,1,13,,NA,,NA,,NA,,,,,,,,NA,NA,NA,NA,NA,NA,NA,NA,Low,1
Waldenstrom et al.,2002,Waldenstrom et al. 2002,yes,review,"Sweden, Oland, Oteby Bird Observatory",no,Europe,"PCR, Biochemical, plate culture, outside lab, standard method",Molecular,NA,NA,NA,NA,Animal,Bird,Passeriformes,Prunellidae,Prunella,Dunnock,Prunella modularis,,free,Campylobacter lari,Campylobacter lari,feces or cloaca swab,yes,no,,,ND,13,,NA,,NA,,NA,,,,,,,,NA,NA,NA,NA,NA,NA,NA,NA,Low,1
Waldenstrom et al.,2002,Waldenstrom et al. 2002,yes,review,"Sweden, Oland, Oteby Bird Observatory",no,Europe,"PCR, Biochemical, plate culture, outside lab, standard method",Molecular,NA,NA,NA,NA,Animal,Bird,Passeriformes,Phylloscopidae,Phylloscopus,Dusky warbler,Phylloscopus fuscatus,,free,Campylobacter spp.,Campylobacter,feces or cloaca swab,yes,no,,,ND,1,,NA,,NA,,NA,,,,,,,,NA,NA,NA,NA,NA,NA,NA,NA,Low,1
Waldenstrom et al.,2002,Waldenstrom et al. 2002,yes,review,"Sweden, Oland, Oteby Bird Observatory",no,Europe,"PCR, Biochemical, plate culture, outside lab, standard method",Molecular,NA,NA,NA,NA,Animal,Bird,Passeriformes,Phylloscopidae,Phylloscopus,Dusky warbler,Phylloscopus fuscatus,,free,Campylobacter coli,Campylobacter coli,feces or cloaca swab,yes,no,,,ND,1,,NA,,NA,,NA,,,,,,,,NA,NA,NA,NA,NA,NA,NA,NA,Low,1
Waldenstrom et al.,2002,Waldenstrom et al. 2002,yes,review,"Sweden, Oland, Oteby Bird Observatory",no,Europe,"PCR, Biochemical, plate culture, outside lab, standard method",Molecular,NA,NA,NA,NA,Animal,Bird,Passeriformes,Phylloscopidae,Phylloscopus,Dusky warbler,Phylloscopus fuscatus,,free,Campylobacter jejuni,Campylobacter jejuni,feces or cloaca swab,yes,no,,,ND,1,,NA,,NA,,NA,,,,,,,,NA,NA,NA,NA,NA,NA,NA,NA,Low,1
Waldenstrom et al.,2002,Waldenstrom et al. 2002,yes,review,"Sweden, Oland, Oteby Bird Observatory",no,Europe,"PCR, Biochemical, plate culture, outside lab, standard method",Molecular,NA,NA,NA,NA,Animal,Bird,Passeriformes,Phylloscopidae,Phylloscopus,Dusky warbler,Phylloscopus fuscatus,,free,Campylobacter lari,Campylobacter lari,feces or cloaca swab,yes,no,,,ND,1,,NA,,NA,,NA,,,,,,,,NA,NA,NA,NA,NA,NA,NA,NA,Low,1
Waldenstrom et al.,2002,Waldenstrom et al. 2002,yes,review,"Sweden, Oland, Oteby Bird Observatory",no,Europe,"PCR, Biochemical, plate culture, outside lab, standard method",Molecular,NA,NA,NA,NA,Animal,Bird,Passeriformes,Sylviidae,Sylvia,Eurasian blackcap,Sylvia atricapilla,,free,Campylobacter spp.,Campylobacter,feces or cloaca swab,yes,no,,,ND,10,,NA,,NA,,NA,,,,,,,,NA,NA,NA,NA,NA,NA,NA,NA,Low,1
Waldenstrom et al.,2002,Waldenstrom et al. 2002,yes,review,"Sweden, Oland, Oteby Bird Observatory",no,Europe,"PCR, Biochemical, plate culture, outside lab, standard method",Molecular,NA,NA,NA,NA,Animal,Bird,Passeriformes,Sylviidae,Sylvia,Eurasian blackcap,Sylvia atricapilla,,free,Campylobacter coli,Campylobacter coli,feces or cloaca swab,yes,no,,,ND,10,,NA,,NA,,NA,,,,,,,,NA,NA,NA,NA,NA,NA,NA,NA,Low,1
Waldenstrom et al.,2002,Waldenstrom et al. 2002,yes,review,"Sweden, Oland, Oteby Bird Observatory",no,Europe,"PCR, Biochemical, plate culture, outside lab, standard method",Molecular,NA,NA,NA,NA,Animal,Bird,Passeriformes,Sylviidae,Sylvia,Eurasian blackcap,Sylvia atricapilla,,free,Campylobacter jejuni,Campylobacter jejuni,feces or cloaca swab,yes,no,,,ND,10,,NA,,NA,,NA,,,,,,,,NA,NA,NA,NA,NA,NA,NA,NA,Low,1
Waldenstrom et al.,2002,Waldenstrom et al. 2002,yes,review,"Sweden, Oland, Oteby Bird Observatory",no,Europe,"PCR, Biochemical, plate culture, outside lab, standard method",Molecular,NA,NA,NA,NA,Animal,Bird,Passeriformes,Sylviidae,Sylvia,Eurasian blackcap,Sylvia atricapilla,,free,Campylobacter lari,Campylobacter lari,feces or cloaca swab,yes,no,,,ND,10,,NA,,NA,,NA,,,,,,,,NA,NA,NA,NA,NA,NA,NA,NA,Low,1
Waldenstrom et al.,2002,Waldenstrom et al. 2002,yes,review,"Sweden, Oland, Oteby Bird Observatory",no,Europe,"PCR, Biochemical, plate culture, outside lab, standard method",Molecular,NA,NA,NA,NA,Animal,Bird,Passeriformes,Corvidae,Coloeus,Eurasian jackdaw,Corvus monedula,,free,Campylobacter spp.,Campylobacter,feces or cloaca swab,yes,no,,,ND,4,,NA,,NA,,NA,,,,,,,,NA,NA,NA,NA,NA,NA,NA,NA,Low,1
Waldenstrom et al.,2002,Waldenstrom et al. 2002,yes,review,"Sweden, Oland, Oteby Bird Observatory",no,Europe,"PCR, Biochemical, plate culture, outside lab, standard method",Molecular,NA,NA,NA,NA,Animal,Bird,Passeriformes,Corvidae,Coloeus,Eurasian jackdaw,Corvus monedula,,free,Campylobacter coli,Campylobacter coli,feces or cloaca swab,yes,no,,,ND,4,,NA,,NA,,NA,,,,,,,,NA,NA,NA,NA,NA,NA,NA,NA,Low,1
Waldenstrom et al.,2002,Waldenstrom et al. 2002,yes,review,"Sweden, Oland, Oteby Bird Observatory",no,Europe,"PCR, Biochemical, plate culture, outside lab, standard method",Molecular,NA,NA,NA,NA,Animal,Bird,Passeriformes,Corvidae,Coloeus,Eurasian jackdaw,Corvus monedula,,free,Campylobacter jejuni,Campylobacter jejuni,feces or cloaca swab,yes,no,,,4,4,,NA,,NA,,NA,,,,,,,,NA,NA,NA,NA,NA,NA,NA,NA,Low,1
Waldenstrom et al.,2002,Waldenstrom et al. 2002,yes,review,"Sweden, Oland, Oteby Bird Observatory",no,Europe,"PCR, Biochemical, plate culture, outside lab, standard method",Molecular,NA,NA,NA,NA,Animal,Bird,Passeriformes,Corvidae,Coloeus,Eurasian jackdaw,Corvus monedula,,free,Campylobacter lari,Campylobacter lari,feces or cloaca swab,yes,no,,,ND,4,,NA,,NA,,NA,,,,,,,,NA,NA,NA,NA,NA,NA,NA,NA,Low,1
Waldenstrom et al.,2002,Waldenstrom et al. 2002,yes,review,"Sweden, Oland, Oteby Bird Observatory",no,Europe,"PCR, Biochemical, plate culture, outside lab, standard method",Molecular,NA,NA,NA,NA,Animal,Bird,Passeriformes,Acrocephalidae,Acrocephalus,Eurasian reed warbler,Acrocephalus scirpaceus,,free,Campylobacter spp.,Campylobacter,feces or cloaca swab,yes,no,,,ND,7,,NA,,NA,,NA,,,,,,,,NA,NA,NA,NA,NA,NA,NA,NA,Low,1
Waldenstrom et al.,2002,Waldenstrom et al. 2002,yes,review,"Sweden, Oland, Oteby Bird Observatory",no,Europe,"PCR, Biochemical, plate culture, outside lab, standard method",Molecular,NA,NA,NA,NA,Animal,Bird,Passeriformes,Acrocephalidae,Acrocephalus,Eurasian reed warbler,Acrocephalus scirpaceus,,free,Campylobacter coli,Campylobacter coli,feces or cloaca swab,yes,no,,,ND,7,,NA,,NA,,NA,,,,,,,,NA,NA,NA,NA,NA,NA,NA,NA,Low,1
Waldenstrom et al.,2002,Waldenstrom et al. 2002,yes,review,"Sweden, Oland, Oteby Bird Observatory",no,Europe,"PCR, Biochemical, plate culture, outside lab, standard method",Molecular,NA,NA,NA,NA,Animal,Bird,Passeriformes,Acrocephalidae,Acrocephalus,Eurasian reed warbler,Acrocephalus scirpaceus,,free,Campylobacter jejuni,Campylobacter jejuni,feces or cloaca swab,yes,no,,,1,7,,NA,,NA,,NA,,,,,,,,NA,NA,NA,NA,NA,NA,NA,NA,Low,1
Waldenstrom et al.,2002,Waldenstrom et al. 2002,yes,review,"Sweden, Oland, Oteby Bird Observatory",no,Europe,"PCR, Biochemical, plate culture, outside lab, standard method",Molecular,NA,NA,NA,NA,Animal,Bird,Passeriformes,Acrocephalidae,Acrocephalus,Eurasian reed warbler,Acrocephalus scirpaceus,,free,Campylobacter lari,Campylobacter lari,feces or cloaca swab,yes,no,,,ND,7,,NA,,NA,,NA,,,,,,,,NA,NA,NA,NA,NA,NA,NA,NA,Low,1
Waldenstrom et al.,2002,Waldenstrom et al. 2002,yes,review,"Sweden, Oland, Oteby Bird Observatory",no,Europe,"PCR, Biochemical, plate culture, outside lab, standard method",Molecular,NA,NA,NA,NA,Animal,Bird,Passeriformes,Alaudidae,Alauda,Eurasian skylark,Alauda arvensis,,free,Campylobacter spp.,Campylobacter,feces or cloaca swab,yes,no,,,ND,2,,NA,,NA,,NA,,,,,,,,NA,NA,NA,NA,NA,NA,NA,NA,Low,1
Waldenstrom et al.,2002,Waldenstrom et al. 2002,yes,review,"Sweden, Oland, Oteby Bird Observatory",no,Europe,"PCR, Biochemical, plate culture, outside lab, standard method",Molecular,NA,NA,NA,NA,Animal,Bird,Passeriformes,Alaudidae,Alauda,Eurasian skylark,Alauda arvensis,,free,Campylobacter coli,Campylobacter coli,feces or cloaca swab,yes,no,,,ND,2,,NA,,NA,,NA,,,,,,,,NA,NA,NA,NA,NA,NA,NA,NA,Low,1
Waldenstrom et al.,2002,Waldenstrom et al. 2002,yes,review,"Sweden, Oland, Oteby Bird Observatory",no,Europe,"PCR, Biochemical, plate culture, outside lab, standard method",Molecular,NA,NA,NA,NA,Animal,Bird,Passeriformes,Alaudidae,Alauda,Eurasian skylark,Alauda arvensis,,free,Campylobacter jejuni,Campylobacter jejuni,feces or cloaca swab,yes,no,,,ND,2,,NA,,NA,,NA,,,,,,,,NA,NA,NA,NA,NA,NA,NA,NA,Low,1
Waldenstrom et al.,2002,Waldenstrom et al. 2002,yes,review,"Sweden, Oland, Oteby Bird Observatory",no,Europe,"PCR, Biochemical, plate culture, outside lab, standard method",Molecular,NA,NA,NA,NA,Animal,Bird,Passeriformes,Alaudidae,Alauda,Eurasian skylark,Alauda arvensis,,free,Campylobacter lari,Campylobacter lari,feces or cloaca swab,yes,no,,,ND,2,,NA,,NA,,NA,,,,,,,,NA,NA,NA,NA,NA,NA,NA,NA,Low,1
Waldenstrom et al.,2002,Waldenstrom et al. 2002,yes,review,"Sweden, Oland, Oteby Bird Observatory",no,Europe,"PCR, Biochemical, plate culture, outside lab, standard method",Molecular,NA,NA,NA,NA,Animal,Bird,Accipitriformes,Accipitridae,Accipiter,Eurasian sparrowhawk,Accipiter nisus,,free,Campylobacter spp.,Campylobacter,feces or cloaca swab,yes,no,,,1,32,,NA,,NA,,NA,,,,,,,,NA,NA,NA,NA,NA,NA,NA,NA,Low,1
Waldenstrom et al.,2002,Waldenstrom et al. 2002,yes,review,"Sweden, Oland, Oteby Bird Observatory",no,Europe,"PCR, Biochemical, plate culture, outside lab, standard method",Molecular,NA,NA,NA,NA,Animal,Bird,Accipitriformes,Accipitridae,Accipiter,Eurasian sparrowhawk,Accipiter nisus,,free,Campylobacter coli,Campylobacter coli,feces or cloaca swab,yes,no,,,ND,32,,NA,,NA,,NA,,,,,,,,NA,NA,NA,NA,NA,NA,NA,NA,Low,1
Waldenstrom et al.,2002,Waldenstrom et al. 2002,yes,review,"Sweden, Oland, Oteby Bird Observatory",no,Europe,"PCR, Biochemical, plate culture, outside lab, standard method",Molecular,NA,NA,NA,NA,Animal,Bird,Accipitriformes,Accipitridae,Accipiter,Eurasian sparrowhawk,Accipiter nisus,,free,Campylobacter jejuni,Campylobacter jejuni,feces or cloaca swab,yes,no,,,ND,32,,NA,,NA,,NA,,,,,,,,NA,NA,NA,NA,NA,NA,NA,NA,Low,1
Waldenstrom et al.,2002,Waldenstrom et al. 2002,yes,review,"Sweden, Oland, Oteby Bird Observatory",no,Europe,"PCR, Biochemical, plate culture, outside lab, standard method",Molecular,NA,NA,NA,NA,Animal,Bird,Accipitriformes,Accipitridae,Accipiter,Eurasian sparrowhawk,Accipiter nisus,,free,Campylobacter lari,Campylobacter lari,feces or cloaca swab,yes,no,,,ND,32,,NA,,NA,,NA,,,,,,,,NA,NA,NA,NA,NA,NA,NA,NA,Low,1
Waldenstrom et al.,2002,Waldenstrom et al. 2002,yes,review,"Sweden, Oland, Oteby Bird Observatory",no,Europe,"PCR, Biochemical, plate culture, outside lab, standard method",Molecular,NA,NA,NA,NA,Animal,Bird,Anseriformes,Anatidae,Anas,Eurasian teal,Anas crecca,,free,Campylobacter spp.,Campylobacter,feces or cloaca swab,yes,no,,,1,2,,NA,,NA,,NA,,,,,,,,NA,NA,NA,NA,NA,NA,NA,NA,Low,1
Waldenstrom et al.,2002,Waldenstrom et al. 2002,yes,review,"Sweden, Oland, Oteby Bird Observatory",no,Europe,"PCR, Biochemical, plate culture, outside lab, standard method",Molecular,NA,NA,NA,NA,Animal,Bird,Anseriformes,Anatidae,Anas,Eurasian teal,Anas crecca,,free,Campylobacter coli,Campylobacter coli,feces or cloaca swab,yes,no,,,ND,2,,NA,,NA,,NA,,,,,,,,NA,NA,NA,NA,NA,NA,NA,NA,Low,1
Waldenstrom et al.,2002,Waldenstrom et al. 2002,yes,review,"Sweden, Oland, Oteby Bird Observatory",no,Europe,"PCR, Biochemical, plate culture, outside lab, standard method",Molecular,NA,NA,NA,NA,Animal,Bird,Anseriformes,Anatidae,Anas,Eurasian teal,Anas crecca,,free,Campylobacter jejuni,Campylobacter jejuni,feces or cloaca swab,yes,no,,,ND,2,,NA,,NA,,NA,,,,,,,,NA,NA,NA,NA,NA,NA,NA,NA,Low,1
Waldenstrom et al.,2002,Waldenstrom et al. 2002,yes,review,"Sweden, Oland, Oteby Bird Observatory",no,Europe,"PCR, Biochemical, plate culture, outside lab, standard method",Molecular,NA,NA,NA,NA,Animal,Bird,Anseriformes,Anatidae,Anas,Eurasian teal,Anas crecca,,free,Campylobacter lari,Campylobacter lari,feces or cloaca swab,yes,no,,,ND,2,,NA,,NA,,NA,,,,,,,,NA,NA,NA,NA,NA,NA,NA,NA,Low,1
Waldenstrom et al.,2002,Waldenstrom et al. 2002,yes,review,"Sweden, Oland, Oteby Bird Observatory",no,Europe,"PCR, Biochemical, plate culture, outside lab, standard method",Molecular,NA,NA,NA,NA,Animal,Bird,Passeriformes,Passeridae,Passer,Eurasian tree sparrow,Passer montanus,,free,Campylobacter spp.,Campylobacter,feces or cloaca swab,yes,no,,,ND,11,,NA,,NA,,NA,,,,,,,,NA,NA,NA,NA,NA,NA,NA,NA,Low,1
Waldenstrom et al.,2002,Waldenstrom et al. 2002,yes,review,"Sweden, Oland, Oteby Bird Observatory",no,Europe,"PCR, Biochemical, plate culture, outside lab, standard method",Molecular,NA,NA,NA,NA,Animal,Bird,Passeriformes,Passeridae,Passer,Eurasian tree sparrow,Passer montanus,,free,Campylobacter coli,Campylobacter coli,feces or cloaca swab,yes,no,,,ND,11,,NA,,NA,,NA,,,,,,,,NA,NA,NA,NA,NA,NA,NA,NA,Low,1
Waldenstrom et al.,2002,Waldenstrom et al. 2002,yes,review,"Sweden, Oland, Oteby Bird Observatory",no,Europe,"PCR, Biochemical, plate culture, outside lab, standard method",Molecular,NA,NA,NA,NA,Animal,Bird,Passeriformes,Passeridae,Passer,Eurasian tree sparrow,Passer montanus,,free,Campylobacter jejuni,Campylobacter jejuni,feces or cloaca swab,yes,no,,,ND,11,,NA,,NA,,NA,,,,,,,,NA,NA,NA,NA,NA,NA,NA,NA,Low,1
Waldenstrom et al.,2002,Waldenstrom et al. 2002,yes,review,"Sweden, Oland, Oteby Bird Observatory",no,Europe,"PCR, Biochemical, plate culture, outside lab, standard method",Molecular,NA,NA,NA,NA,Animal,Bird,Passeriformes,Passeridae,Passer,Eurasian tree sparrow,Passer montanus,,free,Campylobacter lari,Campylobacter lari,feces or cloaca swab,yes,no,,,1,11,,NA,,NA,,NA,,,,,,,,NA,NA,NA,NA,NA,NA,NA,NA,Low,1
Waldenstrom et al.,2002,Waldenstrom et al. 2002,yes,review,"Sweden, Oland, Oteby Bird Observatory",no,Europe,"PCR, Biochemical, plate culture, outside lab, standard method",Molecular,NA,NA,NA,NA,Animal,Bird,Passeriformes,Certhiidae,Certhia,Eurasian treecreeper,Certhia familiaris,,free,Campylobacter spp.,Campylobacter,feces or cloaca swab,yes,no,,,ND,7,,NA,,NA,,NA,,,,,,,,NA,NA,NA,NA,NA,NA,NA,NA,Low,1
Waldenstrom et al.,2002,Waldenstrom et al. 2002,yes,review,"Sweden, Oland, Oteby Bird Observatory",no,Europe,"PCR, Biochemical, plate culture, outside lab, standard method",Molecular,NA,NA,NA,NA,Animal,Bird,Passeriformes,Certhiidae,Certhia,Eurasian treecreeper,Certhia familiaris,,free,Campylobacter coli,Campylobacter coli,feces or cloaca swab,yes,no,,,ND,7,,NA,,NA,,NA,,,,,,,,NA,NA,NA,NA,NA,NA,NA,NA,Low,1
Waldenstrom et al.,2002,Waldenstrom et al. 2002,yes,review,"Sweden, Oland, Oteby Bird Observatory",no,Europe,"PCR, Biochemical, plate culture, outside lab, standard method",Molecular,NA,NA,NA,NA,Animal,Bird,Passeriformes,Certhiidae,Certhia,Eurasian treecreeper,Certhia familiaris,,free,Campylobacter jejuni,Campylobacter jejuni,feces or cloaca swab,yes,no,,,ND,7,,NA,,NA,,NA,,,,,,,,NA,NA,NA,NA,NA,NA,NA,NA,Low,1
Waldenstrom et al.,2002,Waldenstrom et al. 2002,yes,review,"Sweden, Oland, Oteby Bird Observatory",no,Europe,"PCR, Biochemical, plate culture, outside lab, standard method",Molecular,NA,NA,NA,NA,Animal,Bird,Passeriformes,Certhiidae,Certhia,Eurasian treecreeper,Certhia familiaris,,free,Campylobacter lari,Campylobacter lari,feces or cloaca swab,yes,no,,,ND,7,,NA,,NA,,NA,,,,,,,,NA,NA,NA,NA,NA,NA,NA,NA,Low,1
Waldenstrom et al.,2002,Waldenstrom et al. 2002,yes,review,"Sweden, Oland, Oteby Bird Observatory",no,Europe,"PCR, Biochemical, plate culture, outside lab, standard method",Molecular,NA,NA,NA,NA,Animal,Bird,Anseriformes,Anatidae,Mareca,Eurasian wigeon,Anas penelope,,free,Campylobacter spp.,Campylobacter,feces or cloaca swab,yes,no,,,ND,1,,NA,,NA,,NA,,,,,,,,NA,NA,NA,NA,NA,NA,NA,NA,Low,1
Waldenstrom et al.,2002,Waldenstrom et al. 2002,yes,review,"Sweden, Oland, Oteby Bird Observatory",no,Europe,"PCR, Biochemical, plate culture, outside lab, standard method",Molecular,NA,NA,NA,NA,Animal,Bird,Anseriformes,Anatidae,Mareca,Eurasian wigeon,Anas penelope,,free,Campylobacter coli,Campylobacter coli,feces or cloaca swab,yes,no,,,ND,1,,NA,,NA,,NA,,,,,,,,NA,NA,NA,NA,NA,NA,NA,NA,Low,1
Waldenstrom et al.,2002,Waldenstrom et al. 2002,yes,review,"Sweden, Oland, Oteby Bird Observatory",no,Europe,"PCR, Biochemical, plate culture, outside lab, standard method",Molecular,NA,NA,NA,NA,Animal,Bird,Anseriformes,Anatidae,Mareca,Eurasian wigeon,Anas penelope,,free,Campylobacter jejuni,Campylobacter jejuni,feces or cloaca swab,yes,no,,,ND,1,,NA,,NA,,NA,,,,,,,,NA,NA,NA,NA,NA,NA,NA,NA,Low,1
Waldenstrom et al.,2002,Waldenstrom et al. 2002,yes,review,"Sweden, Oland, Oteby Bird Observatory",no,Europe,"PCR, Biochemical, plate culture, outside lab, standard method",Molecular,NA,NA,NA,NA,Animal,Bird,Anseriformes,Anatidae,Mareca,Eurasian wigeon,Anas penelope,,free,Campylobacter lari,Campylobacter lari,feces or cloaca swab,yes,no,,,ND,1,,NA,,NA,,NA,,,,,,,,NA,NA,NA,NA,NA,NA,NA,NA,Low,1
Waldenstrom et al.,2002,Waldenstrom et al. 2002,yes,review,"Sweden, Oland, Oteby Bird Observatory",no,Europe,"PCR, Biochemical, plate culture, outside lab, standard method",Molecular,NA,NA,NA,NA,Animal,Bird,Charadriiformes,Scolopacidae,Scolopax,Eurasian woodcock,Scolopax rusticola,,free,Campylobacter spp.,Campylobacter,feces or cloaca swab,yes,no,,,1,1,,NA,,NA,,NA,,,,,,,,NA,NA,NA,NA,NA,NA,NA,NA,Low,1
Waldenstrom et al.,2002,Waldenstrom et al. 2002,yes,review,"Sweden, Oland, Oteby Bird Observatory",no,Europe,"PCR, Biochemical, plate culture, outside lab, standard method",Molecular,NA,NA,NA,NA,Animal,Bird,Charadriiformes,Scolopacidae,Scolopax,Eurasian woodcock,Scolopax rusticola,,free,Campylobacter coli,Campylobacter coli,feces or cloaca swab,yes,no,,,ND,1,,NA,,NA,,NA,,,,,,,,NA,NA,NA,NA,NA,NA,NA,NA,Low,1
Waldenstrom et al.,2002,Waldenstrom et al. 2002,yes,review,"Sweden, Oland, Oteby Bird Observatory",no,Europe,"PCR, Biochemical, plate culture, outside lab, standard method",Molecular,NA,NA,NA,NA,Animal,Bird,Charadriiformes,Scolopacidae,Scolopax,Eurasian woodcock,Scolopax rusticola,,free,Campylobacter jejuni,Campylobacter jejuni,feces or cloaca swab,yes,no,,,ND,1,,NA,,NA,,NA,,,,,,,,NA,NA,NA,NA,NA,NA,NA,NA,Low,1
Waldenstrom et al.,2002,Waldenstrom et al. 2002,yes,review,"Sweden, Oland, Oteby Bird Observatory",no,Europe,"PCR, Biochemical, plate culture, outside lab, standard method",Molecular,NA,NA,NA,NA,Animal,Bird,Charadriiformes,Scolopacidae,Scolopax,Eurasian woodcock,Scolopax rusticola,,free,Campylobacter lari,Campylobacter lari,feces or cloaca swab,yes,no,,,ND,1,,NA,,NA,,NA,,,,,,,,NA,NA,NA,NA,NA,NA,NA,NA,Low,1
Waldenstrom et al.,2002,Waldenstrom et al. 2002,yes,review,"Sweden, Oland, Oteby Bird Observatory",no,Europe,"PCR, Biochemical, plate culture, outside lab, standard method",Molecular,NA,NA,NA,NA,Animal,Bird,Passeriformes,Fringillidae,Carduelis,European goldfinch,Carduelis carduelis,,free,Campylobacter spp.,Campylobacter,feces or cloaca swab,yes,no,,,ND,5,,NA,,NA,,NA,,,,,,,,NA,NA,NA,NA,NA,NA,NA,NA,Low,1
Waldenstrom et al.,2002,Waldenstrom et al. 2002,yes,review,"Sweden, Oland, Oteby Bird Observatory",no,Europe,"PCR, Biochemical, plate culture, outside lab, standard method",Molecular,NA,NA,NA,NA,Animal,Bird,Passeriformes,Fringillidae,Carduelis,European goldfinch,Carduelis carduelis,,free,Campylobacter coli,Campylobacter coli,feces or cloaca swab,yes,no,,,ND,5,,NA,,NA,,NA,,,,,,,,NA,NA,NA,NA,NA,NA,NA,NA,Low,1
Waldenstrom et al.,2002,Waldenstrom et al. 2002,yes,review,"Sweden, Oland, Oteby Bird Observatory",no,Europe,"PCR, Biochemical, plate culture, outside lab, standard method",Molecular,NA,NA,NA,NA,Animal,Bird,Passeriformes,Fringillidae,Carduelis,European goldfinch,Carduelis carduelis,,free,Campylobacter jejuni,Campylobacter jejuni,feces or cloaca swab,yes,no,,,ND,5,,NA,,NA,,NA,,,,,,,,NA,NA,NA,NA,NA,NA,NA,NA,Low,1
Waldenstrom et al.,2002,Waldenstrom et al. 2002,yes,review,"Sweden, Oland, Oteby Bird Observatory",no,Europe,"PCR, Biochemical, plate culture, outside lab, standard method",Molecular,NA,NA,NA,NA,Animal,Bird,Passeriformes,Fringillidae,Carduelis,European goldfinch,Carduelis carduelis,,free,Campylobacter lari,Campylobacter lari,feces or cloaca swab,yes,no,,,ND,5,,NA,,NA,,NA,,,,,,,,NA,NA,NA,NA,NA,NA,NA,NA,Low,1
Waldenstrom et al.,2002,Waldenstrom et al. 2002,yes,review,"Sweden, Oland, Oteby Bird Observatory",no,Europe,"PCR, Biochemical, plate culture, outside lab, standard method",Molecular,NA,NA,NA,NA,Animal,Bird,Piciformes,Picidae,Picus,European green woodpecker,Picus viridis,,free,Campylobacter spp.,Campylobacter,feces or cloaca swab,yes,no,,,ND,5,,NA,,NA,,NA,,,,,,,,NA,NA,NA,NA,NA,NA,NA,NA,Low,1
Waldenstrom et al.,2002,Waldenstrom et al. 2002,yes,review,"Sweden, Oland, Oteby Bird Observatory",no,Europe,"PCR, Biochemical, plate culture, outside lab, standard method",Molecular,NA,NA,NA,NA,Animal,Bird,Piciformes,Picidae,Picus,European green woodpecker,Picus viridis,,free,Campylobacter coli,Campylobacter coli,feces or cloaca swab,yes,no,,,ND,5,,NA,,NA,,NA,,,,,,,,NA,NA,NA,NA,NA,NA,NA,NA,Low,1
Waldenstrom et al.,2002,Waldenstrom et al. 2002,yes,review,"Sweden, Oland, Oteby Bird Observatory",no,Europe,"PCR, Biochemical, plate culture, outside lab, standard method",Molecular,NA,NA,NA,NA,Animal,Bird,Piciformes,Picidae,Picus,European green woodpecker,Picus viridis,,free,Campylobacter jejuni,Campylobacter jejuni,feces or cloaca swab,yes,no,,,ND,5,,NA,,NA,,NA,,,,,,,,NA,NA,NA,NA,NA,NA,NA,NA,Low,1
Waldenstrom et al.,2002,Waldenstrom et al. 2002,yes,review,"Sweden, Oland, Oteby Bird Observatory",no,Europe,"PCR, Biochemical, plate culture, outside lab, standard method",Molecular,NA,NA,NA,NA,Animal,Bird,Piciformes,Picidae,Picus,European green woodpecker,Picus viridis,,free,Campylobacter lari,Campylobacter lari,feces or cloaca swab,yes,no,,,ND,5,,NA,,NA,,NA,,,,,,,,NA,NA,NA,NA,NA,NA,NA,NA,Low,1
Waldenstrom et al.,2002,Waldenstrom et al. 2002,yes,review,"Sweden, Oland, Oteby Bird Observatory",no,Europe,"PCR, Biochemical, plate culture, outside lab, standard method",Molecular,NA,NA,NA,NA,Animal,Bird,Passeriformes,Fringillidae,Chloris,European greenfinch,Carduelis chloris,,free,Campylobacter spp.,Campylobacter,feces or cloaca swab,yes,no,,,ND,29,,NA,,NA,,NA,,,,,,,,NA,NA,NA,NA,NA,NA,NA,NA,Low,1
Waldenstrom et al.,2002,Waldenstrom et al. 2002,yes,review,"Sweden, Oland, Oteby Bird Observatory",no,Europe,"PCR, Biochemical, plate culture, outside lab, standard method",Molecular,NA,NA,NA,NA,Animal,Bird,Passeriformes,Fringillidae,Chloris,European greenfinch,Carduelis chloris,,free,Campylobacter coli,Campylobacter coli,feces or cloaca swab,yes,no,,,1,29,,NA,,NA,,NA,,,,,,,,NA,NA,NA,NA,NA,NA,NA,NA,Low,1
Waldenstrom et al.,2002,Waldenstrom et al. 2002,yes,review,"Sweden, Oland, Oteby Bird Observatory",no,Europe,"PCR, Biochemical, plate culture, outside lab, standard method",Molecular,NA,NA,NA,NA,Animal,Bird,Passeriformes,Fringillidae,Chloris,European greenfinch,Carduelis chloris,,free,Campylobacter jejuni,Campylobacter jejuni,feces or cloaca swab,yes,no,,,ND,29,,NA,,NA,,NA,,,,,,,,NA,NA,NA,NA,NA,NA,NA,NA,Low,1
Waldenstrom et al.,2002,Waldenstrom et al. 2002,yes,review,"Sweden, Oland, Oteby Bird Observatory",no,Europe,"PCR, Biochemical, plate culture, outside lab, standard method",Molecular,NA,NA,NA,NA,Animal,Bird,Passeriformes,Fringillidae,Chloris,European greenfinch,Carduelis chloris,,free,Campylobacter lari,Campylobacter lari,feces or cloaca swab,yes,no,,,ND,29,,NA,,NA,,NA,,,,,,,,NA,NA,NA,NA,NA,NA,NA,NA,Low,1
Waldenstrom et al.,2002,Waldenstrom et al. 2002,yes,review,"Sweden, Oland, Oteby Bird Observatory",no,Europe,"PCR, Biochemical, plate culture, outside lab, standard method",Molecular,NA,NA,NA,NA,Animal,Bird,Caprimulgiformes,Caprimulgidae,Caprimulgus,European nightjar,Caprimulgus europaeus,,free,Campylobacter spp.,Campylobacter,feces or cloaca swab,yes,no,,,ND,1,,NA,,NA,,NA,,,,,,,,NA,NA,NA,NA,NA,NA,NA,NA,Low,1
Waldenstrom et al.,2002,Waldenstrom et al. 2002,yes,review,"Sweden, Oland, Oteby Bird Observatory",no,Europe,"PCR, Biochemical, plate culture, outside lab, standard method",Molecular,NA,NA,NA,NA,Animal,Bird,Caprimulgiformes,Caprimulgidae,Caprimulgus,European nightjar,Caprimulgus europaeus,,free,Campylobacter coli,Campylobacter coli,feces or cloaca swab,yes,no,,,ND,1,,NA,,NA,,NA,,,,,,,,NA,NA,NA,NA,NA,NA,NA,NA,Low,1
Waldenstrom et al.,2002,Waldenstrom et al. 2002,yes,review,"Sweden, Oland, Oteby Bird Observatory",no,Europe,"PCR, Biochemical, plate culture, outside lab, standard method",Molecular,NA,NA,NA,NA,Animal,Bird,Caprimulgiformes,Caprimulgidae,Caprimulgus,European nightjar,Caprimulgus europaeus,,free,Campylobacter jejuni,Campylobacter jejuni,feces or cloaca swab,yes,no,,,ND,1,,NA,,NA,,NA,,,,,,,,NA,NA,NA,NA,NA,NA,NA,NA,Low,1
Waldenstrom et al.,2002,Waldenstrom et al. 2002,yes,review,"Sweden, Oland, Oteby Bird Observatory",no,Europe,"PCR, Biochemical, plate culture, outside lab, standard method",Molecular,NA,NA,NA,NA,Animal,Bird,Caprimulgiformes,Caprimulgidae,Caprimulgus,European nightjar,Caprimulgus europaeus,,free,Campylobacter lari,Campylobacter lari,feces or cloaca swab,yes,no,,,ND,1,,NA,,NA,,NA,,,,,,,,NA,NA,NA,NA,NA,NA,NA,NA,Low,1
Waldenstrom et al.,2002,Waldenstrom et al. 2002,yes,review,"Sweden, Oland, Oteby Bird Observatory",no,Europe,"PCR, Biochemical, plate culture, outside lab, standard method",Molecular,NA,NA,NA,NA,Animal,Bird,Passeriformes,Muscicapidae,Ficedula,European pied flycatcher,Ficedula hypoleuca,,free,Campylobacter spp.,Campylobacter,feces or cloaca swab,yes,no,,,ND,5,,NA,,NA,,NA,,,,,,,,NA,NA,NA,NA,NA,NA,NA,NA,Low,1
Waldenstrom et al.,2002,Waldenstrom et al. 2002,yes,review,"Sweden, Oland, Oteby Bird Observatory",no,Europe,"PCR, Biochemical, plate culture, outside lab, standard method",Molecular,NA,NA,NA,NA,Animal,Bird,Passeriformes,Muscicapidae,Ficedula,European pied flycatcher,Ficedula hypoleuca,,free,Campylobacter coli,Campylobacter coli,feces or cloaca swab,yes,no,,,ND,5,,NA,,NA,,NA,,,,,,,,NA,NA,NA,NA,NA,NA,NA,NA,Low,1
Waldenstrom et al.,2002,Waldenstrom et al. 2002,yes,review,"Sweden, Oland, Oteby Bird Observatory",no,Europe,"PCR, Biochemical, plate culture, outside lab, standard method",Molecular,NA,NA,NA,NA,Animal,Bird,Passeriformes,Muscicapidae,Ficedula,European pied flycatcher,Ficedula hypoleuca,,free,Campylobacter jejuni,Campylobacter jejuni,feces or cloaca swab,yes,no,,,ND,5,,NA,,NA,,NA,,,,,,,,NA,NA,NA,NA,NA,NA,NA,NA,Low,1
Waldenstrom et al.,2002,Waldenstrom et al. 2002,yes,review,"Sweden, Oland, Oteby Bird Observatory",no,Europe,"PCR, Biochemical, plate culture, outside lab, standard method",Molecular,NA,NA,NA,NA,Animal,Bird,Passeriformes,Muscicapidae,Ficedula,European pied flycatcher,Ficedula hypoleuca,,free,Campylobacter lari,Campylobacter lari,feces or cloaca swab,yes,no,,,ND,5,,NA,,NA,,NA,,,,,,,,NA,NA,NA,NA,NA,NA,NA,NA,Low,1
Waldenstrom et al.,2002,Waldenstrom et al. 2002,yes,review,"Sweden, Oland, Oteby Bird Observatory",no,Europe,"PCR, Biochemical, plate culture, outside lab, standard method",Molecular,NA,NA,NA,NA,Animal,Bird,Passeriformes,Muscicapidae,Erithacus,European robin,Erithacus rubecula,,free,Campylobacter spp.,Campylobacter,feces or cloaca swab,yes,no,,,ND,299,,NA,,NA,,NA,,,,,,,,NA,NA,NA,NA,NA,NA,NA,NA,Low,1
Waldenstrom et al.,2002,Waldenstrom et al. 2002,yes,review,"Sweden, Oland, Oteby Bird Observatory",no,Europe,"PCR, Biochemical, plate culture, outside lab, standard method",Molecular,NA,NA,NA,NA,Animal,Bird,Passeriformes,Muscicapidae,Erithacus,European robin,Erithacus rubecula,,free,Campylobacter coli,Campylobacter coli,feces or cloaca swab,yes,no,,,ND,299,,NA,,NA,,NA,,,,,,,,NA,NA,NA,NA,NA,NA,NA,NA,Low,1
Waldenstrom et al.,2002,Waldenstrom et al. 2002,yes,review,"Sweden, Oland, Oteby Bird Observatory",no,Europe,"PCR, Biochemical, plate culture, outside lab, standard method",Molecular,NA,NA,NA,NA,Animal,Bird,Passeriformes,Muscicapidae,Erithacus,European robin,Erithacus rubecula,,free,Campylobacter jejuni,Campylobacter jejuni,feces or cloaca swab,yes,no,,,ND,299,,NA,,NA,,NA,,,,,,,,NA,NA,NA,NA,NA,NA,NA,NA,Low,1
Waldenstrom et al.,2002,Waldenstrom et al. 2002,yes,review,"Sweden, Oland, Oteby Bird Observatory",no,Europe,"PCR, Biochemical, plate culture, outside lab, standard method",Molecular,NA,NA,NA,NA,Animal,Bird,Passeriformes,Muscicapidae,Erithacus,European robin,Erithacus rubecula,,free,Campylobacter lari,Campylobacter lari,feces or cloaca swab,yes,no,,,ND,299,,NA,,NA,,NA,,,,,,,,NA,NA,NA,NA,NA,NA,NA,NA,Low,1
Waldenstrom et al.,2002,Waldenstrom et al. 2002,yes,review,"Sweden, Oland, Oteby Bird Observatory",no,Europe,"PCR, Biochemical, plate culture, outside lab, standard method",Molecular,NA,NA,NA,NA,Animal,Bird,Passeriformes,Fringillidae,Serinus,European serin,Serinus serinus,,free,Campylobacter spp.,Campylobacter,feces or cloaca swab,yes,no,,,ND,7,,NA,,NA,,NA,,,,,,,,NA,NA,NA,NA,NA,NA,NA,NA,Low,1
Waldenstrom et al.,2002,Waldenstrom et al. 2002,yes,review,"Sweden, Oland, Oteby Bird Observatory",no,Europe,"PCR, Biochemical, plate culture, outside lab, standard method",Molecular,NA,NA,NA,NA,Animal,Bird,Passeriformes,Fringillidae,Serinus,European serin,Serinus serinus,,free,Campylobacter coli,Campylobacter coli,feces or cloaca swab,yes,no,,,ND,7,,NA,,NA,,NA,,,,,,,,NA,NA,NA,NA,NA,NA,NA,NA,Low,1
Waldenstrom et al.,2002,Waldenstrom et al. 2002,yes,review,"Sweden, Oland, Oteby Bird Observatory",no,Europe,"PCR, Biochemical, plate culture, outside lab, standard method",Molecular,NA,NA,NA,NA,Animal,Bird,Passeriformes,Fringillidae,Serinus,European serin,Serinus serinus,,free,Campylobacter jejuni,Campylobacter jejuni,feces or cloaca swab,yes,no,,,ND,7,,NA,,NA,,NA,,,,,,,,NA,NA,NA,NA,NA,NA,NA,NA,Low,1
Waldenstrom et al.,2002,Waldenstrom et al. 2002,yes,review,"Sweden, Oland, Oteby Bird Observatory",no,Europe,"PCR, Biochemical, plate culture, outside lab, standard method",Molecular,NA,NA,NA,NA,Animal,Bird,Passeriformes,Fringillidae,Serinus,European serin,Serinus serinus,,free,Campylobacter lari,Campylobacter lari,feces or cloaca swab,yes,no,,,ND,7,,NA,,NA,,NA,,,,,,,,NA,NA,NA,NA,NA,NA,NA,NA,Low,1
Waldenstrom et al.,2002,Waldenstrom et al. 2002,yes,review,"Sweden, Oland, Oteby Bird Observatory",no,Europe,"PCR, Biochemical, plate culture, outside lab, standard method",Molecular,NA,NA,NA,NA,Animal,Bird,Passeriformes,Sturnidae,Sturnus,European starling,Sturnus vulgaris,,free,Campylobacter spp.,Campylobacter,feces or cloaca swab,yes,no,,,2,31,,NA,,NA,,NA,,,,,,,,NA,NA,NA,NA,NA,NA,NA,NA,Low,1
Waldenstrom et al.,2002,Waldenstrom et al. 2002,yes,review,"Sweden, Oland, Oteby Bird Observatory",no,Europe,"PCR, Biochemical, plate culture, outside lab, standard method",Molecular,NA,NA,NA,NA,Animal,Bird,Passeriformes,Sturnidae,Sturnus,European starling,Sturnus vulgaris,,free,Campylobacter coli,Campylobacter coli,feces or cloaca swab,yes,no,,,ND,31,,NA,,NA,,NA,,,,,,,,NA,NA,NA,NA,NA,NA,NA,NA,Low,1
Waldenstrom et al.,2002,Waldenstrom et al. 2002,yes,review,"Sweden, Oland, Oteby Bird Observatory",no,Europe,"PCR, Biochemical, plate culture, outside lab, standard method",Molecular,NA,NA,NA,NA,Animal,Bird,Passeriformes,Sturnidae,Sturnus,European starling,Sturnus vulgaris,,free,Campylobacter jejuni,Campylobacter jejuni,feces or cloaca swab,yes,no,,,10,31,,NA,,NA,,NA,,,,,,,,NA,NA,NA,NA,NA,NA,NA,NA,Low,1
Waldenstrom et al.,2002,Waldenstrom et al. 2002,yes,review,"Sweden, Oland, Oteby Bird Observatory",no,Europe,"PCR, Biochemical, plate culture, outside lab, standard method",Molecular,NA,NA,NA,NA,Animal,Bird,Passeriformes,Sturnidae,Sturnus,European starling,Sturnus vulgaris,,free,Campylobacter lari,Campylobacter lari,feces or cloaca swab,yes,no,,,2,31,,NA,,NA,,NA,,,,,,,,NA,NA,NA,NA,NA,NA,NA,NA,Low,1
Waldenstrom et al.,2002,Waldenstrom et al. 2002,yes,review,"Sweden, Oland, Oteby Bird Observatory",no,Europe,"PCR, Biochemical, plate culture, outside lab, standard method",Molecular,NA,NA,NA,NA,Animal,Bird,Passeriformes,Turdidae,Turdus,Fieldfare,Turdus pilaris,,free,Campylobacter spp.,Campylobacter,feces or cloaca swab,yes,no,,,ND,14,,NA,,NA,,NA,,,,,,,,NA,NA,NA,NA,NA,NA,NA,NA,Low,1
Waldenstrom et al.,2002,Waldenstrom et al. 2002,yes,review,"Sweden, Oland, Oteby Bird Observatory",no,Europe,"PCR, Biochemical, plate culture, outside lab, standard method",Molecular,NA,NA,NA,NA,Animal,Bird,Passeriformes,Turdidae,Turdus,Fieldfare,Turdus pilaris,,free,Campylobacter coli,Campylobacter coli,feces or cloaca swab,yes,no,,,ND,14,,NA,,NA,,NA,,,,,,,,NA,NA,NA,NA,NA,NA,NA,NA,Low,1
Waldenstrom et al.,2002,Waldenstrom et al. 2002,yes,review,"Sweden, Oland, Oteby Bird Observatory",no,Europe,"PCR, Biochemical, plate culture, outside lab, standard method",Molecular,NA,NA,NA,NA,Animal,Bird,Passeriformes,Turdidae,Turdus,Fieldfare,Turdus pilaris,,free,Campylobacter jejuni,Campylobacter jejuni,feces or cloaca swab,yes,no,,,2,14,,NA,,NA,,NA,,,,,,,,NA,NA,NA,NA,NA,NA,NA,NA,Low,1
Waldenstrom et al.,2002,Waldenstrom et al. 2002,yes,review,"Sweden, Oland, Oteby Bird Observatory",no,Europe,"PCR, Biochemical, plate culture, outside lab, standard method",Molecular,NA,NA,NA,NA,Animal,Bird,Passeriformes,Turdidae,Turdus,Fieldfare,Turdus pilaris,,free,Campylobacter lari,Campylobacter lari,feces or cloaca swab,yes,no,,,ND,14,,NA,,NA,,NA,,,,,,,,NA,NA,NA,NA,NA,NA,NA,NA,Low,1
Waldenstrom et al.,2002,Waldenstrom et al. 2002,yes,review,"Sweden, Oland, Oteby Bird Observatory",no,Europe,"PCR, Biochemical, plate culture, outside lab, standard method",Molecular,NA,NA,NA,NA,Animal,Bird,Passeriformes,Sylviidae,Sylvia,Garden warbler,Sylvia borin,,free,Campylobacter spp.,Campylobacter,feces or cloaca swab,yes,no,,,ND,4,,NA,,NA,,NA,,,,,,,,NA,NA,NA,NA,NA,NA,NA,NA,Low,1
Waldenstrom et al.,2002,Waldenstrom et al. 2002,yes,review,"Sweden, Oland, Oteby Bird Observatory",no,Europe,"PCR, Biochemical, plate culture, outside lab, standard method",Molecular,NA,NA,NA,NA,Animal,Bird,Passeriformes,Sylviidae,Sylvia,Garden warbler,Sylvia borin,,free,Campylobacter coli,Campylobacter coli,feces or cloaca swab,yes,no,,,ND,4,,NA,,NA,,NA,,,,,,,,NA,NA,NA,NA,NA,NA,NA,NA,Low,1
Waldenstrom et al.,2002,Waldenstrom et al. 2002,yes,review,"Sweden, Oland, Oteby Bird Observatory",no,Europe,"PCR, Biochemical, plate culture, outside lab, standard method",Molecular,NA,NA,NA,NA,Animal,Bird,Passeriformes,Sylviidae,Sylvia,Garden warbler,Sylvia borin,,free,Campylobacter jejuni,Campylobacter jejuni,feces or cloaca swab,yes,no,,,ND,4,,NA,,NA,,NA,,,,,,,,NA,NA,NA,NA,NA,NA,NA,NA,Low,1
Waldenstrom et al.,2002,Waldenstrom et al. 2002,yes,review,"Sweden, Oland, Oteby Bird Observatory",no,Europe,"PCR, Biochemical, plate culture, outside lab, standard method",Molecular,NA,NA,NA,NA,Animal,Bird,Passeriformes,Sylviidae,Sylvia,Garden warbler,Sylvia borin,,free,Campylobacter lari,Campylobacter lari,feces or cloaca swab,yes,no,,,ND,4,,NA,,NA,,NA,,,,,,,,NA,NA,NA,NA,NA,NA,NA,NA,Low,1
Waldenstrom et al.,2002,Waldenstrom et al. 2002,yes,review,"Sweden, Oland, Oteby Bird Observatory",no,Europe,"PCR, Biochemical, plate culture, outside lab, standard method",Molecular,NA,NA,NA,NA,Animal,Bird,Passeriformes,Regulidae,Regulus,Goldcrest,Regulus regulus,,free,Campylobacter spp.,Campylobacter,feces or cloaca swab,yes,no,,,2,200,,NA,,NA,,NA,,,,,,,,NA,NA,NA,NA,NA,NA,NA,NA,Low,1
Waldenstrom et al.,2002,Waldenstrom et al. 2002,yes,review,"Sweden, Oland, Oteby Bird Observatory",no,Europe,"PCR, Biochemical, plate culture, outside lab, standard method",Molecular,NA,NA,NA,NA,Animal,Bird,Passeriformes,Regulidae,Regulus,Goldcrest,Regulus regulus,,free,Campylobacter coli,Campylobacter coli,feces or cloaca swab,yes,no,,,ND,200,,NA,,NA,,NA,,,,,,,,NA,NA,NA,NA,NA,NA,NA,NA,Low,1
Waldenstrom et al.,2002,Waldenstrom et al. 2002,yes,review,"Sweden, Oland, Oteby Bird Observatory",no,Europe,"PCR, Biochemical, plate culture, outside lab, standard method",Molecular,NA,NA,NA,NA,Animal,Bird,Passeriformes,Regulidae,Regulus,Goldcrest,Regulus regulus,,free,Campylobacter jejuni,Campylobacter jejuni,feces or cloaca swab,yes,no,,,ND,200,,NA,,NA,,NA,,,,,,,,NA,NA,NA,NA,NA,NA,NA,NA,Low,1
Waldenstrom et al.,2002,Waldenstrom et al. 2002,yes,review,"Sweden, Oland, Oteby Bird Observatory",no,Europe,"PCR, Biochemical, plate culture, outside lab, standard method",Molecular,NA,NA,NA,NA,Animal,Bird,Passeriformes,Regulidae,Regulus,Goldcrest,Regulus regulus,,free,Campylobacter lari,Campylobacter lari,feces or cloaca swab,yes,no,,,ND,200,,NA,,NA,,NA,,,,,,,,NA,NA,NA,NA,NA,NA,NA,NA,Low,1
Waldenstrom et al.,2002,Waldenstrom et al. 2002,yes,review,"Sweden, Oland, Oteby Bird Observatory",no,Europe,"PCR, Biochemical, plate culture, outside lab, standard method",Molecular,NA,NA,NA,NA,Animal,Bird,Suliformes,Phalacrocoracidae,Phalacrocorax,Great cormorant,Phalacrocorax carbo,,free,Campylobacter spp.,Campylobacter,feces or cloaca swab,yes,no,,,ND,1,,NA,,NA,,NA,,,,,,,,NA,NA,NA,NA,NA,NA,NA,NA,Low,1
Waldenstrom et al.,2002,Waldenstrom et al. 2002,yes,review,"Sweden, Oland, Oteby Bird Observatory",no,Europe,"PCR, Biochemical, plate culture, outside lab, standard method",Molecular,NA,NA,NA,NA,Animal,Bird,Suliformes,Phalacrocoracidae,Phalacrocorax,Great cormorant,Phalacrocorax carbo,,free,Campylobacter coli,Campylobacter coli,feces or cloaca swab,yes,no,,,ND,1,,NA,,NA,,NA,,,,,,,,NA,NA,NA,NA,NA,NA,NA,NA,Low,1
Waldenstrom et al.,2002,Waldenstrom et al. 2002,yes,review,"Sweden, Oland, Oteby Bird Observatory",no,Europe,"PCR, Biochemical, plate culture, outside lab, standard method",Molecular,NA,NA,NA,NA,Animal,Bird,Suliformes,Phalacrocoracidae,Phalacrocorax,Great cormorant,Phalacrocorax carbo,,free,Campylobacter jejuni,Campylobacter jejuni,feces or cloaca swab,yes,no,,,ND,1,,NA,,NA,,NA,,,,,,,,NA,NA,NA,NA,NA,NA,NA,NA,Low,1
Waldenstrom et al.,2002,Waldenstrom et al. 2002,yes,review,"Sweden, Oland, Oteby Bird Observatory",no,Europe,"PCR, Biochemical, plate culture, outside lab, standard method",Molecular,NA,NA,NA,NA,Animal,Bird,Suliformes,Phalacrocoracidae,Phalacrocorax,Great cormorant,Phalacrocorax carbo,,free,Campylobacter lari,Campylobacter lari,feces or cloaca swab,yes,no,,,ND,1,,NA,,NA,,NA,,,,,,,,NA,NA,NA,NA,NA,NA,NA,NA,Low,1
Waldenstrom et al.,2002,Waldenstrom et al. 2002,yes,review,"Sweden, Oland, Oteby Bird Observatory",no,Europe,"PCR, Biochemical, plate culture, outside lab, standard method",Molecular,NA,NA,NA,NA,Animal,Bird,Passeriformes,Laniidae,Lanius,Great grey shrike,Lanius excubitor,,free,Campylobacter spp.,Campylobacter,feces or cloaca swab,yes,no,,,ND,1,,NA,,NA,,NA,,,,,,,,NA,NA,NA,NA,NA,NA,NA,NA,Low,1
Waldenstrom et al.,2002,Waldenstrom et al. 2002,yes,review,"Sweden, Oland, Oteby Bird Observatory",no,Europe,"PCR, Biochemical, plate culture, outside lab, standard method",Molecular,NA,NA,NA,NA,Animal,Bird,Passeriformes,Laniidae,Lanius,Great grey shrike,Lanius excubitor,,free,Campylobacter coli,Campylobacter coli,feces or cloaca swab,yes,no,,,ND,1,,NA,,NA,,NA,,,,,,,,NA,NA,NA,NA,NA,NA,NA,NA,Low,1
Waldenstrom et al.,2002,Waldenstrom et al. 2002,yes,review,"Sweden, Oland, Oteby Bird Observatory",no,Europe,"PCR, Biochemical, plate culture, outside lab, standard method",Molecular,NA,NA,NA,NA,Animal,Bird,Passeriformes,Laniidae,Lanius,Great grey shrike,Lanius excubitor,,free,Campylobacter jejuni,Campylobacter jejuni,feces or cloaca swab,yes,no,,,ND,1,,NA,,NA,,NA,,,,,,,,NA,NA,NA,NA,NA,NA,NA,NA,Low,1
Waldenstrom et al.,2002,Waldenstrom et al. 2002,yes,review,"Sweden, Oland, Oteby Bird Observatory",no,Europe,"PCR, Biochemical, plate culture, outside lab, standard method",Molecular,NA,NA,NA,NA,Animal,Bird,Passeriformes,Laniidae,Lanius,Great grey shrike,Lanius excubitor,,free,Campylobacter lari,Campylobacter lari,feces or cloaca swab,yes,no,,,ND,1,,NA,,NA,,NA,,,,,,,,NA,NA,NA,NA,NA,NA,NA,NA,Low,1
Waldenstrom et al.,2002,Waldenstrom et al. 2002,yes,review,"Sweden, Oland, Oteby Bird Observatory",no,Europe,"PCR, Biochemical, plate culture, outside lab, standard method",Molecular,NA,NA,NA,NA,Animal,Bird,Piciformes,Picidae,Dendrocopos,Great spotted woodpecker,Dendrocopos major,,free,Campylobacter spp.,Campylobacter,feces or cloaca swab,yes,no,,,ND,1,,NA,,NA,,NA,,,,,,,,NA,NA,NA,NA,NA,NA,NA,NA,Low,1
Waldenstrom et al.,2002,Waldenstrom et al. 2002,yes,review,"Sweden, Oland, Oteby Bird Observatory",no,Europe,"PCR, Biochemical, plate culture, outside lab, standard method",Molecular,NA,NA,NA,NA,Animal,Bird,Piciformes,Picidae,Dendrocopos,Great spotted woodpecker,Dendrocopos major,,free,Campylobacter coli,Campylobacter coli,feces or cloaca swab,yes,no,,,ND,1,,NA,,NA,,NA,,,,,,,,NA,NA,NA,NA,NA,NA,NA,NA,Low,1
Waldenstrom et al.,2002,Waldenstrom et al. 2002,yes,review,"Sweden, Oland, Oteby Bird Observatory",no,Europe,"PCR, Biochemical, plate culture, outside lab, standard method",Molecular,NA,NA,NA,NA,Animal,Bird,Piciformes,Picidae,Dendrocopos,Great spotted woodpecker,Dendrocopos major,,free,Campylobacter jejuni,Campylobacter jejuni,feces or cloaca swab,yes,no,,,ND,1,,NA,,NA,,NA,,,,,,,,NA,NA,NA,NA,NA,NA,NA,NA,Low,1
Waldenstrom et al.,2002,Waldenstrom et al. 2002,yes,review,"Sweden, Oland, Oteby Bird Observatory",no,Europe,"PCR, Biochemical, plate culture, outside lab, standard method",Molecular,NA,NA,NA,NA,Animal,Bird,Piciformes,Picidae,Dendrocopos,Great spotted woodpecker,Dendrocopos major,,free,Campylobacter lari,Campylobacter lari,feces or cloaca swab,yes,no,,,ND,1,,NA,,NA,,NA,,,,,,,,NA,NA,NA,NA,NA,NA,NA,NA,Low,1
Waldenstrom et al.,2002,Waldenstrom et al. 2002,yes,review,"Sweden, Oland, Oteby Bird Observatory",no,Europe,"PCR, Biochemical, plate culture, outside lab, standard method",Molecular,NA,NA,NA,NA,Animal,Bird,Passeriformes,Paridae,Parus,Great tit,Parus major,,free,Campylobacter spp.,Campylobacter,feces or cloaca swab,yes,no,,,1,10,,NA,,NA,,NA,,,,,,,,NA,NA,NA,NA,NA,NA,NA,NA,Low,1
Waldenstrom et al.,2002,Waldenstrom et al. 2002,yes,review,"Sweden, Oland, Oteby Bird Observatory",no,Europe,"PCR, Biochemical, plate culture, outside lab, standard method",Molecular,NA,NA,NA,NA,Animal,Bird,Passeriformes,Paridae,Parus,Great tit,Parus major,,free,Campylobacter coli,Campylobacter coli,feces or cloaca swab,yes,no,,,ND,10,,NA,,NA,,NA,,,,,,,,NA,NA,NA,NA,NA,NA,NA,NA,Low,1
Waldenstrom et al.,2002,Waldenstrom et al. 2002,yes,review,"Sweden, Oland, Oteby Bird Observatory",no,Europe,"PCR, Biochemical, plate culture, outside lab, standard method",Molecular,NA,NA,NA,NA,Animal,Bird,Passeriformes,Paridae,Parus,Great tit,Parus major,,free,Campylobacter jejuni,Campylobacter jejuni,feces or cloaca swab,yes,no,,,ND,10,,NA,,NA,,NA,,,,,,,,NA,NA,NA,NA,NA,NA,NA,NA,Low,1
Waldenstrom et al.,2002,Waldenstrom et al. 2002,yes,review,"Sweden, Oland, Oteby Bird Observatory",no,Europe,"PCR, Biochemical, plate culture, outside lab, standard method",Molecular,NA,NA,NA,NA,Animal,Bird,Passeriformes,Paridae,Parus,Great tit,Parus major,,free,Campylobacter lari,Campylobacter lari,feces or cloaca swab,yes,no,,,ND,10,,NA,,NA,,NA,,,,,,,,NA,NA,NA,NA,NA,NA,NA,NA,Low,1
Waldenstrom et al.,2002,Waldenstrom et al. 2002,yes,review,"Sweden, Oland, Oteby Bird Observatory",no,Europe,"PCR, Biochemical, plate culture, outside lab, standard method",Molecular,NA,NA,NA,NA,Animal,Bird,Charadriiformes,Scolopacidae,Tringa,Green sandpiper,Tringa ochropus,,free,Campylobacter spp.,Campylobacter,feces or cloaca swab,yes,no,,,ND,1,,NA,,NA,,NA,,,,,,,,NA,NA,NA,NA,NA,NA,NA,NA,Low,1
Waldenstrom et al.,2002,Waldenstrom et al. 2002,yes,review,"Sweden, Oland, Oteby Bird Observatory",no,Europe,"PCR, Biochemical, plate culture, outside lab, standard method",Molecular,NA,NA,NA,NA,Animal,Bird,Charadriiformes,Scolopacidae,Tringa,Green sandpiper,Tringa ochropus,,free,Campylobacter coli,Campylobacter coli,feces or cloaca swab,yes,no,,,ND,1,,NA,,NA,,NA,,,,,,,,NA,NA,NA,NA,NA,NA,NA,NA,Low,1
Waldenstrom et al.,2002,Waldenstrom et al. 2002,yes,review,"Sweden, Oland, Oteby Bird Observatory",no,Europe,"PCR, Biochemical, plate culture, outside lab, standard method",Molecular,NA,NA,NA,NA,Animal,Bird,Charadriiformes,Scolopacidae,Tringa,Green sandpiper,Tringa ochropus,,free,Campylobacter jejuni,Campylobacter jejuni,feces or cloaca swab,yes,no,,,ND,1,,NA,,NA,,NA,,,,,,,,NA,NA,NA,NA,NA,NA,NA,NA,Low,1
Waldenstrom et al.,2002,Waldenstrom et al. 2002,yes,review,"Sweden, Oland, Oteby Bird Observatory",no,Europe,"PCR, Biochemical, plate culture, outside lab, standard method",Molecular,NA,NA,NA,NA,Animal,Bird,Charadriiformes,Scolopacidae,Tringa,Green sandpiper,Tringa ochropus,,free,Campylobacter lari,Campylobacter lari,feces or cloaca swab,yes,no,,,ND,1,,NA,,NA,,NA,,,,,,,,NA,NA,NA,NA,NA,NA,NA,NA,Low,1
Waldenstrom et al.,2002,Waldenstrom et al. 2002,yes,review,"Sweden, Oland, Oteby Bird Observatory",no,Europe,"PCR, Biochemical, plate culture, outside lab, standard method",Molecular,NA,NA,NA,NA,Animal,Bird,Galliformes,Phasianidae,Perdix,Grey partridge,Perdix perdix,,free,Campylobacter spp.,Campylobacter,feces or cloaca swab,yes,no,,,ND,3,,NA,,NA,,NA,,,,,,,,NA,NA,NA,NA,NA,NA,NA,NA,Low,1
Waldenstrom et al.,2002,Waldenstrom et al. 2002,yes,review,"Sweden, Oland, Oteby Bird Observatory",no,Europe,"PCR, Biochemical, plate culture, outside lab, standard method",Molecular,NA,NA,NA,NA,Animal,Bird,Galliformes,Phasianidae,Perdix,Grey partridge,Perdix perdix,,free,Campylobacter coli,Campylobacter coli,feces or cloaca swab,yes,no,,,ND,3,,NA,,NA,,NA,,,,,,,,NA,NA,NA,NA,NA,NA,NA,NA,Low,1
Waldenstrom et al.,2002,Waldenstrom et al. 2002,yes,review,"Sweden, Oland, Oteby Bird Observatory",no,Europe,"PCR, Biochemical, plate culture, outside lab, standard method",Molecular,NA,NA,NA,NA,Animal,Bird,Galliformes,Phasianidae,Perdix,Grey partridge,Perdix perdix,,free,Campylobacter jejuni,Campylobacter jejuni,feces or cloaca swab,yes,no,,,ND,3,,NA,,NA,,NA,,,,,,,,NA,NA,NA,NA,NA,NA,NA,NA,Low,1
Waldenstrom et al.,2002,Waldenstrom et al. 2002,yes,review,"Sweden, Oland, Oteby Bird Observatory",no,Europe,"PCR, Biochemical, plate culture, outside lab, standard method",Molecular,NA,NA,NA,NA,Animal,Bird,Galliformes,Phasianidae,Perdix,Grey partridge,Perdix perdix,,free,Campylobacter lari,Campylobacter lari,feces or cloaca swab,yes,no,,,ND,3,,NA,,NA,,NA,,,,,,,,NA,NA,NA,NA,NA,NA,NA,NA,Low,1
Waldenstrom et al.,2002,Waldenstrom et al. 2002,yes,review,"Sweden, Oland, Oteby Bird Observatory",no,Europe,"PCR, Biochemical, plate culture, outside lab, standard method",Molecular,NA,NA,NA,NA,Animal,Bird,Charadriiformes,Charadriidae,Pluvialis,Grey plover,Pluvialis squatarola,,free,Campylobacter lari,Campylobacter lari,feces or cloaca swab,yes,no,,,ND,1,,NA,,NA,,NA,,,,,,,,NA,NA,NA,NA,NA,NA,NA,NA,Low,1
Waldenstrom et al.,2002,Waldenstrom et al. 2002,yes,review,"Sweden, Oland, Oteby Bird Observatory",no,Europe,"PCR, Biochemical, plate culture, outside lab, standard method",Molecular,NA,NA,NA,NA,Animal,Bird,Charadriiformes,Charadriidae,Pluvialis,Grey plover,Pluvialis squatarola,,free,Campylobacter spp.,Campylobacter,feces or cloaca swab,yes,no,,,1,1,,NA,,NA,,NA,,,,,,,,NA,NA,NA,NA,NA,NA,NA,NA,Low,1
Waldenstrom et al.,2002,Waldenstrom et al. 2002,yes,review,"Sweden, Oland, Oteby Bird Observatory",no,Europe,"PCR, Biochemical, plate culture, outside lab, standard method",Molecular,NA,NA,NA,NA,Animal,Bird,Charadriiformes,Charadriidae,Pluvialis,Grey plover,Pluvialis squatarola,,free,Campylobacter coli,Campylobacter coli,feces or cloaca swab,yes,no,,,ND,1,,NA,,NA,,NA,,,,,,,,NA,NA,NA,NA,NA,NA,NA,NA,Low,1
Waldenstrom et al.,2002,Waldenstrom et al. 2002,yes,review,"Sweden, Oland, Oteby Bird Observatory",no,Europe,"PCR, Biochemical, plate culture, outside lab, standard method",Molecular,NA,NA,NA,NA,Animal,Bird,Charadriiformes,Charadriidae,Pluvialis,Grey plover,Pluvialis squatarola,,free,Campylobacter jejuni,Campylobacter jejuni,feces or cloaca swab,yes,no,,,ND,1,,NA,,NA,,NA,,,,,,,,NA,NA,NA,NA,NA,NA,NA,NA,Low,1
Waldenstrom et al.,2002,Waldenstrom et al. 2002,yes,review,"Sweden, Oland, Oteby Bird Observatory",no,Europe,"PCR, Biochemical, plate culture, outside lab, standard method",Molecular,NA,NA,NA,NA,Animal,Bird,Passeriformes,Fringillidae,Coccothraustes,Hawfinch,Coccothraustes coccothraustes,,free,Campylobacter spp.,Campylobacter,feces or cloaca swab,yes,no,,,ND,3,,NA,,NA,,NA,,,,,,,,NA,NA,NA,NA,NA,NA,NA,NA,Low,1
Waldenstrom et al.,2002,Waldenstrom et al. 2002,yes,review,"Sweden, Oland, Oteby Bird Observatory",no,Europe,"PCR, Biochemical, plate culture, outside lab, standard method",Molecular,NA,NA,NA,NA,Animal,Bird,Passeriformes,Fringillidae,Coccothraustes,Hawfinch,Coccothraustes coccothraustes,,free,Campylobacter coli,Campylobacter coli,feces or cloaca swab,yes,no,,,ND,3,,NA,,NA,,NA,,,,,,,,NA,NA,NA,NA,NA,NA,NA,NA,Low,1
Waldenstrom et al.,2002,Waldenstrom et al. 2002,yes,review,"Sweden, Oland, Oteby Bird Observatory",no,Europe,"PCR, Biochemical, plate culture, outside lab, standard method",Molecular,NA,NA,NA,NA,Animal,Bird,Passeriformes,Fringillidae,Coccothraustes,Hawfinch,Coccothraustes coccothraustes,,free,Campylobacter jejuni,Campylobacter jejuni,feces or cloaca swab,yes,no,,,ND,3,,NA,,NA,,NA,,,,,,,,NA,NA,NA,NA,NA,NA,NA,NA,Low,1
Waldenstrom et al.,2002,Waldenstrom et al. 2002,yes,review,"Sweden, Oland, Oteby Bird Observatory",no,Europe,"PCR, Biochemical, plate culture, outside lab, standard method",Molecular,NA,NA,NA,NA,Animal,Bird,Passeriformes,Fringillidae,Coccothraustes,Hawfinch,Coccothraustes coccothraustes,,free,Campylobacter lari,Campylobacter lari,feces or cloaca swab,yes,no,,,ND,3,,NA,,NA,,NA,,,,,,,,NA,NA,NA,NA,NA,NA,NA,NA,Low,1
Waldenstrom et al.,2002,Waldenstrom et al. 2002,yes,review,"Sweden, Oland, Oteby Bird Observatory",no,Europe,"PCR, Biochemical, plate culture, outside lab, standard method",Molecular,NA,NA,NA,NA,Animal,Bird,Passeriformes,Passeridae,Passer,House sparrow,Passer domesticus,,free,Campylobacter spp.,Campylobacter,feces or cloaca swab,yes,no,,,ND,4,,NA,,NA,,NA,,,,,,,,NA,NA,NA,NA,NA,NA,NA,NA,Low,1
Waldenstrom et al.,2002,Waldenstrom et al. 2002,yes,review,"Sweden, Oland, Oteby Bird Observatory",no,Europe,"PCR, Biochemical, plate culture, outside lab, standard method",Molecular,NA,NA,NA,NA,Animal,Bird,Passeriformes,Passeridae,Passer,House sparrow,Passer domesticus,,free,Campylobacter coli,Campylobacter coli,feces or cloaca swab,yes,no,,,ND,4,,NA,,NA,,NA,,,,,,,,NA,NA,NA,NA,NA,NA,NA,NA,Low,1
Waldenstrom et al.,2002,Waldenstrom et al. 2002,yes,review,"Sweden, Oland, Oteby Bird Observatory",no,Europe,"PCR, Biochemical, plate culture, outside lab, standard method",Molecular,NA,NA,NA,NA,Animal,Bird,Passeriformes,Passeridae,Passer,House sparrow,Passer domesticus,,free,Campylobacter jejuni,Campylobacter jejuni,feces or cloaca swab,yes,no,,,ND,4,,NA,,NA,,NA,,,,,,,,NA,NA,NA,NA,NA,NA,NA,NA,Low,1
Waldenstrom et al.,2002,Waldenstrom et al. 2002,yes,review,"Sweden, Oland, Oteby Bird Observatory",no,Europe,"PCR, Biochemical, plate culture, outside lab, standard method",Molecular,NA,NA,NA,NA,Animal,Bird,Passeriformes,Passeridae,Passer,House sparrow,Passer domesticus,,free,Campylobacter lari,Campylobacter lari,feces or cloaca swab,yes,no,,,ND,4,,NA,,NA,,NA,,,,,,,,NA,NA,NA,NA,NA,NA,NA,NA,Low,1
Waldenstrom et al.,2002,Waldenstrom et al. 2002,yes,review,"Sweden, Oland, Oteby Bird Observatory",no,Europe,"PCR, Biochemical, plate culture, outside lab, standard method",Molecular,NA,NA,NA,NA,Animal,Bird,Passeriformes,Acrocephalidae,Hippolais,Icterine warbler,Hippolais icterina,,free,Campylobacter spp.,Campylobacter,feces or cloaca swab,yes,no,,,ND,4,,NA,,NA,,NA,,,,,,,,NA,NA,NA,NA,NA,NA,NA,NA,Low,1
Waldenstrom et al.,2002,Waldenstrom et al. 2002,yes,review,"Sweden, Oland, Oteby Bird Observatory",no,Europe,"PCR, Biochemical, plate culture, outside lab, standard method",Molecular,NA,NA,NA,NA,Animal,Bird,Passeriformes,Acrocephalidae,Hippolais,Icterine warbler,Hippolais icterina,,free,Campylobacter coli,Campylobacter coli,feces or cloaca swab,yes,no,,,ND,4,,NA,,NA,,NA,,,,,,,,NA,NA,NA,NA,NA,NA,NA,NA,Low,1
Waldenstrom et al.,2002,Waldenstrom et al. 2002,yes,review,"Sweden, Oland, Oteby Bird Observatory",no,Europe,"PCR, Biochemical, plate culture, outside lab, standard method",Molecular,NA,NA,NA,NA,Animal,Bird,Passeriformes,Acrocephalidae,Hippolais,Icterine warbler,Hippolais icterina,,free,Campylobacter jejuni,Campylobacter jejuni,feces or cloaca swab,yes,no,,,ND,4,,NA,,NA,,NA,,,,,,,,NA,NA,NA,NA,NA,NA,NA,NA,Low,1
Waldenstrom et al.,2002,Waldenstrom et al. 2002,yes,review,"Sweden, Oland, Oteby Bird Observatory",no,Europe,"PCR, Biochemical, plate culture, outside lab, standard method",Molecular,NA,NA,NA,NA,Animal,Bird,Passeriformes,Acrocephalidae,Hippolais,Icterine warbler,Hippolais icterina,,free,Campylobacter lari,Campylobacter lari,feces or cloaca swab,yes,no,,,ND,4,,NA,,NA,,NA,,,,,,,,NA,NA,NA,NA,NA,NA,NA,NA,Low,1
Waldenstrom et al.,2002,Waldenstrom et al. 2002,yes,review,"Sweden, Oland, Oteby Bird Observatory",no,Europe,"PCR, Biochemical, plate culture, outside lab, standard method",Molecular,NA,NA,NA,NA,Animal,Bird,Charadriiformes,Scolopacidae,Lymnocryptes,Jack snipe,Lymnocryptes minimus,,free,Campylobacter spp.,Campylobacter,feces or cloaca swab,yes,no,,,1,1,,NA,,NA,,NA,,,,,,,,NA,NA,NA,NA,NA,NA,NA,NA,Low,1
Waldenstrom et al.,2002,Waldenstrom et al. 2002,yes,review,"Sweden, Oland, Oteby Bird Observatory",no,Europe,"PCR, Biochemical, plate culture, outside lab, standard method",Molecular,NA,NA,NA,NA,Animal,Bird,Charadriiformes,Scolopacidae,Lymnocryptes,Jack snipe,Lymnocryptes minimus,,free,Campylobacter coli,Campylobacter coli,feces or cloaca swab,yes,no,,,ND,1,,NA,,NA,,NA,,,,,,,,NA,NA,NA,NA,NA,NA,NA,NA,Low,1
Waldenstrom et al.,2002,Waldenstrom et al. 2002,yes,review,"Sweden, Oland, Oteby Bird Observatory",no,Europe,"PCR, Biochemical, plate culture, outside lab, standard method",Molecular,NA,NA,NA,NA,Animal,Bird,Charadriiformes,Scolopacidae,Lymnocryptes,Jack snipe,Lymnocryptes minimus,,free,Campylobacter jejuni,Campylobacter jejuni,feces or cloaca swab,yes,no,,,ND,1,,NA,,NA,,NA,,,,,,,,NA,NA,NA,NA,NA,NA,NA,NA,Low,1
Waldenstrom et al.,2002,Waldenstrom et al. 2002,yes,review,"Sweden, Oland, Oteby Bird Observatory",no,Europe,"PCR, Biochemical, plate culture, outside lab, standard method",Molecular,NA,NA,NA,NA,Animal,Bird,Charadriiformes,Scolopacidae,Lymnocryptes,Jack snipe,Lymnocryptes minimus,,free,Campylobacter lari,Campylobacter lari,feces or cloaca swab,yes,no,,,ND,1,,NA,,NA,,NA,,,,,,,,NA,NA,NA,NA,NA,NA,NA,NA,Low,1
Waldenstrom et al.,2002,Waldenstrom et al. 2002,yes,review,"Sweden, Oland, Oteby Bird Observatory",no,Europe,"PCR, Biochemical, plate culture, outside lab, standard method",Molecular,NA,NA,NA,NA,Animal,Bird,Passeriformes,Sylviidae,Sylvia,Lesser whitethroat,Sylvia curruca,,free,Campylobacter spp.,Campylobacter,feces or cloaca swab,yes,no,,,ND,35,,NA,,NA,,NA,,,,,,,,NA,NA,NA,NA,NA,NA,NA,NA,Low,1
Waldenstrom et al.,2002,Waldenstrom et al. 2002,yes,review,"Sweden, Oland, Oteby Bird Observatory",no,Europe,"PCR, Biochemical, plate culture, outside lab, standard method",Molecular,NA,NA,NA,NA,Animal,Bird,Passeriformes,Sylviidae,Sylvia,Lesser whitethroat,Sylvia curruca,,free,Campylobacter coli,Campylobacter coli,feces or cloaca swab,yes,no,,,ND,35,,NA,,NA,,NA,,,,,,,,NA,NA,NA,NA,NA,NA,NA,NA,Low,1
Waldenstrom et al.,2002,Waldenstrom et al. 2002,yes,review,"Sweden, Oland, Oteby Bird Observatory",no,Europe,"PCR, Biochemical, plate culture, outside lab, standard method",Molecular,NA,NA,NA,NA,Animal,Bird,Passeriformes,Sylviidae,Sylvia,Lesser whitethroat,Sylvia curruca,,free,Campylobacter jejuni,Campylobacter jejuni,feces or cloaca swab,yes,no,,,ND,35,,NA,,NA,,NA,,,,,,,,NA,NA,NA,NA,NA,NA,NA,NA,Low,1
Waldenstrom et al.,2002,Waldenstrom et al. 2002,yes,review,"Sweden, Oland, Oteby Bird Observatory",no,Europe,"PCR, Biochemical, plate culture, outside lab, standard method",Molecular,NA,NA,NA,NA,Animal,Bird,Passeriformes,Sylviidae,Sylvia,Lesser whitethroat,Sylvia curruca,,free,Campylobacter lari,Campylobacter lari,feces or cloaca swab,yes,no,,,ND,35,,NA,,NA,,NA,,,,,,,,NA,NA,NA,NA,NA,NA,NA,NA,Low,1
Waldenstrom et al.,2002,Waldenstrom et al. 2002,yes,review,"Sweden, Oland, Oteby Bird Observatory",no,Europe,"PCR, Biochemical, plate culture, outside lab, standard method",Molecular,NA,NA,NA,NA,Animal,Bird,Charadriiformes,Charadriidae,Charadrius,Little ringed plover,Charadrius dubius,,free,Campylobacter spp.,Campylobacter,feces or cloaca swab,yes,no,,,ND,2,,NA,,NA,,NA,,,,,,,,NA,NA,NA,NA,NA,NA,NA,NA,Low,1
Waldenstrom et al.,2002,Waldenstrom et al. 2002,yes,review,"Sweden, Oland, Oteby Bird Observatory",no,Europe,"PCR, Biochemical, plate culture, outside lab, standard method",Molecular,NA,NA,NA,NA,Animal,Bird,Charadriiformes,Charadriidae,Charadrius,Little ringed plover,Charadrius dubius,,free,Campylobacter coli,Campylobacter coli,feces or cloaca swab,yes,no,,,ND,2,,NA,,NA,,NA,,,,,,,,NA,NA,NA,NA,NA,NA,NA,NA,Low,1
Waldenstrom et al.,2002,Waldenstrom et al. 2002,yes,review,"Sweden, Oland, Oteby Bird Observatory",no,Europe,"PCR, Biochemical, plate culture, outside lab, standard method",Molecular,NA,NA,NA,NA,Animal,Bird,Charadriiformes,Charadriidae,Charadrius,Little ringed plover,Charadrius dubius,,free,Campylobacter jejuni,Campylobacter jejuni,feces or cloaca swab,yes,no,,,ND,2,,NA,,NA,,NA,,,,,,,,NA,NA,NA,NA,NA,NA,NA,NA,Low,1
Waldenstrom et al.,2002,Waldenstrom et al. 2002,yes,review,"Sweden, Oland, Oteby Bird Observatory",no,Europe,"PCR, Biochemical, plate culture, outside lab, standard method",Molecular,NA,NA,NA,NA,Animal,Bird,Charadriiformes,Charadriidae,Charadrius,Little ringed plover,Charadrius dubius,,free,Campylobacter lari,Campylobacter lari,feces or cloaca swab,yes,no,,,ND,2,,NA,,NA,,NA,,,,,,,,NA,NA,NA,NA,NA,NA,NA,NA,Low,1
Waldenstrom et al.,2002,Waldenstrom et al. 2002,yes,review,"Sweden, Oland, Oteby Bird Observatory",no,Europe,"PCR, Biochemical, plate culture, outside lab, standard method",Molecular,NA,NA,NA,NA,Animal,Bird,Charadriiformes,Scolopacidae,Calidris,Little stint,Calidris minuta,,free,Campylobacter spp.,Campylobacter,feces or cloaca swab,yes,no,,,5,8,,NA,,NA,,NA,,,,,,,,NA,NA,NA,NA,NA,NA,NA,NA,Low,1
Waldenstrom et al.,2002,Waldenstrom et al. 2002,yes,review,"Sweden, Oland, Oteby Bird Observatory",no,Europe,"PCR, Biochemical, plate culture, outside lab, standard method",Molecular,NA,NA,NA,NA,Animal,Bird,Charadriiformes,Scolopacidae,Calidris,Little stint,Calidris minuta,,free,Campylobacter coli,Campylobacter coli,feces or cloaca swab,yes,no,,,ND,8,,NA,,NA,,NA,,,,,,,,NA,NA,NA,NA,NA,NA,NA,NA,Low,1
Waldenstrom et al.,2002,Waldenstrom et al. 2002,yes,review,"Sweden, Oland, Oteby Bird Observatory",no,Europe,"PCR, Biochemical, plate culture, outside lab, standard method",Molecular,NA,NA,NA,NA,Animal,Bird,Charadriiformes,Scolopacidae,Calidris,Little stint,Calidris minuta,,free,Campylobacter jejuni,Campylobacter jejuni,feces or cloaca swab,yes,no,,,2,8,,NA,,NA,,NA,,,,,,,,NA,NA,NA,NA,NA,NA,NA,NA,Low,1
Waldenstrom et al.,2002,Waldenstrom et al. 2002,yes,review,"Sweden, Oland, Oteby Bird Observatory",no,Europe,"PCR, Biochemical, plate culture, outside lab, standard method",Molecular,NA,NA,NA,NA,Animal,Bird,Charadriiformes,Scolopacidae,Calidris,Little stint,Calidris minuta,,free,Campylobacter lari,Campylobacter lari,feces or cloaca swab,yes,no,,,ND,8,,NA,,NA,,NA,,,,,,,,NA,NA,NA,NA,NA,NA,NA,NA,Low,1
Waldenstrom et al.,2002,Waldenstrom et al. 2002,yes,review,"Sweden, Oland, Oteby Bird Observatory",no,Europe,"PCR, Biochemical, plate culture, outside lab, standard method",Molecular,NA,NA,NA,NA,Animal,Bird,Strigiformes,Strigidae,Asio,Long-eared owl,Asio otus,,free,Campylobacter spp.,Campylobacter,feces or cloaca swab,yes,no,,,ND,49,,NA,,NA,,NA,,,,,,,,NA,NA,NA,NA,NA,NA,NA,NA,Low,1
Waldenstrom et al.,2002,Waldenstrom et al. 2002,yes,review,"Sweden, Oland, Oteby Bird Observatory",no,Europe,"PCR, Biochemical, plate culture, outside lab, standard method",Molecular,NA,NA,NA,NA,Animal,Bird,Strigiformes,Strigidae,Asio,Long-eared owl,Asio otus,,free,Campylobacter coli,Campylobacter coli,feces or cloaca swab,yes,no,,,ND,49,,NA,,NA,,NA,,,,,,,,NA,NA,NA,NA,NA,NA,NA,NA,Low,1
Waldenstrom et al.,2002,Waldenstrom et al. 2002,yes,review,"Sweden, Oland, Oteby Bird Observatory",no,Europe,"PCR, Biochemical, plate culture, outside lab, standard method",Molecular,NA,NA,NA,NA,Animal,Bird,Strigiformes,Strigidae,Asio,Long-eared owl,Asio otus,,free,Campylobacter jejuni,Campylobacter jejuni,feces or cloaca swab,yes,no,,,10,49,,NA,,NA,,NA,,,,,,,,NA,NA,NA,NA,NA,NA,NA,NA,Low,1
Waldenstrom et al.,2002,Waldenstrom et al. 2002,yes,review,"Sweden, Oland, Oteby Bird Observatory",no,Europe,"PCR, Biochemical, plate culture, outside lab, standard method",Molecular,NA,NA,NA,NA,Animal,Bird,Strigiformes,Strigidae,Asio,Long-eared owl,Asio otus,,free,Campylobacter lari,Campylobacter lari,feces or cloaca swab,yes,no,,,ND,49,,NA,,NA,,NA,,,,,,,,NA,NA,NA,NA,NA,NA,NA,NA,Low,1
Waldenstrom et al.,2002,Waldenstrom et al. 2002,yes,review,"Sweden, Oland, Oteby Bird Observatory",no,Europe,"PCR, Biochemical, plate culture, outside lab, standard method",Molecular,NA,NA,NA,NA,Animal,Bird,Passeriformes,Aegithalidae,Aegithalos,Long-tailed tit,Aegithalos caudatus,,free,Campylobacter spp.,Campylobacter,feces or cloaca swab,yes,no,,,ND,8,,NA,,NA,,NA,,,,,,,,NA,NA,NA,NA,NA,NA,NA,NA,Low,1
Waldenstrom et al.,2002,Waldenstrom et al. 2002,yes,review,"Sweden, Oland, Oteby Bird Observatory",no,Europe,"PCR, Biochemical, plate culture, outside lab, standard method",Molecular,NA,NA,NA,NA,Animal,Bird,Passeriformes,Aegithalidae,Aegithalos,Long-tailed tit,Aegithalos caudatus,,free,Campylobacter coli,Campylobacter coli,feces or cloaca swab,yes,no,,,ND,8,,NA,,NA,,NA,,,,,,,,NA,NA,NA,NA,NA,NA,NA,NA,Low,1
Waldenstrom et al.,2002,Waldenstrom et al. 2002,yes,review,"Sweden, Oland, Oteby Bird Observatory",no,Europe,"PCR, Biochemical, plate culture, outside lab, standard method",Molecular,NA,NA,NA,NA,Animal,Bird,Passeriformes,Aegithalidae,Aegithalos,Long-tailed tit,Aegithalos caudatus,,free,Campylobacter jejuni,Campylobacter jejuni,feces or cloaca swab,yes,no,,,ND,8,,NA,,NA,,NA,,,,,,,,NA,NA,NA,NA,NA,NA,NA,NA,Low,1
Waldenstrom et al.,2002,Waldenstrom et al. 2002,yes,review,"Sweden, Oland, Oteby Bird Observatory",no,Europe,"PCR, Biochemical, plate culture, outside lab, standard method",Molecular,NA,NA,NA,NA,Animal,Bird,Passeriformes,Aegithalidae,Aegithalos,Long-tailed tit,Aegithalos caudatus,,free,Campylobacter lari,Campylobacter lari,feces or cloaca swab,yes,no,,,ND,8,,NA,,NA,,NA,,,,,,,,NA,NA,NA,NA,NA,NA,NA,NA,Low,1
Waldenstrom et al.,2002,Waldenstrom et al. 2002,yes,review,"Sweden, Oland, Oteby Bird Observatory",no,Europe,"PCR, Biochemical, plate culture, outside lab, standard method",Molecular,NA,NA,NA,NA,Animal,Bird,Passeriformes,Acrocephalidae,Acrocephalus,Marsh warbler,Acrocephalus palustris,,free,Campylobacter spp.,Campylobacter,feces or cloaca swab,yes,no,,,ND,4,,NA,,NA,,NA,,,,,,,,NA,NA,NA,NA,NA,NA,NA,NA,Low,1
Waldenstrom et al.,2002,Waldenstrom et al. 2002,yes,review,"Sweden, Oland, Oteby Bird Observatory",no,Europe,"PCR, Biochemical, plate culture, outside lab, standard method",Molecular,NA,NA,NA,NA,Animal,Bird,Passeriformes,Acrocephalidae,Acrocephalus,Marsh warbler,Acrocephalus palustris,,free,Campylobacter coli,Campylobacter coli,feces or cloaca swab,yes,no,,,ND,4,,NA,,NA,,NA,,,,,,,,NA,NA,NA,NA,NA,NA,NA,NA,Low,1
Waldenstrom et al.,2002,Waldenstrom et al. 2002,yes,review,"Sweden, Oland, Oteby Bird Observatory",no,Europe,"PCR, Biochemical, plate culture, outside lab, standard method",Molecular,NA,NA,NA,NA,Animal,Bird,Passeriformes,Acrocephalidae,Acrocephalus,Marsh warbler,Acrocephalus palustris,,free,Campylobacter jejuni,Campylobacter jejuni,feces or cloaca swab,yes,no,,,ND,4,,NA,,NA,,NA,,,,,,,,NA,NA,NA,NA,NA,NA,NA,NA,Low,1
Waldenstrom et al.,2002,Waldenstrom et al. 2002,yes,review,"Sweden, Oland, Oteby Bird Observatory",no,Europe,"PCR, Biochemical, plate culture, outside lab, standard method",Molecular,NA,NA,NA,NA,Animal,Bird,Passeriformes,Acrocephalidae,Acrocephalus,Marsh warbler,Acrocephalus palustris,,free,Campylobacter lari,Campylobacter lari,feces or cloaca swab,yes,no,,,ND,4,,NA,,NA,,NA,,,,,,,,NA,NA,NA,NA,NA,NA,NA,NA,Low,1
Waldenstrom et al.,2002,Waldenstrom et al. 2002,yes,review,"Sweden, Oland, Oteby Bird Observatory",no,Europe,"PCR, Biochemical, plate culture, outside lab, standard method",Molecular,NA,NA,NA,NA,Animal,Bird,Passeriformes,Motacillidae,Anthus,Meadow pipit,Anthus pratensis,,free,Campylobacter spp.,Campylobacter,feces or cloaca swab,yes,no,,,2,9,,NA,,NA,,NA,,,,,,,,NA,NA,NA,NA,NA,NA,NA,NA,Low,1
Waldenstrom et al.,2002,Waldenstrom et al. 2002,yes,review,"Sweden, Oland, Oteby Bird Observatory",no,Europe,"PCR, Biochemical, plate culture, outside lab, standard method",Molecular,NA,NA,NA,NA,Animal,Bird,Passeriformes,Motacillidae,Anthus,Meadow pipit,Anthus pratensis,,free,Campylobacter coli,Campylobacter coli,feces or cloaca swab,yes,no,,,ND,9,,NA,,NA,,NA,,,,,,,,NA,NA,NA,NA,NA,NA,NA,NA,Low,1
Waldenstrom et al.,2002,Waldenstrom et al. 2002,yes,review,"Sweden, Oland, Oteby Bird Observatory",no,Europe,"PCR, Biochemical, plate culture, outside lab, standard method",Molecular,NA,NA,NA,NA,Animal,Bird,Passeriformes,Motacillidae,Anthus,Meadow pipit,Anthus pratensis,,free,Campylobacter jejuni,Campylobacter jejuni,feces or cloaca swab,yes,no,,,ND,9,,NA,,NA,,NA,,,,,,,,NA,NA,NA,NA,NA,NA,NA,NA,Low,1
Waldenstrom et al.,2002,Waldenstrom et al. 2002,yes,review,"Sweden, Oland, Oteby Bird Observatory",no,Europe,"PCR, Biochemical, plate culture, outside lab, standard method",Molecular,NA,NA,NA,NA,Animal,Bird,Passeriformes,Motacillidae,Anthus,Meadow pipit,Anthus pratensis,,free,Campylobacter lari,Campylobacter lari,feces or cloaca swab,yes,no,,,ND,9,,NA,,NA,,NA,,,,,,,,NA,NA,NA,NA,NA,NA,NA,NA,Low,1
Waldenstrom et al.,2002,Waldenstrom et al. 2002,yes,review,"Sweden, Oland, Oteby Bird Observatory",no,Europe,"PCR, Biochemical, plate culture, outside lab, standard method",Molecular,NA,NA,NA,NA,Animal,Bird,Passeriformes,Turdidae,Turdus,Mistle thrush,Turdus viscivorus,,free,Campylobacter spp.,Campylobacter,feces or cloaca swab,yes,no,,,ND,1,,NA,,NA,,NA,,,,,,,,NA,NA,NA,NA,NA,NA,NA,NA,Low,1
Waldenstrom et al.,2002,Waldenstrom et al. 2002,yes,review,"Sweden, Oland, Oteby Bird Observatory",no,Europe,"PCR, Biochemical, plate culture, outside lab, standard method",Molecular,NA,NA,NA,NA,Animal,Bird,Passeriformes,Turdidae,Turdus,Mistle thrush,Turdus viscivorus,,free,Campylobacter coli,Campylobacter coli,feces or cloaca swab,yes,no,,,ND,1,,NA,,NA,,NA,,,,,,,,NA,NA,NA,NA,NA,NA,NA,NA,Low,1
Waldenstrom et al.,2002,Waldenstrom et al. 2002,yes,review,"Sweden, Oland, Oteby Bird Observatory",no,Europe,"PCR, Biochemical, plate culture, outside lab, standard method",Molecular,NA,NA,NA,NA,Animal,Bird,Passeriformes,Turdidae,Turdus,Mistle thrush,Turdus viscivorus,,free,Campylobacter jejuni,Campylobacter jejuni,feces or cloaca swab,yes,no,,,1,1,,NA,,NA,,NA,,,,,,,,NA,NA,NA,NA,NA,NA,NA,NA,Low,1
Waldenstrom et al.,2002,Waldenstrom et al. 2002,yes,review,"Sweden, Oland, Oteby Bird Observatory",no,Europe,"PCR, Biochemical, plate culture, outside lab, standard method",Molecular,NA,NA,NA,NA,Animal,Bird,Passeriformes,Turdidae,Turdus,Mistle thrush,Turdus viscivorus,,free,Campylobacter lari,Campylobacter lari,feces or cloaca swab,yes,no,,,ND,1,,NA,,NA,,NA,,,,,,,,NA,NA,NA,NA,NA,NA,NA,NA,Low,1
Waldenstrom et al.,2002,Waldenstrom et al. 2002,yes,review,"Sweden, Oland, Oteby Bird Observatory",no,Europe,"PCR, Biochemical, plate culture, outside lab, standard method",Molecular,NA,NA,NA,NA,Animal,Bird,Accipitriformes,Accipitridae,Accipiter,Northern goshawk,Accipiter gentilis,,free,Campylobacter spp.,Campylobacter,feces or cloaca swab,yes,no,,,ND,1,,NA,,NA,,NA,,,,,,,,NA,NA,NA,NA,NA,NA,NA,NA,Low,1
Waldenstrom et al.,2002,Waldenstrom et al. 2002,yes,review,"Sweden, Oland, Oteby Bird Observatory",no,Europe,"PCR, Biochemical, plate culture, outside lab, standard method",Molecular,NA,NA,NA,NA,Animal,Bird,Accipitriformes,Accipitridae,Accipiter,Northern goshawk,Accipiter gentilis,,free,Campylobacter coli,Campylobacter coli,feces or cloaca swab,yes,no,,,ND,1,,NA,,NA,,NA,,,,,,,,NA,NA,NA,NA,NA,NA,NA,NA,Low,1
Waldenstrom et al.,2002,Waldenstrom et al. 2002,yes,review,"Sweden, Oland, Oteby Bird Observatory",no,Europe,"PCR, Biochemical, plate culture, outside lab, standard method",Molecular,NA,NA,NA,NA,Animal,Bird,Accipitriformes,Accipitridae,Accipiter,Northern goshawk,Accipiter gentilis,,free,Campylobacter jejuni,Campylobacter jejuni,feces or cloaca swab,yes,no,,,1,1,,NA,,NA,,NA,,,,,,,,NA,NA,NA,NA,NA,NA,NA,NA,Low,1
Waldenstrom et al.,2002,Waldenstrom et al. 2002,yes,review,"Sweden, Oland, Oteby Bird Observatory",no,Europe,"PCR, Biochemical, plate culture, outside lab, standard method",Molecular,NA,NA,NA,NA,Animal,Bird,Accipitriformes,Accipitridae,Accipiter,Northern goshawk,Accipiter gentilis,,free,Campylobacter lari,Campylobacter lari,feces or cloaca swab,yes,no,,,ND,1,,NA,,NA,,NA,,,,,,,,NA,NA,NA,NA,NA,NA,NA,NA,Low,1
Waldenstrom et al.,2002,Waldenstrom et al. 2002,yes,review,"Sweden, Oland, Oteby Bird Observatory",no,Europe,"PCR, Biochemical, plate culture, outside lab, standard method",Molecular,NA,NA,NA,NA,Animal,Bird,Anseriformes,Anatidae,Anas,Northern pintail,Anas acuta,,free,Campylobacter spp.,Campylobacter,feces or cloaca swab,yes,no,,,1,1,,NA,,NA,,NA,,,,,,,,NA,NA,NA,NA,NA,NA,NA,NA,Low,1
Waldenstrom et al.,2002,Waldenstrom et al. 2002,yes,review,"Sweden, Oland, Oteby Bird Observatory",no,Europe,"PCR, Biochemical, plate culture, outside lab, standard method",Molecular,NA,NA,NA,NA,Animal,Bird,Anseriformes,Anatidae,Anas,Northern pintail,Anas acuta,,free,Campylobacter coli,Campylobacter coli,feces or cloaca swab,yes,no,,,ND,1,,NA,,NA,,NA,,,,,,,,NA,NA,NA,NA,NA,NA,NA,NA,Low,1
Waldenstrom et al.,2002,Waldenstrom et al. 2002,yes,review,"Sweden, Oland, Oteby Bird Observatory",no,Europe,"PCR, Biochemical, plate culture, outside lab, standard method",Molecular,NA,NA,NA,NA,Animal,Bird,Anseriformes,Anatidae,Anas,Northern pintail,Anas acuta,,free,Campylobacter jejuni,Campylobacter jejuni,feces or cloaca swab,yes,no,,,ND,1,,NA,,NA,,NA,,,,,,,,NA,NA,NA,NA,NA,NA,NA,NA,Low,1
Waldenstrom et al.,2002,Waldenstrom et al. 2002,yes,review,"Sweden, Oland, Oteby Bird Observatory",no,Europe,"PCR, Biochemical, plate culture, outside lab, standard method",Molecular,NA,NA,NA,NA,Animal,Bird,Anseriformes,Anatidae,Anas,Northern pintail,Anas acuta,,free,Campylobacter lari,Campylobacter lari,feces or cloaca swab,yes,no,,,ND,1,,NA,,NA,,NA,,,,,,,,NA,NA,NA,NA,NA,NA,NA,NA,Low,1
Waldenstrom et al.,2002,Waldenstrom et al. 2002,yes,review,"Sweden, Oland, Oteby Bird Observatory",no,Europe,"PCR, Biochemical, plate culture, outside lab, standard method",Molecular,NA,NA,NA,NA,Animal,Bird,Passeriformes,Muscicapidae,Oenanthe,Northern wheatear,Oenanthe oenanthe,,free,Campylobacter spp.,Campylobacter,feces or cloaca swab,yes,no,,,ND,2,,NA,,NA,,NA,,,,,,,,NA,NA,NA,NA,NA,NA,NA,NA,Low,1
Waldenstrom et al.,2002,Waldenstrom et al. 2002,yes,review,"Sweden, Oland, Oteby Bird Observatory",no,Europe,"PCR, Biochemical, plate culture, outside lab, standard method",Molecular,NA,NA,NA,NA,Animal,Bird,Passeriformes,Muscicapidae,Oenanthe,Northern wheatear,Oenanthe oenanthe,,free,Campylobacter coli,Campylobacter coli,feces or cloaca swab,yes,no,,,ND,2,,NA,,NA,,NA,,,,,,,,NA,NA,NA,NA,NA,NA,NA,NA,Low,1
Waldenstrom et al.,2002,Waldenstrom et al. 2002,yes,review,"Sweden, Oland, Oteby Bird Observatory",no,Europe,"PCR, Biochemical, plate culture, outside lab, standard method",Molecular,NA,NA,NA,NA,Animal,Bird,Passeriformes,Muscicapidae,Oenanthe,Northern wheatear,Oenanthe oenanthe,,free,Campylobacter jejuni,Campylobacter jejuni,feces or cloaca swab,yes,no,,,ND,2,,NA,,NA,,NA,,,,,,,,NA,NA,NA,NA,NA,NA,NA,NA,Low,1
Waldenstrom et al.,2002,Waldenstrom et al. 2002,yes,review,"Sweden, Oland, Oteby Bird Observatory",no,Europe,"PCR, Biochemical, plate culture, outside lab, standard method",Molecular,NA,NA,NA,NA,Animal,Bird,Passeriformes,Muscicapidae,Oenanthe,Northern wheatear,Oenanthe oenanthe,,free,Campylobacter lari,Campylobacter lari,feces or cloaca swab,yes,no,,,ND,2,,NA,,NA,,NA,,,,,,,,NA,NA,NA,NA,NA,NA,NA,NA,Low,1
Waldenstrom et al.,2002,Waldenstrom et al. 2002,yes,review,"Sweden, Oland, Oteby Bird Observatory",no,Europe,"PCR, Biochemical, plate culture, outside lab, standard method",Molecular,NA,NA,NA,NA,Animal,Bird,Passeriformes,Emberizidae,Emberiza,Ortolan bunting,Emberiza hortulana,,free,Campylobacter spp.,Campylobacter,feces or cloaca swab,yes,no,,,ND,6,,NA,,NA,,NA,,,,,,,,NA,NA,NA,NA,NA,NA,NA,NA,Low,1
Waldenstrom et al.,2002,Waldenstrom et al. 2002,yes,review,"Sweden, Oland, Oteby Bird Observatory",no,Europe,"PCR, Biochemical, plate culture, outside lab, standard method",Molecular,NA,NA,NA,NA,Animal,Bird,Passeriformes,Emberizidae,Emberiza,Ortolan bunting,Emberiza hortulana,,free,Campylobacter coli,Campylobacter coli,feces or cloaca swab,yes,no,,,1,6,,NA,,NA,,NA,,,,,,,,NA,NA,NA,NA,NA,NA,NA,NA,Low,1
Waldenstrom et al.,2002,Waldenstrom et al. 2002,yes,review,"Sweden, Oland, Oteby Bird Observatory",no,Europe,"PCR, Biochemical, plate culture, outside lab, standard method",Molecular,NA,NA,NA,NA,Animal,Bird,Passeriformes,Emberizidae,Emberiza,Ortolan bunting,Emberiza hortulana,,free,Campylobacter jejuni,Campylobacter jejuni,feces or cloaca swab,yes,no,,,ND,6,,NA,,NA,,NA,,,,,,,,NA,NA,NA,NA,NA,NA,NA,NA,Low,1
Waldenstrom et al.,2002,Waldenstrom et al. 2002,yes,review,"Sweden, Oland, Oteby Bird Observatory",no,Europe,"PCR, Biochemical, plate culture, outside lab, standard method",Molecular,NA,NA,NA,NA,Animal,Bird,Passeriformes,Emberizidae,Emberiza,Ortolan bunting,Emberiza hortulana,,free,Campylobacter lari,Campylobacter lari,feces or cloaca swab,yes,no,,,ND,6,,NA,,NA,,NA,,,,,,,,NA,NA,NA,NA,NA,NA,NA,NA,Low,1
Waldenstrom et al.,2002,Waldenstrom et al. 2002,yes,review,"Sweden, Oland, Oteby Bird Observatory",no,Europe,"PCR, Biochemical, plate culture, outside lab, standard method",Molecular,NA,NA,NA,NA,Animal,Bird,Passeriformes,Phylloscopidae,Phylloscopus,Pallas's leaf warbler,Phylloscopus proregulus,,free,Campylobacter spp.,Campylobacter,feces or cloaca swab,yes,no,,,ND,2,,NA,,NA,,NA,,,,,,,,NA,NA,NA,NA,NA,NA,NA,NA,Low,1
Waldenstrom et al.,2002,Waldenstrom et al. 2002,yes,review,"Sweden, Oland, Oteby Bird Observatory",no,Europe,"PCR, Biochemical, plate culture, outside lab, standard method",Molecular,NA,NA,NA,NA,Animal,Bird,Passeriformes,Phylloscopidae,Phylloscopus,Pallas's leaf warbler,Phylloscopus proregulus,,free,Campylobacter coli,Campylobacter coli,feces or cloaca swab,yes,no,,,ND,2,,NA,,NA,,NA,,,,,,,,NA,NA,NA,NA,NA,NA,NA,NA,Low,1
Waldenstrom et al.,2002,Waldenstrom et al. 2002,yes,review,"Sweden, Oland, Oteby Bird Observatory",no,Europe,"PCR, Biochemical, plate culture, outside lab, standard method",Molecular,NA,NA,NA,NA,Animal,Bird,Passeriformes,Phylloscopidae,Phylloscopus,Pallas's leaf warbler,Phylloscopus proregulus,,free,Campylobacter jejuni,Campylobacter jejuni,feces or cloaca swab,yes,no,,,ND,2,,NA,,NA,,NA,,,,,,,,NA,NA,NA,NA,NA,NA,NA,NA,Low,1
Waldenstrom et al.,2002,Waldenstrom et al. 2002,yes,review,"Sweden, Oland, Oteby Bird Observatory",no,Europe,"PCR, Biochemical, plate culture, outside lab, standard method",Molecular,NA,NA,NA,NA,Animal,Bird,Passeriformes,Phylloscopidae,Phylloscopus,Pallas's leaf warbler,Phylloscopus proregulus,,free,Campylobacter lari,Campylobacter lari,feces or cloaca swab,yes,no,,,ND,2,,NA,,NA,,NA,,,,,,,,NA,NA,NA,NA,NA,NA,NA,NA,Low,1
Waldenstrom et al.,2002,Waldenstrom et al. 2002,yes,review,"Sweden, Oland, Oteby Bird Observatory",no,Europe,"PCR, Biochemical, plate culture, outside lab, standard method",Molecular,NA,NA,NA,NA,Animal,Bird,Passeriformes,Fringillidae,Loxia,Red crossbill,Loxia curvirostra,,free,Campylobacter spp.,Campylobacter,feces or cloaca swab,yes,no,,,ND,1,,NA,,NA,,NA,,,,,,,,NA,NA,NA,NA,NA,NA,NA,NA,Low,1
Waldenstrom et al.,2002,Waldenstrom et al. 2002,yes,review,"Sweden, Oland, Oteby Bird Observatory",no,Europe,"PCR, Biochemical, plate culture, outside lab, standard method",Molecular,NA,NA,NA,NA,Animal,Bird,Passeriformes,Fringillidae,Loxia,Red crossbill,Loxia curvirostra,,free,Campylobacter coli,Campylobacter coli,feces or cloaca swab,yes,no,,,ND,1,,NA,,NA,,NA,,,,,,,,NA,NA,NA,NA,NA,NA,NA,NA,Low,1
Waldenstrom et al.,2002,Waldenstrom et al. 2002,yes,review,"Sweden, Oland, Oteby Bird Observatory",no,Europe,"PCR, Biochemical, plate culture, outside lab, standard method",Molecular,NA,NA,NA,NA,Animal,Bird,Passeriformes,Fringillidae,Loxia,Red crossbill,Loxia curvirostra,,free,Campylobacter jejuni,Campylobacter jejuni,feces or cloaca swab,yes,no,,,ND,1,,NA,,NA,,NA,,,,,,,,NA,NA,NA,NA,NA,NA,NA,NA,Low,1
Waldenstrom et al.,2002,Waldenstrom et al. 2002,yes,review,"Sweden, Oland, Oteby Bird Observatory",no,Europe,"PCR, Biochemical, plate culture, outside lab, standard method",Molecular,NA,NA,NA,NA,Animal,Bird,Passeriformes,Fringillidae,Loxia,Red crossbill,Loxia curvirostra,,free,Campylobacter lari,Campylobacter lari,feces or cloaca swab,yes,no,,,ND,1,,NA,,NA,,NA,,,,,,,,NA,NA,NA,NA,NA,NA,NA,NA,Low,1
Waldenstrom et al.,2002,Waldenstrom et al. 2002,yes,review,"Sweden, Oland, Oteby Bird Observatory",no,Europe,"PCR, Biochemical, plate culture, outside lab, standard method",Molecular,NA,NA,NA,NA,Animal,Bird,Charadriiformes,Scolopacidae,Calidris,Red knot,Calidris canutus,,free,Campylobacter spp.,Campylobacter,feces or cloaca swab,yes,no,,,ND,3,,NA,,NA,,NA,,,,,,,,NA,NA,NA,NA,NA,NA,NA,NA,Low,1
Waldenstrom et al.,2002,Waldenstrom et al. 2002,yes,review,"Sweden, Oland, Oteby Bird Observatory",no,Europe,"PCR, Biochemical, plate culture, outside lab, standard method",Molecular,NA,NA,NA,NA,Animal,Bird,Charadriiformes,Scolopacidae,Calidris,Red knot,Calidris canutus,,free,Campylobacter coli,Campylobacter coli,feces or cloaca swab,yes,no,,,ND,3,,NA,,NA,,NA,,,,,,,,NA,NA,NA,NA,NA,NA,NA,NA,Low,1
Waldenstrom et al.,2002,Waldenstrom et al. 2002,yes,review,"Sweden, Oland, Oteby Bird Observatory",no,Europe,"PCR, Biochemical, plate culture, outside lab, standard method",Molecular,NA,NA,NA,NA,Animal,Bird,Charadriiformes,Scolopacidae,Calidris,Red knot,Calidris canutus,,free,Campylobacter jejuni,Campylobacter jejuni,feces or cloaca swab,yes,no,,,ND,3,,NA,,NA,,NA,,,,,,,,NA,NA,NA,NA,NA,NA,NA,NA,Low,1
Waldenstrom et al.,2002,Waldenstrom et al. 2002,yes,review,"Sweden, Oland, Oteby Bird Observatory",no,Europe,"PCR, Biochemical, plate culture, outside lab, standard method",Molecular,NA,NA,NA,NA,Animal,Bird,Charadriiformes,Scolopacidae,Calidris,Red knot,Calidris canutus,,free,Campylobacter lari,Campylobacter lari,feces or cloaca swab,yes,no,,,2,3,,NA,,NA,,NA,,,,,,,,NA,NA,NA,NA,NA,NA,NA,NA,Low,1
Waldenstrom et al.,2002,Waldenstrom et al. 2002,yes,review,"Sweden, Oland, Oteby Bird Observatory",no,Europe,"PCR, Biochemical, plate culture, outside lab, standard method",Molecular,NA,NA,NA,NA,Animal,Bird,Passeriformes,Laniidae,Lanius,Red-backed shrike,Lanius collurio,,free,Campylobacter spp.,Campylobacter,feces or cloaca swab,yes,no,,,ND,9,,NA,,NA,,NA,,,,,,,,NA,NA,NA,NA,NA,NA,NA,NA,Low,1
Waldenstrom et al.,2002,Waldenstrom et al. 2002,yes,review,"Sweden, Oland, Oteby Bird Observatory",no,Europe,"PCR, Biochemical, plate culture, outside lab, standard method",Molecular,NA,NA,NA,NA,Animal,Bird,Passeriformes,Laniidae,Lanius,Red-backed shrike,Lanius collurio,,free,Campylobacter coli,Campylobacter coli,feces or cloaca swab,yes,no,,,ND,9,,NA,,NA,,NA,,,,,,,,NA,NA,NA,NA,NA,NA,NA,NA,Low,1
Waldenstrom et al.,2002,Waldenstrom et al. 2002,yes,review,"Sweden, Oland, Oteby Bird Observatory",no,Europe,"PCR, Biochemical, plate culture, outside lab, standard method",Molecular,NA,NA,NA,NA,Animal,Bird,Passeriformes,Laniidae,Lanius,Red-backed shrike,Lanius collurio,,free,Campylobacter jejuni,Campylobacter jejuni,feces or cloaca swab,yes,no,,,ND,9,,NA,,NA,,NA,,,,,,,,NA,NA,NA,NA,NA,NA,NA,NA,Low,1
Waldenstrom et al.,2002,Waldenstrom et al. 2002,yes,review,"Sweden, Oland, Oteby Bird Observatory",no,Europe,"PCR, Biochemical, plate culture, outside lab, standard method",Molecular,NA,NA,NA,NA,Animal,Bird,Passeriformes,Laniidae,Lanius,Red-backed shrike,Lanius collurio,,free,Campylobacter lari,Campylobacter lari,feces or cloaca swab,yes,no,,,ND,9,,NA,,NA,,NA,,,,,,,,NA,NA,NA,NA,NA,NA,NA,NA,Low,1
Waldenstrom et al.,2002,Waldenstrom et al. 2002,yes,review,"Sweden, Oland, Oteby Bird Observatory",no,Europe,"PCR, Biochemical, plate culture, outside lab, standard method",Molecular,NA,NA,NA,NA,Animal,Bird,Passeriformes,Muscicapidae,Ficedula,Red-breasted flycatcher,Ficedula parva,,free,Campylobacter spp.,Campylobacter,feces or cloaca swab,yes,no,,,ND,5,,NA,,NA,,NA,,,,,,,,NA,NA,NA,NA,NA,NA,NA,NA,Low,1
Waldenstrom et al.,2002,Waldenstrom et al. 2002,yes,review,"Sweden, Oland, Oteby Bird Observatory",no,Europe,"PCR, Biochemical, plate culture, outside lab, standard method",Molecular,NA,NA,NA,NA,Animal,Bird,Passeriformes,Muscicapidae,Ficedula,Red-breasted flycatcher,Ficedula parva,,free,Campylobacter coli,Campylobacter coli,feces or cloaca swab,yes,no,,,ND,5,,NA,,NA,,NA,,,,,,,,NA,NA,NA,NA,NA,NA,NA,NA,Low,1
Waldenstrom et al.,2002,Waldenstrom et al. 2002,yes,review,"Sweden, Oland, Oteby Bird Observatory",no,Europe,"PCR, Biochemical, plate culture, outside lab, standard method",Molecular,NA,NA,NA,NA,Animal,Bird,Passeriformes,Muscicapidae,Ficedula,Red-breasted flycatcher,Ficedula parva,,free,Campylobacter jejuni,Campylobacter jejuni,feces or cloaca swab,yes,no,,,ND,5,,NA,,NA,,NA,,,,,,,,NA,NA,NA,NA,NA,NA,NA,NA,Low,1
Waldenstrom et al.,2002,Waldenstrom et al. 2002,yes,review,"Sweden, Oland, Oteby Bird Observatory",no,Europe,"PCR, Biochemical, plate culture, outside lab, standard method",Molecular,NA,NA,NA,NA,Animal,Bird,Passeriformes,Muscicapidae,Ficedula,Red-breasted flycatcher,Ficedula parva,,free,Campylobacter lari,Campylobacter lari,feces or cloaca swab,yes,no,,,ND,5,,NA,,NA,,NA,,,,,,,,NA,NA,NA,NA,NA,NA,NA,NA,Low,1
Waldenstrom et al.,2002,Waldenstrom et al. 2002,yes,review,"Sweden, Oland, Oteby Bird Observatory",no,Europe,"PCR, Biochemical, plate culture, outside lab, standard method",Molecular,NA,NA,NA,NA,Animal,Bird,Passeriformes,Turdidae,Turdus,Redwing,Turdus iliacus,,free,Campylobacter spp.,Campylobacter,feces or cloaca swab,yes,no,,,ND,10,,NA,,NA,,NA,,,,,,,,NA,NA,NA,NA,NA,NA,NA,NA,Low,1
Waldenstrom et al.,2002,Waldenstrom et al. 2002,yes,review,"Sweden, Oland, Oteby Bird Observatory",no,Europe,"PCR, Biochemical, plate culture, outside lab, standard method",Molecular,NA,NA,NA,NA,Animal,Bird,Passeriformes,Turdidae,Turdus,Redwing,Turdus iliacus,,free,Campylobacter coli,Campylobacter coli,feces or cloaca swab,yes,no,,,ND,10,,NA,,NA,,NA,,,,,,,,NA,NA,NA,NA,NA,NA,NA,NA,Low,1
Waldenstrom et al.,2002,Waldenstrom et al. 2002,yes,review,"Sweden, Oland, Oteby Bird Observatory",no,Europe,"PCR, Biochemical, plate culture, outside lab, standard method",Molecular,NA,NA,NA,NA,Animal,Bird,Passeriformes,Turdidae,Turdus,Redwing,Turdus iliacus,,free,Campylobacter jejuni,Campylobacter jejuni,feces or cloaca swab,yes,no,,,5,10,,NA,,NA,,NA,,,,,,,,NA,NA,NA,NA,NA,NA,NA,NA,Low,1
Waldenstrom et al.,2002,Waldenstrom et al. 2002,yes,review,"Sweden, Oland, Oteby Bird Observatory",no,Europe,"PCR, Biochemical, plate culture, outside lab, standard method",Molecular,NA,NA,NA,NA,Animal,Bird,Passeriformes,Turdidae,Turdus,Redwing,Turdus iliacus,,free,Campylobacter lari,Campylobacter lari,feces or cloaca swab,yes,no,,,ND,10,,NA,,NA,,NA,,,,,,,,NA,NA,NA,NA,NA,NA,NA,NA,Low,1
Waldenstrom et al.,2002,Waldenstrom et al. 2002,yes,review,"Sweden, Oland, Oteby Bird Observatory",no,Europe,"PCR, Biochemical, plate culture, outside lab, standard method",Molecular,NA,NA,NA,NA,Animal,Bird,Passeriformes,Turdidae,Turdus,Ring ouzel,Turdus torquatus,,free,Campylobacter spp.,Campylobacter,feces or cloaca swab,yes,no,,,ND,1,,NA,,NA,,NA,,,,,,,,NA,NA,NA,NA,NA,NA,NA,NA,Low,1
Waldenstrom et al.,2002,Waldenstrom et al. 2002,yes,review,"Sweden, Oland, Oteby Bird Observatory",no,Europe,"PCR, Biochemical, plate culture, outside lab, standard method",Molecular,NA,NA,NA,NA,Animal,Bird,Passeriformes,Turdidae,Turdus,Ring ouzel,Turdus torquatus,,free,Campylobacter coli,Campylobacter coli,feces or cloaca swab,yes,no,,,ND,1,,NA,,NA,,NA,,,,,,,,NA,NA,NA,NA,NA,NA,NA,NA,Low,1
Waldenstrom et al.,2002,Waldenstrom et al. 2002,yes,review,"Sweden, Oland, Oteby Bird Observatory",no,Europe,"PCR, Biochemical, plate culture, outside lab, standard method",Molecular,NA,NA,NA,NA,Animal,Bird,Passeriformes,Turdidae,Turdus,Ring ouzel,Turdus torquatus,,free,Campylobacter jejuni,Campylobacter jejuni,feces or cloaca swab,yes,no,,,ND,1,,NA,,NA,,NA,,,,,,,,NA,NA,NA,NA,NA,NA,NA,NA,Low,1
Waldenstrom et al.,2002,Waldenstrom et al. 2002,yes,review,"Sweden, Oland, Oteby Bird Observatory",no,Europe,"PCR, Biochemical, plate culture, outside lab, standard method",Molecular,NA,NA,NA,NA,Animal,Bird,Passeriformes,Turdidae,Turdus,Ring ouzel,Turdus torquatus,,free,Campylobacter lari,Campylobacter lari,feces or cloaca swab,yes,no,,,ND,1,,NA,,NA,,NA,,,,,,,,NA,NA,NA,NA,NA,NA,NA,NA,Low,1
Waldenstrom et al.,2002,Waldenstrom et al. 2002,yes,review,"Sweden, Oland, Oteby Bird Observatory",no,Europe,"PCR, Biochemical, plate culture, outside lab, standard method",Molecular,NA,NA,NA,NA,Animal,Bird,Charadriiformes,Scolopacidae,Arenaria,Ruddy turnstone,Arenaria interpres,,free,Campylobacter spp.,Campylobacter,feces or cloaca swab,yes,no,,,ND,4,,NA,,NA,,NA,,,,,,,,NA,NA,NA,NA,NA,NA,NA,NA,Low,1
Waldenstrom et al.,2002,Waldenstrom et al. 2002,yes,review,"Sweden, Oland, Oteby Bird Observatory",no,Europe,"PCR, Biochemical, plate culture, outside lab, standard method",Molecular,NA,NA,NA,NA,Animal,Bird,Charadriiformes,Scolopacidae,Arenaria,Ruddy turnstone,Arenaria interpres,,free,Campylobacter coli,Campylobacter coli,feces or cloaca swab,yes,no,,,ND,4,,NA,,NA,,NA,,,,,,,,NA,NA,NA,NA,NA,NA,NA,NA,Low,1
Waldenstrom et al.,2002,Waldenstrom et al. 2002,yes,review,"Sweden, Oland, Oteby Bird Observatory",no,Europe,"PCR, Biochemical, plate culture, outside lab, standard method",Molecular,NA,NA,NA,NA,Animal,Bird,Charadriiformes,Scolopacidae,Arenaria,Ruddy turnstone,Arenaria interpres,,free,Campylobacter jejuni,Campylobacter jejuni,feces or cloaca swab,yes,no,,,ND,4,,NA,,NA,,NA,,,,,,,,NA,NA,NA,NA,NA,NA,NA,NA,Low,1
Waldenstrom et al.,2002,Waldenstrom et al. 2002,yes,review,"Sweden, Oland, Oteby Bird Observatory",no,Europe,"PCR, Biochemical, plate culture, outside lab, standard method",Molecular,NA,NA,NA,NA,Animal,Bird,Charadriiformes,Scolopacidae,Arenaria,Ruddy turnstone,Arenaria interpres,,free,Campylobacter lari,Campylobacter lari,feces or cloaca swab,yes,no,,,3,4,,NA,,NA,,NA,,,,,,,,NA,NA,NA,NA,NA,NA,NA,NA,Low,1
Waldenstrom et al.,2002,Waldenstrom et al. 2002,yes,review,"Sweden, Oland, Oteby Bird Observatory",no,Europe,"PCR, Biochemical, plate culture, outside lab, standard method",Molecular,NA,NA,NA,NA,Animal,Bird,Charadriiformes,Scolopacidae,Calidris,Ruff,Philomachus pugnax,,free,Campylobacter spp.,Campylobacter,feces or cloaca swab,yes,no,,,ND,1,,NA,,NA,,NA,,,,,,,,NA,NA,NA,NA,NA,NA,NA,NA,Low,1
Waldenstrom et al.,2002,Waldenstrom et al. 2002,yes,review,"Sweden, Oland, Oteby Bird Observatory",no,Europe,"PCR, Biochemical, plate culture, outside lab, standard method",Molecular,NA,NA,NA,NA,Animal,Bird,Charadriiformes,Scolopacidae,Calidris,Ruff,Philomachus pugnax,,free,Campylobacter coli,Campylobacter coli,feces or cloaca swab,yes,no,,,1,1,,NA,,NA,,NA,,,,,,,,NA,NA,NA,NA,NA,NA,NA,NA,Low,1
Waldenstrom et al.,2002,Waldenstrom et al. 2002,yes,review,"Sweden, Oland, Oteby Bird Observatory",no,Europe,"PCR, Biochemical, plate culture, outside lab, standard method",Molecular,NA,NA,NA,NA,Animal,Bird,Charadriiformes,Scolopacidae,Calidris,Ruff,Philomachus pugnax,,free,Campylobacter jejuni,Campylobacter jejuni,feces or cloaca swab,yes,no,,,1,1,,NA,,NA,,NA,,,,,,,,NA,NA,NA,NA,NA,NA,NA,NA,Low,1
Waldenstrom et al.,2002,Waldenstrom et al. 2002,yes,review,"Sweden, Oland, Oteby Bird Observatory",no,Europe,"PCR, Biochemical, plate culture, outside lab, standard method",Molecular,NA,NA,NA,NA,Animal,Bird,Charadriiformes,Scolopacidae,Calidris,Ruff,Philomachus pugnax,,free,Campylobacter lari,Campylobacter lari,feces or cloaca swab,yes,no,,,ND,1,,NA,,NA,,NA,,,,,,,,NA,NA,NA,NA,NA,NA,NA,NA,Low,1
Waldenstrom et al.,2002,Waldenstrom et al. 2002,yes,review,"Sweden, Oland, Oteby Bird Observatory",no,Europe,"PCR, Biochemical, plate culture, outside lab, standard method",Molecular,NA,NA,NA,NA,Animal,Bird,Charadriiformes,Scolopacidae,Calidris,Sanderling,Calidris alba,,free,Campylobacter spp.,Campylobacter,feces or cloaca swab,yes,no,,,ND,1,,NA,,NA,,NA,,,,,,,,NA,NA,NA,NA,NA,NA,NA,NA,Low,1
Waldenstrom et al.,2002,Waldenstrom et al. 2002,yes,review,"Sweden, Oland, Oteby Bird Observatory",no,Europe,"PCR, Biochemical, plate culture, outside lab, standard method",Molecular,NA,NA,NA,NA,Animal,Bird,Charadriiformes,Scolopacidae,Calidris,Sanderlingÿ,Calidris alba,,free,Campylobacter coli,Campylobacter coli,feces or cloaca swab,yes,no,,,ND,1,,NA,,NA,,NA,,,,,,,,NA,NA,NA,NA,NA,NA,NA,NA,Low,1
Waldenstrom et al.,2002,Waldenstrom et al. 2002,yes,review,"Sweden, Oland, Oteby Bird Observatory",no,Europe,"PCR, Biochemical, plate culture, outside lab, standard method",Molecular,NA,NA,NA,NA,Animal,Bird,Charadriiformes,Scolopacidae,Calidris,Sanderlingÿ,Calidris alba,,free,Campylobacter jejuni,Campylobacter jejuni,feces or cloaca swab,yes,no,,,ND,1,,NA,,NA,,NA,,,,,,,,NA,NA,NA,NA,NA,NA,NA,NA,Low,1
Waldenstrom et al.,2002,Waldenstrom et al. 2002,yes,review,"Sweden, Oland, Oteby Bird Observatory",no,Europe,"PCR, Biochemical, plate culture, outside lab, standard method",Molecular,NA,NA,NA,NA,Animal,Bird,Charadriiformes,Scolopacidae,Calidris,Sanderlingÿ,Calidris alba,,free,Campylobacter lari,Campylobacter lari,feces or cloaca swab,yes,no,,,ND,1,,NA,,NA,,NA,,,,,,,,NA,NA,NA,NA,NA,NA,NA,NA,Low,1
Waldenstrom et al.,2002,Waldenstrom et al. 2002,yes,review,"Sweden, Oland, Oteby Bird Observatory",no,Europe,"PCR, Biochemical, plate culture, outside lab, standard method",Molecular,NA,NA,NA,NA,Animal,Bird,Passeriformes,Acrocephalidae,Acrocephalus,Sedge warbler,Acrocephalus schoenobaenus,,free,Campylobacter spp.,Campylobacter,feces or cloaca swab,yes,no,,,ND,14,,NA,,NA,,NA,,,,,,,,NA,NA,NA,NA,NA,NA,NA,NA,Low,1
Waldenstrom et al.,2002,Waldenstrom et al. 2002,yes,review,"Sweden, Oland, Oteby Bird Observatory",no,Europe,"PCR, Biochemical, plate culture, outside lab, standard method",Molecular,NA,NA,NA,NA,Animal,Bird,Passeriformes,Acrocephalidae,Acrocephalus,Sedge warbler,Acrocephalus schoenobaenus,,free,Campylobacter coli,Campylobacter coli,feces or cloaca swab,yes,no,,,ND,14,,NA,,NA,,NA,,,,,,,,NA,NA,NA,NA,NA,NA,NA,NA,Low,1
Waldenstrom et al.,2002,Waldenstrom et al. 2002,yes,review,"Sweden, Oland, Oteby Bird Observatory",no,Europe,"PCR, Biochemical, plate culture, outside lab, standard method",Molecular,NA,NA,NA,NA,Animal,Bird,Passeriformes,Acrocephalidae,Acrocephalus,Sedge warbler,Acrocephalus schoenobaenus,,free,Campylobacter jejuni,Campylobacter jejuni,feces or cloaca swab,yes,no,,,ND,14,,NA,,NA,,NA,,,,,,,,NA,NA,NA,NA,NA,NA,NA,NA,Low,1
Waldenstrom et al.,2002,Waldenstrom et al. 2002,yes,review,"Sweden, Oland, Oteby Bird Observatory",no,Europe,"PCR, Biochemical, plate culture, outside lab, standard method",Molecular,NA,NA,NA,NA,Animal,Bird,Passeriformes,Acrocephalidae,Acrocephalus,Sedge warbler,Acrocephalus schoenobaenus,,free,Campylobacter lari,Campylobacter lari,feces or cloaca swab,yes,no,,,ND,14,,NA,,NA,,NA,,,,,,,,NA,NA,NA,NA,NA,NA,NA,NA,Low,1
Waldenstrom et al.,2002,Waldenstrom et al. 2002,yes,review,"Sweden, Oland, Oteby Bird Observatory",no,Europe,"PCR, Biochemical, plate culture, outside lab, standard method",Molecular,NA,NA,NA,NA,Animal,Bird,Strigiformes,Strigidae,Asio,Short-eared owl,Asio flammeus,,free,Campylobacter spp.,Campylobacter,feces or cloaca swab,yes,no,,,ND,2,,NA,,NA,,NA,,,,,,,,NA,NA,NA,NA,NA,NA,NA,NA,Low,1
Waldenstrom et al.,2002,Waldenstrom et al. 2002,yes,review,"Sweden, Oland, Oteby Bird Observatory",no,Europe,"PCR, Biochemical, plate culture, outside lab, standard method",Molecular,NA,NA,NA,NA,Animal,Bird,Strigiformes,Strigidae,Asio,Short-eared owl,Asio flammeus,,free,Campylobacter coli,Campylobacter coli,feces or cloaca swab,yes,no,,,ND,2,,NA,,NA,,NA,,,,,,,,NA,NA,NA,NA,NA,NA,NA,NA,Low,1
Waldenstrom et al.,2002,Waldenstrom et al. 2002,yes,review,"Sweden, Oland, Oteby Bird Observatory",no,Europe,"PCR, Biochemical, plate culture, outside lab, standard method",Molecular,NA,NA,NA,NA,Animal,Bird,Strigiformes,Strigidae,Asio,Short-eared owl,Asio flammeus,,free,Campylobacter jejuni,Campylobacter jejuni,feces or cloaca swab,yes,no,,,ND,2,,NA,,NA,,NA,,,,,,,,NA,NA,NA,NA,NA,NA,NA,NA,Low,1
Waldenstrom et al.,2002,Waldenstrom et al. 2002,yes,review,"Sweden, Oland, Oteby Bird Observatory",no,Europe,"PCR, Biochemical, plate culture, outside lab, standard method",Molecular,NA,NA,NA,NA,Animal,Bird,Strigiformes,Strigidae,Asio,Short-eared owl,Asio flammeus,,free,Campylobacter lari,Campylobacter lari,feces or cloaca swab,yes,no,,,ND,2,,NA,,NA,,NA,,,,,,,,NA,NA,NA,NA,NA,NA,NA,NA,Low,1
Waldenstrom et al.,2002,Waldenstrom et al. 2002,yes,review,"Sweden, Oland, Oteby Bird Observatory",no,Europe,"PCR, Biochemical, plate culture, outside lab, standard method",Molecular,NA,NA,NA,NA,Animal,Bird,Passeriformes,Turdidae,Turdus,Song thrush,Turdus philomelos,,free,Campylobacter spp.,Campylobacter,feces or cloaca swab,yes,no,,,1,25,,NA,,NA,,NA,,,,,,,,NA,NA,NA,NA,NA,NA,NA,NA,Low,1
Waldenstrom et al.,2002,Waldenstrom et al. 2002,yes,review,"Sweden, Oland, Oteby Bird Observatory",no,Europe,"PCR, Biochemical, plate culture, outside lab, standard method",Molecular,NA,NA,NA,NA,Animal,Bird,Passeriformes,Turdidae,Turdus,Song thrush,Turdus philomelos,,free,Campylobacter coli,Campylobacter coli,feces or cloaca swab,yes,no,,,ND,25,,NA,,NA,,NA,,,,,,,,NA,NA,NA,NA,NA,NA,NA,NA,Low,1
Waldenstrom et al.,2002,Waldenstrom et al. 2002,yes,review,"Sweden, Oland, Oteby Bird Observatory",no,Europe,"PCR, Biochemical, plate culture, outside lab, standard method",Molecular,NA,NA,NA,NA,Animal,Bird,Passeriformes,Turdidae,Turdus,Song thrush,Turdus philomelos,,free,Campylobacter jejuni,Campylobacter jejuni,feces or cloaca swab,yes,no,,,7,25,,NA,,NA,,NA,,,,,,,,NA,NA,NA,NA,NA,NA,NA,NA,Low,1
Waldenstrom et al.,2002,Waldenstrom et al. 2002,yes,review,"Sweden, Oland, Oteby Bird Observatory",no,Europe,"PCR, Biochemical, plate culture, outside lab, standard method",Molecular,NA,NA,NA,NA,Animal,Bird,Passeriformes,Turdidae,Turdus,Song thrush,Turdus philomelos,,free,Campylobacter lari,Campylobacter lari,feces or cloaca swab,yes,no,,,ND,25,,NA,,NA,,NA,,,,,,,,NA,NA,NA,NA,NA,NA,NA,NA,Low,1
Waldenstrom et al.,2002,Waldenstrom et al. 2002,yes,review,"Sweden, Oland, Oteby Bird Observatory",no,Europe,"PCR, Biochemical, plate culture, outside lab, standard method",Molecular,NA,NA,NA,NA,Animal,Bird,Passeriformes,Muscicapidae,Muscicapa,Spotted flycatcher,Muscicapa striata,,free,Campylobacter spp.,Campylobacter,feces or cloaca swab,yes,no,,,ND,11,,NA,,NA,,NA,,,,,,,,NA,NA,NA,NA,NA,NA,NA,NA,Low,1
Waldenstrom et al.,2002,Waldenstrom et al. 2002,yes,review,"Sweden, Oland, Oteby Bird Observatory",no,Europe,"PCR, Biochemical, plate culture, outside lab, standard method",Molecular,NA,NA,NA,NA,Animal,Bird,Passeriformes,Muscicapidae,Muscicapa,Spotted flycatcher,Muscicapa striata,,free,Campylobacter coli,Campylobacter coli,feces or cloaca swab,yes,no,,,ND,11,,NA,,NA,,NA,,,,,,,,NA,NA,NA,NA,NA,NA,NA,NA,Low,1
Waldenstrom et al.,2002,Waldenstrom et al. 2002,yes,review,"Sweden, Oland, Oteby Bird Observatory",no,Europe,"PCR, Biochemical, plate culture, outside lab, standard method",Molecular,NA,NA,NA,NA,Animal,Bird,Passeriformes,Muscicapidae,Muscicapa,Spotted flycatcher,Muscicapa striata,,free,Campylobacter jejuni,Campylobacter jejuni,feces or cloaca swab,yes,no,,,ND,11,,NA,,NA,,NA,,,,,,,,NA,NA,NA,NA,NA,NA,NA,NA,Low,1
Waldenstrom et al.,2002,Waldenstrom et al. 2002,yes,review,"Sweden, Oland, Oteby Bird Observatory",no,Europe,"PCR, Biochemical, plate culture, outside lab, standard method",Molecular,NA,NA,NA,NA,Animal,Bird,Passeriformes,Muscicapidae,Muscicapa,Spotted flycatcher,Muscicapa striata,,free,Campylobacter lari,Campylobacter lari,feces or cloaca swab,yes,no,,,ND,11,,NA,,NA,,NA,,,,,,,,NA,NA,NA,NA,NA,NA,NA,NA,Low,1
Waldenstrom et al.,2002,Waldenstrom et al. 2002,yes,review,"Sweden, Oland, Oteby Bird Observatory",no,Europe,"PCR, Biochemical, plate culture, outside lab, standard method",Molecular,NA,NA,NA,NA,Animal,Bird,Charadriiformes,Scolopacidae,Calidris,Temminck's stint,Calidris temminckii,,free,Campylobacter spp.,Campylobacter,feces or cloaca swab,yes,no,,,ND,4,,NA,,NA,,NA,,,,,,,,NA,NA,NA,NA,NA,NA,NA,NA,Low,1
Waldenstrom et al.,2002,Waldenstrom et al. 2002,yes,review,"Sweden, Oland, Oteby Bird Observatory",no,Europe,"PCR, Biochemical, plate culture, outside lab, standard method",Molecular,NA,NA,NA,NA,Animal,Bird,Charadriiformes,Scolopacidae,Calidris,Temminck's stint,Calidris temminckii,,free,Campylobacter coli,Campylobacter coli,feces or cloaca swab,yes,no,,,ND,4,,NA,,NA,,NA,,,,,,,,NA,NA,NA,NA,NA,NA,NA,NA,Low,1
Waldenstrom et al.,2002,Waldenstrom et al. 2002,yes,review,"Sweden, Oland, Oteby Bird Observatory",no,Europe,"PCR, Biochemical, plate culture, outside lab, standard method",Molecular,NA,NA,NA,NA,Animal,Bird,Charadriiformes,Scolopacidae,Calidris,Temminck's stint,Calidris temminckii,,free,Campylobacter jejuni,Campylobacter jejuni,feces or cloaca swab,yes,no,,,ND,4,,NA,,NA,,NA,,,,,,,,NA,NA,NA,NA,NA,NA,NA,NA,Low,1
Waldenstrom et al.,2002,Waldenstrom et al. 2002,yes,review,"Sweden, Oland, Oteby Bird Observatory",no,Europe,"PCR, Biochemical, plate culture, outside lab, standard method",Molecular,NA,NA,NA,NA,Animal,Bird,Charadriiformes,Scolopacidae,Calidris,Temminck's stint,Calidris temminckii,,free,Campylobacter lari,Campylobacter lari,feces or cloaca swab,yes,no,,,2,4,,NA,,NA,,NA,,,,,,,,NA,NA,NA,NA,NA,NA,NA,NA,Low,1
Waldenstrom et al.,2002,Waldenstrom et al. 2002,yes,review,"Sweden, Oland, Oteby Bird Observatory",no,Europe,"PCR, Biochemical, plate culture, outside lab, standard method",Molecular,NA,NA,NA,NA,Animal,Bird,Passeriformes,Muscicapidae,Luscinia,Thrush nightingale,Luscinia luscinia,,free,Campylobacter spp.,Campylobacter,feces or cloaca swab,yes,no,,,ND,11,,NA,,NA,,NA,,,,,,,,NA,NA,NA,NA,NA,NA,NA,NA,Low,1
Waldenstrom et al.,2002,Waldenstrom et al. 2002,yes,review,"Sweden, Oland, Oteby Bird Observatory",no,Europe,"PCR, Biochemical, plate culture, outside lab, standard method",Molecular,NA,NA,NA,NA,Animal,Bird,Passeriformes,Muscicapidae,Luscinia,Thrush nightingale,Luscinia luscinia,,free,Campylobacter coli,Campylobacter coli,feces or cloaca swab,yes,no,,,ND,11,,NA,,NA,,NA,,,,,,,,NA,NA,NA,NA,NA,NA,NA,NA,Low,1
Waldenstrom et al.,2002,Waldenstrom et al. 2002,yes,review,"Sweden, Oland, Oteby Bird Observatory",no,Europe,"PCR, Biochemical, plate culture, outside lab, standard method",Molecular,NA,NA,NA,NA,Animal,Bird,Passeriformes,Muscicapidae,Luscinia,Thrush nightingale,Luscinia luscinia,,free,Campylobacter jejuni,Campylobacter jejuni,feces or cloaca swab,yes,no,,,ND,11,,NA,,NA,,NA,,,,,,,,NA,NA,NA,NA,NA,NA,NA,NA,Low,1
Waldenstrom et al.,2002,Waldenstrom et al. 2002,yes,review,"Sweden, Oland, Oteby Bird Observatory",no,Europe,"PCR, Biochemical, plate culture, outside lab, standard method",Molecular,NA,NA,NA,NA,Animal,Bird,Passeriformes,Muscicapidae,Luscinia,Thrush nightingale,Luscinia luscinia,,free,Campylobacter lari,Campylobacter lari,feces or cloaca swab,yes,no,,,ND,11,,NA,,NA,,NA,,,,,,,,NA,NA,NA,NA,NA,NA,NA,NA,Low,1
Waldenstrom et al.,2002,Waldenstrom et al. 2002,yes,review,"Sweden, Oland, Oteby Bird Observatory",no,Europe,"PCR, Biochemical, plate culture, outside lab, standard method",Molecular,NA,NA,NA,NA,Animal,Bird,Passeriformes,Motacillidae,Anthus,Tree pipit,Anthus trivialis,,free,Campylobacter spp.,Campylobacter,feces or cloaca swab,yes,no,,,ND,12,,NA,,NA,,NA,,,,,,,,NA,NA,NA,NA,NA,NA,NA,NA,Low,1
Waldenstrom et al.,2002,Waldenstrom et al. 2002,yes,review,"Sweden, Oland, Oteby Bird Observatory",no,Europe,"PCR, Biochemical, plate culture, outside lab, standard method",Molecular,NA,NA,NA,NA,Animal,Bird,Passeriformes,Motacillidae,Anthus,Tree pipit,Anthus trivialis,,free,Campylobacter coli,Campylobacter coli,feces or cloaca swab,yes,no,,,ND,12,,NA,,NA,,NA,,,,,,,,NA,NA,NA,NA,NA,NA,NA,NA,Low,1
Waldenstrom et al.,2002,Waldenstrom et al. 2002,yes,review,"Sweden, Oland, Oteby Bird Observatory",no,Europe,"PCR, Biochemical, plate culture, outside lab, standard method",Molecular,NA,NA,NA,NA,Animal,Bird,Passeriformes,Motacillidae,Anthus,Tree pipit,Anthus trivialis,,free,Campylobacter jejuni,Campylobacter jejuni,feces or cloaca swab,yes,no,,,ND,12,,NA,,NA,,NA,,,,,,,,NA,NA,NA,NA,NA,NA,NA,NA,Low,1
Waldenstrom et al.,2002,Waldenstrom et al. 2002,yes,review,"Sweden, Oland, Oteby Bird Observatory",no,Europe,"PCR, Biochemical, plate culture, outside lab, standard method",Molecular,NA,NA,NA,NA,Animal,Bird,Passeriformes,Motacillidae,Anthus,Tree pipit,Anthus trivialis,,free,Campylobacter lari,Campylobacter lari,feces or cloaca swab,yes,no,,,ND,12,,NA,,NA,,NA,,,,,,,,NA,NA,NA,NA,NA,NA,NA,NA,Low,1
Waldenstrom et al.,2002,Waldenstrom et al. 2002,yes,review,"Sweden, Oland, Oteby Bird Observatory",no,Europe,"PCR, Biochemical, plate culture, outside lab, standard method",Molecular,NA,NA,NA,NA,Animal,Bird,Anseriformes,Anatidae,Aythya,Tufted duck,Aythya fuligula,,free,Campylobacter spp.,Campylobacter,feces or cloaca swab,yes,no,,,ND,2,,NA,,NA,,NA,,,,,,,,NA,NA,NA,NA,NA,NA,NA,NA,Low,1
Waldenstrom et al.,2002,Waldenstrom et al. 2002,yes,review,"Sweden, Oland, Oteby Bird Observatory",no,Europe,"PCR, Biochemical, plate culture, outside lab, standard method",Molecular,NA,NA,NA,NA,Animal,Bird,Anseriformes,Anatidae,Aythya,Tufted duck,Aythya fuligula,,free,Campylobacter coli,Campylobacter coli,feces or cloaca swab,yes,no,,,ND,2,,NA,,NA,,NA,,,,,,,,NA,NA,NA,NA,NA,NA,NA,NA,Low,1
Waldenstrom et al.,2002,Waldenstrom et al. 2002,yes,review,"Sweden, Oland, Oteby Bird Observatory",no,Europe,"PCR, Biochemical, plate culture, outside lab, standard method",Molecular,NA,NA,NA,NA,Animal,Bird,Anseriformes,Anatidae,Aythya,Tufted duck,Aythya fuligula,,free,Campylobacter jejuni,Campylobacter jejuni,feces or cloaca swab,yes,no,,,ND,2,,NA,,NA,,NA,,,,,,,,NA,NA,NA,NA,NA,NA,NA,NA,Low,1
Waldenstrom et al.,2002,Waldenstrom et al. 2002,yes,review,"Sweden, Oland, Oteby Bird Observatory",no,Europe,"PCR, Biochemical, plate culture, outside lab, standard method",Molecular,NA,NA,NA,NA,Animal,Bird,Anseriformes,Anatidae,Aythya,Tufted duck,Aythya fuligula,,free,Campylobacter lari,Campylobacter lari,feces or cloaca swab,yes,no,,,ND,2,,NA,,NA,,NA,,,,,,,,NA,NA,NA,NA,NA,NA,NA,NA,Low,1
Waldenstrom et al.,2002,Waldenstrom et al. 2002,yes,review,"Sweden, Oland, Oteby Bird Observatory",no,Europe,"PCR, Biochemical, plate culture, outside lab, standard method",Molecular,NA,NA,NA,NA,Animal,Bird,Passeriformes,Fringillidae,Linaria,Twite,Carduelis flavirostris,,free,Campylobacter spp.,Campylobacter,feces or cloaca swab,yes,no,,,ND,15,,NA,,NA,,NA,,,,,,,,NA,NA,NA,NA,NA,NA,NA,NA,Low,1
Waldenstrom et al.,2002,Waldenstrom et al. 2002,yes,review,"Sweden, Oland, Oteby Bird Observatory",no,Europe,"PCR, Biochemical, plate culture, outside lab, standard method",Molecular,NA,NA,NA,NA,Animal,Bird,Passeriformes,Fringillidae,Linaria,Twite,Carduelis flavirostris,,free,Campylobacter coli,Campylobacter coli,feces or cloaca swab,yes,no,,,ND,15,,NA,,NA,,NA,,,,,,,,NA,NA,NA,NA,NA,NA,NA,NA,Low,1
Waldenstrom et al.,2002,Waldenstrom et al. 2002,yes,review,"Sweden, Oland, Oteby Bird Observatory",no,Europe,"PCR, Biochemical, plate culture, outside lab, standard method",Molecular,NA,NA,NA,NA,Animal,Bird,Passeriformes,Fringillidae,Linaria,Twite,Carduelis flavirostris,,free,Campylobacter jejuni,Campylobacter jejuni,feces or cloaca swab,yes,no,,,ND,15,,NA,,NA,,NA,,,,,,,,NA,NA,NA,NA,NA,NA,NA,NA,Low,1
Waldenstrom et al.,2002,Waldenstrom et al. 2002,yes,review,"Sweden, Oland, Oteby Bird Observatory",no,Europe,"PCR, Biochemical, plate culture, outside lab, standard method",Molecular,NA,NA,NA,NA,Animal,Bird,Passeriformes,Fringillidae,Linaria,Twite,Carduelis flavirostris,,free,Campylobacter lari,Campylobacter lari,feces or cloaca swab,yes,no,,,ND,15,,NA,,NA,,NA,,,,,,,,NA,NA,NA,NA,NA,NA,NA,NA,Low,1
Waldenstrom et al.,2002,Waldenstrom et al. 2002,yes,review,"Sweden, Oland, Oteby Bird Observatory",no,Europe,"PCR, Biochemical, plate culture, outside lab, standard method",Molecular,NA,NA,NA,NA,Animal,Bird,Gruiformes,Rallidae,Rallus,Water rail,Rallus aquaticus,,free,Campylobacter spp.,Campylobacter,feces or cloaca swab,yes,no,,,ND,1,,NA,,NA,,NA,,,,,,,,NA,NA,NA,NA,NA,NA,NA,NA,Low,1
Waldenstrom et al.,2002,Waldenstrom et al. 2002,yes,review,"Sweden, Oland, Oteby Bird Observatory",no,Europe,"PCR, Biochemical, plate culture, outside lab, standard method",Molecular,NA,NA,NA,NA,Animal,Bird,Gruiformes,Rallidae,Rallus,Water rail,Rallus aquaticus,,free,Campylobacter coli,Campylobacter coli,feces or cloaca swab,yes,no,,,ND,1,,NA,,NA,,NA,,,,,,,,NA,NA,NA,NA,NA,NA,NA,NA,Low,1
Waldenstrom et al.,2002,Waldenstrom et al. 2002,yes,review,"Sweden, Oland, Oteby Bird Observatory",no,Europe,"PCR, Biochemical, plate culture, outside lab, standard method",Molecular,NA,NA,NA,NA,Animal,Bird,Gruiformes,Rallidae,Rallus,Water rail,Rallus aquaticus,,free,Campylobacter jejuni,Campylobacter jejuni,feces or cloaca swab,yes,no,,,ND,1,,NA,,NA,,NA,,,,,,,,NA,NA,NA,NA,NA,NA,NA,NA,Low,1
Waldenstrom et al.,2002,Waldenstrom et al. 2002,yes,review,"Sweden, Oland, Oteby Bird Observatory",no,Europe,"PCR, Biochemical, plate culture, outside lab, standard method",Molecular,NA,NA,NA,NA,Animal,Bird,Gruiformes,Rallidae,Rallus,Water rail,Rallus aquaticus,,free,Campylobacter lari,Campylobacter lari,feces or cloaca swab,yes,no,,,ND,1,,NA,,NA,,NA,,,,,,,,NA,NA,NA,NA,NA,NA,NA,NA,Low,1
Waldenstrom et al.,2002,Waldenstrom et al. 2002,yes,review,"Sweden, Oland, Oteby Bird Observatory",no,Europe,"PCR, Biochemical, plate culture, outside lab, standard method",Molecular,NA,NA,NA,NA,Animal,Bird,Passeriformes,Motacillidae,Motacilla,Western yellow wagtail,Motacilla flava,,free,Campylobacter spp.,Campylobacter,feces or cloaca swab,yes,no,,,ND,3,,NA,,NA,,NA,,,,,,,,NA,NA,NA,NA,NA,NA,NA,NA,Low,1
Waldenstrom et al.,2002,Waldenstrom et al. 2002,yes,review,"Sweden, Oland, Oteby Bird Observatory",no,Europe,"PCR, Biochemical, plate culture, outside lab, standard method",Molecular,NA,NA,NA,NA,Animal,Bird,Passeriformes,Motacillidae,Motacilla,Western yellow wagtail,Motacilla flava,,free,Campylobacter coli,Campylobacter coli,feces or cloaca swab,yes,no,,,1,3,,NA,,NA,,NA,,,,,,,,NA,NA,NA,NA,NA,NA,NA,NA,Low,1
Waldenstrom et al.,2002,Waldenstrom et al. 2002,yes,review,"Sweden, Oland, Oteby Bird Observatory",no,Europe,"PCR, Biochemical, plate culture, outside lab, standard method",Molecular,NA,NA,NA,NA,Animal,Bird,Passeriformes,Motacillidae,Motacilla,Western yellow wagtail,Motacilla flava,,free,Campylobacter jejuni,Campylobacter jejuni,feces or cloaca swab,yes,no,,,ND,3,,NA,,NA,,NA,,,,,,,,NA,NA,NA,NA,NA,NA,NA,NA,Low,1
Waldenstrom et al.,2002,Waldenstrom et al. 2002,yes,review,"Sweden, Oland, Oteby Bird Observatory",no,Europe,"PCR, Biochemical, plate culture, outside lab, standard method",Molecular,NA,NA,NA,NA,Animal,Bird,Passeriformes,Motacillidae,Motacilla,Western yellow wagtail,Motacilla flava,,free,Campylobacter lari,Campylobacter lari,feces or cloaca swab,yes,no,,,ND,3,,NA,,NA,,NA,,,,,,,,NA,NA,NA,NA,NA,NA,NA,NA,Low,1
Waldenstrom et al.,2002,Waldenstrom et al. 2002,yes,review,"Sweden, Oland, Oteby Bird Observatory",no,Europe,"PCR, Biochemical, plate culture, outside lab, standard method",Molecular,NA,NA,NA,NA,Animal,Bird,Passeriformes,Muscicapidae,Saxicola,Whinchat,Saxicola rubetra,,free,Campylobacter spp.,Campylobacter,feces or cloaca swab,yes,no,,,ND,3,,NA,,NA,,NA,,,,,,,,NA,NA,NA,NA,NA,NA,NA,NA,Low,1
Waldenstrom et al.,2002,Waldenstrom et al. 2002,yes,review,"Sweden, Oland, Oteby Bird Observatory",no,Europe,"PCR, Biochemical, plate culture, outside lab, standard method",Molecular,NA,NA,NA,NA,Animal,Bird,Passeriformes,Muscicapidae,Saxicola,Whinchat,Saxicola rubetra,,free,Campylobacter coli,Campylobacter coli,feces or cloaca swab,yes,no,,,ND,3,,NA,,NA,,NA,,,,,,,,NA,NA,NA,NA,NA,NA,NA,NA,Low,1
Waldenstrom et al.,2002,Waldenstrom et al. 2002,yes,review,"Sweden, Oland, Oteby Bird Observatory",no,Europe,"PCR, Biochemical, plate culture, outside lab, standard method",Molecular,NA,NA,NA,NA,Animal,Bird,Passeriformes,Muscicapidae,Saxicola,Whinchat,Saxicola rubetra,,free,Campylobacter jejuni,Campylobacter jejuni,feces or cloaca swab,yes,no,,,ND,3,,NA,,NA,,NA,,,,,,,,NA,NA,NA,NA,NA,NA,NA,NA,Low,1
Waldenstrom et al.,2002,Waldenstrom et al. 2002,yes,review,"Sweden, Oland, Oteby Bird Observatory",no,Europe,"PCR, Biochemical, plate culture, outside lab, standard method",Molecular,NA,NA,NA,NA,Animal,Bird,Passeriformes,Muscicapidae,Saxicola,Whinchat,Saxicola rubetra,,free,Campylobacter lari,Campylobacter lari,feces or cloaca swab,yes,no,,,ND,3,,NA,,NA,,NA,,,,,,,,NA,NA,NA,NA,NA,NA,NA,NA,Low,1
Waldenstrom et al.,2002,Waldenstrom et al. 2002,yes,review,"Sweden, Oland, Oteby Bird Observatory",no,Europe,"PCR, Biochemical, plate culture, outside lab, standard method",Molecular,NA,NA,NA,NA,Animal,Bird,Passeriformes,Motacillidae,Motacilla,White wagtail,Motacilla alba,,free,Campylobacter spp.,Campylobacter,feces or cloaca swab,yes,no,,,ND,31,,NA,,NA,,NA,,,,,,,,NA,NA,NA,NA,NA,NA,NA,NA,Low,1
Waldenstrom et al.,2002,Waldenstrom et al. 2002,yes,review,"Sweden, Oland, Oteby Bird Observatory",no,Europe,"PCR, Biochemical, plate culture, outside lab, standard method",Molecular,NA,NA,NA,NA,Animal,Bird,Passeriformes,Motacillidae,Motacilla,White wagtail,Motacilla alba,,free,Campylobacter coli,Campylobacter coli,feces or cloaca swab,yes,no,,,8,31,,NA,,NA,,NA,,,,,,,,NA,NA,NA,NA,NA,NA,NA,NA,Low,1
Waldenstrom et al.,2002,Waldenstrom et al. 2002,yes,review,"Sweden, Oland, Oteby Bird Observatory",no,Europe,"PCR, Biochemical, plate culture, outside lab, standard method",Molecular,NA,NA,NA,NA,Animal,Bird,Passeriformes,Motacillidae,Motacilla,White wagtail,Motacilla alba,,free,Campylobacter jejuni,Campylobacter jejuni,feces or cloaca swab,yes,no,,,2,31,,NA,,NA,,NA,,,,,,,,NA,NA,NA,NA,NA,NA,NA,NA,Low,1
Waldenstrom et al.,2002,Waldenstrom et al. 2002,yes,review,"Sweden, Oland, Oteby Bird Observatory",no,Europe,"PCR, Biochemical, plate culture, outside lab, standard method",Molecular,NA,NA,NA,NA,Animal,Bird,Passeriformes,Motacillidae,Motacilla,White wagtail,Motacilla alba,,free,Campylobacter lari,Campylobacter lari,feces or cloaca swab,yes,no,,,ND,31,,NA,,NA,,NA,,,,,,,,NA,NA,NA,NA,NA,NA,NA,NA,Low,1
Waldenstrom et al.,2002,Waldenstrom et al. 2002,yes,review,"Sweden, Oland, Oteby Bird Observatory",no,Europe,"PCR, Biochemical, plate culture, outside lab, standard method",Molecular,NA,NA,NA,NA,Animal,Bird,Passeriformes,Phylloscopidae,Phylloscopus,Willow warbler,Phylloscopus trochilus,,free,Campylobacter spp.,Campylobacter,feces or cloaca swab,yes,no,,,ND,107,,NA,,NA,,NA,,,,,,,,NA,NA,NA,NA,NA,NA,NA,NA,Low,1
Waldenstrom et al.,2002,Waldenstrom et al. 2002,yes,review,"Sweden, Oland, Oteby Bird Observatory",no,Europe,"PCR, Biochemical, plate culture, outside lab, standard method",Molecular,NA,NA,NA,NA,Animal,Bird,Passeriformes,Phylloscopidae,Phylloscopus,Willow warbler,Phylloscopus trochilus,,free,Campylobacter coli,Campylobacter coli,feces or cloaca swab,yes,no,,,ND,107,,NA,,NA,,NA,,,,,,,,NA,NA,NA,NA,NA,NA,NA,NA,Low,1
Waldenstrom et al.,2002,Waldenstrom et al. 2002,yes,review,"Sweden, Oland, Oteby Bird Observatory",no,Europe,"PCR, Biochemical, plate culture, outside lab, standard method",Molecular,NA,NA,NA,NA,Animal,Bird,Passeriformes,Phylloscopidae,Phylloscopus,Willow warbler,Phylloscopus trochilus,,free,Campylobacter jejuni,Campylobacter jejuni,feces or cloaca swab,yes,no,,,ND,107,,NA,,NA,,NA,,,,,,,,NA,NA,NA,NA,NA,NA,NA,NA,Low,1
Waldenstrom et al.,2002,Waldenstrom et al. 2002,yes,review,"Sweden, Oland, Oteby Bird Observatory",no,Europe,"PCR, Biochemical, plate culture, outside lab, standard method",Molecular,NA,NA,NA,NA,Animal,Bird,Passeriformes,Phylloscopidae,Phylloscopus,Willow warbler,Phylloscopus trochilus,,free,Campylobacter lari,Campylobacter lari,feces or cloaca swab,yes,no,,,ND,107,,NA,,NA,,NA,,,,,,,,NA,NA,NA,NA,NA,NA,NA,NA,Low,1
Waldenstrom et al.,2002,Waldenstrom et al. 2002,yes,review,"Sweden, Oland, Oteby Bird Observatory",no,Europe,"PCR, Biochemical, plate culture, outside lab, standard method",Molecular,NA,NA,NA,NA,Animal,Bird,Charadriiformes,Scolopacidae,Tringa,Wood sandpiper,Tringa glareola,,free,Campylobacter spp.,Campylobacter,feces or cloaca swab,yes,no,,,1,6,,NA,,NA,,NA,,,,,,,,NA,NA,NA,NA,NA,NA,NA,NA,Low,1
Waldenstrom et al.,2002,Waldenstrom et al. 2002,yes,review,"Sweden, Oland, Oteby Bird Observatory",no,Europe,"PCR, Biochemical, plate culture, outside lab, standard method",Molecular,NA,NA,NA,NA,Animal,Bird,Charadriiformes,Scolopacidae,Tringa,Wood sandpiper,Tringa glareola,,free,Campylobacter coli,Campylobacter coli,feces or cloaca swab,yes,no,,,ND,6,,NA,,NA,,NA,,,,,,,,NA,NA,NA,NA,NA,NA,NA,NA,Low,1
Waldenstrom et al.,2002,Waldenstrom et al. 2002,yes,review,"Sweden, Oland, Oteby Bird Observatory",no,Europe,"PCR, Biochemical, plate culture, outside lab, standard method",Molecular,NA,NA,NA,NA,Animal,Bird,Charadriiformes,Scolopacidae,Tringa,Wood sandpiper,Tringa glareola,,free,Campylobacter jejuni,Campylobacter jejuni,feces or cloaca swab,yes,no,,,1,6,,NA,,NA,,NA,,,,,,,,NA,NA,NA,NA,NA,NA,NA,NA,Low,1
Waldenstrom et al.,2002,Waldenstrom et al. 2002,yes,review,"Sweden, Oland, Oteby Bird Observatory",no,Europe,"PCR, Biochemical, plate culture, outside lab, standard method",Molecular,NA,NA,NA,NA,Animal,Bird,Charadriiformes,Scolopacidae,Tringa,Wood sandpiper,Tringa glareola,,free,Campylobacter lari,Campylobacter lari,feces or cloaca swab,yes,no,,,ND,6,,NA,,NA,,NA,,,,,,,,NA,NA,NA,NA,NA,NA,NA,NA,Low,1
Waldenstrom et al.,2002,Waldenstrom et al. 2002,yes,review,"Sweden, Oland, Oteby Bird Observatory",no,Europe,"PCR, Biochemical, plate culture, outside lab, standard method",Molecular,NA,NA,NA,NA,Animal,Bird,Passeriformes,Phylloscopidae,Phylloscopus,Wood warbler,Phylloscopus sibilatrix,,free,Campylobacter spp.,Campylobacter,feces or cloaca swab,yes,no,,,ND,2,,NA,,NA,,NA,,,,,,,,NA,NA,NA,NA,NA,NA,NA,NA,Low,1
Waldenstrom et al.,2002,Waldenstrom et al. 2002,yes,review,"Sweden, Oland, Oteby Bird Observatory",no,Europe,"PCR, Biochemical, plate culture, outside lab, standard method",Molecular,NA,NA,NA,NA,Animal,Bird,Passeriformes,Phylloscopidae,Phylloscopus,Wood warbler,Phylloscopus sibilatrix,,free,Campylobacter coli,Campylobacter coli,feces or cloaca swab,yes,no,,,ND,2,,NA,,NA,,NA,,,,,,,,NA,NA,NA,NA,NA,NA,NA,NA,Low,1
Waldenstrom et al.,2002,Waldenstrom et al. 2002,yes,review,"Sweden, Oland, Oteby Bird Observatory",no,Europe,"PCR, Biochemical, plate culture, outside lab, standard method",Molecular,NA,NA,NA,NA,Animal,Bird,Passeriformes,Phylloscopidae,Phylloscopus,Wood warbler,Phylloscopus sibilatrix,,free,Campylobacter jejuni,Campylobacter jejuni,feces or cloaca swab,yes,no,,,ND,2,,NA,,NA,,NA,,,,,,,,NA,NA,NA,NA,NA,NA,NA,NA,Low,1
Waldenstrom et al.,2002,Waldenstrom et al. 2002,yes,review,"Sweden, Oland, Oteby Bird Observatory",no,Europe,"PCR, Biochemical, plate culture, outside lab, standard method",Molecular,NA,NA,NA,NA,Animal,Bird,Passeriformes,Phylloscopidae,Phylloscopus,Wood warbler,Phylloscopus sibilatrix,,free,Campylobacter lari,Campylobacter lari,feces or cloaca swab,yes,no,,,ND,2,,NA,,NA,,NA,,,,,,,,NA,NA,NA,NA,NA,NA,NA,NA,Low,1
Waldenstrom et al.,2002,Waldenstrom et al. 2002,yes,review,"Sweden, Oland, Oteby Bird Observatory",no,Europe,"PCR, Biochemical, plate culture, outside lab, standard method",Molecular,NA,NA,NA,NA,Animal,Bird,Passeriformes,Troglodytidae,Troglodytes,Wren,Troglodytes troglodytes,,free,Campylobacter spp.,Campylobacter,feces or cloaca swab,yes,no,,,ND,37,,NA,,NA,,NA,,,,,,,,NA,NA,NA,NA,NA,NA,NA,NA,Low,1
Waldenstrom et al.,2002,Waldenstrom et al. 2002,yes,review,"Sweden, Oland, Oteby Bird Observatory",no,Europe,"PCR, Biochemical, plate culture, outside lab, standard method",Molecular,NA,NA,NA,NA,Animal,Bird,Passeriformes,Troglodytidae,Troglodytes,Wren,Troglodytes troglodytes,,free,Campylobacter coli,Campylobacter coli,feces or cloaca swab,yes,no,,,ND,37,,NA,,NA,,NA,,,,,,,,NA,NA,NA,NA,NA,NA,NA,NA,Low,1
Waldenstrom et al.,2002,Waldenstrom et al. 2002,yes,review,"Sweden, Oland, Oteby Bird Observatory",no,Europe,"PCR, Biochemical, plate culture, outside lab, standard method",Molecular,NA,NA,NA,NA,Animal,Bird,Passeriformes,Troglodytidae,Troglodytes,Wren,Troglodytes troglodytes,,free,Campylobacter jejuni,Campylobacter jejuni,feces or cloaca swab,yes,no,,,1,37,,NA,,NA,,NA,,,,,,,,NA,NA,NA,NA,NA,NA,NA,NA,Low,1
Waldenstrom et al.,2002,Waldenstrom et al. 2002,yes,review,"Sweden, Oland, Oteby Bird Observatory",no,Europe,"PCR, Biochemical, plate culture, outside lab, standard method",Molecular,NA,NA,NA,NA,Animal,Bird,Passeriformes,Troglodytidae,Troglodytes,Wren,Troglodytes troglodytes,,free,Campylobacter lari,Campylobacter lari,feces or cloaca swab,yes,no,,,1,37,,NA,,NA,,NA,,,,,,,,NA,NA,NA,NA,NA,NA,NA,NA,Low,1
Waldenstrom et al.,2002,Waldenstrom et al. 2002,yes,review,"Sweden, Oland, Oteby Bird Observatory",no,Europe,"PCR, Biochemical, plate culture, outside lab, standard method",Molecular,NA,NA,NA,NA,Animal,Bird,Passeriformes,Emberizidae,Emberiza,Yellowhammer,Emberiza citrinella,,free,Campylobacter spp.,Campylobacter,feces or cloaca swab,yes,no,,,ND,19,,NA,,NA,,NA,,,,,,,,NA,NA,NA,NA,NA,NA,NA,NA,Low,1
Waldenstrom et al.,2002,Waldenstrom et al. 2002,yes,review,"Sweden, Oland, Oteby Bird Observatory",no,Europe,"PCR, Biochemical, plate culture, outside lab, standard method",Molecular,NA,NA,NA,NA,Animal,Bird,Passeriformes,Emberizidae,Emberiza,Yellowhammer,Emberiza citrinella,,free,Campylobacter coli,Campylobacter coli,feces or cloaca swab,yes,no,,,ND,19,,NA,,NA,,NA,,,,,,,,NA,NA,NA,NA,NA,NA,NA,NA,Low,1
Waldenstrom et al.,2002,Waldenstrom et al. 2002,yes,review,"Sweden, Oland, Oteby Bird Observatory",no,Europe,"PCR, Biochemical, plate culture, outside lab, standard method",Molecular,NA,NA,NA,NA,Animal,Bird,Passeriformes,Emberizidae,Emberiza,Yellowhammer,Emberiza citrinella,,free,Campylobacter jejuni,Campylobacter jejuni,feces or cloaca swab,yes,no,,,1,19,,NA,,NA,,NA,,,,,,,,NA,NA,NA,NA,NA,NA,NA,NA,Low,1
Waldenstrom et al.,2002,Waldenstrom et al. 2002,yes,review,"Sweden, Oland, Oteby Bird Observatory",no,Europe,"PCR, Biochemical, plate culture, outside lab, standard method",Molecular,NA,NA,NA,NA,Animal,Bird,Passeriformes,Emberizidae,Emberiza,Yellowhammer,Emberiza citrinella,,free,Campylobacter lari,Campylobacter lari,feces or cloaca swab,yes,no,,,ND,19,,NA,,NA,,NA,,,,,,,,NA,NA,NA,NA,NA,NA,NA,NA,Low,1
Weis et al.,2014,Weis et al. 2014,yes,Google Scholar,"USA, California, Yolo County",yes,North America,"PCR (16S rRNA, 8FPL, 1492RPL, cdtABC, flaA, cdtABC), culture broth and plate",Molecular,NA,NA,NA,NA,Animal,Bird,Passeriformes,Corvidae,Corvus,American crow,Corvus brachyrhyncos,Isolates (from Crows),free,Campylobacter coli,Campylobacter coli,feces or cloaca swab,yes,no,,,1,70,,NA,,NA,,NA,,,,,,,,NA,NA,NA,NA,NA,NA,NA,NA,Low,1
Weis et al.,2014,Weis et al. 2014,yes,Google Scholar,"USA, California, Yolo County",yes,North America,"PCR (16S rRNA, 8FPL, 1492RPL, cdtABC, flaA, cdtABC), culture broth and plate",Molecular,NA,NA,NA,NA,Animal,Bird,Passeriformes,Corvidae,Corvus,American crow,Corvus brachyrhyncos,Isolates (from Crows),free,Campylobacter jejuni ,Campylobacter jejuni,feces or cloaca swab,yes,no,,,65,70,,NA,,NA,,NA,,,,,,,,NA,NA,NA,NA,NA,NA,NA,NA,Low,1
Weis et al.,2014,Weis et al. 2014,yes,Google Scholar,"USA, California, Yolo County",yes,North America,"PCR (16S rRNA, 8FPL, 1492RPL, cdtABC, flaA, cdtABC), culture broth and plate",Molecular,NA,NA,NA,NA,Animal,Bird,Passeriformes,Corvidae,Corvus,American crow,Corvus brachyrhyncos,Isolates (from Crows),free,Campylobacter lari,Campylobacter lari,feces or cloaca swab,yes,no,,,4,70,,NA,,NA,,NA,,,,,,,,NA,NA,NA,NA,NA,NA,NA,NA,Low,1
Weis et al.,2014,Weis et al. 2014,yes,Google Scholar,"USA, California, Yolo County",yes,North America,"biochemical, culture broth and plate",Conventional,NA,NA,NA,NA,Animal,Bird,Passeriformes,Corvidae,Corvus,American crow,Corvus brachyrhyncos,,free,Campylobacter spp.,Campylobacter,feces or cloaca swab,yes,no,,,85,127,,NA,,NA,,NA,,,,,,,,NA,NA,NA,NA,NA,NA,NA,NA,Low,1
Whelan et al.,1988,Whelan et al. 1988,yes,review,"UK, Scotland, Thurso, garbage tip",no,Europe,"standard method, Culture broth/plate",Conventional,NA,NA,NA,NA,Animal,Bird,Charadriiformes,Laridae,Larus,Herring gull,Larus argentatus,,free,Campylobacter spp.,Campylobacter,Cloacal swab,yes,no,,,98,181,,NA,,NA,,NA,,,,,,,also has data on age groups,NA,NA,NA,NA,NA,NA,NA,NA,High,3
Whelan et al.,1988,Whelan et al. 1988,yes,review,"UK, Scotland, Bishopbriggs, garbage tip",no,Europe,"agglutination standard method, Culture broth/plate",Immunologic,NA,NA,NA,NA,Animal,Bird,Charadriiformes,Laridae,Larus,Herring gull,Larus argentatus,,free,Campylobacter spp.,Campylobacter,Cloacal swab,yes,no,,,131,200,,NA,,NA,,NA,,,,,,,also has data on age groups,NA,NA,NA,NA,NA,NA,NA,NA,High,3
Whelan et al.,1988,Whelan et al. 1988,yes,review,"UK, Scotland, Bowmore Island, garbage tip",no,Europe,"agglutination standard method, Culture broth/plate",Immunologic,NA,NA,NA,NA,Animal,Bird,Charadriiformes,Laridae,Larus,Herring gull,Larus argentatus,,free,Campylobacter spp.,Campylobacter,Cloacal swab,yes,no,,,97,183,,NA,,NA,,NA,,,,,,,also has data on age groups,NA,NA,NA,NA,NA,NA,NA,NA,High,3
Whelan et al.,1988,Whelan et al. 1988,yes,review,"UK, Scotland, Bishopbriggs, garbage tip",no,Europe,"agglutination standard method, Culture broth/plate",Immunologic,NA,NA,NA,NA,Animal,Bird,Charadriiformes,Laridae,Larus,Herring gull,Larus argentatus,,free,Campylobacter jejuni,Campylobacter jejuni,Cloacal swab,yes,no,,,73,200,,NA,,NA,,NA,,,,,,,also has data on age groups,NA,NA,NA,NA,NA,NA,NA,NA,High,3
Whelan et al.,1988,Whelan et al. 1988,yes,review,"UK, Scotland, Bowmore Island, garbage tip",no,Europe,"agglutination standard method, Culture broth/plate",Immunologic,NA,NA,NA,NA,Animal,Bird,Charadriiformes,Laridae,Larus,Herring gull,Larus argentatus,,free,Campylobacter jejuni,Campylobacter jejuni,Cloacal swab,yes,no,,,36,183,,NA,,NA,,NA,,,,,,,also has data on age groups,NA,NA,NA,NA,NA,NA,NA,NA,High,3
Whelan et al.,1988,Whelan et al. 1988,yes,review,"UK, Scotland, Thurso, garbage tip",no,Europe,"agglutination standard method, Culture broth/plate",Immunologic,NA,NA,NA,NA,Animal,Bird,Charadriiformes,Laridae,Larus,Herring gull,Larus argentatus,,free,Campylobacter jejuni,Campylobacter jejuni,Cloacal swab,yes,no,,,50,181,,NA,,NA,,NA,,,,,,,also has data on age groups,NA,NA,NA,NA,NA,NA,NA,NA,High,3
Whelan et al.,1988,Whelan et al. 1988,yes,review,"UK, Scotland, Bishopbriggs, garbage tip",no,Europe,"agglutination standard method, Culture broth/plate",Immunologic,NA,NA,NA,NA,Animal,Bird,Charadriiformes,Laridae,Larus,Herring gull,Larus argentatus,,free,Campylobacter lardis,Campylobacter lari,Cloacal swab,yes,no,,,58,200,,NA,,NA,,NA,,,,,,,also has data on age groups,NA,NA,NA,NA,NA,NA,NA,NA,High,3
Whelan et al.,1988,Whelan et al. 1988,yes,review,"UK, Scotland, Bowmore Island, garbage tip",no,Europe,"agglutination standard method, Culture broth/plate",Immunologic,NA,NA,NA,NA,Animal,Bird,Charadriiformes,Laridae,Larus,Herring gull,Larus argentatus,,free,Campylobacter lardis,Campylobacter lari,Cloacal swab,yes,no,,,61,183,,NA,,NA,,NA,,,,,,,also has data on age groups,NA,NA,NA,NA,NA,NA,NA,NA,High,3
Whelan et al.,1988,Whelan et al. 1988,yes,review,"UK, Scotland, Glasglow",no,Europe,"agglutination standard method, Culture broth/plate",Immunologic,NA,NA,NA,NA,Animal,Bird,Charadriiformes,Laridae,Larus,Herring gull,Larus argentatus,,free,Campylobacter lardis,Campylobacter lari,Cloacal swab,yes,no,,,21,50,,NA,,NA,,NA,,,,,,,also has data on age groups,NA,NA,NA,NA,NA,NA,NA,NA,High,3
Whelan et al.,1988,Whelan et al. 1988,yes,review,"UK, Scotland, Northeast Scotland",no,Europe,"agglutination standard method, Culture broth/plate",Immunologic,NA,NA,NA,NA,Animal,Bird,Charadriiformes,Laridae,Larus,Herring gull,Larus argentatus,,free,Campylobacter lardis,Campylobacter lari,Cloacal swab,yes,no,,,47,97,,NA,,NA,,NA,,,,,,,also has data on age groups,NA,NA,NA,NA,NA,NA,NA,NA,High,3
Whelan et al.,1988,Whelan et al. 1988,yes,review,"UK, Scotland, Thurso, garbage tip",no,Europe,"agglutination standard method, Culture broth/plate",Immunologic,NA,NA,NA,NA,Animal,Bird,Charadriiformes,Laridae,Larus,Herring gull,Larus argentatus,,free,Campylobacter lardis,Campylobacter lari,Cloacal swab,yes,no,,,48,181,,NA,,NA,,NA,,,,,,,also has data on age groups,NA,NA,NA,NA,NA,NA,NA,NA,High,3
Levesque et al.,2000,Levesque et al. 2000,yes,review,"Canada, Contrecoeur National Wildlife Area ",no,North America,"Standard AHPA Method, Membrain Filter",Conventional,NA,NA,NA,NA,Animal,Bird,Charadriiformes,Laridae,Larus,Ring-billed gull,Larus delawarensis,,free,Campylobacter spp.,Campylobacter,feces composite,no,yes,no,StatsIndiv,,1,,520000,,NA,,NA,,,,,CFU/g,Also found trends in concentration based on age and location,,NA,NA,NA,NA,NA,NA,NA,NA,Moderate,2
Levesque et al.,2000,Levesque et al. 2000,yes,review,"Canada, Contrecoeur National Wildlife Area ",no,North America,"Standard AHPA Method, Membrain Filter",Conventional,NA,NA,NA,NA,Animal,Bird,Charadriiformes,Laridae,Larus,Ring-billed gull,Larus delawarensis,,free,Campylobacter spp.,Campylobacter,feces composite,no,yes,no,StatsIndiv,,1,,80000,,NA,,NA,,,,,CFU/g,Also found trends in concentration based on age and location,,NA,NA,NA,NA,NA,NA,NA,NA,Moderate,2
Levesque et al.,2000,Levesque et al. 2000,yes,review,"Canada, Contrecoeur National Wildlife Area ",no,North America,"Standard AHPA Method, Membrain Filter",Conventional,NA,NA,NA,NA,Animal,Bird,Charadriiformes,Laridae,Larus,Ring-billed gull,Larus delawarensis,,free,Campylobacter spp.,Campylobacter,feces composite,no,yes,no,StatsIndiv,,1,,60000,,NA,,NA,,,,,CFU/g,Also found trends in concentration based on age and location,,NA,NA,NA,NA,NA,NA,NA,NA,Moderate,2
Levesque et al.,2000,Levesque et al. 2000,yes,review,"Canada, Contrecoeur National Wildlife Area ",no,North America,"Standard AHPA Method, Membrain Filter",Conventional,NA,NA,NA,NA,Animal,Bird,Charadriiformes,Laridae,Larus,Ring-billed gull,Larus delawarensis,,free,Campylobacter spp.,Campylobacter,feces composite,no,yes,no,StatsIndiv,,1,,2300000,,NA,,NA,,,,,CFU/g,Also found trends in concentration based on age and location,,NA,NA,NA,NA,NA,NA,NA,NA,Moderate,2
Levesque et al.,2000,Levesque et al. 2000,yes,review,"Canada, Contrecoeur National Wildlife Area ",no,North America,"Standard AHPA Method, Membrain Filter",Conventional,NA,NA,NA,NA,Animal,Bird,Charadriiformes,Laridae,Larus,Ring-billed gull,Larus delawarensis,,free,Campylobacter spp.,Campylobacter,feces composite,no,yes,no,StatsIndiv,,1,,3000,,NA,,NA,,,,,CFU/g,Also found trends in concentration based on age and location,,NA,NA,NA,NA,NA,NA,NA,NA,Moderate,2
Levesque et al.,2000,Levesque et al. 2000,yes,review,"Canada, Contrecoeur National Wildlife Area ",no,North America,"Standard AHPA Method, Membrain Filter",Conventional,NA,NA,NA,NA,Animal,Bird,Charadriiformes,Laridae,Larus,Ring-billed gull,Larus delawarensis,,free,Campylobacter spp.,Campylobacter,feces composite,no,yes,no,StatsIndiv,,1,,1000000,,NA,,NA,,,,,CFU/g,Also found trends in concentration based on age and location,,NA,NA,NA,NA,NA,NA,NA,NA,Moderate,2
Levesque et al.,2000,Levesque et al. 2000,yes,review,"Canada, Contrecoeur National Wildlife Area ",no,North America,"Standard AHPA Method, Membrain Filter",Conventional,NA,NA,NA,NA,Animal,Bird,Charadriiformes,Laridae,Larus,Ring-billed gull,Larus delawarensis,,free,Campylobacter spp.,Campylobacter,feces composite,no,yes,no,StatsIndiv,,1,,400000,,NA,,NA,,,,,CFU/g,Also found trends in concentration based on age and location,,NA,NA,NA,NA,NA,NA,NA,NA,Moderate,2
Levesque et al.,2000,Levesque et al. 2000,yes,review,"Canada, Contrecoeur National Wildlife Area ",no,North America,"Standard AHPA Method, Membrain Filter",Conventional,NA,NA,NA,NA,Animal,Bird,Charadriiformes,Laridae,Larus,Ring-billed gull,Larus delawarensis,,free,Campylobacter spp.,Campylobacter,feces composite,no,yes,no,StatsIndiv,,1,,40000,,NA,,NA,,,,,CFU/g,Also found trends in concentration based on age and location,,NA,NA,NA,NA,NA,NA,NA,NA,Moderate,2
Levesque et al.,2000,Levesque et al. 2000,yes,review,"Canada, Contrecoeur National Wildlife Area ",no,North America,"Standard AHPA Method, Membrain Filter",Conventional,NA,NA,NA,NA,Animal,Bird,Charadriiformes,Laridae,Larus,Ring-billed gull,Larus delawarensis,,free,Campylobacter spp.,Campylobacter,feces composite,no,yes,no,StatsIndiv,,1,,200000,,NA,,NA,,,,,CFU/g,Also found trends in concentration based on age and location,,NA,NA,NA,NA,NA,NA,NA,NA,Moderate,2
Levesque et al.,2000,Levesque et al. 2000,yes,review,"Canada, Contrecoeur National Wildlife Area ",no,North America,"Standard AHPA Method, Membrain Filter",Conventional,NA,NA,NA,NA,Animal,Bird,Charadriiformes,Laridae,Larus,Ring-billed gull,Larus delawarensis,,free,Campylobacter spp.,Campylobacter,feces composite,no,yes,no,StatsIndiv,,1,,1200000,,NA,,NA,,,,,CFU/g,Also found trends in concentration based on age and location,,NA,NA,NA,NA,NA,NA,NA,NA,Moderate,2
Levesque et al.,2000,Levesque et al. 2000,yes,review,"Canada, Montreal",no,North America,"Standard AHPA Method, Membrain Filter",Conventional,NA,NA,NA,NA,Animal,Bird,Charadriiformes,Laridae,Larus,Ring-billed gull,Larus delawarensis,,free,Campylobacter spp.,Campylobacter,feces composite,no,yes,no,StatsIndiv,,1,,50000,,NA,,NA,,,,,CFU/g,Also found trends in concentration based on age and location,,NA,NA,NA,NA,NA,NA,NA,NA,Moderate,2
Levesque et al.,2000,Levesque et al. 2000,yes,review,"Canada, Montreal",no,North America,"Standard AHPA Method, Membrain Filter",Conventional,NA,NA,NA,NA,Animal,Bird,Charadriiformes,Laridae,Larus,Ring-billed gull,Larus delawarensis,,free,Campylobacter spp.,Campylobacter,feces composite,no,yes,no,StatsIndiv,,1,,120000,,NA,,NA,,,,,CFU/g,Also found trends in concentration based on age and location,,NA,NA,NA,NA,NA,NA,NA,NA,Moderate,2
Levesque et al.,2000,Levesque et al. 2000,yes,review,"Canada, Montreal",no,North America,"Standard AHPA Method, Membrain Filter",Conventional,NA,NA,NA,NA,Animal,Bird,Charadriiformes,Laridae,Larus,Ring-billed gull,Larus delawarensis,,free,Campylobacter spp.,Campylobacter,feces composite,no,yes,no,StatsIndiv,,1,,70000,,NA,,NA,,,,,CFU/g,Also found trends in concentration based on age and location,,NA,NA,NA,NA,NA,NA,NA,NA,Moderate,2
Levesque et al.,2000,Levesque et al. 2000,yes,review,"Canada, Montreal",no,North America,"Standard AHPA Method, Membrain Filter",Conventional,NA,NA,NA,NA,Animal,Bird,Charadriiformes,Laridae,Larus,Ring-billed gull,Larus delawarensis,,free,Campylobacter spp.,Campylobacter,feces composite,no,yes,no,StatsIndiv,,1,,1100000,,NA,,NA,,,,,CFU/g,Also found trends in concentration based on age and location,,NA,NA,NA,NA,NA,NA,NA,NA,Moderate,2
Levesque et al.,2000,Levesque et al. 2000,yes,review,"Canada, Montreal",no,North America,"Standard AHPA Method, Membrain Filter",Conventional,NA,NA,NA,NA,Animal,Bird,Charadriiformes,Laridae,Larus,Ring-billed gull,Larus delawarensis,,free,Campylobacter spp.,Campylobacter,feces composite,no,yes,no,StatsIndiv,,1,,30000,,NA,,NA,,,,,CFU/g,Also found trends in concentration based on age and location,,NA,NA,NA,NA,NA,NA,NA,NA,Moderate,2
Levesque et al.,2000,Levesque et al. 2000,yes,review,"Canada, Montreal",no,North America,"Standard AHPA Method, Membrain Filter",Conventional,NA,NA,NA,NA,Animal,Bird,Charadriiformes,Laridae,Larus,Ring-billed gull,Larus delawarensis,,free,Campylobacter spp.,Campylobacter,feces composite,no,yes,no,StatsIndiv,,1,,800000,,NA,,NA,,,,,CFU/g,Also found trends in concentration based on age and location,,NA,NA,NA,NA,NA,NA,NA,NA,Moderate,2
Levesque et al.,2000,Levesque et al. 2000,yes,review,"Canada, Montreal",no,North America,"Standard AHPA Method, Membrain Filter",Conventional,NA,NA,NA,NA,Animal,Bird,Charadriiformes,Laridae,Larus,Ring-billed gull,Larus delawarensis,,free,Campylobacter spp.,Campylobacter,feces composite,no,yes,no,StatsIndiv,,1,,30000,,NA,,NA,,,,,CFU/g,Also found trends in concentration based on age and location,,NA,NA,NA,NA,NA,NA,NA,NA,Moderate,2
Levesque et al.,2000,Levesque et al. 2000,yes,review,"Canada, Montreal",no,North America,"Standard AHPA Method, Membrain Filter",Conventional,NA,NA,NA,NA,Animal,Bird,Charadriiformes,Laridae,Larus,Ring-billed gull,Larus delawarensis,,free,Campylobacter spp.,Campylobacter,feces composite,no,yes,no,StatsIndiv,,1,,800000,,NA,,NA,,,,,CFU/g,Also found trends in concentration based on age and location,,NA,NA,NA,NA,NA,NA,NA,NA,Moderate,2
Levesque et al.,2000,Levesque et al. 2000,yes,review,"Canada, Montreal",no,North America,"Standard AHPA Method, Membrain Filter",Conventional,NA,NA,NA,NA,Animal,Bird,Charadriiformes,Laridae,Larus,Ring-billed gull,Larus delawarensis,,free,Campylobacter spp.,Campylobacter,feces composite,no,yes,no,StatsIndiv,,1,,400000,,NA,,NA,,,,,CFU/g,Also found trends in concentration based on age and location,,NA,NA,NA,NA,NA,NA,NA,NA,Moderate,2
Levesque et al.,2000,Levesque et al. 2000,yes,review,"Canada, Montreal",no,North America,"Standard AHPA Method, Membrain Filter",Conventional,NA,NA,NA,NA,Animal,Bird,Charadriiformes,Laridae,Larus,Ring-billed gull,Larus delawarensis,,free,Campylobacter spp.,Campylobacter,feces composite,no,yes,no,StatsIndiv,,1,,300000,,NA,,NA,,,,,CFU/g,Also found trends in concentration based on age and location,,NA,NA,NA,NA,NA,NA,NA,NA,Moderate,2
Levesque et al.,2000,Levesque et al. 2000,yes,review,"Canada, Quebec City",no,North America,"Standard AHPA Method, Membrain Filter",Conventional,NA,NA,NA,NA,Animal,Bird,Charadriiformes,Laridae,Larus,Ring-billed gull,Larus delawarensis,,free,Campylobacter spp.,Campylobacter,feces composite,no,yes,no,StatsIndiv,,1,,57000,,NA,,NA,,,,,CFU/g,Also found trends in concentration based on age and location,,NA,NA,NA,NA,NA,NA,NA,NA,Moderate,2
Levesque et al.,2000,Levesque et al. 2000,yes,review,"Canada, Quebec City",no,North America,"Standard AHPA Method, Membrain Filter",Conventional,NA,NA,NA,NA,Animal,Bird,Charadriiformes,Laridae,Larus,Ring-billed gull,Larus delawarensis,,free,Campylobacter spp.,Campylobacter,feces composite,no,yes,no,StatsIndiv,,1,,70000,,NA,,NA,,,,,CFU/g,Also found trends in concentration based on age and location,,NA,NA,NA,NA,NA,NA,NA,NA,Moderate,2
Levesque et al.,2000,Levesque et al. 2000,yes,review,"Canada, Quebec City",no,North America,"Standard AHPA Method, Membrain Filter",Conventional,NA,NA,NA,NA,Animal,Bird,Charadriiformes,Laridae,Larus,Ring-billed gull,Larus delawarensis,,free,Campylobacter spp.,Campylobacter,feces composite,no,yes,no,StatsIndiv,,1,,130000,,NA,,NA,,,,,CFU/g,Also found trends in concentration based on age and location,,NA,NA,NA,NA,NA,NA,NA,NA,Moderate,2
Levesque et al.,2000,Levesque et al. 2000,yes,review,"Canada, Quebec City",no,North America,"Standard AHPA Method, Membrain Filter",Conventional,NA,NA,NA,NA,Animal,Bird,Charadriiformes,Laridae,Larus,Ring-billed gull,Larus delawarensis,,free,Campylobacter spp.,Campylobacter,feces composite,no,yes,no,StatsIndiv,,1,,50000,,NA,,NA,,,,,CFU/g,Also found trends in concentration based on age and location,,NA,NA,NA,NA,NA,NA,NA,NA,Moderate,2
Levesque et al.,2000,Levesque et al. 2000,yes,review,"Canada, Quebec City",no,North America,"Standard AHPA Method, Membrain Filter",Conventional,NA,NA,NA,NA,Animal,Bird,Charadriiformes,Laridae,Larus,Ring-billed gull,Larus delawarensis,,free,Campylobacter spp.,Campylobacter,feces composite,no,yes,no,StatsIndiv,,1,,2000,,NA,,NA,,,,,CFU/g,Also found trends in concentration based on age and location,,NA,NA,NA,NA,NA,NA,NA,NA,Moderate,2
Levesque et al.,2000,Levesque et al. 2000,yes,review,"Canada, Quebec City",no,North America,"Standard AHPA Method, Membrain Filter",Conventional,NA,NA,NA,NA,Animal,Bird,Charadriiformes,Laridae,Larus,Ring-billed gull,Larus delawarensis,,free,Campylobacter spp.,Campylobacter,feces composite,no,yes,no,StatsIndiv,,1,,100000,,NA,,NA,,,,,CFU/g,Also found trends in concentration based on age and location,,NA,NA,NA,NA,NA,NA,NA,NA,Moderate,2
Moriarty et al.,2011,Moriarty et al. 2011,yes,Web of Science,"New Zealand, Auckland, Hamilton, Farewell Spit and Christchurch",no,Western Pacific,"MPN Culture Test tube, PCR Isolates",Conventional,NA,35 samples above MDL,NA,1-25 g,Animal,Bird,Anseriformes,Anatidae,Cygnus,Black swan,,,free,Campylobacter spp.,Campylobacter,feces,yes,yes,no,StatsTotal,36,80,0.45,NA,204,NA,,NA,,,,,count/g wet weight.,mean based on all 80 samples,,NA,NA,NA,NA,NA,NA,NA,NA,Moderate,2
Moriarty et al.,2011,Moriarty et al. 2011,yes,Web of Science,"New Zealand, Auckland, Hamilton, Farewell Spit and Christchurch",no,Western Pacific,"MPN Culture Test tube, PCR Isolates",Conventional,NA,35 samples above MDL,NA,1-25 g,Animal,Bird,Anseriformes,Anatidae,Branta,Canada goose,,,free,Campylobacter spp.,Campylobacter,feces,yes,yes,no,StatsTotal,32,80,0.4,NA,4840,NA,,NA,,,,,count/g wet weight.,mean based on all 80 samples,,NA,NA,NA,NA,NA,NA,NA,NA,Moderate,2
Moriarty et al.,2011,Moriarty et al. 2011,yes,Web of Science,"New Zealand, Auckland, Hamilton, Farewell Spit and Christchurch",no,Western Pacific,"MPN Culture Test tube, PCR Isolates",Conventional,NA,35 samples above MDL,NA,1-25 g,Animal,Bird,Anseriformes,Anatidae,,,,Duck (family),free,Campylobacter spp.,Campylobacter,feces,yes,yes,no,StatsTotal,23,80,0.29,NA,59.2,NA,,NA,,,,,count/g wet weight.,mean based on all 80 samples,,NA,NA,NA,NA,NA,NA,NA,NA,Moderate,2
Moriarty et al.,2011,Moriarty et al. 2011,yes,Web of Science,"New Zealand, Auckland, Hamilton, Farewell Spit and Christchurch",no,Western Pacific,"MPN Culture Test tube, PCR Isolates",Conventional,NA,35 samples above MDL,NA,1-25 g,Animal,Bird,Charadriiformes,Laridae,,,,Gull (family),free,Campylobacter spp.,Campylobacter,feces,yes,yes,no,StatsTotal,47,80,0.59,NA,766,NA,,NA,,,,,count/g wet weight.,mean based on all 80 samples,,NA,NA,NA,NA,NA,NA,NA,NA,Moderate,2
Murphy et al. ,2005,Murphy et al.  2005,yes,review,New Zealand,no,Western Pacific,"culture plate, confirm using DNA 16s rRNA sequencing, PCR (Exeter, Microaerophilic)",Conventional,,,NA,,Animal,Bird,Anseriformes,Anatidae,Anas,,"Anas platyrhynchos, Anas superciliosa",Mallard Duck or Grey Duck,free,Campylobacter jejuni,Campylobacter jejuni,feces,no,yes,no,StatsTotal,,4,,NA,6000,NA,,NA,,,,,CFU/g,,1 composite sample equal parts 4 feces,NA,NA,NA,NA,NA,NA,NA,NA,Moderate,2
Obiri-Danso and Jones,1999,Obiri-Danso and Jones 1999,yes,review,"UK, England, River Lune",no,Europe,"MPN, Biochemcial, Membraine Filtration, Standard Method",Conventional,NA,NA,NA,NA,Animal,Bird,Anseriformes,Anatidae,Anas,Mallard,Anus plutyrhinrhn,,free,Campylobacter,Campylobacter,feces ,no,yes,no,StatsTotal,,30,,NA,,NA,,NA,199040,3358800,,,cells/g ,geometric mean,10 sample composite (30 individual samples),NA,NA,NA,NA,NA,NA,NA,NA,Moderate,2
Ogden et al.,2009,Ogden et al. 2009,yes,Google Scholar,"UK, Scotland",no,Europe,"microscope, agglutination, culture broth and plate.",Conventional,NA,NA,NA,NA,Animal,Bird,Columbiformes,Columbidae,Columba,Pigeon,,,free,Campylobacter,Campylobacter,feces,no,yes,no,StatsTotal,,255,,NA,200000,NA,,NA,3000,400000,,,cfu/g feces,,,NA,NA,NA,NA,NA,NA,NA,NA,Low,1
Ogden et al.,2009,Ogden et al. 2009,yes,Google Scholar,"UK, Scotland",no,Europe,"microscope, agglutination, culture broth and plate.",Conventional,NA,NA,NA,NA,Animal,Bird,Columbiformes,Columbidae,Columba,Pigeon,,,free,Campylobacter,Campylobacter,feces,no,yes,no,Semiquantitative,181,255,,NA,,NA,,NA,0,1,,,cfu/g feces,ND ,,NA,NA,NA,NA,NA,NA,NA,NA,Low,1
Ogden et al.,2009,Ogden et al. 2009,yes,Google Scholar,"UK, Scotland",no,Europe,"microscope, agglutination, culture broth and plate.",Conventional,NA,NA,NA,NA,Animal,Bird,Columbiformes,Columbidae,Columba,Pigeon,,,free,Campylobacter,Campylobacter,feces,no,yes,no,Semiquantitative,58,255,,NA,,NA,,NA,1,100,,,cfu/g feces,1-1E2,,NA,NA,NA,NA,NA,NA,NA,NA,Low,1
Ogden et al.,2009,Ogden et al. 2009,yes,Google Scholar,"UK, Scotland",no,Europe,"microscope, agglutination, culture broth and plate.",Conventional,NA,NA,NA,NA,Animal,Bird,Columbiformes,Columbidae,Columba,Pigeon,,,free,Campylobacter,Campylobacter,feces,no,yes,no,Semiquantitative,1,255,,NA,,NA,,NA,100,1000,,,cfu/g feces,1E2-1E3,,NA,NA,NA,NA,NA,NA,NA,NA,Low,1
Ogden et al.,2009,Ogden et al. 2009,yes,Google Scholar,"UK, Scotland",no,Europe,"microscope, agglutination, culture broth and plate.",Conventional,NA,NA,NA,NA,Animal,Bird,Columbiformes,Columbidae,Columba,Pigeon,,,free,Campylobacter,Campylobacter,feces,no,yes,no,Semiquantitative,5,255,,NA,,NA,,NA,1000,10000,,,cfu/g feces,1E3-1E4,,NA,NA,NA,NA,NA,NA,NA,NA,Low,1
Ogden et al.,2009,Ogden et al. 2009,yes,Google Scholar,"UK, Scotland",no,Europe,"microscope, agglutination, culture broth and plate.",Conventional,NA,NA,NA,NA,Animal,Bird,Columbiformes,Columbidae,Columba,Pigeon,,,free,Campylobacter,Campylobacter,feces,no,yes,no,Semiquantitative,3,255,,NA,,NA,,NA,10000,100000,,,cfu/g feces,1E4-1E5,,NA,NA,NA,NA,NA,NA,NA,NA,Low,1
Ogden et al.,2009,Ogden et al. 2009,yes,Google Scholar,"UK, Scotland",no,Europe,"microscope, agglutination, culture broth and plate.",Conventional,NA,NA,NA,NA,Animal,Bird,Columbiformes,Columbidae,Columba,Pigeon,,,free,Campylobacter,Campylobacter,feces,no,yes,no,Semiquantitative,4,255,,NA,,NA,,NA,100000,1000000,,,cfu/g feces,1E5-1E6,,NA,NA,NA,NA,NA,NA,NA,NA,Low,1
Ogden et al.,2009,Ogden et al. 2009,yes,Google Scholar,"UK, Scotland",no,Europe,"microscope, agglutination, culture broth and plate.",Conventional,NA,NA,NA,NA,Animal,Bird,Columbiformes,Columbidae,Columba,Pigeon,,,free,Campylobacter,Campylobacter,feces,no,yes,no,Semiquantitative,1,255,,NA,,NA,,NA,1000000,10000000,,,cfu/g feces,1E6-1E7,,NA,NA,NA,NA,NA,NA,NA,NA,Low,1
Ogden et al.,2009,Ogden et al. 2009,yes,Google Scholar,"UK, Scotland",no,Europe,"microscope, agglutination, culture broth and plate.",Conventional,NA,NA,NA,NA,Animal,Bird,Columbiformes,Columbidae,Columba,Pigeon,,,free,Campylobacter,Campylobacter,feces,no,yes,no,Semiquantitative,1,255,,NA,,NA,,NA,10000000,100000000,,,cfu/g feces,1E7-1E8,,NA,NA,NA,NA,NA,NA,NA,NA,Low,1
Ogden et al.,2009,Ogden et al. 2009,yes,Google Scholar,"UK, Scotland",no,Europe,"microscope, agglutination, culture broth and plate.",Conventional,NA,NA,NA,NA,Animal,Bird,Charadriiformes,Laridae,,,,Gull (family),free,Campylobacter,Campylobacter,feces,no,yes,no,StatsTotal,,216,,NA,60000,NA,,NA,4000,200000,,,cfu/g feces,,,NA,NA,NA,NA,NA,NA,NA,NA,Low,1
Ogden et al.,2009,Ogden et al. 2009,yes,Google Scholar,"UK, Scotland",no,Europe,"microscope, agglutination, culture broth and plate.",Conventional,NA,NA,NA,NA,Animal,Bird,Charadriiformes,Laridae,,,,Gull (family),free,Campylobacter,Campylobacter,feces,no,yes,no,Semiquantitative,165,216,,NA,,NA,,NA,0,1,,,cfu/g feces,,,NA,NA,NA,NA,NA,NA,NA,NA,Low,1
Ogden et al.,2009,Ogden et al. 2009,yes,Google Scholar,"UK, Scotland",no,Europe,"microscope, agglutination, culture broth and plate.",Conventional,NA,NA,NA,NA,Animal,Bird,Charadriiformes,Laridae,,,,Gull (family),free,Campylobacter,Campylobacter,feces,no,yes,no,Semiquantitative,38,216,,NA,,NA,,NA,1,100,,,cfu/g feces,1-1E2,,NA,NA,NA,NA,NA,NA,NA,NA,Low,1
Ogden et al.,2009,Ogden et al. 2009,yes,Google Scholar,"UK, Scotland",no,Europe,"microscope, agglutination, culture broth and plate.",Conventional,NA,NA,NA,NA,Animal,Bird,Charadriiformes,Laridae,,,,Gull (family),free,Campylobacter,Campylobacter,feces,no,yes,no,Semiquantitative,2,216,,NA,,NA,,NA,100,1000,,,cfu/g feces,1E2-1E3,,NA,NA,NA,NA,NA,NA,NA,NA,Low,1
Ogden et al.,2009,Ogden et al. 2009,yes,Google Scholar,"UK, Scotland",no,Europe,"microscope, agglutination, culture broth and plate.",Conventional,NA,NA,NA,NA,Animal,Bird,Charadriiformes,Laridae,,,,Gull (family),free,Campylobacter,Campylobacter,feces,no,yes,no,Semiquantitative,3,216,,NA,,NA,,NA,1000,10000,,,cfu/g feces,1E3-1E4,,NA,NA,NA,NA,NA,NA,NA,NA,Low,1
Ogden et al.,2009,Ogden et al. 2009,yes,Google Scholar,"UK, Scotland",no,Europe,"microscope, agglutination, culture broth and plate.",Conventional,NA,NA,NA,NA,Animal,Bird,Charadriiformes,Laridae,,,,Gull (family),free,Campylobacter,Campylobacter,feces,no,yes,no,Semiquantitative,2,216,,NA,,NA,,NA,10000,100000,,,cfu/g feces,1E4-1E5,,NA,NA,NA,NA,NA,NA,NA,NA,Low,1
Ogden et al.,2009,Ogden et al. 2009,yes,Google Scholar,"UK, Scotland",no,Europe,"microscope, agglutination, culture broth and plate.",Conventional,NA,NA,NA,NA,Animal,Bird,Charadriiformes,Laridae,,,,Gull (family),free,Campylobacter,Campylobacter,feces,no,yes,no,Semiquantitative,2,216,,NA,,NA,,NA,100000,1000000,,,cfu/g feces,1E5-1E6,,NA,NA,NA,NA,NA,NA,NA,NA,Low,1
Ogden et al.,2009,Ogden et al. 2009,yes,Google Scholar,"UK, Scotland",no,Europe,"microscope, agglutination, culture broth and plate.",Conventional,NA,NA,NA,NA,Animal,Bird,Charadriiformes,Laridae,,,,Gull (family),free,Campylobacter,Campylobacter,feces,no,yes,no,Semiquantitative,2,216,,NA,,NA,,NA,1000000,10000000,,,cfu/g feces,1E6-1E7,,NA,NA,NA,NA,NA,NA,NA,NA,Low,1
Ogden et al.,2009,Ogden et al. 2009,yes,Google Scholar,"UK, Scotland",no,Europe,"microscope, agglutination, culture broth and plate.",Conventional,NA,NA,NA,NA,Animal,Bird,Charadriiformes,Laridae,,,,Gull (family),free,Campylobacter,Campylobacter,feces,no,yes,no,Semiquantitative,1,216,,NA,,NA,,NA,10000000,100000000,,,cfu/g feces,1E7-1E8,,NA,NA,NA,NA,NA,NA,NA,NA,Low,1
Acke et al.,2006,Acke et al. 2006,yes,review,Ireland,no,Europe,"culture broth and plate, PCR confirm",Conventional,NA,NA,NA,NA,Animal,Mammal,Carnivora,Felidae,Felis,Cat,,,free (animal shelter),Campylobacter ,Campylobacter,fecal,yes,no,,,4,10,,NA,,NA,,NA,,,,,,<6 months old cat,,NA,NA,NA,NA,NA,NA,NA,NA,Low,1
Acke et al.,2006,Acke et al. 2006,yes,review,Ireland,no,Europe,"culture broth and plate, PCR confirm",Conventional,NA,NA,NA,NA,Animal,Mammal,Carnivora,Felidae,Felis,Cat,,,free (animal shelter),Campylobacter ,Campylobacter,rectal swab,yes,no,,,36,48,,NA,,NA,,NA,,,,,,<6 months old cat,,NA,NA,NA,NA,NA,NA,NA,NA,Low,1
Acke et al.,2009,Acke et al. 2009,yes,review,"Ireland, Dublin",no,Europe,"culture broth and plate, PCR confirm",Conventional,NA,NA,NA,NA,Animal,Mammal,Carnivora,Felidae,Felis,Cat,,,domestic,Campylobacter,Campylobacter,rectal swab,yes,no,,,15,35,,NA,,NA,,NA,,,,,,,,NA,NA,NA,NA,NA,NA,NA,NA,Moderate,2
Acke et al.,2009,Acke et al. 2009,yes,review,"Ireland, Dublin",no,Europe,"PCR (23S rRNA), culture plate and broth",Molecular,NA,NA,NA,NA,Animal,Mammal,Carnivora,Felidae,Felis,Cat,,,domestic,Campylobacter coli,Campylobacter coli,rectal swab,yes,no,,,1,35,,NA,,NA,,NA,,,,,,,,NA,NA,NA,NA,NA,NA,NA,NA,Moderate,2
Acke et al.,2009,Acke et al. 2009,yes,review,"Ireland, Dublin",no,Europe,"PCR (23S rRNA), culture plate and broth",Molecular,NA,NA,NA,NA,Animal,Mammal,Carnivora,Felidae,Felis,Cat,,,domestic,Campylobacter helveticus,Campylobacter helveticus,rectal swab,yes,no,,,2,35,,NA,,NA,,NA,,,,,,,,NA,NA,NA,NA,NA,NA,NA,NA,Moderate,2
Acke et al.,2009,Acke et al. 2009,yes,review,"Ireland, Dublin",no,Europe,"PCR (23S rRNA), culture plate and broth",Molecular,NA,NA,NA,NA,Animal,Mammal,Carnivora,Felidae,Felis,Cat,,,domestic,Campylobacter jejuni,Campylobacter jejuni,rectal swab,yes,no,,,3,35,,NA,,NA,,NA,,,,,,,,NA,NA,NA,NA,NA,NA,NA,NA,Moderate,2
Acke et al.,2009,Acke et al. 2009,yes,review,"Ireland, Dublin",no,Europe,"PCR (23S rRNA), culture plate and broth",Molecular,NA,NA,NA,NA,Animal,Mammal,Carnivora,Felidae,Felis,Cat,,,domestic,Campylobacter lari,Campylobacter lari,rectal swab,yes,no,,,1,35,,NA,,NA,,NA,,,,,,,,NA,NA,NA,NA,NA,NA,NA,NA,Moderate,2
Acke et al.,2009,Acke et al. 2009,yes,review,"Ireland, Dublin",no,Europe,"PCR (23S rRNA), culture plate and broth",Molecular,NA,NA,NA,NA,Animal,Mammal,Carnivora,Felidae,Felis,Cat,,,domestic,Campylobacter upsaliensis,Campylobacter upsaliensis,rectal swab,yes,no,,,9,35,,NA,,NA,,NA,,,,,,,,NA,NA,NA,NA,NA,NA,NA,NA,Moderate,2
Adesiyun et al.,1998,Adesiyun et al. 1998,yes,review,Trinidad,no,North America,"biochemical, plate culture",Conventional,ND,ND,NA,streak,Animal,Mammal,Primates,Atelidae,Alouatta,Colombian red howler,Alouata siniculus,,free range,Camplylobacter spp.,Campylobacter,"feces, cloacal swab",yes,no,,,ND,9,,NA,,NA,,NA,,,,,,,,NA,NA,NA,NA,NA,NA,NA,NA,Low,1
Adesiyun et al.,1998,Adesiyun et al. 1998,yes,review,Trinidad,no,North America,"biochemical, plate culture",Conventional,ND,ND,NA,streak,Animal,Mammal,Didelphimorphia,Didelphidae,Didelphis,Common opossum,Didelthis marsupialias insularis,,free range,Camplylobacter spp. (jejuni),Campylobacter,"feces, cloacal swab",yes,no,,,1,17,,NA,,NA,,NA,,,,,,,,NA,NA,NA,NA,NA,NA,NA,NA,Low,1
Adesiyun et al.,1998,Adesiyun et al. 1998,yes,review,Trinidad,no,North America,"biochemical, plate culture",Conventional,ND,ND,NA,streak,Animal,Mammal,Rodentia,Cuniculidae,Cuniculus,Lowland paca,Agouti paca,,free range,Camplylobacter spp.,Campylobacter,"feces, cloacal swab",yes,no,,,ND,15,,NA,,NA,,NA,,,,,,,,NA,NA,NA,NA,NA,NA,NA,NA,Low,1
Adesiyun et al.,1998,Adesiyun et al. 1998,yes,review,Trinidad,no,North America,"biochemical, plate culture",Conventional,ND,ND,NA,streak,Animal,Mammal,Rodentia,Cuniculidae,Cuniculus,Lowland paca,Agouti paca,,free range,Camplylobacter spp.,Campylobacter,"feces, cloacal swab",yes,no,,,ND,10,,NA,,NA,,NA,,,,,,,,NA,NA,NA,NA,NA,NA,NA,NA,Low,1
Adesiyun et al.,1998,Adesiyun et al. 1998,yes,review,Trinidad,no,North America,"biochemical, plate culture",Conventional,ND,ND,NA,streak,Animal,Mammal,Rodentia,Dasyproctidae,Dasyprocta,Red rumped agouti,Dasyprocta leporina,,free range,Camplylobacter spp.,Campylobacter,"feces, cloacal swab",yes,no,,,ND,232,,NA,,NA,,NA,,,,,,,,NA,NA,NA,NA,NA,NA,NA,NA,Low,1
Adesiyun et al.,1998,Adesiyun et al. 1998,yes,review,Trinidad,no,North America,"biochemical, plate culture",Conventional,ND,ND,NA,streak,Animal,Mammal,Rodentia,Dasyproctidae,Dasyprocta,Red rumped agouti,Dasyprocta leporina,,free range,Camplylobacter spp.,Campylobacter,"feces, cloacal swab",yes,no,,,8,88,,NA,,NA,,NA,,,,,,,,NA,NA,NA,NA,NA,NA,NA,NA,Low,1
Ahmed et al. ,2019,Ahmed et al.  2019,yes,Web of Science,"Australia, South East Queensland ",no,Western Pacific,qPCR,Molecular,3 log10 (1000) gene copies/g feces 2gene copies/reaction ,half MDL,NA,200 mg,Animal,Mammal,Psittaciformes,,,,,Parrot (order),free,Camplyobacter jejuni,Campylobacter jejuni,feces,yes,no,yes,Stats Total,0,10,,NA,<1000,NA,<1000,NA,<1000,<1000,<1000,<1000,log 10 gene copies/g feces,,,NA,NA,NA,NA,NA,NA,NA,NA,Moderate,2
Ahmed et al. ,2019,Ahmed et al.  2019,yes,Web of Science,"Australia, South East Queensland ",no,Western Pacific,qPCR,Molecular,3 log10 (1000) gene copies/g feces 2gene copies/reaction ,half MDL,NA,200 mg,Animal,Mammal,Chiroptera,Pteropodidae,Pteropus,,,Flying fox (genus),free,Camplyobacter jejuni,Campylobacter jejuni,feces,yes,no,yes,Stats Total,0,14,,NA,<1000,NA,<1000,NA,<1000,<1000,<1000,<1000,log 10 gene copies/g feces,,,NA,NA,NA,NA,NA,NA,NA,NA,Moderate,2
Drewe et al.,2012,Drewe et al. 2012,yes,Google Scholar,"South Africa, Cape Town",no,Africa,Standard Method,Conventional,NA,NA,NA,NA,Animal,Mammal,Primates,Cercopithecidae,Papio,Chacma baboon,Papio ursinus,,free,Camplyobacter spp.,Campylobacter,feces,yes,no,,,ND,27,,NA,,NA,,NA,,,,,,,,NA,NA,NA,NA,NA,NA,NA,NA,Low,1
European Food Safety Authority,2009,European Food Safety Authority 2009,grey literature,review,Germany,no,Europe,Standard Method,Conventional,NA,NA,NA,NA,Animal,Mammal,Carnivora,Felidae,Felis,Cat,,,domestic,Campylobacter,Campylobacter,feces,yes,no,,,26,266,,NA,,NA,,NA,,,,,,,,NA,NA,NA,NA,NA,NA,NA,NA,Low,1
European Food Safety Authority,2009,European Food Safety Authority 2009,grey literature,review,Italy,no,Europe,Standard Method,Conventional,NA,NA,NA,NA,Animal,Mammal,Carnivora,Felidae,Felis,Cat,,,domestic,Campylobacter,Campylobacter,feces,yes,no,,,18,321,,NA,,NA,,NA,,,,,,,,NA,NA,NA,NA,NA,NA,NA,NA,Low,1
European Food Safety Authority,2009,European Food Safety Authority 2009,grey literature,review,Neatherlands,no,Europe,Standard Method,Conventional,NA,NA,NA,NA,Animal,Mammal,Carnivora,Felidae,Felis,Cat,,,domestic,Campylobacter,Campylobacter,feces,yes,no,,,29,689,,NA,,NA,,NA,,,,,,,,NA,NA,NA,NA,NA,NA,NA,NA,Low,1
European Food Safety Authority,2009,European Food Safety Authority 2009,grey literature,review,Norway,no,Europe,Standard Method,Conventional,NA,NA,NA,NA,Animal,Mammal,Carnivora,Felidae,Felis,Cat,,,domestic,Campylobacter,Campylobacter,feces,yes,no,,,4,34,,NA,,NA,,NA,,,,,,,,NA,NA,NA,NA,NA,NA,NA,NA,Low,1
Firth et al. ,2014,Firth et al.  2014,yes,Google Scholar,"USA, New York, New York City",yes,North America,PCR,Molecular,0.35x10^3 to 3.5x10^3 RNA copies or 3.5*10^7 after 40 cycles,NA,NA,NA,Animal,Mammal,Rodentia,Muridae,Rattus,Brown rat,Rattus norvegicus,,free,Campylobacter jejuni,Campylobacter jejuni,fecal pellet,yes,no,,,5,133,,NA,,NA,,NA,,,,,,,,NA,NA,NA,NA,NA,NA,NA,NA,Low,1
Hazeleger et al.,2018,Hazeleger et al. 2018,yes,Google Scholar,Netherlands,no,Europe,"microscope, plate and broth culture confirm by PCR (aspA, glnA, gltA, glyA, pgm, uncA, tkt), latex agglutination",Conventional,10-100 CFU/swab,NA,NA,>=0.1 g swab,Animal,Mammal,Chiroptera,Vespertilionidae,Myotis,Bechstein's bat,Myotis bechsteinii,Bats (insectivor),free,Campylobacter ,Campylobacter,feces and rectal swab,yes,no,,,2,28,,NA,,NA,,NA,,,,,,,,NA,NA,NA,NA,NA,NA,NA,NA,Moderate,2
Hazeleger et al.,2018,Hazeleger et al. 2018,yes,Google Scholar,Netherlands,no,Europe,"PCR (aspA, glnA, gltA, glyA, pgm, uncA, tkt), DNA sequencing, microscope, latex agglutination , plate and broth culture",Molecular,10-100 CFU/swab,NA,NA,>=0.1 g swab,Animal,Mammal,Chiroptera,Vespertilionidae,Myotis,Bechstein's bat,Myotis bechsteinii,Bats (insectivor),free,Campylobacter jejuni,Campylobacter jejuni,feces and rectal swab,yes,no,,,2,28,,NA,,NA,,NA,,,,,,,,NA,NA,NA,NA,NA,NA,NA,NA,Moderate,2
Hazeleger et al.,2018,Hazeleger et al. 2018,yes,Google Scholar,Netherlands,no,Europe,"microscope, plate and broth culture confirm by PCR (aspA, glnA, gltA, glyA, pgm, uncA, tkt), latex agglutination",Conventional,10-100 CFU/swab,NA,NA,>=0.1 g swab,Animal,Mammal,Chiroptera,Vespertilionidae,Myotis,Brandt's bat,Myotis brandtii,Bats (insectivor),free,Campylobacter,Campylobacter,feces and rectal swab,yes,no,,,ND,11,,NA,,NA,,NA,,,,,,,,NA,NA,NA,NA,NA,NA,NA,NA,Moderate,2
Hazeleger et al.,2018,Hazeleger et al. 2018,yes,Google Scholar,Netherlands,no,Europe,"microscope, plate and broth culture confirm by PCR (aspA, glnA, gltA, glyA, pgm, uncA, tkt), latex agglutination",Conventional,10-100 CFU/swab,NA,NA,>=0.1 g swab,Animal,Mammal,Chiroptera,Vespertilionidae,Plecotus,Brown long-eared bat,Plecotus auritus,Bats (insectivor),free,Campylobacter,Campylobacter,feces and rectal swab,yes,no,,,ND,26,,NA,,NA,,NA,,,,,,,,NA,NA,NA,NA,NA,NA,NA,NA,Moderate,2
Hazeleger et al.,2018,Hazeleger et al. 2018,yes,Google Scholar,Netherlands,no,Europe,"microscope, plate and broth culture confirm by PCR (aspA, glnA, gltA, glyA, pgm, uncA, tkt), latex agglutination",Conventional,10-100 CFU/swab,NA,NA,>=0.1 g swab,Animal,Mammal,Chiroptera,Vespertilionidae,Nyctalus,Common noctule,Nyctalus noctula,Bats (insectivor),free,Campylobacter,Campylobacter,feces and rectal swab,yes,no,,,2,13,,NA,,NA,,NA,,,,,,,,NA,NA,NA,NA,NA,NA,NA,NA,Moderate,2
Hazeleger et al.,2018,Hazeleger et al. 2018,yes,Google Scholar,Netherlands,no,Europe,"PCR (aspA, glnA, gltA, glyA, pgm, uncA, tkt), DNA sequencing, microscope, latex agglutination , plate and broth culture",Molecular,10-100 CFU/swab,NA,NA,>=0.1 g swab,Animal,Mammal,Chiroptera,Vespertilionidae,Nyctalus,Common noctule,Nyctalus noctula,Bats (insectivor),free,Campylobacter jejuni,Campylobacter jejuni,feces and rectal swab,yes,no,,,2,13,,NA,,NA,,NA,,,,,,,,NA,NA,NA,NA,NA,NA,NA,NA,Moderate,2
Hazeleger et al.,2018,Hazeleger et al. 2018,yes,Google Scholar,Netherlands,no,Europe,"microscope, plate and broth culture confirm by PCR (aspA, glnA, gltA, glyA, pgm, uncA, tkt), latex agglutination",Conventional,10-100 CFU/swab,NA,NA,>=0.1 g swab,Animal,Mammal,Chiroptera,Vespertilionidae,Pipistrellus,Common pipistrelle,Pipistrellus pipistrellus,Bats (insectivor),free,Campylobacter ,Campylobacter,feces and rectal swab,yes,no,,,2,102,,NA,,NA,,NA,,,,,,,,NA,NA,NA,NA,NA,NA,NA,NA,Moderate,2
Hazeleger et al.,2018,Hazeleger et al. 2018,yes,Google Scholar,Netherlands,no,Europe,"PCR (aspA, glnA, gltA, glyA, pgm, uncA, tkt), DNA sequencing, microscope, latex agglutination , plate and broth culture",Molecular,10-100 CFU/swab,NA,NA,>=0.1 g swab,Animal,Mammal,Chiroptera,Vespertilionidae,Pipistrellus,Common pipistrelle,Pipistrellus pipistrellus,Bats (insectivor),free,Campylobacter jejuni,Campylobacter jejuni,feces and rectal swab,yes,no,,,2,102,,NA,,NA,,NA,,,,,,,,NA,NA,NA,NA,NA,NA,NA,NA,Moderate,2
Hazeleger et al.,2018,Hazeleger et al. 2018,yes,Google Scholar,Netherlands,no,Europe,"microscope, plate and broth culture confirm by PCR (aspA, glnA, gltA, glyA, pgm, uncA, tkt), latex agglutination",Conventional,10-100 CFU/swab,NA,NA,>=0.1 g swab,Animal,Mammal,Chiroptera,Vespertilionidae,Myotis,Daubenton's bat,Myotis daubentonii,Bats (insectivor),free,Campylobacter,Campylobacter,feces and rectal swab,yes,no,,,8,179,,NA,,NA,,NA,,,,,,,,NA,NA,NA,NA,NA,NA,NA,NA,Moderate,2
Hazeleger et al.,2018,Hazeleger et al. 2018,yes,Google Scholar,Netherlands,no,Europe,"PCR (aspA, glnA, gltA, glyA, pgm, uncA, tkt), DNA sequencing, microscope, latex agglutination , plate and broth culture",Molecular,10-100 CFU/swab,NA,NA,>=0.1 g swab,Animal,Mammal,Chiroptera,Vespertilionidae,Myotis,Daubenton's bat,Myotis daubentonii,Bats (insectivor),free,Campylobacter coli,Campylobacter coli,feces and rectal swab,yes,no,,,7,179,,NA,,NA,,NA,,,,,,,,NA,NA,NA,NA,NA,NA,NA,NA,Moderate,2
Hazeleger et al.,2018,Hazeleger et al. 2018,yes,Google Scholar,Netherlands,no,Europe,"PCR (aspA, glnA, gltA, glyA, pgm, uncA, tkt), DNA sequencing, microscope, latex agglutination , plate and broth culture",Molecular,10-100 CFU/swab,NA,NA,>=0.1 g swab,Animal,Mammal,Chiroptera,Vespertilionidae,Myotis,Daubenton's bat,Myotis daubentonii,Bats (insectivor),free,Campylobacter lari,Campylobacter lari,feces and rectal swab,yes,no,,,1,179,,NA,,NA,,NA,,,,,,,,NA,NA,NA,NA,NA,NA,NA,NA,Moderate,2
Hazeleger et al.,2018,Hazeleger et al. 2018,yes,Google Scholar,Netherlands,no,Europe,"microscope, plate and broth culture confirm by PCR (aspA, glnA, gltA, glyA, pgm, uncA, tkt), latex agglutination",Conventional,10-100 CFU/swab,NA,NA,>=0.1 g swab,Animal,Mammal,Chiroptera,Vespertilionidae,Myotis,Geoffroy's bat,Myotis emarginatus,Bats (insectivor),free,Campylobacter ,Campylobacter,feces and rectal swab,yes,no,,,1,70,,NA,,NA,,NA,,,,,,,,NA,NA,NA,NA,NA,NA,NA,NA,Moderate,2
Hazeleger et al.,2018,Hazeleger et al. 2018,yes,Google Scholar,Netherlands,no,Europe,"PCR (aspA, glnA, gltA, glyA, pgm, uncA, tkt), DNA sequencing, microscope, latex agglutination , plate and broth culture",Molecular,10-100 CFU/swab,NA,NA,>=0.1 g swab,Animal,Mammal,Chiroptera,Vespertilionidae,Myotis,Geoffroy's bat,Myotis emarginatus,Bats (insectivor),free,Campylobacter jejuni,Campylobacter jejuni,feces and rectal swab,yes,no,,,1,70,,NA,,NA,,NA,,,,,,,,NA,NA,NA,NA,NA,NA,NA,NA,Moderate,2
Hazeleger et al.,2018,Hazeleger et al. 2018,yes,Google Scholar,Netherlands,no,Europe,"microscope, plate and broth culture confirm by PCR (aspA, glnA, gltA, glyA, pgm, uncA, tkt), latex agglutination",Conventional,10-100 CFU/swab,NA,NA,>=0.1 g swab,Animal,Mammal,Chiroptera,Vespertilionidae,Plecotus,Grey long-eared bat,Plecotus austriacus,Bats (insectivor),free,Campylobacter,Campylobacter,feces and rectal swab,yes,no,,,ND,2,,NA,,NA,,NA,,,,,,,,NA,NA,NA,NA,NA,NA,NA,NA,Moderate,2
Hazeleger et al.,2018,Hazeleger et al. 2018,yes,Google Scholar,Netherlands,no,Europe,"microscope, plate and broth culture confirm by PCR (aspA, glnA, gltA, glyA, pgm, uncA, tkt), latex agglutination",Conventional,10-100 CFU/swab,NA,NA,>=0.1 g swab,Animal,Mammal,Chiroptera,Vespertilionidae,Myotis,Mouse eared bat,Myotis myotis,Bats (insectivor),free,Campylobacter,Campylobacter,feces and rectal swab,yes,no,,,ND,6,,NA,,NA,,NA,,,,,,,,NA,NA,NA,NA,NA,NA,NA,NA,Moderate,2
Hazeleger et al.,2018,Hazeleger et al. 2018,yes,Google Scholar,Netherlands,no,Europe,"microscope, plate and broth culture confirm by PCR (aspA, glnA, gltA, glyA, pgm, uncA, tkt), latex agglutination",Conventional,10-100 CFU/swab,NA,NA,>=0.1 g swab,Animal,Mammal,Chiroptera,Vespertilionidae,Pipistrellus,Nathusius's pipistrelle,Pipistrellus nathusii,Bats (insectivor),free,Campylobacter,Campylobacter,feces and rectal swab,yes,no,,,ND,9,,NA,,NA,,NA,,,,,,,,NA,NA,NA,NA,NA,NA,NA,NA,Moderate,2
Hazeleger et al.,2018,Hazeleger et al. 2018,yes,Google Scholar,Netherlands,no,Europe,"microscope, plate and broth culture confirm by PCR (aspA, glnA, gltA, glyA, pgm, uncA, tkt), latex agglutination",Conventional,10-100 CFU/swab,NA,NA,>=0.1 g swab,Animal,Mammal,Chiroptera,Vespertilionidae,Myotis,Natterer's bat,Myotis nattereri,Bats (insectivor),free,Campylobacter,Campylobacter,feces and rectal swab,yes,no,,,ND,27,,NA,,NA,,NA,,,,,,,,NA,NA,NA,NA,NA,NA,NA,NA,Moderate,2
Hazeleger et al.,2018,Hazeleger et al. 2018,yes,Google Scholar,Netherlands,no,Europe,"microscope, plate and broth culture confirm by PCR (aspA, glnA, gltA, glyA, pgm, uncA, tkt), latex agglutination",Conventional,10-100 CFU/swab,NA,NA,>=0.1 g swab,Animal,Mammal,Chiroptera,Vespertilionidae,Myotis,Pond bat,Myotis dasycneme,Bats (insectivor),free,Campylobacter ,Campylobacter,feces and rectal swab,yes,no,,,2,38,,NA,,NA,,NA,,,,,,,,NA,NA,NA,NA,NA,NA,NA,NA,Moderate,2
Hazeleger et al.,2018,Hazeleger et al. 2018,yes,Google Scholar,Netherlands,no,Europe,"PCR (aspA, glnA, gltA, glyA, pgm, uncA, tkt), DNA sequencing, microscope, latex agglutination , plate and broth culture",Molecular,10-100 CFU/swab,NA,NA,>=0.1 g swab,Animal,Mammal,Chiroptera,Vespertilionidae,Myotis,Pond bat,Myotis dasycneme,Bats (insectivor),free,Campylobacter jejuni,Campylobacter jejuni,feces and rectal swab,yes,no,,,2,38,,NA,,NA,,NA,,,,,,,,NA,NA,NA,NA,NA,NA,NA,NA,Moderate,2
Hazeleger et al.,2018,Hazeleger et al. 2018,yes,Google Scholar,Netherlands,no,Europe,"microscope, plate and broth culture confirm by PCR (aspA, glnA, gltA, glyA, pgm, uncA, tkt), latex agglutination",Conventional,10-100 CFU/swab,NA,NA,>=0.1 g swab,Animal,Mammal,Chiroptera,Vespertilionidae,Eptesicus,Serotine,Eptesicus serotinus,Bats (insectivor),free,Campylobacter,Campylobacter,feces and rectal swab,yes,no,,,ND,29,,NA,,NA,,NA,,,,,,,,NA,NA,NA,NA,NA,NA,NA,NA,Moderate,2
Hazeleger et al.,2018,Hazeleger et al. 2018,yes,Google Scholar,Netherlands,no,Europe,"microscope, plate and broth culture confirm by PCR (aspA, glnA, gltA, glyA, pgm, uncA, tkt), latex agglutination",Conventional,10-100 CFU/swab,NA,NA,>=0.1 g swab,Animal,Mammal,Chiroptera,Vespertilionidae,Myotis,Whiskered bat,Myotis mystacinus,Bats (insectivor),free,Campylobacter,Campylobacter,feces and rectal swab,yes,no,,,ND,20,,NA,,NA,,NA,,,,,,,,NA,NA,NA,NA,NA,NA,NA,NA,Moderate,2
Hellein et al.,2011,Hellein et al. 2011,yes,Google Scholar,"USA, Florida, Pensacola",yes,North America,qPCR,Molecular,NA,NA,NA,0.25-0.3 g,Animal,Mammal,Carnivora,Felidae,Felis,Cat,,,?,Campylobacter,Campylobacter,feces,yes,no,,,9,18,,NA,,NA,,NA,,,,,,,,NA,NA,NA,NA,NA,NA,NA,NA,Low,1
Hellein et al.,2011,Hellein et al. 2011,yes,Google Scholar,"USA, Florida, Pensacola",yes,North America,qPCR,Molecular,NA,NA,NA,0.25-0.3 g,Animal,Mammal,Carnivora,Felidae,Felis,Cat,,,?,Campylobacter coli,Campylobacter coli,feces,yes,no,,,2,18,,NA,,NA,,NA,,,,,,,,NA,NA,NA,NA,NA,NA,NA,NA,Low,1
Lohmus et al.,2013,Lohmus et al. 2013,yes,Google Scholar,"Sweden, Uppsala, rural dwellings",no,Europe,Standard Method (ISO 10272-1:2006 Nordic Committee on Food Analysis),Conventional,NA,NA,NA,1 g,Animal,Mammal,Rodentia,Cricetidae,Myodes,Bank vole,Myodes glareolus),,free,Campylobacter jejuni,Campylobacter jejuni,intestines content,yes,no,,,3,7,,NA,,NA,,NA,,,,,,,,NA,NA,NA,NA,NA,NA,NA,NA,Low,1
Lohmus et al.,2013,Lohmus et al. 2013,yes,Google Scholar,"Sweden, Uppsala, rural dwellings",no,Europe,Standard Method (ISO 10272-1:2006 Nordic Committee on Food Analysis),Conventional,NA,NA,NA,1 g,Animal,Mammal,Rodentia,Muridae,Mus,House mouse,Mus musculus,,free,Campylobacter jejuni,Campylobacter jejuni,intestines content,yes,no,,,ND,2,,NA,,NA,,NA,,,,,,,,NA,NA,NA,NA,NA,NA,NA,NA,Low,1
Lohmus et al.,2013,Lohmus et al. 2013,yes,Google Scholar,"Sweden, Uppsala, rural dwellings",no,Europe,Standard Method (ISO 10272-1:2006 Nordic Committee on Food Analysis),Conventional,NA,NA,NA,1 g,Animal,Mammal,Rodentia,Muridae,Apodemus,Wood mouse,Apodemus sylvaticus,,free,Campylobacter jejuni,Campylobacter jejuni,intestines content,yes,no,,,ND,12,,NA,,NA,,NA,,,,,,,,NA,NA,NA,NA,NA,NA,NA,NA,Low,1
Lohmus et al.,2013,Lohmus et al. 2013,yes,Google Scholar,"Sweden, Uppsala, rural dwellings",no,Europe,Standard Method (ISO 10272-1:2006 Nordic Committee on Food Analysis),Conventional,NA,NA,NA,1 g,Animal,Mammal,Rodentia,Muridae,Apodemus,Yellow-necked mouse,Apodemus flavicollis,,free,Campylobacter jejuni,Campylobacter jejuni,intestines content,yes,no,,,1,45,,NA,,NA,,NA,,,,,,,,NA,NA,NA,NA,NA,NA,NA,NA,Low,1
Lowenstein et al.,2020,Lowenstein et al. 2020,yes,Web of Science,"Ecuador, Yaruqui, Quito",no,South America,"PCR (hippuricase and aspartokinase genes), culture",Molecular,NA,NA,NA,NA,Animal,Mammal,Carnivora,Felidae,Felis,Cat,,,domestic,Campylobacter jejuni or coli,Campylobacter,feces swab,yes,no,,,4,21,,NA,,NA,,NA,,,,,,,,NA,NA,NA,NA,NA,NA,NA,NA,Low,1
"Medley, S. E.",2019,"Medley, S. E. 2019",thesis,Google Scholar,"Botswana, Chobe River",no,Africa,PCR (16S rRNA C412F/C1228R 816 bp),Molecular,NA,NA,NA,NA,Animal,Mammal,Carnivora,Herpestidae,Mungos,Banded mongooses,Mungos mungo,,free,Campylobacter ,Campylobacter,feces,yes,no,,,112,201,0.527,NA,,NA,,NA,,,,,,,,NA,NA,NA,NA,NA,NA,NA,NA,High,3
"Medley, S. E.",2019,"Medley, S. E. 2019",thesis,Google Scholar,"Botswana, Chobe River",no,Africa,PCR (cj0414 161 bp),Molecular,NA,NA,NA,NA,Animal,Mammal,Carnivora,Herpestidae,Mungos,Banded mongooses,Mungos mungo,,free,Campylobacter Jejuni,Campylobacter jejuni,feces,yes,no,,,55,112,0.491,NA,,NA,,NA,,,,,of samples positive for Campylobacter.,,,NA,NA,NA,NA,NA,NA,NA,NA,High,3
Moser et al.,2001,Moser et al. 2001,yes,review,"Germany, 2 Veterninary Hospital",no,Europe,culture plate,Conventional,NA,NA,NA,NA,Animal,Mammal,Carnivora,Felidae,Felis,Cat,,,? Veterinary hospital,Campylobacter ,Campylobacter,rectal swab,yes,no,,,22,46,,NA,,NA,,NA,,,,,,,,NA,NA,NA,NA,NA,NA,NA,NA,Moderate,2
Moser et al.,2001,Moser et al. 2001,yes,review,"Germany, 2 Veterninary Hospital",no,Europe,"PCR, biochemical, culture plate",Molecular,NA,NA,NA,NA,Animal,Mammal,Carnivora,Felidae,Felis,Cat,,,? Veterinary hospital,Campylobacter helveticus,Campylobacter helveticus,rectal swab,yes,no,,,10,46,,NA,,NA,,NA,,,,,,Has further genetic breakdown of campylobacter,,NA,NA,NA,NA,NA,NA,NA,NA,Moderate,2
Moser et al.,2001,Moser et al. 2001,yes,review,"Germany, 2 Veterninary Hospital",no,Europe,"PCR, biochemical, culture plate",Molecular,NA,NA,NA,NA,Animal,Mammal,Carnivora,Felidae,Felis,Cat,,,? Veterinary hospital,Campylobacter upsaliensis,Campylobacter upsaliensis,rectal swab,yes,no,,,9,46,,NA,,NA,,NA,,,,,,Has further genetic breakdown of campylobacter,,NA,NA,NA,NA,NA,NA,NA,NA,Moderate,2
Oates et al.,2012,Oates et al. 2012,yes,Web of Science,"USA, Monteray Bay, California",yes,North America,"PCR, Culture",Molecular,NA,NA,NA,NA,Animal,Mammal,Carnivora,Felidae,Felis,Cat,Felis silvestris catus,,free,Camplyobacter jejuni,Campylobacter jejuni,feces,yes,no,,,3,75,0.04,NA,,NA,,NA,,,,,,,,NA,NA,NA,NA,NA,NA,NA,NA,Low,1
Oates et al.,2012,Oates et al. 2012,yes,Web of Science,"USA, Monteray Bay, California",yes,North America,"PCR, Culture",Molecular,NA,NA,NA,NA,Animal,Mammal,Didelphimorphia,Didelphidae,Didelphis,Virginia opossum,Didelphis virginiana,,free,Camplyobacter jejuni,Campylobacter jejuni,feces,yes,no,,,0,70,0,NA,,NA,,NA,,,,,,,,NA,NA,NA,NA,NA,NA,NA,NA,Low,1
Oates et al.,2012,Oates et al. 2012,yes,Web of Science,"USA, Monteray Bay, California",yes,North America,"PCR, Culture",Molecular,NA,NA,NA,NA,Animal,Mammal,Carnivora,Felidae,,,"Puma concolor, Lynx rufus",Cat (family),free,Camplyobacter jejuni,Campylobacter jejuni,feces,yes,no,,,2,12,0.167,NA,,NA,,NA,,,,,,,,NA,NA,NA,NA,NA,NA,NA,NA,Low,1
Ogden et al.,2009,Ogden et al. 2009,yes,Google Scholar,"UK, Scotland",no,Europe,"microscope, agglutination, culture broth and plate.",Conventional,NA,NA,NA,NA,Animal,Mammal,Carnivora,Felidae,Felis,Cat,,,free,Campylobacter,Campylobacter,feces,yes,no,,,2,44,0.045,NA,,NA,,NA,,,,,,,,NA,NA,NA,NA,NA,NA,NA,NA,Low,1
Queen et al.,2012,Queen et al. 2012,yes,review,"USA, California, Northern California, Davis Vetrinary Hospital",yes,North America,"PCR (lpxA, AL111168, AY531496, AY531481,,AY531470, AY628395), Biochemical Test, flotation, Culture",Molecular,NA,NA,NA,1g,Animal,Mammal,Carnivora,Felidae,Felis,Cat,,,domestic,"Campylobacter spp. (jejuni, lari, upsaliensis, helveticus)",Campylobacter,feces (normal),yes,no,,,15,54,,NA,,NA,,NA,,,,,,,,NA,NA,NA,NA,NA,NA,NA,NA,Low,1
Rapp et al.,2020,Rapp et al. 2020,yes,Google Scholar,"New Zealand, Waikato district, Dairy farm",no,Western Pacific,"PCR, culture broth and plate, NZ Reference method ",Molecular,NA,NA,NA,NA,Animal,Mammal,Rodentia,,,,,rat,free,Campylobacter jejuni,Campylobacter jejuni,feces,yes,no,,,6,7,,NA,,NA,,NA,,,,,,,,NA,NA,NA,NA,NA,NA,NA,NA,Very Low,0
Sandberg et al.,2002,Sandberg et al. 2002,yes,review,"Norway, small animal clinics",no,Europe,"microscope, plate culture",Conventional,NA,NA,NA,NA,Animal,Mammal,Carnivora,Felidae,Felis,Cat,,,domestic (animal clinic),Campylobacter spp.,Campylobacter,fecal swab,yes,no,,,3,301,,NA,,NA,,NA,,,,,,,,NA,NA,NA,NA,NA,NA,NA,NA,Moderate,2
Sandberg et al.,2002,Sandberg et al. 2002,yes,review,"Norway, small animal clinics",no,Europe,"microscope, plate culture",Conventional,NA,NA,NA,NA,Animal,Mammal,Carnivora,Felidae,Felis,Cat,,,domestic (animal clinic),Campylobacter ,Campylobacter,fecal swab,yes,no,,,54,301,,NA,,NA,,NA,,,,,,,,NA,NA,NA,NA,NA,NA,NA,NA,Moderate,2
Sandberg et al.,2002,Sandberg et al. 2002,yes,review,"Norway, small animal clinics",no,Europe,"microscope, plate culture",Conventional,NA,NA,NA,NA,Animal,Mammal,Carnivora,Felidae,Felis,Cat,,,domestic (animal clinic),Campylobacter coli,Campylobacter coli,fecal swab,yes,no,,,2,301,,NA,,NA,,NA,,,,,,,,NA,NA,NA,NA,NA,NA,NA,NA,Moderate,2
Sandberg et al.,2002,Sandberg et al. 2002,yes,review,"Norway, small animal clinics",no,Europe,"microscope, plate culture",Conventional,NA,NA,NA,NA,Animal,Mammal,Carnivora,Felidae,Felis,Cat,,,domestic (animal clinic),Campylobacter jejuni,Campylobacter jejuni,fecal swab,yes,no,,,11,301,,NA,,NA,,NA,,,,,,,,NA,NA,NA,NA,NA,NA,NA,NA,Moderate,2
Sandberg et al.,2002,Sandberg et al. 2002,yes,review,"Norway, small animal clinics",no,Europe,"microscope, plate culture",Conventional,NA,NA,NA,NA,Animal,Mammal,Carnivora,Felidae,Felis,Cat,,,domestic (animal clinic),Campylobacter upsaliensis,Campylobacter upsaliensis,fecal swab,yes,no,,,38,301,,NA,,NA,,NA,,,,,,,,NA,NA,NA,NA,NA,NA,NA,NA,Moderate,2
Siembieda et al.,2011,Siembieda et al. 2011,yes,Google Scholar,"USA, California, San Francisco Bay",yes,North America,"PCR, biochemical, cultrure broth and plate",Molecular,NA,NA,NA,<5 g,Animal,Mammal,Carnivora,Procyonidae,Procyon,Raccoon,,,free,Campylobacter coli,Campylobacter coli,feces,yes,no,,,ND,10,,NA,,NA,,NA,,,,,,Data had to be compiled from all over the place in the article,response to oil spill,NA,NA,NA,NA,NA,NA,NA,NA,Low,1
Siembieda et al.,2011,Siembieda et al. 2011,yes,Google Scholar,"USA, California, San Francisco Bay",yes,North America,"PCR, biochemical, cultrure broth and plate",Molecular,NA,NA,NA,<5 g,Animal,Mammal,Carnivora,Procyonidae,Procyon,Raccoon,,,free,Campylobacter jejuni,Campylobacter jejuni,feces,yes,no,,,ND,10,,NA,,NA,,NA,,,,,,Data had to be compiled from all over the place in the article,response to oil spill,NA,NA,NA,NA,NA,NA,NA,NA,Low,1
Siembieda et al.,2011,Siembieda et al. 2011,yes,Google Scholar,"USA, California, San Francisco Bay",yes,North America,"PCR, biochemical, cultrure broth and plate",Molecular,NA,NA,NA,<5 g,Animal,Mammal,Carnivora,Procyonidae,Procyon,Raccoon,,,free,Campylobacter lari,Campylobacter lari,feces,yes,no,,,ND,10,,NA,,NA,,NA,,,,,,Data had to be compiled from all over the place in the article,response to oil spill,NA,NA,NA,NA,NA,NA,NA,NA,Low,1
Siembieda et al.,2011,Siembieda et al. 2011,yes,Google Scholar,"USA, California, San Francisco Bay",yes,North America,"PCR, biochemical, cultrure broth and plate",Molecular,NA,NA,NA,<5 g,Animal,Mammal,Didelphimorphia,Didelphidae,Didelphis,Virginia opossum,,,free,Campylobacter coli,Campylobacter coli,feces,yes,no,,,ND,12,,NA,,NA,,NA,,,,,,Data had to be compiled from all over the place in the article,response to oil spill,NA,NA,NA,NA,NA,NA,NA,NA,Low,1
Siembieda et al.,2011,Siembieda et al. 2011,yes,Google Scholar,"USA, California, San Francisco Bay",yes,North America,"PCR, biochemical, cultrure broth and plate",Molecular,NA,NA,NA,<5 g,Animal,Mammal,Didelphimorphia,Didelphidae,Didelphis,Virginia opossum,,,free,Campylobacter jejuni,Campylobacter jejuni,feces,yes,no,,,ND,12,,NA,,NA,,NA,,,,,,Data had to be compiled from all over the place in the article,response to oil spill,NA,NA,NA,NA,NA,NA,NA,NA,Low,1
Siembieda et al.,2011,Siembieda et al. 2011,yes,Google Scholar,"USA, California, San Francisco Bay",yes,North America,"PCR, biochemical, cultrure broth and plate",Molecular,NA,NA,NA,<5 g,Animal,Mammal,Didelphimorphia,Didelphidae,Didelphis,Virginia opossum,,,free,Campylobacter lari,Campylobacter lari,feces,yes,no,,,ND,12,,NA,,NA,,NA,,,,,,Data had to be compiled from all over the place in the article,response to oil spill,NA,NA,NA,NA,NA,NA,NA,NA,Low,1
Sippy et al.,2012,Sippy et al. 2012,yes,Google Scholar,"USA, Iowa, centra, farms",yes,North America,"PCR (16S rRNA 816 bp 854 bp variable, mapA 417 bp, tetO 559 bp, cjsa0191 1920 bp, pTet0048 3438 bp, gyrA 219 bp) culture broth and plate",Molecular,NA,NA,NA,swab variable,Animal,Mammal,Rodentia,Muridae,Rattus,Brown rat,Rattus norvegicus,,free,Campylobacter,Campylobacter,rectal swab,yes,no,,,ND,1,,NA,,NA,,NA,,,,,,,,NA,NA,NA,NA,NA,NA,NA,NA,Moderate,2
Sippy et al.,2012,Sippy et al. 2012,yes,Google Scholar,"USA, Iowa, centra, farms",yes,North America,"PCR (16S rRNA 816 bp 854 bp variable, mapA 417 bp, tetO 559 bp, cjsa0191 1920 bp, pTet0048 3438 bp, gyrA 219 bp) culture broth and plate",Molecular,NA,NA,NA,swab variable,Animal,Mammal,Soricomorpha,Talpidae,Scalopus,Eastern mole,Scalopus aquaticus,,free,Campylobacter,Campylobacter,rectal swab,yes,no,,,ND,1,,NA,,NA,,NA,,,,,,,,NA,NA,NA,NA,NA,NA,NA,NA,Moderate,2
Sippy et al.,2012,Sippy et al. 2012,yes,Google Scholar,"USA, Iowa, centra, farms",yes,North America,"PCR (16S rRNA 816 bp 854 bp variable, mapA 417 bp, tetO 559 bp, cjsa0191 1920 bp, pTet0048 3438 bp, gyrA 219 bp) culture broth and plate",Molecular,NA,NA,NA,swab variable,Animal,Mammal,Rodentia,Muridae,Mus,House mouse,Mus musculus,,free,Campylobacter,Campylobacter,rectal swab,yes,no,,,ND,51,,NA,,NA,,NA,,,,,,,,NA,NA,NA,NA,NA,NA,NA,NA,Moderate,2
Sippy et al.,2012,Sippy et al. 2012,yes,Google Scholar,"USA, Iowa, centra, farms",yes,North America,"PCR (16S rRNA 816 bp 854 bp variable, mapA 417 bp, tetO 559 bp, cjsa0191 1920 bp, pTet0048 3438 bp, gyrA 219 bp) culture broth and plate",Molecular,NA,NA,NA,swab variable,Animal,Mammal,Soricomorpha,Soricidae,,,"Soricidae, Blarina brevicauda, Cryptotis parva","Shrew (Short-tailed shrew, Least shrew)",free,Campylobacter,Campylobacter,rectal swab,yes,no,,,ND,25,,NA,,NA,,NA,,,,,,,,NA,NA,NA,NA,NA,NA,NA,NA,Moderate,2
Sippy et al.,2012,Sippy et al. 2012,yes,Google Scholar,"USA, Iowa, centra, farms",yes,North America,"PCR (16S rRNA 816 bp 854 bp variable, mapA 417 bp, tetO 559 bp, cjsa0191 1920 bp, pTet0048 3438 bp, gyrA 219 bp) culture broth and plate",Molecular,NA,NA,NA,swab variable,Animal,Mammal,Rodentia,Cricetida,Microtus,,"Microtus pinetorum, Microtus pennsylvanicus, Microtus ochrogaster","Microtus spp. (Woodland vole, Meadow vole, Prairie vole)",free,Campylobacter,Campylobacter,rectal swab,yes,no,,,ND,11,,NA,,NA,,NA,,,,,,,,NA,NA,NA,NA,NA,NA,NA,NA,Moderate,2
Sippy et al.,2012,Sippy et al. 2012,yes,Google Scholar,"USA, Iowa, centra, farms",yes,North America,"PCR (16S rRNA 816 bp 854 bp variable, mapA 417 bp, tetO 559 bp, cjsa0191 1920 bp, pTet0048 3438 bp, gyrA 219 bp) culture broth and plate",Molecular,NA,NA,NA,swab variable,Animal,Mammal,Rodentia,Cricetida,Peromyscus,,"Peromyscus maniculatus, Peromyscus leucopus","Peromyscus spp. (Deer mouse, White-footed mouse)",free,Campylobacter,Campylobacter,rectal swab,yes,no,,,ND,53,,NA,,NA,,NA,,,,,,,,NA,NA,NA,NA,NA,NA,NA,NA,Moderate,2
Spain et al.,2001,Spain et al. 2001,yes,review,"USA, New York, Central",yes,North America,"biochemical, culture plate",Conventional,NA,NA,NA,NA,Animal,Mammal,Carnivora,Felidae,Felis,Cat,,,domestic,Campylobacter jejuni,Campylobacter jejuni,fecal,yes,no,,,2,114,,NA,,NA,,NA,,,,,,,,NA,NA,NA,NA,NA,NA,NA,NA,Moderate,2
Spain et al.,2001,Spain et al. 2001,yes,review,"USA, New York, Central",yes,North America,"biochemical, culture plate",Conventional,NA,NA,NA,NA,Animal,Mammal,Carnivora,Felidae,Felis,Cat,,,free (animal shelter),Campylobacter jejuni,Campylobacter jejuni,fecal,yes,no,,,ND,149,,NA,,NA,,NA,,,,,,,,NA,NA,NA,NA,NA,NA,NA,NA,Moderate,2
Spain et al.,2001,Spain et al. 2001,yes,review,"USA, New York, Central",yes,North America,"biochemical, culture plate",Conventional,NA,NA,NA,NA,Animal,Mammal,Carnivora,Felidae,Felis,Cat,,,domestic and free (animal shelter),Campylobacter jejuni,Campylobacter jejuni,fecal,yes,no,,,2,263,0.008,NA,,NA,,NA,,,,,,,,NA,NA,NA,NA,NA,NA,NA,NA,Moderate,2
"Vogt, N. A.",2021,"Vogt, N. A. 2021",Thesis,Google Scholar,"Canada, Ontario, Guelph/Cambridge, swine farms",no,North America,"PCR (16S rRNA), membraine filteration, culture broth and plate",Molecular,NA,NA,NA,NA,Animal,Mammal,Carnivora,Procyonidae,Procyon,Raccoon,Procyon lotor,,free,Campylobacter spp.,Campylobacter,feces,yes,no,,,385,627,0.613528137,NA,,NA,,NA,,,,,,Has other data that might be useful but was not documented due to lack of clarity,508,NA,NA,NA,NA,NA,NA,NA,NA,High,3
"Vogt, N. A.",2021,"Vogt, N. A. 2021",Thesis,Google Scholar,"Canada, Ontario, Guelph/Cambridge, swine farms",no,North America,"PCR (ceuE), membraine filteration, culture broth and plate",Molecular,NA,NA,NA,NA,Animal,Mammal,Carnivora,Procyonidae,Procyon,Raccoon,Procyon lotor,,free,Campylobacter coli,Campylobacter coli,feces,yes,no,,,1,627,0.00091272,NA,,NA,,NA,,,,,,Has other data that might be useful but was not documented due to lack of clarity,1,NA,NA,NA,NA,NA,NA,NA,NA,High,3
"Vogt, N. A.",2021,"Vogt, N. A. 2021",Thesis,Google Scholar,"Canada, Ontario, Guelph/Cambridge, swine farms",no,North America,"PCR (mapA), membraine filteration, culture broth and plate",Molecular,NA,NA,NA,NA,Animal,Mammal,Carnivora,Procyonidae,Procyon,Raccoon,Procyon lotor,,free,Campylobacter jejuni,Campylobacter jejuni,feces,yes,no,,,378,627,0.602498052,NA,,NA,,NA,,,,,,Has other data that might be useful but was not documented due to lack of clarity,502,NA,NA,NA,NA,NA,NA,NA,NA,High,3
Wieland et al. ,2005,Wieland et al.  2005,yes,review,Switzerland,no,Europe,"biochemical, plate culture",Conventional,NA,NA,NA,NA,Animal,Mammal,Carnivora,Felidae,Felis,Cat,,,domestic,Campylobacter coli,Campylobacter coli,rectal swab,yes,no,,,5,596,0.008,NA,,NA,,NA,,,,,,,,NA,NA,NA,NA,NA,NA,NA,NA,High,3
Wieland et al. ,2005,Wieland et al.  2005,yes,review,Switzerland,no,Europe,"biochemical, plate culture",Conventional,NA,NA,NA,NA,Animal,Mammal,Carnivora,Felidae,Felis,Cat,,,domestic,Campylobacter jejuni,Campylobacter jejuni,rectal swab,yes,no,,,24,596,0.04,NA,,NA,,NA,,,,,,,,NA,NA,NA,NA,NA,NA,NA,NA,High,3
Wieland et al. ,2005,Wieland et al.  2005,yes,review,Switzerland,no,Europe,"biochemical, plate culture",Conventional,NA,NA,NA,NA,Animal,Mammal,Carnivora,Felidae,Felis,Cat,,,domestic,Campylobacter lari,Campylobacter lari,rectal swab,yes,no,,,ND,596,ND,NA,,NA,,NA,,,,,,,,NA,NA,NA,NA,NA,NA,NA,NA,High,3
Wieland et al. ,2005,Wieland et al.  2005,yes,review,Switzerland,no,Europe,"biochemical, plate culture",Conventional,NA,NA,NA,NA,Animal,Mammal,Carnivora,Felidae,Felis,Cat,,,domestic,Campylobacter spp.,Campylobacter,rectal swab,yes,no,,,27,596,0.045,NA,,NA,,NA,,,,,,,,NA,NA,NA,NA,NA,NA,NA,NA,High,3
Ahmed et al. ,2019,Ahmed et al.  2019,yes,Web of Science,"Australia, South East Queensland ",no,Western Pacific,qPCR,Molecular,3 log10 (1000) gene copies/g feces 2gene copies/reaction ,half MDL,NA,200 mg,Animal,Mammal,Psittaciformes,,,,,Parrot (order),free,Campylobacter spp.,Campylobacter,feces,yes,yes,no,Stats Total,10,10,,NA,616595.0019,NA,3.548133892,NA,44668.35922,6165950.019,338844.1561,1096478.196,log 10 gene copies/g feces,,,NA,NA,NA,NA,NA,NA,5.79,0.55,Moderate,2
Ahmed et al. ,2019,Ahmed et al.  2019,yes,Web of Science,"Australia, South East Queensland ",no,Western Pacific,qPCR,Molecular,3 log10 (1000) gene copies/g feces 2gene copies/reaction ,half MDL,NA,200 mg,Animal,Mammal,Chiroptera,Pteropodidae,Pteropus,,,Flying fox (genus),free,Campylobacter spp.,Campylobacter,feces,yes,yes,no,Stats Total,12,14,,NA,134896.2883,NA,18.62087137,NA,10000,24547089.16,39810.71706,467735.1413,log 10 gene copies/g feces,,,NA,NA,NA,NA,NA,NA,5.13,1.27,Moderate,2
Adesiyun et al.,1998,Adesiyun et al. 1998,yes,review,Trinidad,no,North America,"biochemical, plate culture",Conventional,ND,ND,NA,streak,Animal,Reptile,Squamata,Amphisbaenidae,Amphisbaena,Red worm lizard,Red Worm lizard,,free range,Camplylobacter spp.,Campylobacter,"feces, cloacal swab",yes,no,,,ND,23,,NA,,NA,,NA,,,,,,,,NA,NA,NA,NA,NA,NA,NA,NA,Low,1
Wang et al.,2013,Wang et al. 2013,yes,Web of Science,Taiwan,no,Western Pacific,"Plate culture, microscope isolates,  PCR (27f/1492r)",Molecular,NA,NA,NA,NA,Animal,Reptile,Squamata,Eublepharidae,Hemitheconyx,African fat-tailed gecko,Hemitheconyx caudicinctus,Lizards (Gekkonidae),mix,Campylobacter fetus,Campylobacter fetus,feces,yes,no,,,0,2,,NA,,NA,,NA,,,,,,animals not differentiated by location,,NA,NA,NA,NA,NA,NA,NA,NA,Low,1
Wang et al.,2013,Wang et al. 2013,yes,Web of Science,Taiwan,no,Western Pacific,"Plate culture, microscope isolates,  PCR (27f/1492r)",Molecular,NA,NA,NA,NA,Animal,Reptile,"	Squamata",Pythonidae,Simalia,Amethystine python,Amethystine python,,mix,Campylobacter fetus,Campylobacter fetus,feces,yes,no,,,1,1,,NA,,NA,,NA,,,,,,animals not differentiated by location,,NA,NA,NA,NA,NA,NA,NA,NA,Low,1
Wang et al.,2013,Wang et al. 2013,yes,Web of Science,Taiwan,no,Western Pacific,"Plate culture, microscope isolates,  PCR (27f/1492r)",Molecular,NA,NA,NA,NA,Animal,Reptile,Squamata,Pythonidae,Python,Ball python,Python regius,Snakes (Pythonidae),mix,Campylobacter fetus,Campylobacter fetus,feces,yes,no,,,0,1,,NA,,NA,,NA,,,,,,animals not differentiated by location,,NA,NA,NA,NA,NA,NA,NA,NA,Low,1
Wang et al.,2013,Wang et al. 2013,yes,Web of Science,Taiwan,no,Western Pacific,"Plate culture, microscope isolates,  PCR (27f/1492r)",Molecular,NA,NA,NA,NA,Animal,Reptile,Squamata,Pythonidae,Simalia,Black python,Morelia boeleni,,mix,Campylobacter fetus,Campylobacter fetus,feces,yes,no,,,0,1,,NA,,NA,,NA,,,,,,animals not differentiated by location,,NA,NA,NA,NA,NA,NA,NA,NA,Low,1
Wang et al.,2013,Wang et al. 2013,yes,Web of Science,Taiwan,no,Western Pacific,"Plate culture, microscope isolates,  PCR (27f/1492r)",Molecular,NA,NA,NA,NA,Animal,Reptile,Squamata,Pythonidae,Python,Blood python,Python curtus curtus,,mix,Campylobacter fetus,Campylobacter fetus,feces,yes,no,,,0,1,,NA,,NA,,NA,,,,,,animals not differentiated by location,,NA,NA,NA,NA,NA,NA,NA,NA,Low,1
Wang et al.,2013,Wang et al. 2013,yes,Web of Science,Taiwan,no,Western Pacific,"Plate culture, microscope isolates,  PCR (27f/1492r)",Molecular,NA,NA,NA,NA,Animal,Reptile,Squamata,Pythonidae,Python,Burmese python,Python molurus bivittatus,Snakes (Pythonidae),mix,Campylobacter fetus,Campylobacter fetus,feces,yes,no,,,0,5,,NA,,NA,,NA,,,,,,animals not differentiated by location,,NA,NA,NA,NA,NA,NA,NA,NA,Low,1
Wang et al.,2013,Wang et al. 2013,yes,Web of Science,Taiwan,no,Western Pacific,"Plate culture, microscope isolates,  PCR (27f/1492r)",Molecular,NA,NA,NA,NA,Animal,Reptile,Squamata,Agamidae,Pogona,Central bearded dragon,Pogona vitticeps,Lizards (Agamidae),mix,Campylobacter fetus,Campylobacter fetus,feces,yes,no,,,0,8,,NA,,NA,,NA,,,,,,animals not differentiated by location,,NA,NA,NA,NA,NA,NA,NA,NA,Low,1
Wang et al.,2013,Wang et al. 2013,yes,Web of Science,Taiwan,no,Western Pacific,"Plate culture, microscope isolates,  PCR (27f/1492r)",Molecular,NA,NA,NA,NA,Animal,Reptile,Testudines,Geoemydidae,Mauremys,Chinese stripe-necked turtle,Ocadia sinensis,Turtle (Geoemydidae),mix,Campylobacter fetus,Campylobacter fetus,feces,yes,no,,,3,7,,NA,,NA,,NA,,,,,,animals not differentiated by location,,NA,NA,NA,NA,NA,NA,NA,NA,Low,1
Wang et al.,2013,Wang et al. 2013,yes,Web of Science,Taiwan,no,Western Pacific,"Plate culture, microscope isolates,  PCR (27f/1492r)",Molecular,NA,NA,NA,NA,Animal,Reptile,Squamata,Colubridae,Lampropeltis,Common kingsnake,Common kingsnake,,mix,Campylobacter fetus,Campylobacter fetus,feces,yes,no,,,0,5,,NA,,NA,,NA,,,,,,animals not differentiated by location,,NA,NA,NA,NA,NA,NA,NA,NA,Low,1
Wang et al.,2013,Wang et al. 2013,yes,Web of Science,Taiwan,no,Western Pacific,"Plate culture, microscope isolates,  PCR (27f/1492r)",Molecular,NA,NA,NA,NA,Animal,Reptile,Squamata,Varanidae,Varanus,Common water monitor,Varanus salvator,Lizards (Varanidae),mix,Campylobacter fetus,Campylobacter fetus,feces,yes,no,,,0,1,,NA,,NA,,NA,,,,,,animals not differentiated by location,,NA,NA,NA,NA,NA,NA,NA,NA,Low,1
Wang et al.,2013,Wang et al. 2013,yes,Web of Science,Taiwan,no,Western Pacific,"Plate culture, microscope isolates,  PCR (27f/1492r)",Molecular,NA,NA,NA,NA,Animal,Reptile,Squamata,Diplodactylidae,Rhacodactylus,Crested gecko,Rhacodactylus ciliatus,Lizards (Gekkonidae),mix,Campylobacter fetus,Campylobacter fetus,feces,yes,no,,,0,1,,NA,,NA,,NA,,,,,,animals not differentiated by location,,NA,NA,NA,NA,NA,NA,NA,NA,Low,1
Wang et al.,2013,Wang et al. 2013,yes,Web of Science,Taiwan,no,Western Pacific,"Plate culture, microscope isolates,  PCR (27f/1492r)",Molecular,NA,NA,NA,NA,Animal,Reptile,Squamata,Varanidae,Varanus,Crocodile monitor,Varanus salvadorii,Lizards (Varanidae),mix,Campylobacter fetus,Campylobacter fetus,feces,yes,no,,,0,1,,NA,,NA,,NA,,,,,,animals not differentiated by location,,NA,NA,NA,NA,NA,NA,NA,NA,Low,1
Wang et al.,2013,Wang et al. 2013,yes,Web of Science,Taiwan,no,Western Pacific,"Plate culture, microscope isolates,  PCR (27f/1492r)",Molecular,NA,NA,NA,NA,Animal,Reptile,Testudines,Cheloniidae,Natator,Flatback sea turtle,Natator depressus,Turtle (Cheloniidae),mix,Campylobacter fetus,Campylobacter fetus,feces,yes,no,,,0,1,,NA,,NA,,NA,,,,,,animals not differentiated by location,,NA,NA,NA,NA,NA,NA,NA,NA,Low,1
Wang et al.,2013,Wang et al. 2013,yes,Web of Science,Taiwan,no,Western Pacific,"Plate culture, microscope isolates,  PCR (27f/1492r)",Molecular,NA,NA,NA,NA,Animal,Reptile,Squamata,Helodermatidae,Heloderma,Gila monster,Heloderma suspectum,Lizards (Helodermatidae),mix,Campylobacter fetus,Campylobacter fetus,feces,yes,no,,,0,1,,NA,,NA,,NA,,,,,,animals not differentiated by location,,NA,NA,NA,NA,NA,NA,NA,NA,Low,1
Wang et al.,2013,Wang et al. 2013,yes,Web of Science,Taiwan,no,Western Pacific,"Plate culture, microscope isolates,  PCR (27f/1492r)",Molecular,NA,NA,NA,NA,Animal,Reptile,Squamata,Corytophanidae,Basiliscus,Green basilisk,Basiliscus plumifrons,Lizards (Corytophanidae),mix,Campylobacter fetus,Campylobacter fetus,feces,yes,no,,,0,1,,NA,,NA,,NA,,,,,,animals not differentiated by location,,NA,NA,NA,NA,NA,NA,NA,NA,Low,1
Wang et al.,2013,Wang et al. 2013,yes,Web of Science,Taiwan,no,Western Pacific,"Plate culture, microscope isolates,  PCR (27f/1492r)",Molecular,NA,NA,NA,NA,Animal,Reptile,Squamata,Iguanidae,Iguana,Green Iguana,Iguana iguana,Lizards (Iguanidae),mix,Campylobacter fetus,Campylobacter fetus,feces,yes,no,,,0,21,,NA,,NA,,NA,,,,,,animals not differentiated by location,,NA,NA,NA,NA,NA,NA,NA,NA,Low,1
Wang et al.,2013,Wang et al. 2013,yes,Web of Science,Taiwan,no,Western Pacific,"Plate culture, microscope isolates,  PCR (27f/1492r)",Molecular,NA,NA,NA,NA,Animal,Reptile,Squamata,Pythonidae,Morelia,Green tree python,Morelia viridis,,mix,Campylobacter fetus,Campylobacter fetus,feces,yes,no,,,0,3,,NA,,NA,,NA,,,,,,animals not differentiated by location,,NA,NA,NA,NA,NA,NA,NA,NA,Low,1
Wang et al.,2013,Wang et al. 2013,yes,Web of Science,Taiwan,no,Western Pacific,"Plate culture, microscope isolates,  PCR (27f/1492r)",Molecular,NA,NA,NA,NA,Animal,Reptile,Squamata,Eublepharidae,Eublepharis,Leopard gecko,Eublepharis macularius,Lizards (Gekkonidae),mix,Campylobacter fetus,Campylobacter fetus,feces,yes,no,,,0,6,,NA,,NA,,NA,,,,,,animals not differentiated by location,,NA,NA,NA,NA,NA,NA,NA,NA,Low,1
Wang et al.,2013,Wang et al. 2013,yes,Web of Science,Taiwan,no,Western Pacific,"Plate culture, microscope isolates,  PCR (27f/1492r)",Molecular,NA,NA,NA,NA,Animal,Reptile,Squamata,Varanidae,Varanus,Monitor lizard,Varanus albigularis ionidesi,Lizards (Varanidae),mix,Campylobacter fetus,Campylobacter fetus,feces,yes,no,,,0,2,,NA,,NA,,NA,,,,,,animals not differentiated by location,,NA,NA,NA,NA,NA,NA,NA,NA,Low,1
Wang et al.,2013,Wang et al. 2013,yes,Web of Science,Taiwan,no,Western Pacific,"Plate culture, microscope isolates,  PCR (27f/1492r)",Molecular,NA,NA,NA,NA,Animal,Reptile,Squamata,Chamaeleonidae,Furcifer,Panther chameleon,Furcifer pardalis,Lizards (Chamaeleonidae),mix,Campylobacter fetus,Campylobacter fetus,feces,yes,no,,,0,1,,NA,,NA,,NA,,,,,,animals not differentiated by location,,NA,NA,NA,NA,NA,NA,NA,NA,Low,1
Wang et al.,2013,Wang et al. 2013,yes,Web of Science,Taiwan,no,Western Pacific,"Plate culture, microscope isolates,  PCR (27f/1492r)",Molecular,NA,NA,NA,NA,Animal,Reptile,Squamata,Agamidae,Hydrosaurus,Philippine sailfin lizard,Hydrosaurus pustulatus,Lizards (Agamidae),mix,Campylobacter fetus,Campylobacter fetus,feces,yes,no,,,1,1,,NA,,NA,,NA,,,,,,animals not differentiated by location,,NA,NA,NA,NA,NA,NA,NA,NA,Low,1
Wang et al.,2013,Wang et al. 2013,yes,Web of Science,Taiwan,no,Western Pacific,"Plate culture, microscope isolates,  PCR (27f/1492r)",Molecular,NA,NA,NA,NA,Animal,Reptile,Squamata,Scincidae,Egernia,Pygmy spiny-tailed skink,Egernia depressa,Lizards (Scincidae),mix,Campylobacter fetus,Campylobacter fetus,feces,yes,no,,,0,1,,NA,,NA,,NA,,,,,,animals not differentiated by location,,NA,NA,NA,NA,NA,NA,NA,NA,Low,1
Wang et al.,2013,Wang et al. 2013,yes,Web of Science,Taiwan,no,Western Pacific,"Plate culture, microscope isolates,  PCR (27f/1492r)",Molecular,NA,NA,NA,NA,Animal,Reptile,Squamata,Boidae,Epicrates,Rainbow boa,Rainbow boa,,mix,Campylobacter fetus,Campylobacter fetus,feces,yes,no,,,0,1,,NA,,NA,,NA,,,,,,animals not differentiated by location,,NA,NA,NA,NA,NA,NA,NA,NA,Low,1
Wang et al.,2013,Wang et al. 2013,yes,Web of Science,Taiwan,no,Western Pacific,"Plate culture, microscope isolates,  PCR (27f/1492r)",Molecular,NA,NA,NA,NA,Animal,Reptile,Squamata,Pythonidae,Malayopython,Reticulated python,Python reticulatus,Snakes (Pythonidae),mix,Campylobacter fetus,Campylobacter fetus,feces,yes,no,,,0,2,,NA,,NA,,NA,,,,,,animals not differentiated by location,,NA,NA,NA,NA,NA,NA,NA,NA,Low,1
Wang et al.,2013,Wang et al. 2013,yes,Web of Science,Taiwan,no,Western Pacific,"Plate culture, microscope isolates,  PCR (27f/1492r)",Molecular,NA,NA,NA,NA,Animal,Reptile,Squamata,Varanidae,Varanus,Rock monitor,Varanus albigularis,Lizards (Varanidae),mix,Campylobacter fetus,Campylobacter fetus,feces,yes,no,,,0,1,,NA,,NA,,NA,,,,,,animals not differentiated by location,,NA,NA,NA,NA,NA,NA,NA,NA,Low,1
Wang et al.,2013,Wang et al. 2013,yes,Web of Science,Taiwan,no,Western Pacific,"Plate culture, microscope isolates,  PCR (27f/1492r)",Molecular,NA,NA,NA,NA,Animal,Reptile,Testudines,Podocnemididae,Podocnemis,Savanna side-necked turtle,Podocnemis vogli,Turtle (Podocnemididae),mix,Campylobacter fetus,Campylobacter fetus,feces,yes,no,,,0,1,,NA,,NA,,NA,,,,,,animals not differentiated by location,,NA,NA,NA,NA,NA,NA,NA,NA,Low,1
Wang et al.,2013,Wang et al. 2013,yes,Web of Science,Taiwan,no,Western Pacific,"Plate culture, microscope isolates,  PCR (27f/1492r)",Molecular,NA,NA,NA,NA,Animal,Reptile,Squamata,Varanidae,Varanus,Savannah monitor,Varanus exanthematicus,Lizards (Varanidae),mix,Campylobacter fetus,Campylobacter fetus,feces,yes,no,,,0,1,,NA,,NA,,NA,,,,,,animals not differentiated by location,,NA,NA,NA,NA,NA,NA,NA,NA,Low,1
Wang et al.,2013,Wang et al. 2013,yes,Web of Science,Taiwan,no,Western Pacific,"Plate culture, microscope isolates,  PCR (27f/1492r)",Molecular,NA,NA,NA,NA,Animal,Reptile,Squamata,Scincidae,Corucia,Solomon island skink,Corucia zebrata,Lizards (Scincidae),mix,Campylobacter fetus,Campylobacter fetus,feces,yes,no,,,0,1,,NA,,NA,,NA,,,,,,animals not differentiated by location,,NA,NA,NA,NA,NA,NA,NA,NA,Low,1
Wang et al.,2013,Wang et al. 2013,yes,Web of Science,Taiwan,no,Western Pacific,"Plate culture, microscope isolates,  PCR (27f/1492r)",Molecular,NA,NA,NA,NA,Animal,Reptile,Squamata,Gerrhosauridae,Broadleysaurus,Sudan plated lizard,Gerrhosaurus major,Lizards (Gerrhosauridae),mix,Campylobacter fetus,Campylobacter fetus,feces,yes,no,,,0,1,,NA,,NA,,NA,,,,,,animals not differentiated by location,,NA,NA,NA,NA,NA,NA,NA,NA,Low,1
Wang et al.,2013,Wang et al. 2013,yes,Web of Science,Taiwan,no,Western Pacific,"Plate culture, microscope isolates,  PCR (27f/1492r)",Molecular,NA,NA,NA,NA,Animal,Reptile,Squamata,Carphodactylidae,Nephrurus,Three-lined knob-tailed geck,Nephrurus levis,Lizards (Carphodactylidae),mix,Campylobacter fetus,Campylobacter fetus,feces,yes,no,,,0,1,,NA,,NA,,NA,,,,,,animals not differentiated by location,,NA,NA,NA,NA,NA,NA,NA,NA,Low,1
Wang et al.,2013,Wang et al. 2013,yes,Web of Science,Taiwan,no,Western Pacific,"Plate culture, microscope isolates,  PCR (27f/1492r)",Molecular,NA,NA,NA,NA,Animal,Reptile,Squamata,Chamaeleonidae,Chamaeleo,Veiled chameleon,Chamaeleo calyptratus,Lizards (Chamaeleonidae),mix,Campylobacter fetus,Campylobacter fetus,feces,yes,no,,,0,1,,NA,,NA,,NA,,,,,,animals not differentiated by location,,NA,NA,NA,NA,NA,NA,NA,NA,Low,1
Wang et al.,2013,Wang et al. 2013,yes,Web of Science,Taiwan,no,Western Pacific,"Plate culture, microscope isolates,  PCR (27f/1492r)",Molecular,NA,NA,NA,NA,Animal,Reptile,Testudines,Geoemydidae,Cuora,Yellow-margined box turtle,Cuora flavomarginata,Turtle (Geoemydidae),mix,Campylobacter fetus,Campylobacter fetus,feces,yes,no,,,0,34,,NA,,NA,,NA,,,,,,animals not differentiated by location,,NA,NA,NA,NA,NA,NA,NA,NA,Low,1
Wang et al.,2013,Wang et al. 2013,yes,Web of Science,Taiwan,no,Western Pacific,"Plate culture, microscope isolates,  PCR (27f/1492r)",Molecular,NA,NA,NA,NA,Animal,Reptile,Testudines,Emydidae,,,Emydidae sp.,Turtle (Emydidae),mix,Campylobacter fetus,Campylobacter fetus,feces,yes,no,,,1,1,,NA,,NA,,NA,,,,,,animals not differentiated by location,,NA,NA,NA,NA,NA,NA,NA,NA,Low,1
Wang et al.,2013,Wang et al. 2013,yes,Web of Science,Taiwan,no,Western Pacific,"Plate culture, microscope isolates,  PCR (27f/1492r)",Molecular,NA,NA,NA,NA,Animal,Reptile,Squamata,Agamidae,Uromastyx,,Uromastyx sp.,Lizards (Agamidae),mix,Campylobacter fetus,Campylobacter fetus,feces,yes,no,,,0,1,,NA,,NA,,NA,,,,,,animals not differentiated by location,,NA,NA,NA,NA,NA,NA,NA,NA,Low,1
Wang et al.,2013,Wang et al. 2013,yes,Web of Science,Taiwan,no,Western Pacific,"Plate culture, microscope isolates,  PCR (27f/1492r)",Molecular,NA,NA,NA,NA,Animal,Reptile,Squamata,Teiidae,,,Tupinambis merianae,Argentine black and white tegu,mix,Campylobacter fetus,Campylobacter fetus,feces,yes,no,,,0,1,,NA,,NA,,NA,,,,,,animals not differentiated by location,,NA,NA,NA,NA,NA,NA,NA,NA,Low,1
