Reference,Year,Full.Reference,peer.review,search,Location,USA,Global.Region,Method,Conventional..Molecular..or.Immunologic,MDL.ALOD.LOD,Below.MDL,MDL.units,Sample.Volume,kingdom,class,order,family,genius,Animal.common.name,Animal.Latin.Name,Animal.Extras,Free.captive,Pathogen1,Pathogen,Pathotype.Bin.2,medium,Presence,Enumerated,Enum.Stats,Censored.Data,Presence.Absence,Total,percent,Individual.Sample,Mean,Geometric.mean,Standard.deviation,Median,Min,Max,X95..low,X95..high,units,Notes,Notes.1,CenMedianLow,CenMedianHigh,CenMinLow,CenMinHigh,CenMaxLow,CenMaxHigh,log10mean,log10SD,GRADES,GRADES_Score
Abulreesh et al.,2014,Abulreesh et al. 2014,yes,Google Scholar,"Saudi Arabia, Mecca",no,Eastern Mediterranean,"biochemical, PCR (RW01, DG74), latex agglutination, culture broth and plate",Immunologic,NA,NA,,0.5 g,Animal,Bird,Columbiformes,Columbidae,Columba,Pigeon,,,free,Escherichia coli O103,EHEC,,feces,yes,no,,,ND,600,NA,,,NA,NA,NA,,,NA,NA,,,,NA,NA,NA,NA,NA,NA,NA,NA,High,3
Abulreesh et al.,2014,Abulreesh et al. 2014,yes,Google Scholar,"Saudi Arabia, Mecca",no,Eastern Mediterranean,"biochemical, PCR (RW01, DG74), latex agglutination, culture broth and plate",Immunologic,NA,NA,,0.5 g,Animal,Bird,Columbiformes,Columbidae,Columba,Pigeon,,,free,Escherichia coli O111,EHEC,,feces,yes,no,,,ND,600,NA,,,NA,NA,NA,,,NA,NA,,,,NA,NA,NA,NA,NA,NA,NA,NA,High,3
Abulreesh et al.,2014,Abulreesh et al. 2014,yes,Google Scholar,"Saudi Arabia, Mecca",no,Eastern Mediterranean,"biochemical, PCR (RW01, DG74), latex agglutination, culture broth and plate",Immunologic,NA,NA,,0.5 g,Animal,Bird,Columbiformes,Columbidae,Columba,Pigeon,,,free,Escherichia coli O145,EHEC,,feces,yes,no,,,ND,600,NA,,,NA,NA,NA,,,NA,NA,,,,NA,NA,NA,NA,NA,NA,NA,NA,High,3
Abulreesh et al.,2014,Abulreesh et al. 2014,yes,Google Scholar,"Saudi Arabia, Mecca",no,Eastern Mediterranean,"biochemical, PCR (RW01, DG74), latex agglutination, culture broth and plate",Immunologic,NA,NA,,0.5 g,Animal,Bird,Columbiformes,Columbidae,Columba,Pigeon,,,free,Escherichia coli O157,EHEC,,feces,yes,no,,,17,600,NA,,,NA,NA,NA,,,NA,NA,,,,NA,NA,NA,NA,NA,NA,NA,NA,High,3
Abulreesh et al.,2014,Abulreesh et al. 2014,yes,Google Scholar,"Saudi Arabia, Mecca",no,Eastern Mediterranean,reverse passive latex agglutination,Immunologic,NA,NA,,0.5 g,Animal,Bird,Columbiformes,Columbidae,Columba,Pigeon,,,free,Escherichia coli O157 VT1 or VT2,EHEC,,feces,yes,no,,,7,17,NA,,,NA,NA,NA,,,NA,NA,,,,NA,NA,NA,NA,NA,NA,NA,NA,High,3
Abulreesh et al.,2014,Abulreesh et al. 2014,yes,Google Scholar,"Saudi Arabia, Mecca",no,Eastern Mediterranean,"biochemical, PCR (RW01, DG74), latex agglutination, culture broth and plate",Immunologic,NA,NA,,0.5 g,Animal,Bird,Columbiformes,Columbidae,Columba,Pigeon,,,free,Escherichia coli O26,EHEC,,feces,yes,no,,,ND,600,NA,,,NA,NA,NA,,,NA,NA,,,,NA,NA,NA,NA,NA,NA,NA,NA,High,3
Abulreesh et al.,2014,Abulreesh et al. 2014,yes,Google Scholar,"Saudi Arabia, Mecca",no,Eastern Mediterranean,"biochemical, PCR (RW01, DG74), latex agglutination, culture broth and plate",Immunologic,NA,NA,,0.5 g,Animal,Bird,Columbiformes,Columbidae,Columba,Pigeon,,,free,Escherichia coli O91,EHEC,,feces,yes,no,,,ND,600,NA,,,NA,NA,NA,,,NA,NA,,,,NA,NA,NA,NA,NA,NA,NA,NA,High,3
Ahmed et al. ,2012,Ahmed et al.  2012,yes,review,"Australia, Queensland, Brisbane/Gold Coast",no,Western Pacific,"PCR (uidA. east1), culture broth and plate",Molecular,NA,NA,,NA,Animal,Bird,,,,,,"plover 3, wood duckling 3, blu-faced honey eater 3, magpie 3, crow 4, ibis 4, seagul 3, topknot pigeon 2, crested tern 2, pacific baza 3, fantail cuckoo 3, rainbow lorikeet 3, tawny frogmouth 5",free,Escherichia coli east1,EAEC,,feces,yes,no,,,5,38,NA,,,NA,NA,NA,,,NA,NA,,,,NA,NA,NA,NA,NA,NA,NA,NA,Low,1
Ahmed et al. ,2012,Ahmed et al.  2012,yes,review,"Australia, Queensland, Brisbane/Gold Coast",no,Western Pacific,"PCR (uidA. east1), culture broth and plate",Molecular,NA,NA,,NA,Animal,Mammal,Diprotodontia,Phalangeridae,Trichosurus,,,Brushtail possum,free,Escherichia coli east1,EAEC,,feces,yes,no,,,17,40,NA,,,NA,NA,NA,,,NA,NA,,,,NA,NA,NA,NA,NA,NA,NA,NA,Low,1
Ahmed et al. ,2012,Ahmed et al.  2012,yes,review,"Australia, Queensland, Brisbane/Gold Coast",no,Western Pacific,"PCR (uidA, hlyA), culture broth and plate",Molecular,NA,NA,,NA,Animal,Bird,,,,,,"plover 3, wood duckling 3, blu-faced honey eater 3, magpie 3, crow 4, ibis 4, seagul 3, topknot pigeon 2, crested tern 2, pacific baza 3, fantail cuckoo 3, rainbow lorikeet 3, tawny frogmouth 7",free,Escherichia coli hlyA,EHEC,,feces,yes,no,,,ND,38,NA,,,NA,NA,NA,,,NA,NA,,,,NA,NA,NA,NA,NA,NA,NA,NA,Low,1
Ahmed et al. ,2012,Ahmed et al.  2012,yes,review,"Australia, Queensland, Brisbane/Gold Coast",no,Western Pacific,"PCR (uidA, stx1), culture broth and plate",Molecular,NA,NA,,NA,Animal,Bird,,,,,,"plover 3, wood duckling 3, blu-faced honey eater 3, magpie 3, crow 4, ibis 4, seagul 3, topknot pigeon 2, crested tern 2, pacific baza 3, fantail cuckoo 3, rainbow lorikeet 3, tawny frogmouth 10",free,Escherichia coli stx1,EHEC,,feces,yes,no,,,ND,38,NA,,,NA,NA,NA,,,NA,NA,,,,NA,NA,NA,NA,NA,NA,NA,NA,Low,1
Ahmed et al. ,2012,Ahmed et al.  2012,yes,review,"Australia, Queensland, Brisbane/Gold Coast",no,Western Pacific,"PCR (uidA, stx2), culture broth and plate",Molecular,NA,NA,,NA,Animal,Bird,,,,,,"plover 3, wood duckling 3, blu-faced honey eater 3, magpie 3, crow 4, ibis 4, seagul 3, topknot pigeon 2, crested tern 2, pacific baza 3, fantail cuckoo 3, rainbow lorikeet 3, tawny frogmouth 11",free,Escherichia coli stx2,EHEC,,feces,yes,no,,,ND,38,NA,,,NA,NA,NA,,,NA,NA,,,,NA,NA,NA,NA,NA,NA,NA,NA,Low,1
Ahmed et al. ,2012,Ahmed et al.  2012,yes,review,"Australia, Queensland, Brisbane/Gold Coast",no,Western Pacific,"PCR (uidA, hlyA), culture broth and plate",Molecular,NA,NA,,NA,Animal,Mammal,Diprotodontia,Phalangeridae,Trichosurus,,,Brushtail possum,free,Escherichia coli hlyA,EHEC,,feces,yes,no,,,ND,40,NA,,,NA,NA,NA,,,NA,NA,,,,NA,NA,NA,NA,NA,NA,NA,NA,Low,1
Ahmed et al. ,2012,Ahmed et al.  2012,yes,review,"Australia, Queensland, Brisbane/Gold Coast",no,Western Pacific,"PCR (uidA, stx1), culture broth and plate",Molecular,NA,NA,,NA,Animal,Mammal,Diprotodontia,Phalangeridae,Trichosurus,,,Brushtail possum,free,Escherichia coli stx1,EHEC,,feces,yes,no,,,ND,40,NA,,,NA,NA,NA,,,NA,NA,,,,NA,NA,NA,NA,NA,NA,NA,NA,Low,1
Ahmed et al. ,2012,Ahmed et al.  2012,yes,review,"Australia, Queensland, Brisbane/Gold Coast",no,Western Pacific,"PCR (uidA, stx2), culture broth and plate",Molecular,NA,NA,,NA,Animal,Mammal,Diprotodontia,Phalangeridae,Trichosurus,,,Brushtail possum,free,Escherichia coli stx2,EHEC,,feces,yes,no,,,ND,40,NA,,,NA,NA,NA,,,NA,NA,,,,NA,NA,NA,NA,NA,NA,NA,NA,Low,1
Ahmed et al. ,2012,Ahmed et al.  2012,yes,review,"Australia, Queensland, Brisbane/Gold Coast",no,Western Pacific,"PCR (uidA, cdtB), culture broth and plate",Molecular,NA,NA,,NA,Animal,Bird,,,,,,"plover 3, wood duckling 3, blu-faced honey eater 3, magpie 3, crow 4, ibis 4, seagul 3, topknot pigeon 2, crested tern 2, pacific baza 3, fantail cuckoo 3, rainbow lorikeet 3, tawny frogmouth 2",free,Escherichia coli cdtB,EPEC,ExPEC,feces,yes,no,,,3,38,NA,,,NA,NA,NA,,,NA,NA,,,,NA,NA,NA,NA,NA,NA,NA,NA,Low,1
Ahmed et al. ,2012,Ahmed et al.  2012,yes,review,"Australia, Queensland, Brisbane/Gold Coast",no,Western Pacific,"PCR (uidA, exhA), culture broth and plate",Molecular,NA,NA,,NA,Animal,Bird,,,,,,"plover 3, wood duckling 3, blu-faced honey eater 3, magpie 3, crow 4, ibis 4, seagul 3, topknot pigeon 2, crested tern 2, pacific baza 3, fantail cuckoo 3, rainbow lorikeet 3, tawny frogmouth 6",free,Escherichia coli exhA,EPEC,,feces,yes,no,,,ND,38,NA,,,NA,NA,NA,,,NA,NA,,,,NA,NA,NA,NA,NA,NA,NA,NA,Low,1
Ahmed et al. ,2012,Ahmed et al.  2012,yes,review,"Australia, Queensland, Brisbane/Gold Coast",no,Western Pacific,"PCR (uidA, cdtB), culture broth and plate",Molecular,NA,NA,,NA,Animal,Mammal,Diprotodontia,Phalangeridae,Trichosurus,,,Brushtail possum,free,Escherichia coli cdtB,EPEC,ExPEC,feces,yes,no,,,ND,40,NA,,,NA,NA,NA,,,NA,NA,,,,NA,NA,NA,NA,NA,NA,NA,NA,Low,1
Ahmed et al. ,2012,Ahmed et al.  2012,yes,review,"Australia, Queensland, Brisbane/Gold Coast",no,Western Pacific,"PCR (uidA, exhA), culture broth and plate",Molecular,NA,NA,,NA,Animal,Mammal,Diprotodontia,Phalangeridae,Trichosurus,,,Brushtail possum,free,Escherichia coli exhA,EPEC,,feces,yes,no,,,ND,40,NA,,,NA,NA,NA,,,NA,NA,,,,NA,NA,NA,NA,NA,NA,NA,NA,Low,1
Ahmed et al. ,2012,Ahmed et al.  2012,yes,review,"Australia, Queensland, Brisbane/Gold Coast",no,Western Pacific,"PCR (uidA, LT1), culture broth and plate",Molecular,NA,NA,,NA,Animal,Bird,,,,,,"plover 3, wood duckling 3, blu-faced honey eater 3, magpie 3, crow 4, ibis 4, seagul 3, topknot pigeon 2, crested tern 2, pacific baza 3, fantail cuckoo 3, rainbow lorikeet 3, tawny frogmouth 8",free,Escherichia coli LT1,ETEC,,feces,yes,no,,,ND,38,NA,,,NA,NA,NA,,,NA,NA,,,,NA,NA,NA,NA,NA,NA,NA,NA,Low,1
Ahmed et al. ,2012,Ahmed et al.  2012,yes,review,"Australia, Queensland, Brisbane/Gold Coast",no,Western Pacific,"PCR (uidA, ST1), culture broth and plate",Molecular,NA,NA,,NA,Animal,Bird,,,,,,"plover 3, wood duckling 3, blu-faced honey eater 3, magpie 3, crow 4, ibis 4, seagul 3, topknot pigeon 2, crested tern 2, pacific baza 3, fantail cuckoo 3, rainbow lorikeet 3, tawny frogmouth 9",free,Escherichia coli ST1,ETEC,,feces,yes,no,,,ND,38,NA,,,NA,NA,NA,,,NA,NA,,,,NA,NA,NA,NA,NA,NA,NA,NA,Low,1
Ahmed et al. ,2012,Ahmed et al.  2012,yes,review,"Australia, Queensland, Brisbane/Gold Coast",no,Western Pacific,"PCR (uidA, LT1), culture broth and plate",Molecular,NA,NA,,NA,Animal,Mammal,Diprotodontia,Phalangeridae,Trichosurus,,,Brushtail possum,free,Escherichia coli LT1,ETEC,,feces,yes,no,,,ND,40,NA,,,NA,NA,NA,,,NA,NA,,,,NA,NA,NA,NA,NA,NA,NA,NA,Low,1
Ahmed et al. ,2012,Ahmed et al.  2012,yes,review,"Australia, Queensland, Brisbane/Gold Coast",no,Western Pacific,"PCR (uidA, ST1), culture broth and plate",Molecular,NA,NA,,NA,Animal,Mammal,Diprotodontia,Phalangeridae,Trichosurus,,,Brushtail possum,free,Escherichia coli ST1,ETEC,,feces,yes,no,,,ND,40,NA,,,NA,NA,NA,,,NA,NA,,,,NA,NA,NA,NA,NA,NA,NA,NA,Low,1
Ahmed et al. ,2012,Ahmed et al.  2012,yes,review,"Australia, Queensland, Brisbane/Gold Coast",no,Western Pacific,"PCR (uidA, cnf1), culture broth and plate",Molecular,NA,NA,,NA,Animal,Bird,,,,,,"plover 3, wood duckling 3, blu-faced honey eater 3, magpie 3, crow 4, ibis 4, seagul 3, topknot pigeon 2, crested tern 2, pacific baza 3, fantail cuckoo 3, rainbow lorikeet 3, tawny frogmouth 3",free,Escherichia coli cnf1,ExPEC,,feces,yes,no,,,ND,38,NA,,,NA,NA,NA,,,NA,NA,,,,NA,NA,NA,NA,NA,NA,NA,NA,Low,1
Ahmed et al. ,2012,Ahmed et al.  2012,yes,review,"Australia, Queensland, Brisbane/Gold Coast",no,Western Pacific,"PCR (uidA, cvaC), culture broth and plate",Molecular,NA,NA,,NA,Animal,Bird,,,,,,"plover 3, wood duckling 3, blu-faced honey eater 3, magpie 3, crow 4, ibis 4, seagul 3, topknot pigeon 2, crested tern 2, pacific baza 3, fantail cuckoo 3, rainbow lorikeet 3, tawny frogmouth 4",free,Escherichia coli cvaC,ExPEC,,feces,yes,no,,,11,38,NA,,,NA,NA,NA,,,NA,NA,,,,NA,NA,NA,NA,NA,NA,NA,NA,Low,1
Ahmed et al. ,2012,Ahmed et al.  2012,yes,review,"Australia, Queensland, Brisbane/Gold Coast",no,Western Pacific,"PCR (uidA, cvaC), culture broth and plate",Molecular,NA,NA,,NA,Animal,Bird,,,,,,"plover 3, wood duckling 3, blu-faced honey eater 3, magpie 3, crow 4, ibis 4, seagul 3, topknot pigeon 2, crested tern 2, pacific baza 3, fantail cuckoo 3, rainbow lorikeet 3, tawny frogmouth 14",free,Escherichia coli cvaC,ExPEC,,"isolates, feces",yes,no,,,18,214,NA,,,NA,NA,NA,,,NA,NA,,,,NA,NA,NA,NA,NA,NA,NA,NA,Low,1
Ahmed et al. ,2012,Ahmed et al.  2012,yes,review,"Australia, Queensland, Brisbane/Gold Coast",no,Western Pacific,"PCR (uidA, cnf1), culture broth and plate",Molecular,NA,NA,,NA,Animal,Mammal,Diprotodontia,Phalangeridae,Trichosurus,,,Brushtail possum,free,Escherichia coli cnf1,ExPEC,,feces,yes,no,,,ND,40,NA,,,NA,NA,NA,,,NA,NA,,,,NA,NA,NA,NA,NA,NA,NA,NA,Low,1
Ahmed et al. ,2012,Ahmed et al.  2012,yes,review,"Australia, Queensland, Brisbane/Gold Coast",no,Western Pacific,"PCR (uidA, cvaC), culture broth and plate",Molecular,NA,NA,,NA,Animal,Mammal,Diprotodontia,Phalangeridae,Trichosurus,,,Brushtail possum,free,Escherichia coli cvaC,ExPEC,,feces,yes,no,,,ND,40,NA,,,NA,NA,NA,,,NA,NA,,,,NA,NA,NA,NA,NA,NA,NA,NA,Low,1
Ahmed et al. ,2019,Ahmed et al.  2019,yes,Web of Science,"Australia, South East Queensland ",no,Western Pacific,qPCR,Molecular,1000,half MDL,gene copies/g feces,200 mg,Animal,Mammal,Chiroptera,Pteropodidae,Pteropus,,,Flying fox (genus),free,Escherichia coli O157,EHEC,,feces,yes,no,StatsTotal,yes,0,14,NA,,<10E3,NA,NA,NA,<10E3,<10E3,NA,NA,gene copies/g feces,,,NA,NA,NA,NA,NA,NA,NA,NA,Moderate,2
Ahmed et al. ,2019,Ahmed et al.  2019,yes,Web of Science,"Australia, South East Queensland ",no,Western Pacific,qPCR,Molecular,1000,half MDL,gene copies/g feces,200 mg,Animal,Mammal,Chiroptera,Pteropodidae,Pteropus,,,Flying fox (genus),free,Escherichia coli,Escherichia coli,,feces,yes,yes,StatsTotal,no,14,14,NA,,,NA,NA,NA,35481.33892,812830516.2,501187.2336,3630780.548,gene copies/g feces,,,NA,NA,NA,NA,NA,NA,6.13,1.11,Moderate,2
Ahmed et al. ,2019,Ahmed et al.  2019,yes,Web of Science,"Australia, South East Queensland ",no,Western Pacific,qPCR,Molecular,1000,half MDL,gene copies/g feces,200 mg,Animal,Bird,Psittaciformes,,,,,Parrot (order),free,Escherichia coli,Escherichia coli,,feces,yes,yes,StatsTotal,no,10,10,NA,,,NA,NA,NA,30199.5172,2344228815,1380384.265,64565422.9,gene copies/g feces,,,NA,NA,NA,NA,NA,NA,6.98,1.78,Moderate,2
Ahmed et al. ,2019,Ahmed et al.  2019,yes,Web of Science,"Australia, South East Queensland ",no,Western Pacific,qPCR,Molecular,1000,half MDL,gene copies/g feces,200 mg,Animal,Bird,Psittaciformes,,,,,Parrot (order),free,Escherichia coli O157,STEC,,feces,yes,no,StatsTotal,yes,0,10,NA,,<10E3,NA,NA,NA,<10E3,<10E3,NA,NA,gene copies/g feces,,,NA,NA,NA,NA,NA,NA,NA,NA,Moderate,2
Ahmed et al.,2015,Ahmed et al. 2015,Yes,Google Scholar,"Australia, Brisbane",no,Western Pacific,"qPCR (custom primers, eaeA, hlyA, stx1, stx2)",Molecular,2 gene copies,ND,,100-150 mg,Animal,Bird,,,,,,waterfowl,free,Escherichia coli eaeA,EHEC,,feces,yes,no,,,1,10,NA,,,NA,NA,NA,,,NA,NA,,has enumerated values but they are in graph format so were not used,,NA,NA,NA,NA,NA,NA,NA,NA,Moderate,2
Ahmed et al.,2015,Ahmed et al. 2015,Yes,Google Scholar,"Australia, Brisbane",no,Western Pacific,"qPCR (custom primers, eaeA, hlyA, stx1, stx2)",Molecular,2 gene copies,ND,,100-150 mg,Animal,Bird,,,,,,waterfowl,free,Escherichia coli hlyA,EHEC,,feces,yes,no,,,ND,10,NA,,,NA,NA,NA,,,NA,NA,,has enumerated values but they are in graph format so were not used,,NA,NA,NA,NA,NA,NA,NA,NA,Moderate,2
Ahmed et al.,2015,Ahmed et al. 2015,Yes,Google Scholar,"Australia, Brisbane",no,Western Pacific,"qPCR (custom primers, eaeA, hlyA, stx1, stx2)",Molecular,2 gene copies,ND,,100-150 mg,Animal,Bird,,,,,,waterfowl,free,Escherichia coli stx1,EHEC,,feces,yes,no,,,ND,10,NA,,,NA,NA,NA,,,NA,NA,,has enumerated values but they are in graph format so were not used,,NA,NA,NA,NA,NA,NA,NA,NA,Moderate,2
Ahmed et al.,2015,Ahmed et al. 2015,Yes,Google Scholar,"Australia, Brisbane",no,Western Pacific,"qPCR (custom primers, eaeA, hlyA, stx1, stx2)",Molecular,2 gene copies,ND,,100-150 mg,Animal,Bird,,,,,,waterfowl,free,Escherichia coli stx2,EHEC,,feces,yes,no,,,1,10,NA,,,NA,NA,NA,,,NA,NA,,has enumerated values but they are in graph format so were not used,,NA,NA,NA,NA,NA,NA,NA,NA,Moderate,2
Ahmed et al.,2015,Ahmed et al. 2015,Yes,Google Scholar,"Australia, Brisbane, veterinary hospital",no,Western Pacific,"qPCR (custom primers, eaeA, hlyA, stx1, stx2)",Molecular,2 gene copies,ND,,180-220 mg,Animal,Mammal,Carnivora,Felidae,Felis,Cat,Felis catus,,?,Escherichia coli eaeA,EHEC,,feces,yes,no,,,ND,10,NA,,,NA,NA,NA,,,NA,NA,,has enumerated values but they are in graph format so were not used,,NA,NA,NA,NA,NA,NA,NA,NA,Moderate,2
Ahmed et al.,2015,Ahmed et al. 2015,Yes,Google Scholar,"Australia, Brisbane, veterinary hospital",no,Western Pacific,"qPCR (custom primers, eaeA, hlyA, stx1, stx2)",Molecular,2 gene copies,ND,,180-220 mg,Animal,Mammal,Carnivora,Felidae,Felis,Cat,Felis catus,,free,Escherichia coli hlyA,EHEC,,feces,yes,no,,,ND,10,NA,,,NA,NA,NA,,,NA,NA,,has enumerated values but they are in graph format so were not used,,NA,NA,NA,NA,NA,NA,NA,NA,Moderate,2
Ahmed et al.,2015,Ahmed et al. 2015,Yes,Google Scholar,"Australia, Brisbane, veterinary hospital",no,Western Pacific,"qPCR (custom primers, eaeA, hlyA, stx1, stx2)",Molecular,2 gene copies,ND,,180-220 mg,Animal,Mammal,Carnivora,Felidae,Felis,Cat,Felis catus,,free,Escherichia coli stx1,EHEC,,feces,yes,no,,,ND,10,NA,,,NA,NA,NA,,,NA,NA,,has enumerated values but they are in graph format so were not used,,NA,NA,NA,NA,NA,NA,NA,NA,Moderate,2
Ahmed et al.,2015,Ahmed et al. 2015,Yes,Google Scholar,"Australia, Brisbane, veterinary hospital",no,Western Pacific,"qPCR (custom primers, eaeA, hlyA, stx1, stx2)",Molecular,2 gene copies,ND,,180-220 mg,Animal,Mammal,Carnivora,Felidae,Felis,Cat,Felis catus,,free,Escherichia coli stx2,EHEC,,feces,yes,no,,,9,10,NA,,,NA,NA,NA,,,NA,NA,,has enumerated values but they are in graph format so were not used,,NA,NA,NA,NA,NA,NA,NA,NA,Moderate,2
Ahmed et al.,2015,Ahmed et al. 2015,Yes,Google Scholar,"Australia, Brisbane",no,Western Pacific,"qPCR (custom primers, eaeA, hlyA, stx1, stx2)",Molecular,2 gene copies,ND,,180-220 mg,Animal,Mammal,Diprotodontia,,,,,Phalangeriformes,free,Escherichia coli eaeA,EHEC,,feces,yes,no,,,ND,10,NA,,,NA,NA,NA,,,NA,NA,,has enumerated values but they are in graph format so were not used,,NA,NA,NA,NA,NA,NA,NA,NA,Moderate,2
Ahmed et al.,2015,Ahmed et al. 2015,Yes,Google Scholar,"Australia, Brisbane",no,Western Pacific,"qPCR (custom primers, eaeA, hlyA, stx1, stx2)",Molecular,2 gene copies,ND,,180-220 mg,Animal,Mammal,Diprotodontia,,,,,Phalangeriformes,free,Escherichia coli hlyA,EHEC,,feces,yes,no,,,ND,10,NA,,,NA,NA,NA,,,NA,NA,,has enumerated values but they are in graph format so were not used,,NA,NA,NA,NA,NA,NA,NA,NA,Moderate,2
Ahmed et al.,2015,Ahmed et al. 2015,Yes,Google Scholar,"Australia, Brisbane",no,Western Pacific,"qPCR (custom primers, eaeA, hlyA, stx1, stx2)",Molecular,2 gene copies,ND,,180-220 mg,Animal,Mammal,Diprotodontia,,,,,Phalangeriformes,free,Escherichia coli stx1,EHEC,,feces,yes,no,,,ND,10,NA,,,NA,NA,NA,,,NA,NA,,has enumerated values but they are in graph format so were not used,,NA,NA,NA,NA,NA,NA,NA,NA,Moderate,2
Ahmed et al.,2015,Ahmed et al. 2015,Yes,Google Scholar,"Australia, Brisbane",no,Western Pacific,"qPCR (custom primers, eaeA, hlyA, stx1, stx2)",Molecular,2 gene copies,ND,,180-220 mg,Animal,Mammal,Diprotodontia,,,,,Phalangeriformes,free,Escherichia coli stx2,EHEC,,feces,yes,no,,,ND,10,NA,,,NA,NA,NA,,,NA,NA,,has enumerated values but they are in graph format so were not used,,NA,NA,NA,NA,NA,NA,NA,NA,Moderate,2
Alam and Zurek,2004,Alam and Zurek 2004,yes,review,"USA, Kansas, feedlot",yes,North America,"PCR (stx1, stx2, eaeA, fliC), latex agglutination assay, MPN, broth and plate culture.",Molecular,NA,NA,,1 fly,Animal,Insect,Diptera,Muscidae,Musca,House fly,Musca domestica,,free,Escherichia coli O157:H7,EHEC,,fly,yes,no,,,75,3440,NA,,,NA,NA,NA,30,150000,NA,NA,CFU/fly,has information furthere divided time and location on farm.,,NA,NA,NA,NA,NA,NA,NA,NA,High,3
Allen et al.,2010,Allen et al. 2010,Yes,Google Scholar,"Canada, Ontario",no,North America,culture broth and plate,Conventional,NA,NA,,NA,Animal,Mammal,Rodentia,Muridae,Rattus,Brown rat,Rattus norvegicus,,free,Escherichia coli,Escherichia coli,,feces,yes,no,,,1,1,NA,,,NA,NA,NA,,,NA,NA,,Has more information on antibiotic resistance,,NA,NA,NA,NA,NA,NA,NA,NA,Moderate,2
Allen et al.,2010,Allen et al. 2010,Yes,Google Scholar,"Canada, Ontario, swine farm",no,North America,culture broth and plate,Conventional,NA,NA,,NA,Animal,Mammal,Rodentia,Muridae,Rattus,Brown rat,Rattus norvegicus,,free,Escherichia coli,Escherichia coli,,feces,yes,no,,,1,1,NA,,,NA,NA,NA,,,NA,NA,,Has more information on antibiotic resistance,,NA,NA,NA,NA,NA,NA,NA,NA,Moderate,2
Allen et al.,2010,Allen et al. 2010,Yes,Google Scholar,"Canada, Ontario",no,North America,culture broth and plate,Conventional,NA,NA,,NA,Animal,Mammal,Rodentia,Sciuridae,Tamias,Eastern chipmonk,Tamias striatus,,free,Escherichia coli,Escherichia coli,,feces,yes,no,,,22,27,NA,,,NA,NA,NA,,,NA,NA,,Has more information on antibiotic resistance,,NA,NA,NA,NA,NA,NA,NA,NA,Moderate,2
Allen et al.,2010,Allen et al. 2010,Yes,Google Scholar,"Canada, Ontario, landfill",no,North America,culture broth and plate,Conventional,NA,NA,,NA,Animal,Mammal,Rodentia,Sciuridae,Tamias,Eastern chipmonk,Tamias striatus,,free,Escherichia coli,Escherichia coli,,feces,yes,no,,,1,1,NA,,,NA,NA,NA,,,NA,NA,,Has more information on antibiotic resistance,,NA,NA,NA,NA,NA,NA,NA,NA,Moderate,2
Allen et al.,2010,Allen et al. 2010,Yes,Google Scholar,"Canada, Ontario, natural",no,North America,culture broth and plate,Conventional,NA,NA,,NA,Animal,Mammal,Rodentia,Sciuridae,Tamias,Eastern chipmonk,Tamias striatus,,free,Escherichia coli,Escherichia coli,,feces,yes,no,,,1,1,NA,,,NA,NA,NA,,,NA,NA,,Has more information on antibiotic resistance,,NA,NA,NA,NA,NA,NA,NA,NA,Moderate,2
Allen et al.,2010,Allen et al. 2010,Yes,Google Scholar,"Canada, Ontario, residential",no,North America,culture broth and plate,Conventional,NA,NA,,NA,Animal,Mammal,Rodentia,Sciuridae,Tamias,Eastern chipmonk,Tamias striatus,,free,Escherichia coli,Escherichia coli,,feces,yes,no,,,14,18,NA,,,NA,NA,NA,,,NA,NA,,Has more information on antibiotic resistance,,NA,NA,NA,NA,NA,NA,NA,NA,Moderate,2
Allen et al.,2010,Allen et al. 2010,Yes,Google Scholar,"Canada, Ontario, swine farm",no,North America,culture broth and plate,Conventional,NA,NA,,NA,Animal,Mammal,Rodentia,Sciuridae,Tamias,Eastern chipmonk,Tamias striatus,,free,Escherichia coli,Escherichia coli,,feces,yes,no,,,1,1,NA,,,NA,NA,NA,,,NA,NA,,Has more information on antibiotic resistance,,NA,NA,NA,NA,NA,NA,NA,NA,Moderate,2
Allen et al.,2010,Allen et al. 2010,Yes,Google Scholar,"Canada, Ontario",no,North America,culture broth and plate,Conventional,NA,NA,,NA,Animal,Mammal,Rodentia,Muridae,Mus,House mouse,Mus musculus,,free,Escherichia coli,Escherichia coli,,feces,yes,no,,,53,65,NA,,,NA,NA,NA,,,NA,NA,,Has more information on antibiotic resistance,,NA,NA,NA,NA,NA,NA,NA,NA,Moderate,2
Allen et al.,2010,Allen et al. 2010,Yes,Google Scholar,"Canada, Ontario, landfill",no,North America,culture broth and plate,Conventional,NA,NA,,NA,Animal,Mammal,Rodentia,Muridae,Mus,House mouse,Mus musculus,,free,Escherichia coli,Escherichia coli,,feces,yes,no,,,6,6,NA,,,NA,NA,NA,,,NA,NA,,Has more information on antibiotic resistance,,NA,NA,NA,NA,NA,NA,NA,NA,Moderate,2
Allen et al.,2010,Allen et al. 2010,Yes,Google Scholar,"Canada, Ontario, residential",no,North America,culture broth and plate,Conventional,NA,NA,,NA,Animal,Mammal,Rodentia,Muridae,Mus,House mouse,Mus musculus,,free,Escherichia coli,Escherichia coli,,feces,yes,no,,,4,7,NA,,,NA,NA,NA,,,NA,NA,,Has more information on antibiotic resistance,,NA,NA,NA,NA,NA,NA,NA,NA,Moderate,2
Allen et al.,2010,Allen et al. 2010,Yes,Google Scholar,"Canada, Ontario, swine farm",no,North America,culture broth and plate,Conventional,NA,NA,,NA,Animal,Mammal,Rodentia,Muridae,Mus,House mouse,Mus musculus,,free,Escherichia coli,Escherichia coli,,feces,yes,no,,,43,52,NA,,,NA,NA,NA,,,NA,NA,,Has more information on antibiotic resistance,,NA,NA,NA,NA,NA,NA,NA,NA,Moderate,2
Allen et al.,2010,Allen et al. 2010,Yes,Google Scholar,"Canada, Ontario",no,North America,culture broth and plate,Conventional,NA,NA,,NA,Animal,Mammal,Rodentia,Cricetidae,Microtus,Meadow vole,Microtus pennsylvanicus,,free,Escherichia coli,Escherichia coli,,feces,yes,no,,,1,6,NA,,,NA,NA,NA,,,NA,NA,,Has more information on antibiotic resistance,,NA,NA,NA,NA,NA,NA,NA,NA,Moderate,2
Allen et al.,2010,Allen et al. 2010,Yes,Google Scholar,"Canada, Ontario, landfill",no,North America,culture broth and plate,Conventional,NA,NA,,NA,Animal,Mammal,Rodentia,Cricetidae,Microtus,Meadow vole,Microtus pennsylvanicus,,free,Escherichia coli,Escherichia coli,,feces,yes,no,,,1,2,NA,,,NA,NA,NA,,,NA,NA,,Has more information on antibiotic resistance,,NA,NA,NA,NA,NA,NA,NA,NA,Moderate,2
Allen et al.,2010,Allen et al. 2010,Yes,Google Scholar,"Canada, Ontario, natural",no,North America,culture broth and plate,Conventional,NA,NA,,NA,Animal,Mammal,Rodentia,Cricetidae,Microtus,Meadow vole,Microtus pennsylvanicus,,free,Escherichia coli,Escherichia coli,,feces,yes,no,,,ND,2,NA,,,NA,NA,NA,,,NA,NA,,Has more information on antibiotic resistance,,NA,NA,NA,NA,NA,NA,NA,NA,Moderate,2
Allen et al.,2010,Allen et al. 2010,Yes,Google Scholar,"Canada, Ontario, residential",no,North America,culture broth and plate,Conventional,NA,NA,,NA,Animal,Mammal,Rodentia,Cricetidae,Microtus,Meadow vole,Microtus pennsylvanicus,,free,Escherichia coli,Escherichia coli,,feces,yes,no,,,ND,1,NA,,,NA,NA,NA,,,NA,NA,,Has more information on antibiotic resistance,,NA,NA,NA,NA,NA,NA,NA,NA,Moderate,2
Allen et al.,2010,Allen et al. 2010,Yes,Google Scholar,"Canada, Ontario, swine farm",no,North America,culture broth and plate,Conventional,NA,NA,,NA,Animal,Mammal,Rodentia,Cricetidae,Microtus,Meadow vole,Microtus pennsylvanicus,,free,Escherichia coli,Escherichia coli,,feces,yes,no,,,ND,1,NA,,,NA,NA,NA,,,NA,NA,,Has more information on antibiotic resistance,,NA,NA,NA,NA,NA,NA,NA,NA,Moderate,2
Allen et al.,2010,Allen et al. 2010,Yes,Google Scholar,"Canada, Ontario",no,North America,culture broth and plate,Conventional,NA,NA,,NA,Animal,Mammal,Rodentia,Cricetidae,Peromyscus,,"Peromyscus maniculatus, Peromyscus leucopus","deer mouse, whitefooted mouse",free,Escherichia coli,Escherichia coli,,feces,yes,no,,,74,171,NA,,,NA,NA,NA,,,NA,NA,,Has more information on antibiotic resistance,,NA,NA,NA,NA,NA,NA,NA,NA,Moderate,2
Allen et al.,2010,Allen et al. 2010,Yes,Google Scholar,"Canada, Ontario, landfill",no,North America,culture broth and plate,Conventional,NA,NA,,NA,Animal,Mammal,Rodentia,Cricetidae,Peromyscus,,"Peromyscus maniculatus, Peromyscus leucopus","deer mouse, whitefooted mouse",free,Escherichia coli,Escherichia coli,,feces,yes,no,,,10,18,NA,,,NA,NA,NA,,,NA,NA,,Has more information on antibiotic resistance,,NA,NA,NA,NA,NA,NA,NA,NA,Moderate,2
Allen et al.,2010,Allen et al. 2010,Yes,Google Scholar,"Canada, Ontario, natural",no,North America,culture broth and plate,Conventional,NA,NA,,NA,Animal,Mammal,Rodentia,Cricetidae,Peromyscus,,"Peromyscus maniculatus, Peromyscus leucopus","deer mouse, whitefooted mouse",free,Escherichia coli,Escherichia coli,,feces,yes,no,,,15,31,NA,,,NA,NA,NA,,,NA,NA,,Has more information on antibiotic resistance,,NA,NA,NA,NA,NA,NA,NA,NA,Moderate,2
Allen et al.,2010,Allen et al. 2010,Yes,Google Scholar,"Canada, Ontario, residential",no,North America,culture broth and plate,Conventional,NA,NA,,NA,Animal,Mammal,Rodentia,Cricetidae,Peromyscus,,"Peromyscus maniculatus, Peromyscus leucopus","deer mouse, whitefooted mouse",free,Escherichia coli,Escherichia coli,,feces,yes,no,,,42,109,NA,,,NA,NA,NA,,,NA,NA,,Has more information on antibiotic resistance,,NA,NA,NA,NA,NA,NA,NA,NA,Moderate,2
Allen et al.,2010,Allen et al. 2010,Yes,Google Scholar,"Canada, Ontario, swine farm",no,North America,culture broth and plate,Conventional,NA,NA,,NA,Animal,Mammal,Rodentia,Cricetidae,Peromyscus,,"Peromyscus maniculatus, Peromyscus leucopus","deer mouse, whitefooted mouse",free,Escherichia coli,Escherichia coli,,feces,yes,no,,,7,13,NA,,,NA,NA,NA,,,NA,NA,,Has more information on antibiotic resistance,,NA,NA,NA,NA,NA,NA,NA,NA,Moderate,2
Allen et al.,2010,Allen et al. 2010,Yes,Google Scholar,"Canada, Ontario",no,North America,culture broth and plate,Conventional,NA,NA,,NA,Animal,Mammal,Soricomorpha,Soricidae,Blarina,Short-tailed shrew,Blarina brevicauda ,,free,Escherichia coli,Escherichia coli,,feces,yes,no,,,12,32,NA,,,NA,NA,NA,,,NA,NA,,Has more information on antibiotic resistance,,NA,NA,NA,NA,NA,NA,NA,NA,Moderate,2
Allen et al.,2010,Allen et al. 2010,Yes,Google Scholar,"Canada, Ontario, landfill",no,North America,culture broth and plate,Conventional,NA,NA,,NA,Animal,Mammal,Soricomorpha,Soricidae,Blarina,Short-tailed shrew,Blarina brevicauda ,,free,Escherichia coli,Escherichia coli,,feces,yes,no,,,2,6,NA,,,NA,NA,NA,,,NA,NA,,Has more information on antibiotic resistance,,NA,NA,NA,NA,NA,NA,NA,NA,Moderate,2
Allen et al.,2010,Allen et al. 2010,Yes,Google Scholar,"Canada, Ontario, natural",no,North America,culture broth and plate,Conventional,NA,NA,,NA,Animal,Mammal,Soricomorpha,Soricidae,Blarina,Short-tailed shrew,Blarina brevicauda ,,free,Escherichia coli,Escherichia coli,,feces,yes,no,,,1,8,NA,,,NA,NA,NA,,,NA,NA,,Has more information on antibiotic resistance,,NA,NA,NA,NA,NA,NA,NA,NA,Moderate,2
Allen et al.,2010,Allen et al. 2010,Yes,Google Scholar,"Canada, Ontario, residential",no,North America,culture broth and plate,Conventional,NA,NA,,NA,Animal,Mammal,Soricomorpha,Soricidae,Blarina,Short-tailed shrew,Blarina brevicauda ,,free,Escherichia coli,Escherichia coli,,feces,yes,no,,,9,17,NA,,,NA,NA,NA,,,NA,NA,,Has more information on antibiotic resistance,,NA,NA,NA,NA,NA,NA,NA,NA,Moderate,2
Allen et al.,2010,Allen et al. 2010,Yes,Google Scholar,"Canada, Ontario, swine farm",no,North America,culture broth and plate,Conventional,NA,NA,,NA,Animal,Mammal,Soricomorpha,Soricidae,Blarina,Short-tailed shrew,Blarina brevicauda ,,free,Escherichia coli,Escherichia coli,,feces,yes,no,,,ND,1,NA,,,NA,NA,NA,,,NA,NA,,Has more information on antibiotic resistance,,NA,NA,NA,NA,NA,NA,NA,NA,Moderate,2
Awad-Alla et al.,2010,Awad-Alla et al. 2010,yes,review,"Egypt, Sharkia Provence",no,Eastern Mediterranean,"Biochemical, Culture broth and plate, lab",Conventional,NA,NA,,NA,Animal,Bird,Pelecaniformes,Threskiornithidae,Threskiornis,Sacred ibis,Threskiornis˙aethiopicus,,free,Escherichia coli,Escherichia coli,,"intestines content, tissue (heart blood, lung, liver, spleen, kidney, ovaries), healthy bird (hunted)",yes,no,,,24,55,NA,,,NA,NA,NA,,,NA,NA,,,,NA,NA,NA,NA,NA,NA,NA,NA,Low,1
Berry et al.,2019,Berry et al. 2019,yes,Web of Science,"USA, Clay Center, NE",yes,North America,"immunomagnetic separation using anti-O157 Dynabeads, with PCR conformation",Immunologic,1 viable cell,NA,,500 ug of 10 pooled flies,Animal,Insect,Diptera,Calliphoridae,,Blow fly,,,free,Escherichia coli O157:H7,EHEC,,pool 10 flies,yes,no,,,7,284,0.025356485,,,NA,NA,NA,,,NA,NA,,,7,NA,NA,NA,NA,NA,NA,NA,NA,Moderate,2
Berry et al.,2019,Berry et al. 2019,yes,Web of Science,"USA, Clay Center, NE",yes,North America,"immunomagnetic separation using anti-O157 Dynabeads, with PCR conformation",Immunologic,1 viable cell,NA,,500 ug of 10 pooled flies,Animal,Insect,Diptera,Muscidae,Musca,Face fly,Musca autumnalis ,,free,Escherichia coli O157:H7,EHEC,,pool 10 flies,yes,no,,,53,2167,0.024298417,,,NA,NA,NA,,,NA,NA,,,49,NA,NA,NA,NA,NA,NA,NA,NA,Moderate,2
Berry et al.,2019,Berry et al. 2019,yes,Web of Science,"USA, Clay Center, NE",yes,North America,"immunomagnetic separation using anti-O157 Dynabeads, with PCR conformation",Immunologic,1 viable cell,NA,,500 ug of 10 pooled flies,Animal,Insect,Diptera,Sarcophagidae,,,Sarcophagidae,,free,Escherichia coli O157:H7,EHEC,,pool 10 flies,yes,no,,,18,809,0.021910825,,,NA,NA,NA,,,NA,NA,,,17,NA,NA,NA,NA,NA,NA,NA,NA,Moderate,2
Berry et al.,2019,Berry et al. 2019,yes,Web of Science,"USA, Clay Center, NE, 0 m from feedlot",yes,North America,"immunomagnetic separation using anti-O157 Dynabeads, with PCR conformation",Immunologic,1 viable cell,NA,,500 ug of 10 pooled flies,Animal,Insect,Diptera,,,,diptera,Fly (order),free,Escherichia coli O157:H7,EHEC,,pool 10 flies,yes,no,,,58,2079,0.027822109,,,NA,NA,NA,,,NA,NA,,,53,NA,NA,NA,NA,NA,NA,NA,NA,Moderate,2
Berry et al.,2019,Berry et al. 2019,yes,Web of Science,"USA, Clay Center, NE, 120 m from feedlot",yes,North America,"immunomagnetic separation using anti-O157 Dynabeads, with PCR conformation",Immunologic,1 viable cell,NA,,500 ug of 10 pooled flies,Animal,Insect,Diptera,,,,diptera,Fly (order),free,Escherichia coli O157:H7,EHEC,,pool 10 flies,yes,no,,,24,1293,0.018476425,,,NA,NA,NA,,,NA,NA,,,23,NA,NA,NA,NA,NA,NA,NA,NA,Moderate,2
Berry et al.,2019,Berry et al. 2019,yes,Web of Science,"USA, Clay Center, NE, 180 m from feedlot",yes,North America,"immunomagnetic separation using anti-O157 Dynabeads, with PCR conformation",Immunologic,1 viable cell,NA,,500 ug of 10 pooled flies,Animal,Insect,Diptera,,,,diptera,Fly (order),free,Escherichia coli O157:H7,EHEC,,pool 10 flies,yes,no,,,25,1205,0.020785054,,,NA,NA,NA,,,NA,NA,,,24,NA,NA,NA,NA,NA,NA,NA,NA,Moderate,2
Berry et al.,2019,Berry et al. 2019,yes,Web of Science,"USA, Clay Center, NE, 60 m from feedlot",yes,North America,"immunomagnetic separation using anti-O157 Dynabeads, with PCR conformation",Immunologic,1 viable cell,NA,,500 ug of 10 pooled flies,Animal,Insect,Diptera,,,,diptera,Fly (order),free,Escherichia coli O157:H7,EHEC,,pool 10 flies,yes,no,,,31,1651,0.019028495,,,NA,NA,NA,,,NA,NA,,,30,NA,NA,NA,NA,NA,NA,NA,NA,Moderate,2
Berry et al.,2019,Berry et al. 2019,yes,Web of Science,"USA, Clay Center, NE",yes,North America,"immunomagnetic separation using anti-O157 Dynabeads, with PCR conformation",Immunologic,1 viable cell,NA,,500 ug of 10 pooled flies,Animal,Insect,Diptera,Muscidae,Musca,House fly,Musca domestica,,free,Escherichia coli O157:H7,EHEC,,pool 10 flies,yes,no,,,61,3093,0.019657245,,,NA,NA,NA,,,NA,NA,,,56,NA,NA,NA,NA,NA,NA,NA,NA,Moderate,2
Berry et al.,2019,Berry et al. 2019,yes,Web of Science,"USA, Clay Center, NE",yes,North America,"immunomagnetic separation using anti-O157 Dynabeads, with PCR conformation",Immunologic,1 viable cell,NA,,500 ug of 10 pooled flies,Animal,Insect,Diptera,Muscidae,Stomoxys,Stable  fly,Stomoxys calcitrans ,,free,Escherichia coli O157:H7,EHEC,,pool 10 flies,yes,no,,,1,876,0.001144502,,,NA,NA,NA,,,NA,NA,,,1,NA,NA,NA,NA,NA,NA,NA,NA,Moderate,2
"Binkley, L. E.",2015,"Binkley, L. E. 2015",Thesis,Google Scholar,"USA, Ohio, Columbus",yes,North America,culture broth and plate,Conventional,NA,NA,,1 g,Animal,Bird,Anseriformes,Anatidae,Branta,Canada goose,Branta canadensis,,free,Escherichia coli,Escherichia coli,,feces,yes,no,,,10,93,NA,,,NA,NA,NA,,,NA,NA,,,,NA,NA,NA,NA,NA,NA,NA,NA,High,3
Brittingham et al.,1988,Brittingham et al. 1988,yes,review,"USA, Wisconsin, Sauk/Dane County",yes,North America,"biochemical, culture broth and plate",Conventional,NA,NA,,NA,Animal,Bird,Passeriformes,Fringillidae,Spinus,American goldfinch,Cardeulis tristis,,free,Escherichia coli,Escherichia coli,,"feces, cloacal swabs",yes,no,,,ND,25,NA,,,NA,NA,NA,,,NA,NA,,Other species measured but less than 3 samples per species.  Also broken down by bacterial species but not connected to animal.,,NA,NA,NA,NA,NA,NA,NA,NA,Low,1
Brittingham et al.,1988,Brittingham et al. 1988,yes,review,"USA, Wisconsin, Sauk/Dane County",yes,North America,"biochemical, culture broth and plate",Conventional,NA,NA,,NA,Animal,Bird,Passeriformes,Paridae,Poecile,Black-capped chickadee,Parus atricapillus,,free,Escherichia coli,Escherichia coli,,"feces, cloacal swabs",yes,no,,,3,290,0.01,,,NA,NA,NA,,,NA,NA,,Other species measured but less than 3 samples per species.  Also broken down by bacterial species but not connected to animal.,,NA,NA,NA,NA,NA,NA,NA,NA,Low,1
Brittingham et al.,1988,Brittingham et al. 1988,yes,review,"USA, Wisconsin, Sauk/Dane County",yes,North America,"biochemical, culture broth and plate",Conventional,NA,NA,,NA,Animal,Bird,Passeriformes,Passerellidae,Junco,Dark-eyed junco,Junco hyemalis,,free,Escherichia coli,Escherichia coli,,"feces, cloacal swabs",yes,no,,,ND,40,NA,,,NA,NA,NA,,,NA,NA,,Other species measured but less than 3 samples per species.  Also broken down by bacterial species but not connected to animal.,,NA,NA,NA,NA,NA,NA,NA,NA,Low,1
Brittingham et al.,1988,Brittingham et al. 1988,yes,review,"USA, Wisconsin, Sauk/Dane County",yes,North America,"biochemical, culture broth and plate",Conventional,NA,NA,,NA,Animal,Bird,Passeriformes,Sittidae,Sitta,White-breasted nuthatch,Sitta carolinensis,,free,Escherichia coli,Escherichia coli,,"feces, cloacal swabs",yes,no,,,ND,19,NA,,,NA,NA,NA,,,NA,NA,,Other species measured but less than 3 samples per species.  Also broken down by bacterial species but not connected to animal.,,NA,NA,NA,NA,NA,NA,NA,NA,Low,1
Bublitz et al.,2015,Bublitz et al. 2015,yes,Google Scholar,"Madagascar, Ranomafana National Park",no,Africa,"PCR(Enterotoxin (LT) gene, 117 bp)",Molecular,NA,NA,,NA,Animal,Mammal,Primate,,,,"Avahi laniger, Eulemur reinvented, Hap lemur aurous, Microcopies Rufus, Propithecus edwardsi, and Prolemur simus ",,free,Escherichia coli,Escherichia coli,,feces,yes,no,,,8,24,0.33,,,NA,NA,NA,,,NA,NA,,,,NA,NA,NA,NA,NA,NA,NA,NA,Low,1
Bublitz et al.,2015,Bublitz et al. 2015,yes,Google Scholar,"Madagascar, Ranomafana National Park",no,Africa,"PCR(Enterotoxin (LT) gene, 117 bp)",Molecular,NA,NA,,NA,Animal,Mammal,Rodent,,,,,,free,Escherichia coli,Escherichia coli,,feces,yes,no,,,10,33,NA,,,NA,NA,NA,,,NA,NA,,,,NA,NA,NA,NA,NA,NA,NA,NA,Low,1
Burrus et al.,2017,Burrus et al. 2017,yes,Web of Science,"USA, North Central Florida",yes,North America,"Culture, CHROMAgar",Conventional,NA,NA,,Pools of 4-25 flies,Animal,Insect,Diptera,Muscidae,Musca,House fly,Musca domestica ,,free,Escherichia coli O157,EHEC,,Flies,yes,no,,,8,33,NA,,,NA,NA,NA,,,NA,NA,,,,NA,NA,NA,NA,NA,NA,NA,NA,Moderate,2
Burrus et al.,2017,Burrus et al. 2017,yes,Web of Science,"USA, North Central Florida",yes,North America,"PCR (flic, rfb)",Molecular,NA,NA,,Pools of 4-25 flies,Animal,Insect,Diptera,Muscidae,Musca,House fly,Musca domestica ,,free,Escherichia coli O157,EHEC,,Flies,yes,no,,,8,33,NA,,,NA,NA,NA,,,NA,NA,,,,NA,NA,NA,NA,NA,NA,NA,NA,Moderate,2
Carroll et al,2015,Carroll et al 2015,yes,review,"Ireland, Howth Harbor/Goat Island/Lough Boora/Edenderry/Wicklow Mountains",no,Europe,"confirm PCR (chuA, yjaA, tspE4.C2), disc diffusion, biochemical, culture plate",Conventional,NA,NA,,NA,Animal,Bird,Charadriiformes,Laridae,Chroicocephalus,Black-headed gull,Larus ridibundus,,free,Escherichia coli,Escherichia coli,,feces,yes,no,,,7,30,0.23,,,NA,NA,NA,,,NA,NA,,,,NA,NA,NA,NA,NA,NA,NA,NA,Low,1
Carroll et al,2015,Carroll et al 2015,yes,review,"Ireland, Howth Harbor/Goat Island/Lough Boora/Edenderry/Wicklow Mountains",no,Europe,"confirm PCR (chuA, yjaA, tspE4.C2), disc diffusion, biochemical, culture plate",Conventional,NA,NA,,NA,Animal,Bird,Passeriformes,Sturnidae,Sturnus,European starling,Sturnus vulgaris,,free,Escherichia coli,Escherichia coli,,feces,yes,no,,,9,26,0.35,,,NA,NA,NA,,,NA,NA,,,,NA,NA,NA,NA,NA,NA,NA,NA,Low,1
Carroll et al,2015,Carroll et al 2015,yes,review,"Ireland, Howth Harbor/Goat Island/Lough Boora/Edenderry/Wicklow Mountains",no,Europe,"confirm PCR (chuA, yjaA, tspE4.C2), disc diffusion, biochemical, culture plate",Conventional,NA,NA,,NA,Animal,Bird,Charadriiformes,Laridae,Larus,Herring gull,Larus argentatus,,free,Escherichia coli,Escherichia coli,,feces,yes,no,,,13,30,0.43,,,NA,NA,NA,,,NA,NA,,,,NA,NA,NA,NA,NA,NA,NA,NA,Low,1
Carroll et al,2015,Carroll et al 2015,yes,review,"Ireland, Howth Harbor/Goat Island/Lough Boora/Edenderry/Wicklow Mountains",no,Europe,"confirm PCR (chuA, yjaA, tspE4.C2), disc diffusion, biochemical, culture plate",Conventional,NA,NA,,NA,Animal,Bird,Charadriiformes,Laridae,Larus,Lesser black-back gulls,Larus fuscus,,free,Escherichia coli,Escherichia coli,,feces,yes,no,,,27,30,0.9,,,NA,NA,NA,,,NA,NA,,,,NA,NA,NA,NA,NA,NA,NA,NA,Low,1
Carvalho et al.,2003,Carvalho et al. 2003,yes,review,"Brazil, Sao Paulo",no,South America,"PCR, microscope, action aggregation, biochemical, culture plate ",Molecular,NA,NA,,swab variable,Animal,Mammal,Primates,Cercopithecidae,Chlorocebus,,Callithrix,New world primates (genus),free,Escherichia coli eae,EPEC,,"colon swab, dead animal, diarrhea or enteritis",yes,no,,,7,16,NA,,,NA,NA,NA,,,NA,NA,,,,NA,NA,NA,NA,NA,NA,NA,NA,Low,1
Carvalho et al.,2003,Carvalho et al. 2003,yes,review,"Brazil, Sao Paulo",no,South America,"PCR, microscope, action aggregation, biochemical, culture plate ",Molecular,NA,NA,,swab variable,Animal,Mammal,Primates,Cercopithecidae,Chlorocebus,,Callithrix,New world primates (genus),free,Escherichia coli eae,EPEC,,rectal and colon swab,yes,no,,,18,56,NA,,,NA,NA,NA,,,NA,NA,,,,NA,NA,NA,NA,NA,NA,NA,NA,Low,1
Carvalho et al.,2003,Carvalho et al. 2003,yes,review,"Brazil, Sao Paulo",no,South America,"PCR, microscope, action aggregation, biochemical, culture plate ",Molecular,NA,NA,,swab variable,Animal,Mammal,Primates,Cercopithecidae,Chlorocebus,,Callithrix,New world primates (genus),free,Escherichia coli eae,EPEC,,"rectal and colon swab, had diarrhea or enteritis",yes,no,,,8,17,NA,,,NA,NA,NA,,,NA,NA,,,,NA,NA,NA,NA,NA,NA,NA,NA,Low,1
Carvalho et al.,2003,Carvalho et al. 2003,yes,review,"Brazil, Sao Paulo",no,South America,"PCR, microscope, action aggregation, biochemical, culture plate ",Molecular,NA,NA,,swab variable,Animal,Mammal,Primates,Cercopithecidae,Chlorocebus,,Callithrix,New world primates (genus),free,Escherichia coli eae,EPEC,,"rectal and colon swab, healty",yes,no,,,10,39,NA,,,NA,NA,NA,,,NA,NA,,,,NA,NA,NA,NA,NA,NA,NA,NA,Low,1
Carvalho et al.,2003,Carvalho et al. 2003,yes,review,"Brazil, Sao Paulo",no,South America,"PCR, microscope, action aggregation, biochemical, culture plate ",Molecular,NA,NA,,swab variable,Animal,Mammal,Primates,Cercopithecidae,Chlorocebus,,Callithrix,New world primates (genus),free,Escherichia coli eae,EPEC,,rectal swab,yes,no,,,ND,8,NA,,,NA,NA,NA,,,NA,NA,,,,NA,NA,NA,NA,NA,NA,NA,NA,Low,1
Carvalho et al.,2003,Carvalho et al. 2003,yes,review,"Brazil, Sao Paulo",no,South America,"PCR, microscope, action aggregation, biochemical, culture plate ",Molecular,NA,NA,,swab variable,Animal,Mammal,Primates,Cercopithecidae,Chlorocebus,,Callithrix,New world primates (genus),"1 captive, 32 captured from urban areas.","Escherichia coli LT-I, LT-II, STa, STb, Stx1, and Stx2 genes",EPEC,,rectal and colon swab,yes,no,,,ND,56,NA,,,NA,NA,NA,,,NA,NA,,,,NA,NA,NA,NA,NA,NA,NA,NA,Low,1
Cizek et al. ,1999,Cizek et al.  1999,yes,review,"Czech Republic, South East",no,Europe,"confirm PCR (stx1, stx2, eaeA) Culture, agglutination H7, biochemical O157",Conventional,NA,NA,,1 g,Animal,Mammal,Rodentia,Muridae,Rattus,Brown rat,Rattus norvegicus,,free,Escherichia coli O157,STEC,,tissue colon,yes,no,,,4,10,NA,,,NA,NA,NA,,,NA,NA,,,,NA,NA,NA,NA,NA,NA,NA,NA,Low,1
Cizek et al. ,1999,Cizek et al.  1999,yes,review,"Czech Republic, South East",no,Europe,"confirm PCR (stx1, stx2, eaeA) Culture, agglutination H7, biochemical O160",Conventional,NA,NA,,1 g,Animal,Mammal,Rodentia,Muridae,Mus,House mouse,Mus musculus,,free,Escherichia coli O157,STEC,,feces,yes,no,,,0,2,NA,,,NA,NA,NA,,,NA,NA,,,,NA,NA,NA,NA,NA,NA,NA,NA,Low,1
Cizek et al. ,1999,Cizek et al.  1999,yes,review,"Czech Republic, South East",no,Europe,"confirm PCR (stx1, stx2, eaeA) Culture, agglutination H7, biochemical O159",Conventional,NA,NA,,1 g,Animal,Bird,Passeriformes,Passeridae,Passer,House sparrow,Passer domesticus,,free,Escherichia coli O157,STEC,,feces,yes,no,,,0,20,NA,,,NA,NA,NA,,,NA,NA,,,,NA,NA,NA,NA,NA,NA,NA,NA,Low,1
Cizek et al. ,1999,Cizek et al.  1999,yes,review,"Czech Republic, South East",no,Europe,"confirm PCR (stx1, stx2, eaeA) Culture, agglutination H7, biochemical O158",Conventional,NA,NA,,1 g,Animal,Bird,Columbiformes,Columbidae,Columba,Pigeon,Columba livia f. domestica,,free,Escherichia coli O157,STEC,,feces,yes,no,,,0,50,NA,,,NA,NA,NA,,,NA,NA,,,,NA,NA,NA,NA,NA,NA,NA,NA,Low,1
Cizek et al. ,1999,Cizek et al.  1999,yes,review,"Czech Republic, South East",no,Europe,"confirm PCR (stx1, stx2, eaeA) Culture, agglutination H7, biochemical O161",Conventional,NA,NA,,1 g,Animal,Mammal,Rodentia,Muridae,Apodemus,Wood mouse,Apodemus sylvaticus,,free,Escherichia coli O157,STEC,,feces,yes,no,,,0,7,NA,,,NA,NA,NA,,,NA,NA,,,,NA,NA,NA,NA,NA,NA,NA,NA,Low,1
Contreras-Rodriguez et al.,2019,Contreras-Rodriguez et al. 2019,yes,Google Scholar,"Mexico, Gulf of California, Isla Rasa",no,North America,culture broth and plate,Conventional,NA,NA,,NA,Animal,Bird,Charadriiformes,Laridae,Thalasseus,Elegant tern,Thalasseus elegans,,free,Escherichia coli,Escherichia coli,,feces,yes,no,,,3,51,NA,,,NA,NA,NA,,,NA,NA,,,,NA,NA,NA,NA,NA,NA,NA,NA,Low,1
Contreras-Rodriguez et al.,2019,Contreras-Rodriguez et al. 2019,yes,Google Scholar,"Mexico, Gulf of California, Isla Rasa",no,North America,culture broth and plate,Conventional,NA,NA,,NA,Animal,Bird,Charadriiformes,Laridae,Larus,Heermann's gull ,Larus heermanni,,free,Escherichia coli,Escherichia coli,,feces,yes,no,,,12,44,NA,,,NA,NA,NA,,,NA,NA,,,,NA,NA,NA,NA,NA,NA,NA,NA,Low,1
Fallacara et al.,2001,Fallacara et al. 2001,yes,review,"USA,  Ohio, Battlle-Darby Creek, Hoover Dam, Antrim Park, Sharon Woods, Griggs Reservior, Scioto Park",yes,North America,"biochemical test, Culture, sub culture",Conventional,NA,NA,,variable swab,Animal,Bird,,,,,,Waterfowl Domestic/Hybrid species,free,Escherichia coli,Escherichia coli,,feces,yes,no,,,4,10,NA,,,NA,NA,NA,,,NA,NA,,,,NA,NA,NA,NA,NA,NA,NA,NA,Moderate,2
Fallacara et al.,2001,Fallacara et al. 2001,yes,review,"USA,  Ohio, Battlle-Darby Creek, Hoover Dam, Antrim Park, Sharon Woods, Griggs Reservior, Scioto Park",yes,North America,"biochemical test, Culture, sub culture",Conventional,NA,NA,,variable swab,Animal,Bird,Anseriformes,Anatidae,Branta,Canada goose,Branta canadensis,,free,Escherichia coli,Escherichia coli,,feces,yes,no,,,224,357,NA,,,NA,NA,NA,,,NA,NA,,,,NA,NA,NA,NA,NA,NA,NA,NA,Moderate,2
Fallacara et al.,2001,Fallacara et al. 2001,yes,review,"USA,  Ohio, Battlle-Darby Creek, Hoover Dam, Antrim Park, Sharon Woods, Griggs Reservior, Scioto Park",yes,North America,"biochemical test, Culture, sub culture",Conventional,NA,NA,,variable swab,Animal,Bird,Anseriformes,Anatidae,Anas,Mallard ,,,free,Escherichia coli,Escherichia coli,,feces,yes,no,,,78,82,NA,,,NA,NA,NA,,,NA,NA,,,,NA,NA,NA,NA,NA,NA,NA,NA,Moderate,2
Fallacara et al.,2004,Fallacara et al. 2004,yes,review,"USA, Ohio, Columbus Zoo",yes,North America,"biochemical, culture plate",Conventional,NA,NA,,swab,Animal,Bird,Anseriformes,Anatidae,Branta,Canada goose,Branta canadensis,,free,Escherichia coli,Escherichia coli,,feces,yes,no,,,246,342,NA,,,NA,NA,NA,,,NA,NA,,,,NA,NA,NA,NA,NA,NA,NA,NA,High,3
Fallacara et al.,2004,Fallacara et al. 2004,yes,review,"USA, Ohio, Columbus Zoo",yes,North America,"biochemical, culture plate",Conventional,NA,NA,,swab,Animal,Bird,Anseriformes,Anatidae,Anas,Mallard ,,,free,Escherichia coli,Escherichia coli,,feces,yes,no,,,50,100,NA,,,NA,NA,NA,,,NA,NA,,,,NA,NA,NA,NA,NA,NA,NA,NA,High,3
Ferguson et al.,2009,Ferguson et al. 2009,from review article,article not found,USA,yes,North America,Review,Conventional,Review,Review,,Review,Animal,Mammal,Rodentia,Sciuridae,,,,,free,Escherichia coli,Escherichia coli,,feces,no,yes,Stats,no,,NA,NA,,56000,NA,NA,NA,,,NA,NA,cfu/g,"From Ferguson, 2009, Bodley-Tickell 2002","Equation used to converted fecal coliform count to E. coli count (Virginia Department of Environmental Quality, 2003)",NA,NA,NA,NA,NA,NA,NA,NA,Low,1
Ferguson et al.,2009,Ferguson et al. 2009,from review article,article not found,UK,no,Europe,Review,Conventional,Review,Review,,Review,Animal,Bird,Anseriformes,Anatidae,Anas,,,Duck  (genus),?,Escherichia coli,Escherichia coli,,feces,no,yes,Stats,no,,NA,NA,,33000000,NA,NA,NA,,,NA,NA,CFU/g,From Ferguson et al. 2016,,NA,NA,NA,NA,NA,NA,NA,NA,Low,1
Ferguson et al.,2009,Ferguson et al. 2009,from review article,article not found,USA,yes,North America,Review,Conventional,Review,Review,,Review,Animal,Mammal,Rodentia,,,,,Mouse,free,Escherichia coli,Escherichia coli,,feces,no,yes,Stats,no,,NA,NA,,120000,NA,NA,NA,,,NA,NA,cfu/g,"From Ferguson, 2009, Bodley-Tickell 2002","Equation used to converted fecal coliform count to E. coli count (Virginia Department of Environmental Quality, 2003)",NA,NA,NA,NA,NA,NA,NA,NA,Low,1
Firth et al. ,2014,Firth et al.  2014,yes,Google Scholar,"USA, New York, New York City",yes,North America,PCR,Molecular,0.35x10^3 to 3.5x10^3 RNA copies or 3.5*10^7 after 40 cycles,NA,,NA,Animal,Mammal,Rodentia,Muridae,Rattus,Brown rat,Rattus norvegicus,,free,Escherichia coli enteropathogenic,EPEC,,fecal pellet,yes,no,,,50,133,NA,,,NA,NA,NA,,,NA,NA,,,,NA,NA,NA,NA,NA,NA,NA,NA,Low,1
Fogarty et al.,2003,Fogarty et al. 2003,yes,review,"USA, Il, Chicago",yes,North America,"Membrain filter, dilution, plate count",Conventional,NA,NA,,variable weight concentration standardized,Animal,Bird,Charadriiformes,Laridae,,,,Gull (family),free,Escherichia coli,Escherichia coli,,fecal swab,no,yes,StatsIndiv,yes,,1,NA,1900000000,,NA,NA,NA,,,NA,NA,CFU/g,Also tested isolates for type of E. Coli and Enterococci (not enumerated) and anitbiotic resistance.,individual sample first sample related to second sample,NA,NA,NA,NA,NA,NA,NA,NA,Moderate,2
Fogarty et al.,2003,Fogarty et al. 2003,yes,review,"USA, Il, Chicago",yes,North America,"Membrain filter, dilution, plate count",Conventional,NA,NA,,variable weight concentration standardized,Animal,Bird,Charadriiformes,Laridae,,,,Gull (family),free,Escherichia coli,Escherichia coli,,fecal swab,no,yes,StatsIndiv,yes,,1,NA,23000000,,NA,NA,NA,,,NA,NA,CFU/g,,individual sample first sample related to second sample,NA,NA,NA,NA,NA,NA,NA,NA,Moderate,2
Fogarty et al.,2003,Fogarty et al. 2003,yes,review,"USA, Il, Chicago",yes,North America,"Membrain filter, dilution, plate count",Conventional,NA,NA,,variable weight concentration standardized,Animal,Bird,Charadriiformes,Laridae,,,,Gull (family),free,Escherichia coli,Escherichia coli,,fecal swab,no,yes,StatsIndiv,yes,,1,NA,19000000,,NA,NA,NA,,,NA,NA,CFU/g,,individual sample first sample related to second sample,NA,NA,NA,NA,NA,NA,NA,NA,Moderate,2
Fogarty et al.,2003,Fogarty et al. 2003,yes,review,"USA, Il, Chicago",yes,North America,"Membrain filter, dilution, plate count",Conventional,NA,NA,,variable weight concentration standardized,Animal,Bird,Charadriiformes,Laridae,,,,Gull (family),free,Escherichia coli,Escherichia coli,,fecal swab,no,yes,StatsIndiv,yes,,1,NA,5000000,,NA,NA,NA,,,NA,NA,CFU/g,,individual sample first sample related to second sample,NA,NA,NA,NA,NA,NA,NA,NA,Moderate,2
Fogarty et al.,2003,Fogarty et al. 2003,yes,review,"USA, MI, Traverse City",yes,North America,"Membrain filter, dilution, plate count",Conventional,NA,NA,,variable weight concentration standardized,Animal,Bird,Charadriiformes,Laridae,,,,Gull (family),free,Escherichia coli,Escherichia coli,,fecal swab,no,yes,StatsIndiv,yes,,1,NA,5700000,,NA,NA,NA,,,NA,NA,CFU/g,,individual sample first sample related to second sample,NA,NA,NA,NA,NA,NA,NA,NA,Moderate,2
Fogarty et al.,2003,Fogarty et al. 2003,yes,review,"USA, MI, Traverse City",yes,North America,"Membrain filter, dilution, plate count",Conventional,NA,NA,,variable weight concentration standardized,Animal,Bird,Charadriiformes,Laridae,,,,Gull (family),free,Escherichia coli,Escherichia coli,,fecal swab,no,yes,StatsIndiv,yes,,1,NA,1600000,,NA,NA,NA,,,NA,NA,CFU/g,,individual sample first sample related to second sample,NA,NA,NA,NA,NA,NA,NA,NA,Moderate,2
Fogarty et al.,2003,Fogarty et al. 2003,yes,review,"USA, MI, Traverse City",yes,North America,"Membrain filter, dilution, plate count",Conventional,NA,NA,,variable weight concentration standardized,Animal,Bird,Charadriiformes,Laridae,,,,Gull (family),free,Escherichia coli,Escherichia coli,,fecal swab,no,yes,StatsIndiv,yes,,1,NA,<100000,,NA,NA,NA,10000,100000,NA,NA,CFU/g,number less than the dilution tested,individual sample first sample related to second sample,NA,NA,NA,NA,NA,NA,NA,NA,Moderate,2
Fogarty et al.,2003,Fogarty et al. 2003,yes,review,"USA, MI, Traverse City",yes,North America,"Membrain filter, dilution, plate count",Conventional,NA,NA,,variable weight concentration standardized,Animal,Bird,Charadriiformes,Laridae,,,,Gull (family),free,Escherichia coli,Escherichia coli,,fecal swab,no,yes,StatsIndiv,yes,,1,NA,18000000,,NA,NA,NA,,,NA,NA,CFU/g,,individual sample first sample related to second sample,NA,NA,NA,NA,NA,NA,NA,NA,Moderate,2
Fogarty et al.,2003,Fogarty et al. 2003,yes,review,"USA, MI, Traverse City",yes,North America,"Membrain filter, dilution, plate count",Conventional,NA,NA,,variable weight concentration standardized,Animal,Bird,Charadriiformes,Laridae,,,,Gull (family),free,Escherichia coli,Escherichia coli,,fecal swab,no,yes,StatsIndiv,yes,,1,NA,<1000000,,NA,NA,NA,100000,1000000,NA,NA,CFU/g,number less than the dilution tested,individual sample first sample related to second sample,NA,NA,NA,NA,NA,NA,NA,NA,Moderate,2
Fogarty et al.,2003,Fogarty et al. 2003,yes,review,"USA, MI, Traverse City",yes,North America,"Membrain filter, dilution, plate count",Conventional,NA,NA,,variable weight concentration standardized,Animal,Bird,Charadriiformes,Laridae,,,,Gull (family),free,Escherichia coli,Escherichia coli,,fecal swab,no,yes,StatsIndiv,yes,,1,NA,14000000,,NA,NA,NA,,,NA,NA,CFU/g,,individual sample first sample related to second sample,NA,NA,NA,NA,NA,NA,NA,NA,Moderate,2
Fogarty et al.,2003,Fogarty et al. 2003,yes,review,"USA, MI, Traverse City",yes,North America,"Membrain filter, dilution, plate count",Conventional,NA,NA,,variable weight concentration standardized,Animal,Bird,Charadriiformes,Laridae,,,,Gull (family),free,Escherichia coli,Escherichia coli,,fecal swab,no,yes,StatsIndiv,yes,,1,NA,69000000,,NA,NA,NA,,,NA,NA,CFU/g,,individual sample first sample related to second sample,NA,NA,NA,NA,NA,NA,NA,NA,Moderate,2
Fogarty et al.,2003,Fogarty et al. 2003,yes,review,"USA, MI, Traverse City",yes,North America,"Membrain filter, dilution, plate count",Conventional,NA,NA,,variable weight concentration standardized,Animal,Bird,Charadriiformes,Laridae,,,,Gull (family),free,Escherichia coli,Escherichia coli,,fecal swab,no,yes,StatsIndiv,yes,,1,NA,<1000000,,NA,NA,NA,100000,1000000,NA,NA,CFU/g,,individual sample first sample related to second sample,NA,NA,NA,NA,NA,NA,NA,NA,Moderate,2
"Fonseca, et al.",2020,"Fonseca, et al. 2020",yes,Google Scholar,"USA, Arizona, Yuma, near small ranches",yes,North America,"biochemical, culture broth and plate",Conventional,NA,NA,,swab,Animal,Bird,Passeriformes,Icteridae,Molothrus,Brown-headed cowbird,Molthrus ater,,free,Escherichia coli O157:H7,EHEC,,cloacal swab,yes,no,,,ND,4,NA,,,NA,NA,NA,,,NA,NA,,also did study on survival of pathogens in feces,,NA,NA,NA,NA,NA,NA,NA,NA,Moderate,2
"Fonseca, et al.",2020,"Fonseca, et al. 2020",yes,Google Scholar,"USA, Arizona, Yuma, near small ranches",yes,North America,"biochemical, culture broth and plate",Conventional,NA,NA,,swab,Animal,Bird,Columbiformes,Columbidae,Columbina,Common ground dove,Columbina passerina,,free,Escherichia coli O157:H7,EHEC,,cloacal swab,yes,no,,,ND,4,NA,,,NA,NA,NA,,,NA,NA,,also did study on survival of pathogens in feces,,NA,NA,NA,NA,NA,NA,NA,NA,Moderate,2
"Fonseca, et al.",2020,"Fonseca, et al. 2020",yes,Google Scholar,"USA, Arizona, Yuma, near small ranches",yes,North America,"biochemical, culture broth and plate",Conventional,NA,NA,,swab,Animal,Bird,Columbiformes,Columbidae,Streptopelia,Eurasian collared dove,Streptopelia decaocto,,free,Escherichia coli O157:H7,EHEC,,cloacal swab,yes,no,,,ND,24,NA,,,NA,NA,NA,,,NA,NA,,also did study on survival of pathogens in feces,,NA,NA,NA,NA,NA,NA,NA,NA,Moderate,2
"Fonseca, et al.",2020,"Fonseca, et al. 2020",yes,Google Scholar,"USA, Arizona, Yuma, near small ranches",yes,North America,"biochemical, culture broth and plate",Conventional,NA,NA,,swab,Animal,Bird,Passeriformes,Icteridae,Quiscalus,Great tailed grackle,Quiscalus mexicanus,,free,Escherichia coli O157:H7,EHEC,,cloacal swab,yes,no,,,ND,7,NA,,,NA,NA,NA,,,NA,NA,,also did study on survival of pathogens in feces,,NA,NA,NA,NA,NA,NA,NA,NA,Moderate,2
"Fonseca, et al.",2020,"Fonseca, et al. 2020",yes,Google Scholar,"USA, Arizona, Yuma, near small ranches",yes,North America,"biochemical, culture broth and plate",Conventional,NA,NA,,swab,Animal,Bird,Passeriformes,Passeridae,Passer,House sparrow,Passer domesticus,,free,Escherichia coli O157:H7,EHEC,,cloacal swab,yes,no,,,ND,1,NA,,,NA,NA,NA,,,NA,NA,,also did study on survival of pathogens in feces,,NA,NA,NA,NA,NA,NA,NA,NA,Moderate,2
"Fonseca, et al.",2020,"Fonseca, et al. 2020",yes,Google Scholar,"USA, Arizona, Yuma, near small ranches",yes,North America,"biochemical, culture broth and plate",Conventional,NA,NA,,swab,Animal,Bird,Columbiformes,Columbidae,Columbina,Inca dove,Scardafella inca,,free,Escherichia coli O157:H7,EHEC,,cloacal swab,yes,no,,,ND,39,NA,,,NA,NA,NA,,,NA,NA,,also did study on survival of pathogens in feces,,NA,NA,NA,NA,NA,NA,NA,NA,Moderate,2
"Fonseca, et al.",2020,"Fonseca, et al. 2020",yes,Google Scholar,"USA, Arizona, Yuma, near small ranches",yes,North America,"biochemical, culture broth and plate",Conventional,NA,NA,,swab,Animal,Bird,Columbiformes,Columbidae,Zenaida,Mourning dove,Zenaida macroura,,free,Escherichia coli O157:H7,EHEC,,cloacal swab,yes,no,,,ND,179,NA,,,NA,NA,NA,,,NA,NA,,also did study on survival of pathogens in feces,,NA,NA,NA,NA,NA,NA,NA,NA,Moderate,2
"Fonseca, et al.",2020,"Fonseca, et al. 2020",yes,Google Scholar,"USA, Arizona, Yuma, near small ranches",yes,North America,"biochemical, culture broth and plate",Conventional,NA,NA,,swab,Animal,Bird,Columbiformes,Columbidae,Columba,Pigeon,Columba livia,,free,Escherichia coli O157:H7,EHEC,,cloacal swab,yes,no,,,ND,18,NA,,,NA,NA,NA,,,NA,NA,,also did study on survival of pathogens in feces,,NA,NA,NA,NA,NA,NA,NA,NA,Moderate,2
"Fonseca, et al.",2020,"Fonseca, et al. 2020",yes,Google Scholar,"USA, Arizona, Yuma, near small ranches",yes,North America,"biochemical, culture broth and plate",Conventional,NA,NA,,swab,Animal,Bird,Passeriformes,Icteridae,Agelaius,Red-winged blackbird,Agelaius phoeniceus,,free,Escherichia coli O157:H7,EHEC,,cloacal swab,yes,no,,,ND,27,NA,,,NA,NA,NA,,,NA,NA,,also did study on survival of pathogens in feces,,NA,NA,NA,NA,NA,NA,NA,NA,Moderate,2
"Fonseca, et al.",2020,"Fonseca, et al. 2020",yes,Google Scholar,"USA, Arizona, Yuma, near small ranches",yes,North America,"biochemical, culture broth and plate",Conventional,NA,NA,,swab,Animal,Bird,Passeriformes,Icteridae,Xanthocephalus,Yellow-headed blackbird,Xanthocephalus xanthocephalus,,free,Escherichia coli O157:H7,EHEC,,cloacal swab,yes,no,,,ND,1,NA,,,NA,NA,NA,,,NA,NA,,also did study on survival of pathogens in feces,,NA,NA,NA,NA,NA,NA,NA,NA,Moderate,2
Franklin et al.,2015,Franklin et al. 2015,grey literature,Google Scholar,"USA, Colorado, Saguache county, San Luis Valley, fields",yes,North America,culture broth and plate,Conventional,NA,NA,,swab,Animal,Bird,Passeriformes,Motacillidae,Anthus,American pipit ,Anthus rubescens,,free,Escherichia coli,Escherichia coli,,feces,yes,no,,,ND,12,NA,,,NA,NA,NA,,,NA,NA,,,,NA,NA,NA,NA,NA,NA,NA,NA,Low,1
Franklin et al.,2015,Franklin et al. 2015,grey literature,Google Scholar,"USA, Colorado, Saguache county, San Luis Valley, fields",yes,North America,culture broth and plate,Conventional,NA,NA,,swab,Animal,Bird,Passeriformes,Corvidae,Pica,Black-billed magpie,Pica hudsonia,,free,Escherichia coli,Escherichia coli,,feces,yes,no,,,1,1,NA,,,NA,NA,NA,,,NA,NA,,,,NA,NA,NA,NA,NA,NA,NA,NA,Low,1
Franklin et al.,2015,Franklin et al. 2015,grey literature,Google Scholar,"USA, Colorado, Saguache county, San Luis Valley, fields",yes,North America,culture broth and plate,Conventional,NA,NA,,swab,Animal,Bird,Passeriformes,Passerellidae,Spizella,Brewer's sparrow,Spizella breweri,,free,Escherichia coli,Escherichia coli,,feces,yes,no,,,ND,2,NA,,,NA,NA,NA,,,NA,NA,,,,NA,NA,NA,NA,NA,NA,NA,NA,Low,1
Franklin et al.,2015,Franklin et al. 2015,grey literature,Google Scholar,"USA, Colorado, Saguache county, San Luis Valley, fields",yes,North America,culture broth and plate,Conventional,NA,NA,,swab,Animal,Bird,Strigiformes,Strigidae,Athene,Burrowing owl,Athene cunicularia,,free,Escherichia coli,Escherichia coli,,feces,yes,no,,,2,2,NA,,,NA,NA,NA,,,NA,NA,,,,NA,NA,NA,NA,NA,NA,NA,NA,Low,1
Franklin et al.,2015,Franklin et al. 2015,grey literature,Google Scholar,"USA, Colorado, Saguache county, San Luis Valley, fields",yes,North America,culture broth and plate,Conventional,NA,NA,,swab,Animal,Mammal,Rodentia,Cricetidae,Peromyscus,Deer mouse,Peromyscus maniculatus,,free,Escherichia coli,Escherichia coli,,feces,yes,no,,,ND,9,NA,,,NA,NA,NA,,,NA,NA,,,,NA,NA,NA,NA,NA,NA,NA,NA,Low,1
Franklin et al.,2015,Franklin et al. 2015,grey literature,Google Scholar,"USA, Colorado, Saguache county, San Luis Valley, fields",yes,North America,culture broth and plate,Conventional,NA,NA,,swab,Animal,Bird,Passeriformes,Sturnidae,Sturnus,European starling,Sturnus vulgaris,,free,Escherichia coli,Escherichia coli,,feces,yes,no,,,ND,3,NA,,,NA,NA,NA,,,NA,NA,,,,NA,NA,NA,NA,NA,NA,NA,NA,Low,1
Franklin et al.,2015,Franklin et al. 2015,grey literature,Google Scholar,"USA, Colorado, Saguache county, San Luis Valley, fields",yes,North America,culture broth and plate,Conventional,NA,NA,,swab,Animal,Bird,Passeriformes,Alaudidae,Eremophila,Horned lark ,Eremophila alpestris,,free,Escherichia coli,Escherichia coli,,feces,yes,no,,,1,41,NA,,,NA,NA,NA,,,NA,NA,,,,NA,NA,NA,NA,NA,NA,NA,NA,Low,1
Franklin et al.,2015,Franklin et al. 2015,grey literature,Google Scholar,"USA, Colorado, Saguache county, San Luis Valley, fields",yes,North America,culture broth and plate,Conventional,NA,NA,,swab,Animal,Mammal,Rodentia,Muridae,Mus,House mouse,Mus musculus,,free,Escherichia coli,Escherichia coli,,feces,yes,no,,,ND,9,NA,,,NA,NA,NA,,,NA,NA,,,,NA,NA,NA,NA,NA,NA,NA,NA,Low,1
Franklin et al.,2015,Franklin et al. 2015,grey literature,Google Scholar,"USA, Colorado, Saguache county, San Luis Valley, fields",yes,North America,culture broth and plate,Conventional,NA,NA,,swab,Animal,Bird,Passeriformes,Passeridae,Passer,House sparrow,Passer domesticus,,free,Escherichia coli,Escherichia coli,,feces,yes,no,,,ND,1,NA,,,NA,NA,NA,,,NA,NA,,,,NA,NA,NA,NA,NA,NA,NA,NA,Low,1
Franklin et al.,2015,Franklin et al. 2015,grey literature,Google Scholar,"USA, Colorado, Saguache county, San Luis Valley, fields",yes,North America,culture broth and plate,Conventional,NA,NA,,swab,Animal,Bird,Passeriformes,Turdidae,Sialia,Mountain bluebird,Sialia currucoides,,free,Escherichia coli,Escherichia coli,,feces,yes,no,,,ND,1,NA,,,NA,NA,NA,,,NA,NA,,,,NA,NA,NA,NA,NA,NA,NA,NA,Low,1
Franklin et al.,2015,Franklin et al. 2015,grey literature,Google Scholar,"USA, Colorado, Saguache county, San Luis Valley, fields",yes,North America,culture broth and plate,Conventional,NA,NA,,swab,Animal,Bird,Columbiformes,Columbidae,Zenaida,Mourning dove,Zenaida macroura,,free,Escherichia coli,Escherichia coli,,feces,yes,no,,,ND,2,NA,,,NA,NA,NA,,,NA,NA,,,,NA,NA,NA,NA,NA,NA,NA,NA,Low,1
Franklin et al.,2015,Franklin et al. 2015,grey literature,Google Scholar,"USA, Colorado, Saguache county, San Luis Valley, fields",yes,North America,culture broth and plate,Conventional,NA,NA,,swab,Animal,Mammal,Rodentia,Cricetidae,Onychomys,Northern grasshopper mouse,Onychomys leucogaster,,free,Escherichia coli,Escherichia coli,,feces,yes,no,,,ND,9,NA,,,NA,NA,NA,,,NA,NA,,,,NA,NA,NA,NA,NA,NA,NA,NA,Low,1
Franklin et al.,2015,Franklin et al. 2015,grey literature,Google Scholar,"USA, Colorado, Saguache county, San Luis Valley, fields",yes,North America,culture broth and plate,Conventional,NA,NA,,swab,Animal,Mammal,Rodentia,Heteromyidae,Dipodomys,Ord's kangaroo rat ,Dipodomys ordii,,free,Escherichia coli,Escherichia coli,,feces,yes,no,,,ND,26,NA,,,NA,NA,NA,,,NA,NA,,,,NA,NA,NA,NA,NA,NA,NA,NA,Low,1
Franklin et al.,2015,Franklin et al. 2015,grey literature,Google Scholar,"USA, Colorado, Saguache county, San Luis Valley, fields",yes,North America,culture broth and plate,Conventional,NA,NA,,swab,Animal,Bird,Columbiformes,Columbidae,Columba,Pigeon,Columba livia,,free,Escherichia coli,Escherichia coli,,feces,yes,no,,,2,3,NA,,,NA,NA,NA,,,NA,NA,,,,NA,NA,NA,NA,NA,NA,NA,NA,Low,1
Franklin et al.,2015,Franklin et al. 2015,grey literature,Google Scholar,"USA, Colorado, Saguache county, San Luis Valley, fields",yes,North America,culture broth and plate,Conventional,NA,NA,,swab,Animal,Bird,Passeriformes,Icteridae,Agelaius,Red-winged blackbird,Agelaius phoeniceus,,free,Escherichia coli,Escherichia coli,,feces,yes,no,,,ND,10,NA,,,NA,NA,NA,,,NA,NA,,,,NA,NA,NA,NA,NA,NA,NA,NA,Low,1
Franklin et al.,2015,Franklin et al. 2015,grey literature,Google Scholar,"USA, Colorado, Saguache county, San Luis Valley, fields",yes,North America,culture broth and plate,Conventional,NA,NA,,swab,Animal,Bird,Passeriformes,Mimidae,Oreoscoptes,Sage thrasher,Oreoscoptes montanus,,free,Escherichia coli,Escherichia coli,,feces,yes,no,,,ND,1,NA,,,NA,NA,NA,,,NA,NA,,,,NA,NA,NA,NA,NA,NA,NA,NA,Low,1
Franklin et al.,2015,Franklin et al. 2015,grey literature,Google Scholar,"USA, Colorado, Saguache county, San Luis Valley, fields",yes,North America,culture broth and plate,Conventional,NA,NA,,swab,Animal,Bird,Passeriformes,Passerellidae,Passerculus,Savannah sparrow,Passerculus sandwichensis,,free,Escherichia coli,Escherichia coli,,feces,yes,no,,,ND,2,NA,,,NA,NA,NA,,,NA,NA,,,,NA,NA,NA,NA,NA,NA,NA,NA,Low,1
Franklin et al.,2015,Franklin et al. 2015,grey literature,Google Scholar,"USA, Colorado, Saguache county, San Luis Valley, fields",yes,North America,culture broth and plate,Conventional,NA,NA,,swab,Animal,Bird,Accipitriformes,Accipitridae,Buteo,Swainsons hawk ,Buteo swainsoni,,free,Escherichia coli,Escherichia coli,,feces,yes,no,,,ND,1,NA,,,NA,NA,NA,,,NA,NA,,,,NA,NA,NA,NA,NA,NA,NA,NA,Low,1
Franklin et al.,2015,Franklin et al. 2015,grey literature,Google Scholar,"USA, Colorado, Saguache county, San Luis Valley, fields",yes,North America,culture broth and plate,Conventional,NA,NA,,swab,Animal,Bird,Passeriformes,Passerellidae,Pooecetes,Vesper sparrow,Pooecetes gramineus,,free,Escherichia coli,Escherichia coli,,feces,yes,no,,,ND,1,NA,,,NA,NA,NA,,,NA,NA,,,,NA,NA,NA,NA,NA,NA,NA,NA,Low,1
Franklin et al.,2015,Franklin et al. 2015,grey literature,Google Scholar,"USA, Colorado, Saguache county, San Luis Valley, fields",yes,North America,culture broth and plate,Conventional,NA,NA,,swab,Animal,Bird,Passeriformes,Tyrannidae,Tyrannus,Western kingbird,Tyrannus verticalis,,free,Escherichia coli,Escherichia coli,,feces,yes,no,,,ND,1,NA,,,NA,NA,NA,,,NA,NA,,,,NA,NA,NA,NA,NA,NA,NA,NA,Low,1
Franklin et al.,2015,Franklin et al. 2015,grey literature,Google Scholar,"USA, Colorado, Saguache county, San Luis Valley, fields",yes,North America,culture broth and plate,Conventional,NA,NA,,swab,Animal,Bird,Passeriformes,Passerellidae,Zonotrichia,White-crowned sparrow,Zonotrichia leucophrys,,free,Escherichia coli,Escherichia coli,,feces,yes,no,,,ND,1,NA,,,NA,NA,NA,,,NA,NA,,,,NA,NA,NA,NA,NA,NA,NA,NA,Low,1
Franklin et al.,2015,Franklin et al. 2015,grey literature,Google Scholar,"USA, Colorado, Saguache county, San Luis Valley, fields",yes,North America,"PCR (stx1, stx2, and uidA genes), culture broth and plate",Molecular,NA,NA,,swab,Animal,Bird,Passeriformes,Motacillidae,Anthus,American pipit ,Anthus rubescens,,free,Escherichia coli shiga toxin production,STEC,,feces,yes,no,,,ND,12,NA,,,NA,NA,NA,,,NA,NA,,,,NA,NA,NA,NA,NA,NA,NA,NA,Low,1
Franklin et al.,2015,Franklin et al. 2015,grey literature,Google Scholar,"USA, Colorado, Saguache county, San Luis Valley, fields",yes,North America,"PCR (stx1, stx2, and uidA genes), culture broth and plate",Molecular,NA,NA,,swab,Animal,Bird,Passeriformes,Corvidae,Pica,Black-billed magpie,Pica hudsonia,,free,Escherichia coli shiga toxin production,STEC,,feces,yes,no,,,ND,1,NA,,,NA,NA,NA,,,NA,NA,,,,NA,NA,NA,NA,NA,NA,NA,NA,Low,1
Franklin et al.,2015,Franklin et al. 2015,grey literature,Google Scholar,"USA, Colorado, Saguache county, San Luis Valley, fields",yes,North America,"PCR (stx1, stx2, and uidA genes), culture broth and plate",Molecular,NA,NA,,swab,Animal,Bird,Passeriformes,Passerellidae,Spizella,Brewer's sparrow,Spizella breweri,,free,Escherichia coli shiga toxin production,STEC,,feces,yes,no,,,ND,2,NA,,,NA,NA,NA,,,NA,NA,,,,NA,NA,NA,NA,NA,NA,NA,NA,Low,1
Franklin et al.,2015,Franklin et al. 2015,grey literature,Google Scholar,"USA, Colorado, Saguache county, San Luis Valley, fields",yes,North America,"PCR (stx1, stx2, and uidA genes), culture broth and plate",Molecular,NA,NA,,swab,Animal,Bird,Strigiformes,Strigidae,Athene,Burrowing owl,Athene cunicularia,,free,Escherichia coli shiga toxin production,STEC,,feces,yes,no,,,ND,2,NA,,,NA,NA,NA,,,NA,NA,,,,NA,NA,NA,NA,NA,NA,NA,NA,Low,1
Franklin et al.,2015,Franklin et al. 2015,grey literature,Google Scholar,"USA, Colorado, Saguache county, San Luis Valley, fields",yes,North America,"PCR (stx1, stx2, and uidA genes), culture broth and plate",Molecular,NA,NA,,swab,Animal,Mammal,Rodentia,Cricetidae,Peromyscus,Deer mouse,Peromyscus maniculatus,,free,Escherichia coli shiga toxin production,STEC,,feces,yes,no,,,ND,9,NA,,,NA,NA,NA,,,NA,NA,,,,NA,NA,NA,NA,NA,NA,NA,NA,Low,1
Franklin et al.,2015,Franklin et al. 2015,grey literature,Google Scholar,"USA, Colorado, Saguache county, San Luis Valley, fields",yes,North America,"PCR (stx1, stx2, and uidA genes), culture broth and plate",Molecular,NA,NA,,swab,Animal,Bird,Passeriformes,Sturnidae,Sturnus,European starling,Sturnus vulgaris,,free,Escherichia coli shiga toxin production,STEC,,feces,yes,no,,,ND,3,NA,,,NA,NA,NA,,,NA,NA,,,,NA,NA,NA,NA,NA,NA,NA,NA,Low,1
Franklin et al.,2015,Franklin et al. 2015,grey literature,Google Scholar,"USA, Colorado, Saguache county, San Luis Valley, fields",yes,North America,"PCR (stx1, stx2, and uidA genes), culture broth and plate",Molecular,NA,NA,,swab,Animal,Bird,Passeriformes,Alaudidae,Eremophila,Horned lark ,Eremophila alpestris,,free,Escherichia coli shiga toxin production,STEC,,feces,yes,no,,,ND,41,NA,,,NA,NA,NA,,,NA,NA,,,,NA,NA,NA,NA,NA,NA,NA,NA,Low,1
Franklin et al.,2015,Franklin et al. 2015,grey literature,Google Scholar,"USA, Colorado, Saguache county, San Luis Valley, fields",yes,North America,"PCR (stx1, stx2, and uidA genes), culture broth and plate",Molecular,NA,NA,,swab,Animal,Mammal,Rodentia,Muridae,Mus,House mouse,Mus musculus,,free,Escherichia coli shiga toxin production,STEC,,feces,yes,no,,,ND,9,NA,,,NA,NA,NA,,,NA,NA,,,,NA,NA,NA,NA,NA,NA,NA,NA,Low,1
Franklin et al.,2015,Franklin et al. 2015,grey literature,Google Scholar,"USA, Colorado, Saguache county, San Luis Valley, fields",yes,North America,"PCR (stx1, stx2, and uidA genes), culture broth and plate",Molecular,NA,NA,,swab,Animal,Bird,Passeriformes,Passeridae,Passer,House sparrow,Passer domesticus,,free,Escherichia coli shiga toxin production,STEC,,feces,yes,no,,,ND,1,NA,,,NA,NA,NA,,,NA,NA,,,,NA,NA,NA,NA,NA,NA,NA,NA,Low,1
Franklin et al.,2015,Franklin et al. 2015,grey literature,Google Scholar,"USA, Colorado, Saguache county, San Luis Valley, fields",yes,North America,"PCR (stx1, stx2, and uidA genes), culture broth and plate",Molecular,NA,NA,,swab,Animal,Bird,Passeriformes,Turdidae,Sialia,Mountain bluebird,Sialia currucoides,,free,Escherichia coli shiga toxin production,STEC,,feces,yes,no,,,ND,1,NA,,,NA,NA,NA,,,NA,NA,,,,NA,NA,NA,NA,NA,NA,NA,NA,Low,1
Franklin et al.,2015,Franklin et al. 2015,grey literature,Google Scholar,"USA, Colorado, Saguache county, San Luis Valley, fields",yes,North America,"PCR (stx1, stx2, and uidA genes), culture broth and plate",Molecular,NA,NA,,swab,Animal,Bird,Columbiformes,Columbidae,Zenaida,Mourning dove,Zenaida macroura,,free,Escherichia coli shiga toxin production,STEC,,feces,yes,no,,,ND,2,NA,,,NA,NA,NA,,,NA,NA,,,,NA,NA,NA,NA,NA,NA,NA,NA,Low,1
Franklin et al.,2015,Franklin et al. 2015,grey literature,Google Scholar,"USA, Colorado, Saguache county, San Luis Valley, fields",yes,North America,"PCR (stx1, stx2, and uidA genes), culture broth and plate",Molecular,NA,NA,,swab,Animal,Mammal,Rodentia,Cricetidae,Onychomys,Northern grasshopper mouse,Onychomys leucogaster,,free,Escherichia coli shiga toxin production,STEC,,feces,yes,no,,,ND,9,NA,,,NA,NA,NA,,,NA,NA,,,,NA,NA,NA,NA,NA,NA,NA,NA,Low,1
Franklin et al.,2015,Franklin et al. 2015,grey literature,Google Scholar,"USA, Colorado, Saguache county, San Luis Valley, fields",yes,North America,"PCR (stx1, stx2, and uidA genes), culture broth and plate",Molecular,NA,NA,,swab,Animal,Mammal,Rodentia,Heteromyidae,Dipodomys,Ord's kangaroo rat ,Dipodomys ordii,,free,Escherichia coli shiga toxin production,STEC,,feces,yes,no,,,ND,26,NA,,,NA,NA,NA,,,NA,NA,,,,NA,NA,NA,NA,NA,NA,NA,NA,Low,1
Franklin et al.,2015,Franklin et al. 2015,grey literature,Google Scholar,"USA, Colorado, Saguache county, San Luis Valley, fields",yes,North America,"PCR (stx1, stx2, and uidA genes), culture broth and plate",Molecular,NA,NA,,swab,Animal,Bird,Columbiformes,Columbidae,Columba,Pigeon,Columba livia,,free,Escherichia coli shiga toxin production,STEC,,feces,yes,no,,,ND,3,NA,,,NA,NA,NA,,,NA,NA,,,,NA,NA,NA,NA,NA,NA,NA,NA,Low,1
Franklin et al.,2015,Franklin et al. 2015,grey literature,Google Scholar,"USA, Colorado, Saguache county, San Luis Valley, fields",yes,North America,"PCR (stx1, stx2, and uidA genes), culture broth and plate",Molecular,NA,NA,,swab,Animal,Bird,Passeriformes,Icteridae,Agelaius,Red-winged blackbird,Agelaius phoeniceus,,free,Escherichia coli shiga toxin production,STEC,,feces,yes,no,,,ND,10,NA,,,NA,NA,NA,,,NA,NA,,,,NA,NA,NA,NA,NA,NA,NA,NA,Low,1
Franklin et al.,2015,Franklin et al. 2015,grey literature,Google Scholar,"USA, Colorado, Saguache county, San Luis Valley, fields",yes,North America,"PCR (stx1, stx2, and uidA genes), culture broth and plate",Molecular,NA,NA,,swab,Animal,Bird,Passeriformes,Mimidae,Oreoscoptes,Sage thrasher,Oreoscoptes montanus,,free,Escherichia coli shiga toxin production,STEC,,feces,yes,no,,,ND,1,NA,,,NA,NA,NA,,,NA,NA,,,,NA,NA,NA,NA,NA,NA,NA,NA,Low,1
Franklin et al.,2015,Franklin et al. 2015,grey literature,Google Scholar,"USA, Colorado, Saguache county, San Luis Valley, fields",yes,North America,"PCR (stx1, stx2, and uidA genes), culture broth and plate",Molecular,NA,NA,,swab,Animal,Bird,Passeriformes,Passerellidae,Passerculus,Savannah sparrow,Passerculus sandwichensis,,free,Escherichia coli shiga toxin production,STEC,,feces,yes,no,,,ND,2,NA,,,NA,NA,NA,,,NA,NA,,,,NA,NA,NA,NA,NA,NA,NA,NA,Low,1
Franklin et al.,2015,Franklin et al. 2015,grey literature,Google Scholar,"USA, Colorado, Saguache county, San Luis Valley, fields",yes,North America,"PCR (stx1, stx2, and uidA genes), culture broth and plate",Molecular,NA,NA,,swab,Animal,Bird,Accipitriformes,Accipitridae,Buteo,Swainsons hawk ,Buteo swainsoni,,free,Escherichia coli shiga toxin production,STEC,,feces,yes,no,,,ND,1,NA,,,NA,NA,NA,,,NA,NA,,,,NA,NA,NA,NA,NA,NA,NA,NA,Low,1
Franklin et al.,2015,Franklin et al. 2015,grey literature,Google Scholar,"USA, Colorado, Saguache county, San Luis Valley, fields",yes,North America,"PCR (stx1, stx2, and uidA genes), culture broth and plate",Molecular,NA,NA,,swab,Animal,Bird,Passeriformes,Passerellidae,Pooecetes,Vesper sparrow,Pooecetes gramineus,,free,Escherichia coli shiga toxin production,STEC,,feces,yes,no,,,ND,1,NA,,,NA,NA,NA,,,NA,NA,,,,NA,NA,NA,NA,NA,NA,NA,NA,Low,1
Franklin et al.,2015,Franklin et al. 2015,grey literature,Google Scholar,"USA, Colorado, Saguache county, San Luis Valley, fields",yes,North America,"PCR (stx1, stx2, and uidA genes), culture broth and plate",Molecular,NA,NA,,swab,Animal,Bird,Passeriformes,Tyrannidae,Tyrannus,Western kingbird,Tyrannus verticalis,,free,Escherichia coli shiga toxin production,STEC,,feces,yes,no,,,ND,1,NA,,,NA,NA,NA,,,NA,NA,,,,NA,NA,NA,NA,NA,NA,NA,NA,Low,1
Franklin et al.,2015,Franklin et al. 2015,grey literature,Google Scholar,"USA, Colorado, Saguache county, San Luis Valley, fields",yes,North America,"PCR (stx1, stx2, and uidA genes), culture broth and plate",Molecular,NA,NA,,swab,Animal,Bird,Passeriformes,Passerellidae,Zonotrichia,White-crowned sparrow,Zonotrichia leucophrys,,free,Escherichia coli shiga toxin production,STEC,,feces,yes,no,,,ND,1,NA,,,NA,NA,NA,,,NA,NA,,,,NA,NA,NA,NA,NA,NA,NA,NA,Low,1
Frick et al.,2018,Frick et al. 2018,grey literature,Google Scholar,"Austria, Danube River, Vienna, wetlands",no,Europe,"ISO 16649-2, Standard Method",Conventional,158,NA,CFU/g,<1g,Animal,Bird,,,,,"Phalacrocorax carbo sinensis, Anatidae, Sterna hirundo, Charadriiformes",,free,Escherichia coli,Escherichia coli,,fecal,yes,yes,StatsnoND,no,15,73,NA,,100000,NA,NA,63095.73445,,1584893192,199.5262315,316227766,CFU/g,statistics do not include non-detects,,NA,NA,NA,NA,NA,NA,NA,NA,Moderate,2
Frick et al.,2018,Frick et al. 2018,grey literature,Google Scholar,"Austria, Danube River, Vienna, wetlands",no,Europe,"ISO 16649-2, Standard Method",Conventional,1000,NA,CFU/g,<1g,Animal,Amphibia,Anura,,,,"Bombina bombina, Pelophylax ridibundus",Frog (order),free,Escherichia coli,Escherichia coli,,fecal,yes,yes,StatsnoND,no,19,68,NA,,158489.3192,NA,NA,1.00E+05,,316227766,1584.893192,199526231.5,CFU/g,statistics do not include non-detects,,NA,NA,NA,NA,NA,NA,NA,NA,Moderate,2
Frick et al.,2018,Frick et al. 2018,grey literature,Google Scholar,"Austria, Danube River, Vienna, wetlands",no,Europe,"ISO 16649-2, Standard Method",Conventional,1000,NA,CFU/g,<1g,Animal,Gastropod,,,,,"Arion sp., Helix pomatia, Lymnaea stagnalis, and Viviparus sp.",,free,Escherichia coli,Escherichia coli,,fecal,yes,yes,StatsnoND,no,26,77,NA,,15848.93192,NA,NA,15848.93192,,6309573.445,1000,316227.766,CFU/g,statistics do not include non-detects,,NA,NA,NA,NA,NA,NA,NA,NA,Moderate,2
Gaukler et al.,2009,Gaukler et al. 2009,yes,Web of Science,"USA, Central Kansas",yes,North America,"Biochemical, confirm agglutination, PCR (cvaC, iroN2, omp Tp, hylF2, eitC, iss, iutA, ireA, papC), Culture, Microscope",Conventional,NA,NA,,NA,Animal,Bird,Passeriformes,Sturnidae,Sturnus,European starling,,,free,Escherichia coli O157,EHEC,,"fecal swab, feces, gut feces",yes,no,,,0,434,NA,,,NA,NA,NA,,,NA,NA,,,,NA,NA,NA,NA,NA,NA,NA,NA,High,3
Gaukler et al.,2009,Gaukler et al. 2009,yes,Web of Science,"USA, Central Kansas",yes,North America,"Culture, Microscope, confirm PCR (Stx1, intimin, F41, K99, Sta, StxII)",Conventional,NA,NA,,NA,Animal,Bird,Passeriformes,Sturnidae,Sturnus,European starling,,,free,Escherichia coli,Escherichia coli,,"fecal swab, feces, gut feces",yes,no,,,206,434,NA,,,NA,NA,NA,,,NA,NA,,,,NA,NA,NA,NA,NA,NA,NA,NA,High,3
Geldreich et al.,1962,Geldreich et al. 1962,?yes no longer in print,review,USA,yes,North America,Standard Methods Most probable number,Conventional,NA,NA,,NA,Animal,Bird,Anseriformes,Anatidae,Anas,,,Duck  (genus),captive,Escherichia coli,Escherichia coli,,feces,no,yes,Stats,no,,8,NA,,8000000,NA,NA,NA,,,NA,NA,cfu/g,From Ferguson et al. 2016,,NA,NA,NA,NA,NA,NA,NA,NA,Low,1
Gibbs et al.,2007,Gibbs et al. 2007,yes,Web of Science,"USA, North Dakota",yes,North America,culture plate,Molecular,NA,NA,,0.5g,Animal,Bird,Passeriformes,Icteridae,Xanthocephalus,Yellow-headed blackbird,Xanthocephalus xanthocephalus,,free,Escherichia coli,Escherichia coli,,feces,yes,no,,,1,21,NA,,,NA,NA,NA,,,NA,NA,,,,NA,NA,NA,NA,NA,NA,NA,NA,Moderate,2
"Goldberg, et al.",2008,"Goldberg, et al. 2008",?yes no longer in print,review,"Uganda, Kibale National Park",no,Africa,"biochemical (outside lab) ,genotyped PCR (outside lab University of Illinois),  culture plate",Conventional,NA,NA,,NA,Animal,Mammal,Primates,Cercopithecidae,Colobus,Mantled guereza,Colobus guereza,,free,Escherichia coli,Escherichia coli,,feces and swab,yes,no,,,34,125,NA,,,NA,NA,NA,,,NA,NA,,,,NA,NA,NA,NA,NA,NA,NA,NA,Moderate,2
"Goldberg, et al.",2008,"Goldberg, et al. 2008",?yes no longer in print,review,"Uganda, Kibale National Park",no,Africa,"biochemical (outside lab) ,genotyped PCR (outside lab University of Illinois),  culture plate",Conventional,NA,NA,,NA,Animal,Mammal,Primates,Cercopithecidae,Piliocolobus,Red colobus,Procolobus rufomitratus,,free,Escherichia coli,Escherichia coli,,feces and swab,yes,no,,,37,138,NA,,,NA,NA,NA,,,NA,NA,,,,NA,NA,NA,NA,NA,NA,NA,NA,Moderate,2
"Goldberg, et al.",2008,"Goldberg, et al. 2008",?yes no longer in print,review,"Uganda, Kibale National Park",no,Africa,"biochemical (outside lab) ,genotyped PCR (outside lab University of Illinois),  culture plate",Conventional,NA,NA,,NA,Animal,Mammal,Primates,Cercopithecidae,Cercopithecus,Red-tailed guenon,Cercopithecus ascanius,,free,Escherichia coli,Escherichia coli,,feces and swab,yes,no,,,22,74,NA,,,NA,NA,NA,,,NA,NA,,,,NA,NA,NA,NA,NA,NA,NA,NA,Moderate,2
Hancock et al.,1998,Hancock et al. 1998,yes,review,"USA, Idaho/Washington/Oregon, farms",yes,North America,culture broth (TSBcv) and plate,Conventional,26 CFU/g,13 CFU/g,,0.12 -+0.02 g  swab,Animal,,,,,,,,free,Escherichia coli O157,EHEC,,feces,yes,no,,,ND,34,NA,,,NA,NA,NA,,,NA,NA,,,,NA,NA,NA,NA,NA,NA,NA,NA,Very Low,0
Hancock et al.,1998,Hancock et al. 1998,yes,review,"USA, Idaho/Washington/Oregon, farms",yes,North America,culture broth (TSBcv) and plate,Conventional,26 CFU/g,13 CFU/g,,0.12 -+0.02 g  swab,Animal,Bird,,,,,,Bird (class),free,Escherichia coli O157,EHEC,,"feces, intestines content, dead bird pooled",yes,no,,,1,200,NA,,,NA,NA,NA,,,NA,NA,,pool,,NA,NA,NA,NA,NA,NA,NA,NA,Very Low,0
Hancock et al.,1998,Hancock et al. 1998,yes,review,"USA, Idaho/Washington/Oregon, farms",yes,North America,culture broth (TSBcv) and plate,Conventional,26 CFU/g,13 CFU/g,,0.12 -+0.02 g  swab,Animal,Mammal,Carnivora,Felidae,Felis,Cat,Felis catus,,free,Escherichia coli O157,EHEC,,feces or rectal swab,yes,no,,,ND,33,NA,,,NA,NA,NA,,,NA,NA,,,,NA,NA,NA,NA,NA,NA,NA,NA,Very Low,0
Hancock et al.,1998,Hancock et al. 1998,yes,review,"USA, Idaho/Washington/Oregon, farms",yes,North America,culture broth (TSBcv) and plate,Conventional,26 CFU/g,13 CFU/g,,0.12 -+0.02 g  swab,Animal,Insect,Diptera,,,,,Fly (order),free,Escherichia coli O157,EHEC,,flies pooled,yes,no,,,2,60,NA,,,NA,NA,NA,,,NA,NA,,pool,,NA,NA,NA,NA,NA,NA,NA,NA,Very Low,0
Hancock et al.,1998,Hancock et al. 1998,yes,review,"USA, Idaho/Washington/Oregon, farms",yes,North America,culture broth (TSBcv) and plate,Conventional,26 CFU/g,13 CFU/g,,0.12 -+0.02 g  swab,Animal,Mammal,Rodent,,,,,,free,Escherichia coli O157,EHEC,,feces,yes,no,,,ND,300,NA,,,NA,NA,NA,,,NA,NA,,,,NA,NA,NA,NA,NA,NA,NA,NA,Very Low,0
Himsworth et al.,2015,Himsworth et al. 2015,yes,Google Scholar,"Canada, Vancover",no,North America,"PCR (stx1,stx2, and eae), culture broth and plate",Molecular,NA,NA,,NA,Animal,Mammal,Rodentia,Muridae,Rattus,,"Rattus norvegicus, Rattus rattus","599 Norway Rat, 40 black rat",Free,Escherichia coli O157,EHEC,,tissue (colon),yes,no,,,ND,633,NA,,,NA,NA,NA,,,NA,NA,,,,NA,NA,NA,NA,NA,NA,NA,NA,High,3
Himsworth et al.,2015,Himsworth et al. 2015,yes,Google Scholar,"Canada, Vancover",no,North America,"PCR (stx1,stx2, and eae), culture broth and plate",Molecular,NA,NA,,NA,Animal,Mammal,Rodentia,Muridae,Rattus,,"Rattus norvegicus, Rattus rattus","598 Norway Rat, 40 black rat",Free,"Escherichia coli stx1,stx2, and eae",EHEC,,tissue (colon),yes,no,,,15,633,NA,,,NA,NA,NA,,,NA,NA,,,,NA,NA,NA,NA,NA,NA,NA,NA,High,3
Himsworth et al.,2015,Himsworth et al. 2015,yes,Google Scholar,"Canada, Vancover",no,North America,culture broth and plate,Conventional,NA,NA,,NA,Animal,Mammal,Rodentia,Muridae,Rattus,,"Rattus norvegicus, Rattus rattus","593 Norway Rat, 40 black rat",Free,Escherichia coli,Escherichia coli,,tissue (colon),yes,no,,,397,633,NA,,,NA,NA,NA,,,NA,NA,,,,NA,NA,NA,NA,NA,NA,NA,NA,High,3
Himsworth et al.,2015,Himsworth et al. 2015,yes,Google Scholar,"Canada, Vancover",no,North America,"STEC Screening Assay , culture broth and plate",Conventional,NA,NA,,NA,Animal,Mammal,Rodentia,Muridae,Rattus,,"Rattus norvegicus, Rattus rattus","594 Norway Rat, 40 black rat",Free,Escherichia coli shiga toxin production,STEC,,tissue (colon),yes,no,,,10,633,NA,,,NA,NA,NA,,,NA,NA,,,,NA,NA,NA,NA,NA,NA,NA,NA,High,3
Hsu et al.,2017,Hsu et al. 2017,yes,Google Scholar,"USA, Ohio, Columbus, Olentangy River Wetland Research Park",yes,North America,qPCR (stx2F/stx2R2/stx2P 75bp),Molecular,45 cycles  (<35 gene copies/ ml),NA,,NA,Animal,Bird,Anseriformes,Anatidae,Branta,Canada goose,Branta canadensis,,Free,Escherichia coli shiga toxin production,STEC,,feces,yes,no,,,41,44,NA,,,NA,NA,NA,,,NA,NA,,,,NA,NA,NA,NA,NA,NA,NA,NA,Very Low,0
Jay-Russell and Justice-Allen,2014,Jay-Russell and Justice-Allen 2014,grey literature,Google Scholar,"USA, California, Southern/Arizona, southern",yes,North America,"immunomagnetic separation, culture broth and plate",Immunologic,NA,NA,,swab,Animal,Bird,Passeriformes,Tyrannidae,Sayornis,Black phoebe,Sayornis nigricans,,free,Escherichia coli O157  and Shiga toxin producing,EHEC,,feces,yes,no,,,ND,1,NA,,,NA,NA,NA,,,NA,NA,,,,NA,NA,NA,NA,NA,NA,NA,NA,High,3
Jay-Russell and Justice-Allen,2014,Jay-Russell and Justice-Allen 2014,grey literature,Google Scholar,"USA, California, Southern/Arizona, southern",yes,North America,"immunomagnetic separation, culture broth and plate",Immunologic,NA,NA,,swab,Animal,Bird,Passeriformes,Icteridae,Molothrus,Brown-headed cowbird,,,free,Escherichia coli O157  and Shiga toxin producing,EHEC,,feces,yes,no,,,ND,92,NA,,,NA,NA,NA,,,NA,NA,,,,NA,NA,NA,NA,NA,NA,NA,NA,High,3
Jay-Russell and Justice-Allen,2014,Jay-Russell and Justice-Allen 2014,grey literature,Google Scholar,"USA, California, Southern/Arizona, southern",yes,North America,"immunomagnetic separation, culture broth and plate",Immunologic,NA,NA,,swab,Animal,Bird,Passeriformes,Passerellidae,Spizella,Chipping sparrow,Spizella passerina,,free,Escherichia coli O157  and Shiga toxin producing,EHEC,,feces,yes,no,,,ND,1,NA,,,NA,NA,NA,,,NA,NA,,,,NA,NA,NA,NA,NA,NA,NA,NA,High,3
Jay-Russell and Justice-Allen,2014,Jay-Russell and Justice-Allen 2014,grey literature,Google Scholar,"USA, California, Southern/Arizona, southern",yes,North America,"immunomagnetic separation, culture broth and plate",Immunologic,NA,NA,,swab,Animal,Bird,Passeriformes,Icteridae,Quiscalus,Common grackle,Quiscalus quiscula,,free,Escherichia coli O157  and Shiga toxin producing,EHEC,,feces,yes,no,,,ND,1,NA,,,NA,NA,NA,,,NA,NA,,,,NA,NA,NA,NA,NA,NA,NA,NA,High,3
Jay-Russell and Justice-Allen,2014,Jay-Russell and Justice-Allen 2014,grey literature,Google Scholar,"USA, California, Southern/Arizona, southern",yes,North America,"immunomagnetic separation, culture broth and plate",Immunologic,NA,NA,,swab,Animal,Bird,Columbiformes,Columbidae,Columbina,Common ground dove,Columbina passerina,,free,Escherichia coli O157  and Shiga toxin producing,EHEC,,feces,yes,no,,,ND,5,NA,,,NA,NA,NA,,,NA,NA,,,,NA,NA,NA,NA,NA,NA,NA,NA,High,3
Jay-Russell and Justice-Allen,2014,Jay-Russell and Justice-Allen 2014,grey literature,Google Scholar,"USA, California, Southern/Arizona, southern",yes,North America,"immunomagnetic separation, culture broth and plate",Immunologic,NA,NA,,swab,Animal,Bird,Passeriformes,Corvidae,Corvus,Common raven,Corvus corax,,free,Escherichia coli O157  and Shiga toxin producing,EHEC,,rectal swab,yes,no,,,ND,4,NA,,,NA,NA,NA,,,NA,NA,,,,NA,NA,NA,NA,NA,NA,NA,NA,High,3
Jay-Russell and Justice-Allen,2014,Jay-Russell and Justice-Allen 2014,grey literature,Google Scholar,"USA, California, Southern/Arizona, southern",yes,North America,"immunomagnetic separation, culture broth and plate",Immunologic,NA,NA,,swab,Animal,Bird,Passeriformes,Parulidae,Geothlypis,Common yellowthroat,,,free,Escherichia coli O157  and Shiga toxin producing,EHEC,,feces,yes,no,,,ND,1,NA,,,NA,NA,NA,,,NA,NA,,,,NA,NA,NA,NA,NA,NA,NA,NA,High,3
Jay-Russell and Justice-Allen,2014,Jay-Russell and Justice-Allen 2014,grey literature,Google Scholar,"USA, California, Southern/Arizona, southern",yes,North America,"immunomagnetic separation, culture broth and plate",Immunologic,NA,NA,,swab,Animal,Bird,Columbiformes,Columbidae,Streptopelia,Eurasian collared dove,Streptopelia˙decaocto,,free,Escherichia coli O157  and Shiga toxin producing,EHEC,,feces,yes,no,,,ND,31,NA,,,NA,NA,NA,,,NA,NA,,,,NA,NA,NA,NA,NA,NA,NA,NA,High,3
Jay-Russell and Justice-Allen,2014,Jay-Russell and Justice-Allen 2014,grey literature,Google Scholar,"USA, California, Southern/Arizona, southern",yes,North America,"immunomagnetic separation, culture broth and plate",Immunologic,NA,NA,,swab,Animal,Bird,Passeriformes,Sturnidae,Sturnus,European starling,,,free,Escherichia coli O157  and Shiga toxin producing,EHEC,,feces,yes,no,,,ND,2,NA,,,NA,NA,NA,,,NA,NA,,,,NA,NA,NA,NA,NA,NA,NA,NA,High,3
Jay-Russell and Justice-Allen,2014,Jay-Russell and Justice-Allen 2014,grey literature,Google Scholar,"USA, California, Southern/Arizona, southern",yes,North America,"immunomagnetic separation, culture broth and plate",Immunologic,NA,NA,,swab,Animal,Bird,Galliformes,Odontophoridae,Callipepla,Gambel's quail,Callipepla gambelii,,free,Escherichia coli O157  and Shiga toxin producing,EHEC,,feces,yes,no,,,ND,8,NA,,,NA,NA,NA,,,NA,NA,,,,NA,NA,NA,NA,NA,NA,NA,NA,High,3
Jay-Russell and Justice-Allen,2014,Jay-Russell and Justice-Allen 2014,grey literature,Google Scholar,"USA, California, Southern/Arizona, southern",yes,North America,"immunomagnetic separation, culture broth and plate",Immunologic,NA,NA,,swab,Animal,Bird,Passeriformes,Icteridae,Quiscalus,Great tailed grackle,,,free,Escherichia coli O157  and Shiga toxin producing,EHEC,,feces,yes,no,,,ND,21,NA,,,NA,NA,NA,,,NA,NA,,,,NA,NA,NA,NA,NA,NA,NA,NA,High,3
Jay-Russell and Justice-Allen,2014,Jay-Russell and Justice-Allen 2014,grey literature,Google Scholar,"USA, California, Southern/Arizona, southern",yes,North America,"immunomagnetic separation, culture broth and plate",Immunologic,NA,NA,,swab,Animal,Bird,Pelecaniformes,Ardeidae,Butorides,Green heron,Butorides virescens,,free,Escherichia coli O157  and Shiga toxin producing,EHEC,,feces,yes,no,,,ND,1,NA,,,NA,NA,NA,,,NA,NA,,,,NA,NA,NA,NA,NA,NA,NA,NA,High,3
Jay-Russell and Justice-Allen,2014,Jay-Russell and Justice-Allen 2014,grey literature,Google Scholar,"USA, California, Southern/Arizona, southern",yes,North America,"immunomagnetic separation, culture broth and plate",Immunologic,NA,NA,,swab,Animal,Bird,Passeriformes,Passeridae,Passer,House sparrow,,,free,Escherichia coli O157  and Shiga toxin producing,EHEC,,feces,yes,no,,,ND,5,NA,,,NA,NA,NA,,,NA,NA,,,,NA,NA,NA,NA,NA,NA,NA,NA,High,3
Jay-Russell and Justice-Allen,2014,Jay-Russell and Justice-Allen 2014,grey literature,Google Scholar,"USA, California, Southern/Arizona, southern",yes,North America,"immunomagnetic separation, culture broth and plate",Immunologic,NA,NA,,swab,Animal,Bird,Passeriformes,Laniidae,Lanius,Loggerhead shrike,Lanius ludovicianus,,free,Escherichia coli O157  and Shiga toxin producing,EHEC,,feces,yes,no,,,ND,3,NA,,,NA,NA,NA,,,NA,NA,,,,NA,NA,NA,NA,NA,NA,NA,NA,High,3
Jay-Russell and Justice-Allen,2014,Jay-Russell and Justice-Allen 2014,grey literature,Google Scholar,"USA, California, Southern/Arizona, southern",yes,North America,"immunomagnetic separation, culture broth and plate",Immunologic,NA,NA,,swab,Animal,Bird,Columbiformes,Columbidae,Zenaida,Mourning dove,,,free,Escherichia coli O157  and Shiga toxin producing,EHEC,,feces,yes,no,,,ND,5,NA,,,NA,NA,NA,,,NA,NA,,,,NA,NA,NA,NA,NA,NA,NA,NA,High,3
Jay-Russell and Justice-Allen,2014,Jay-Russell and Justice-Allen 2014,grey literature,Google Scholar,"USA, California, Southern/Arizona, southern",yes,North America,"immunomagnetic separation, culture broth and plate",Immunologic,NA,NA,,swab,Animal,Bird,Passeriformes,Tyrannidae,Empidonax,Pacific slope flycatcher,Empidonax difficilis,,free,Escherichia coli O157  and Shiga toxin producing,EHEC,,feces,yes,no,,,ND,1,NA,,,NA,NA,NA,,,NA,NA,,,,NA,NA,NA,NA,NA,NA,NA,NA,High,3
Jay-Russell and Justice-Allen,2014,Jay-Russell and Justice-Allen 2014,grey literature,Google Scholar,"USA, California, Southern/Arizona, southern",yes,North America,"immunomagnetic separation, culture broth and plate",Immunologic,NA,NA,,swab,Animal,Bird,Passeriformes,Icteridae,Agelaius,Red-winged blackbird,Agelaius phoeniceus,,free,Escherichia coli O157  and Shiga toxin producing,EHEC,,feces,yes,no,,,ND,157,NA,,,NA,NA,NA,,,NA,NA,,,,NA,NA,NA,NA,NA,NA,NA,NA,High,3
Jay-Russell and Justice-Allen,2014,Jay-Russell and Justice-Allen 2014,grey literature,Google Scholar,"USA, California, Southern/Arizona, southern",yes,North America,"immunomagnetic separation, culture broth and plate",Immunologic,NA,NA,,swab,Animal,Bird,Passeriformes,Passerellidae,Pooecetes,Vesper sparrow,Pooecetes gramineus,,free,Escherichia coli O157  and Shiga toxin producing,EHEC,,feces,yes,no,,,ND,4,NA,,,NA,NA,NA,,,NA,NA,,,,NA,NA,NA,NA,NA,NA,NA,NA,High,3
Jay-Russell and Justice-Allen,2014,Jay-Russell and Justice-Allen 2014,grey literature,Google Scholar,"USA, California, Southern/Arizona, southern",yes,North America,"immunomagnetic separation, culture broth and plate",Immunologic,NA,NA,,swab,Animal,Bird,Passeriformes,Tyrannidae,Tyrannus,Western kingbird,Tyrannus verticalis,,free,Escherichia coli O157  and Shiga toxin producing,EHEC,,feces,yes,no,,,ND,2,NA,,,NA,NA,NA,,,NA,NA,,,,NA,NA,NA,NA,NA,NA,NA,NA,High,3
Jay-Russell and Justice-Allen,2014,Jay-Russell and Justice-Allen 2014,grey literature,Google Scholar,"USA, California, Southern/Arizona, southern",yes,North America,"immunomagnetic separation, culture broth and plate",Immunologic,NA,NA,,swab,Animal,Bird,Passeriformes,Passerellidae,Zonotrichia,White-crowned sparrow,Zonotrichia leucophrys,,free,Escherichia coli O157  and Shiga toxin producing,EHEC,,feces,yes,no,,,ND,16,NA,,,NA,NA,NA,,,NA,NA,,,,NA,NA,NA,NA,NA,NA,NA,NA,High,3
Jay-Russell and Justice-Allen,2014,Jay-Russell and Justice-Allen 2014,grey literature,Google Scholar,"USA, California, Southern/Arizona, southern",yes,North America,"immunomagnetic separation, culture broth and plate",Immunologic,NA,NA,,swab,Animal,Bird,Columbiformes,Columbidae,Zenaida,White-winged dove,Zenaida asiatica,,free,Escherichia coli O157  and Shiga toxin producing,EHEC,,feces,yes,no,,,ND,3,NA,,,NA,NA,NA,,,NA,NA,,,,NA,NA,NA,NA,NA,NA,NA,NA,High,3
Jay-Russell and Justice-Allen,2014,Jay-Russell and Justice-Allen 2014,grey literature,Google Scholar,"USA, California, Southern/Arizona, southern",yes,North America,"immunomagnetic separation, culture broth and plate",Immunologic,NA,NA,,swab,Animal,Bird,Passeriformes,Parulidae,Cardellina,Wilson's warbler,Cardellina pusilla,,free,Escherichia coli O157  and Shiga toxin producing,EHEC,,feces,yes,no,,,ND,2,NA,,,NA,NA,NA,,,NA,NA,,,,NA,NA,NA,NA,NA,NA,NA,NA,High,3
Jay-Russell and Justice-Allen,2014,Jay-Russell and Justice-Allen 2014,grey literature,Google Scholar,"USA, California, Southern/Arizona, southern",yes,North America,"immunomagnetic separation, culture broth and plate",Immunologic,NA,NA,,swab,Animal,Bird,Passeriformes,Icteridae,Xanthocephalus,Yellow-headed blackbird,Xanthocephalus xanthocephalus,,free,Escherichia coli O157  and Shiga toxin producing,EHEC,,feces,yes,no,,,ND,3,NA,,,NA,NA,NA,,,NA,NA,,,,NA,NA,NA,NA,NA,NA,NA,NA,High,3
Jay-Russell and Justice-Allen,2014,Jay-Russell and Justice-Allen 2014,grey literature,Google Scholar,"USA, California, Southern/Arizona, southern",yes,North America,"immunomagnetic separation, culture broth and plate",Immunologic,NA,NA,,swab,Animal,Bird,Passeriformes,Parulidae,Setophaga,Yellow-rumped warbler,Setophaga coronata,,free,Escherichia coli O157  and Shiga toxin producing,EHEC,,feces,yes,no,,,ND,11,NA,,,NA,NA,NA,,,NA,NA,,,,NA,NA,NA,NA,NA,NA,NA,NA,High,3
Jay-Russell and Justice-Allen,2014,Jay-Russell and Justice-Allen 2014,grey literature,Google Scholar,"USA, California, Southern/Arizona, southern",yes,North America,"PCR (stx1, stx2, eaeA, hlyA, fliC and rfbE), immunomagnetic separation, culture broth and plate",Molecular,NA,NA,,swab,Animal,Bird,Passeriformes,Tyrannidae,Sayornis,Black phoebe,Sayornis nigricans,,free,Escherichia coli non-O157  Shiga toxin producing,STEC,,feces,yes,no,,,ND,1,NA,,,NA,NA,NA,,,NA,NA,,,,NA,NA,NA,NA,NA,NA,NA,NA,High,3
Jay-Russell and Justice-Allen,2014,Jay-Russell and Justice-Allen 2014,grey literature,Google Scholar,"USA, California, Southern/Arizona, southern",yes,North America,"PCR (stx1, stx2, eaeA, hlyA, fliC and rfbE), immunomagnetic separation, culture broth and plate",Molecular,NA,NA,,swab,Animal,Bird,Passeriformes,Icteridae,Molothrus,Brown-headed cowbird,,,free,Escherichia coli non-O157  Shiga toxin producing,STEC,,feces,yes,no,,,5,92,NA,,,NA,NA,NA,,,NA,NA,,,,NA,NA,NA,NA,NA,NA,NA,NA,High,3
Jay-Russell and Justice-Allen,2014,Jay-Russell and Justice-Allen 2014,grey literature,Google Scholar,"USA, California, Southern/Arizona, southern",yes,North America,"PCR (stx1, stx2, eaeA, hlyA, fliC and rfbE), immunomagnetic separation, culture broth and plate",Molecular,NA,NA,,swab,Animal,Bird,Passeriformes,Passerellidae,Spizella,Chipping sparrow,Spizella passerina,,free,Escherichia coli non-O157  Shiga toxin producing,STEC,,feces,yes,no,,,ND,1,NA,,,NA,NA,NA,,,NA,NA,,,,NA,NA,NA,NA,NA,NA,NA,NA,High,3
Jay-Russell and Justice-Allen,2014,Jay-Russell and Justice-Allen 2014,grey literature,Google Scholar,"USA, California, Southern/Arizona, southern",yes,North America,"PCR (stx1, stx2, eaeA, hlyA, fliC and rfbE), immunomagnetic separation, culture broth and plate",Molecular,NA,NA,,swab,Animal,Bird,Passeriformes,Icteridae,Quiscalus,Common grackle,Quiscalus quiscula,,free,Escherichia coli non-O157  Shiga toxin producing,STEC,,feces,yes,no,,,ND,1,NA,,,NA,NA,NA,,,NA,NA,,,,NA,NA,NA,NA,NA,NA,NA,NA,High,3
Jay-Russell and Justice-Allen,2014,Jay-Russell and Justice-Allen 2014,grey literature,Google Scholar,"USA, California, Southern/Arizona, southern",yes,North America,"PCR (stx1, stx2, eaeA, hlyA, fliC and rfbE), immunomagnetic separation, culture broth and plate",Molecular,NA,NA,,swab,Animal,Bird,Columbiformes,Columbidae,Columbina,Common ground dove,Columbina passerina,,free,Escherichia coli non-O157  Shiga toxin producing,STEC,,feces,yes,no,,,ND,5,NA,,,NA,NA,NA,,,NA,NA,,,,NA,NA,NA,NA,NA,NA,NA,NA,High,3
Jay-Russell and Justice-Allen,2014,Jay-Russell and Justice-Allen 2014,grey literature,Google Scholar,"USA, California, Southern/Arizona, southern",yes,North America,"PCR (stx1, stx2, eaeA, hlyA, fliC and rfbE), immunomagnetic separation, culture broth and plate",Molecular,NA,NA,,swab,Animal,Bird,Passeriformes,Corvidae,Corvus,Common raven,Corvus corax,,free,Escherichia coli non-O157  Shiga toxin producing,STEC,,rectal swab,yes,no,,,ND,4,NA,,,NA,NA,NA,,,NA,NA,,,,NA,NA,NA,NA,NA,NA,NA,NA,High,3
Jay-Russell and Justice-Allen,2014,Jay-Russell and Justice-Allen 2014,grey literature,Google Scholar,"USA, California, Southern/Arizona, southern",yes,North America,"PCR (stx1, stx2, eaeA, hlyA, fliC and rfbE), immunomagnetic separation, culture broth and plate",Molecular,NA,NA,,swab,Animal,Bird,Passeriformes,Parulidae,Geothlypis,Common yellowthroat,,,free,Escherichia coli non-O157  Shiga toxin producing,STEC,,feces,yes,no,,,ND,1,NA,,,NA,NA,NA,,,NA,NA,,,,NA,NA,NA,NA,NA,NA,NA,NA,High,3
Jay-Russell and Justice-Allen,2014,Jay-Russell and Justice-Allen 2014,grey literature,Google Scholar,"USA, California, Southern/Arizona, southern",yes,North America,"PCR (stx1, stx2, eaeA, hlyA, fliC and rfbE), immunomagnetic separation, culture broth and plate",Molecular,NA,NA,,swab,Animal,Bird,Columbiformes,Columbidae,Streptopelia,Eurasian collared dove,Streptopelia˙decaocto,,free,Escherichia coli non-O157  Shiga toxin producing,STEC,,feces,yes,no,,,ND,31,NA,,,NA,NA,NA,,,NA,NA,,,,NA,NA,NA,NA,NA,NA,NA,NA,High,3
Jay-Russell and Justice-Allen,2014,Jay-Russell and Justice-Allen 2014,grey literature,Google Scholar,"USA, California, Southern/Arizona, southern",yes,North America,"PCR (stx1, stx2, eaeA, hlyA, fliC and rfbE), immunomagnetic separation, culture broth and plate",Molecular,NA,NA,,swab,Animal,Bird,Passeriformes,Sturnidae,Sturnus,European starling,,,free,Escherichia coli non-O157  Shiga toxin producing,STEC,,feces,yes,no,,,ND,2,NA,,,NA,NA,NA,,,NA,NA,,,,NA,NA,NA,NA,NA,NA,NA,NA,High,3
Jay-Russell and Justice-Allen,2014,Jay-Russell and Justice-Allen 2014,grey literature,Google Scholar,"USA, California, Southern/Arizona, southern",yes,North America,"PCR (stx1, stx2, eaeA, hlyA, fliC and rfbE), immunomagnetic separation, culture broth and plate",Molecular,NA,NA,,swab,Animal,Bird,Galliformes,Odontophoridae,Callipepla,Gambel's quail,Callipepla gambelii,,free,Escherichia coli non-O157  Shiga toxin producing,STEC,,feces,yes,no,,,ND,8,NA,,,NA,NA,NA,,,NA,NA,,,,NA,NA,NA,NA,NA,NA,NA,NA,High,3
Jay-Russell and Justice-Allen,2014,Jay-Russell and Justice-Allen 2014,grey literature,Google Scholar,"USA, California, Southern/Arizona, southern",yes,North America,"PCR (stx1, stx2, eaeA, hlyA, fliC and rfbE), immunomagnetic separation, culture broth and plate",Molecular,NA,NA,,swab,Animal,Bird,Passeriformes,Icteridae,Quiscalus,Great tailed grackle,,,free,Escherichia coli non-O157  Shiga toxin producing,STEC,,feces,yes,no,,,ND,21,NA,,,NA,NA,NA,,,NA,NA,,,,NA,NA,NA,NA,NA,NA,NA,NA,High,3
Jay-Russell and Justice-Allen,2014,Jay-Russell and Justice-Allen 2014,grey literature,Google Scholar,"USA, California, Southern/Arizona, southern",yes,North America,"PCR (stx1, stx2, eaeA, hlyA, fliC and rfbE), immunomagnetic separation, culture broth and plate",Molecular,NA,NA,,swab,Animal,Bird,Pelecaniformes,Ardeidae,Butorides,Green heron,Butorides virescens,,free,Escherichia coli non-O157  Shiga toxin producing,STEC,,feces,yes,no,,,ND,1,NA,,,NA,NA,NA,,,NA,NA,,,,NA,NA,NA,NA,NA,NA,NA,NA,High,3
Jay-Russell and Justice-Allen,2014,Jay-Russell and Justice-Allen 2014,grey literature,Google Scholar,"USA, California, Southern/Arizona, southern",yes,North America,"PCR (stx1, stx2, eaeA, hlyA, fliC and rfbE), immunomagnetic separation, culture broth and plate",Molecular,NA,NA,,swab,Animal,Bird,Passeriformes,Passeridae,Passer,House sparrow,,,free,Escherichia coli non-O157  Shiga toxin producing,STEC,,feces,yes,no,,,ND,5,NA,,,NA,NA,NA,,,NA,NA,,,,NA,NA,NA,NA,NA,NA,NA,NA,High,3
Jay-Russell and Justice-Allen,2014,Jay-Russell and Justice-Allen 2014,grey literature,Google Scholar,"USA, California, Southern/Arizona, southern",yes,North America,"PCR (stx1, stx2, eaeA, hlyA, fliC and rfbE), immunomagnetic separation, culture broth and plate",Molecular,NA,NA,,swab,Animal,Bird,Passeriformes,Laniidae,Lanius,Loggerhead shrike,,,free,Escherichia coli non-O157  Shiga toxin producing,STEC,,feces,yes,no,,,ND,3,NA,,,NA,NA,NA,,,NA,NA,,,,NA,NA,NA,NA,NA,NA,NA,NA,High,3
Jay-Russell and Justice-Allen,2014,Jay-Russell and Justice-Allen 2014,grey literature,Google Scholar,"USA, California, Southern/Arizona, southern",yes,North America,"PCR (stx1, stx2, eaeA, hlyA, fliC and rfbE), immunomagnetic separation, culture broth and plate",Molecular,NA,NA,,swab,Animal,Bird,Columbiformes,Columbidae,Zenaida,Mourning dove,,,free,Escherichia coli non-O157  Shiga toxin producing,STEC,,feces,yes,no,,,ND,5,NA,,,NA,NA,NA,,,NA,NA,,,,NA,NA,NA,NA,NA,NA,NA,NA,High,3
Jay-Russell and Justice-Allen,2014,Jay-Russell and Justice-Allen 2014,grey literature,Google Scholar,"USA, California, Southern/Arizona, southern",yes,North America,"PCR (stx1, stx2, eaeA, hlyA, fliC and rfbE), immunomagnetic separation, culture broth and plate",Molecular,NA,NA,,swab,Animal,Bird,Passeriformes,Tyrannidae,Empidonax,Pacific slope flycatcher,Empidonax difficilis,,free,Escherichia coli non-O157  Shiga toxin producing,STEC,,feces,yes,no,,,ND,1,NA,,,NA,NA,NA,,,NA,NA,,,,NA,NA,NA,NA,NA,NA,NA,NA,High,3
Jay-Russell and Justice-Allen,2014,Jay-Russell and Justice-Allen 2014,grey literature,Google Scholar,"USA, California, Southern/Arizona, southern",yes,North America,"PCR (stx1, stx2, eaeA, hlyA, fliC and rfbE), immunomagnetic separation, culture broth and plate",Molecular,NA,NA,,swab,Animal,Bird,Passeriformes,Icteridae,Agelaius,Red-winged blackbird,Agelaius phoeniceus,,free,Escherichia coli non-O157  Shiga toxin producing,STEC,,feces,yes,no,,,2,157,NA,,,NA,NA,NA,,,NA,NA,,,,NA,NA,NA,NA,NA,NA,NA,NA,High,3
Jay-Russell and Justice-Allen,2014,Jay-Russell and Justice-Allen 2014,grey literature,Google Scholar,"USA, California, Southern/Arizona, southern",yes,North America,"PCR (stx1, stx2, eaeA, hlyA, fliC and rfbE), immunomagnetic separation, culture broth and plate",Molecular,NA,NA,,swab,Animal,Bird,Passeriformes,Passerellidae,Pooecetes,Vesper sparrow,Pooecetes gramineus,,free,Escherichia coli non-O157  Shiga toxin producing,STEC,,feces,yes,no,,,ND,4,NA,,,NA,NA,NA,,,NA,NA,,,,NA,NA,NA,NA,NA,NA,NA,NA,High,3
Jay-Russell and Justice-Allen,2014,Jay-Russell and Justice-Allen 2014,grey literature,Google Scholar,"USA, California, Southern/Arizona, southern",yes,North America,"PCR (stx1, stx2, eaeA, hlyA, fliC and rfbE), immunomagnetic separation, culture broth and plate",Molecular,NA,NA,,swab,Animal,Bird,Passeriformes,Tyrannidae,Tyrannus,Western kingbird,Tyrannus verticalis,,free,Escherichia coli non-O157  Shiga toxin producing,STEC,,feces,yes,no,,,ND,2,NA,,,NA,NA,NA,,,NA,NA,,,,NA,NA,NA,NA,NA,NA,NA,NA,High,3
Jay-Russell and Justice-Allen,2014,Jay-Russell and Justice-Allen 2014,grey literature,Google Scholar,"USA, California, Southern/Arizona, southern",yes,North America,"PCR (stx1, stx2, eaeA, hlyA, fliC and rfbE), immunomagnetic separation, culture broth and plate",Molecular,NA,NA,,swab,Animal,Bird,Passeriformes,Passerellidae,Zonotrichia,White-crowned sparrow,Zonotrichia leucophrys,,free,Escherichia coli non-O157  Shiga toxin producing,STEC,,feces,yes,no,,,3,16,NA,,,NA,NA,NA,,,NA,NA,,,,NA,NA,NA,NA,NA,NA,NA,NA,High,3
Jay-Russell and Justice-Allen,2014,Jay-Russell and Justice-Allen 2014,grey literature,Google Scholar,"USA, California, Southern/Arizona, southern",yes,North America,"PCR (stx1, stx2, eaeA, hlyA, fliC and rfbE), immunomagnetic separation, culture broth and plate",Molecular,NA,NA,,swab,Animal,Bird,Columbiformes,Columbidae,Zenaida,White-winged dove,Zenaida asiatica,,free,Escherichia coli non-O157  Shiga toxin producing,STEC,,feces,yes,no,,,ND,3,NA,,,NA,NA,NA,,,NA,NA,,,,NA,NA,NA,NA,NA,NA,NA,NA,High,3
Jay-Russell and Justice-Allen,2014,Jay-Russell and Justice-Allen 2014,grey literature,Google Scholar,"USA, California, Southern/Arizona, southern",yes,North America,"PCR (stx1, stx2, eaeA, hlyA, fliC and rfbE), immunomagnetic separation, culture broth and plate",Molecular,NA,NA,,swab,Animal,Bird,Passeriformes,Parulidae,Cardellina,Wilson's warbler,Cardellina pusilla,,free,Escherichia coli non-O157  Shiga toxin producing,STEC,,feces,yes,no,,,ND,2,NA,,,NA,NA,NA,,,NA,NA,,,,NA,NA,NA,NA,NA,NA,NA,NA,High,3
Jay-Russell and Justice-Allen,2014,Jay-Russell and Justice-Allen 2014,grey literature,Google Scholar,"USA, California, Southern/Arizona, southern",yes,North America,"PCR (stx1, stx2, eaeA, hlyA, fliC and rfbE), immunomagnetic separation, culture broth and plate",Molecular,NA,NA,,swab,Animal,Bird,Passeriformes,Icteridae,Xanthocephalus,Yellow-headed blackbird,Xanthocephalus xanthocephalus,,free,Escherichia coli non-O157  Shiga toxin producing,STEC,,feces,yes,no,,,ND,3,NA,,,NA,NA,NA,,,NA,NA,,,,NA,NA,NA,NA,NA,NA,NA,NA,High,3
Jay-Russell and Justice-Allen,2014,Jay-Russell and Justice-Allen 2014,grey literature,Google Scholar,"USA, California, Southern/Arizona, southern",yes,North America,"PCR (stx1, stx2, eaeA, hlyA, fliC and rfbE), immunomagnetic separation, culture broth and plate",Molecular,NA,NA,,swab,Animal,Bird,Passeriformes,Parulidae,Setophaga,Yellow-rumped warbler,Setophaga coronata,,free,Escherichia coli non-O157  Shiga toxin producing,STEC,,feces,yes,no,,,ND,11,NA,,,NA,NA,NA,,,NA,NA,,,,NA,NA,NA,NA,NA,NA,NA,NA,High,3
Kilonzo et al.,2013,Kilonzo et al. 2013,yes,Web of Science,"USA, Central Coast, CA",yes,North America,"PCR (rfbE), Culture broth and plate, immunomagnetic seperation",Molecular,NA,NA,,0.025-0.1g/rodent,Animal,Mammal,Rodentia,Cricetidae,Peromyscus,California deermouse,Peromyscus californicus,,free,Escherichia coli O157:H7,EHEC,,feces,yes,no,,,0,85,NA,,,NA,NA,NA,,,NA,NA,,,,NA,NA,NA,NA,NA,NA,NA,NA,Moderate,2
Kilonzo et al.,2013,Kilonzo et al. 2013,yes,Web of Science,"USA, Central Coast, CA",yes,North America,"PCR (rfbE), Culture broth and plate, immunomagnetic seperation",Molecular,NA,NA,,0.025-0.1g/rodent,Animal,Mammal,Rodentia,Sciuridae,Otospermophilus,California ground squirrel,Spermophilus beecheyi,,free,Escherichia coli O157:H7,EHEC,,feces,yes,no,,,0,21,NA,,,NA,NA,NA,,,NA,NA,,,,NA,NA,NA,NA,NA,NA,NA,NA,Moderate,2
Kilonzo et al.,2013,Kilonzo et al. 2013,yes,Web of Science,"USA, Central Coast, CA",yes,North America,"PCR (rfbE), Culture broth and plate, immunomagnetic seperation",Molecular,NA,NA,,0.025-0.1g/rodent,Animal,Mammal,Rodentia,Cricetidae,,,"Cricetidae (including  Peromyscus boylii, Peromyscus manicultus, Reithrodontomys megalotis, Microtus californicus, Peromyscus californicus, and Neotoma fuscipes)",,free,Escherichia coli O157:H7,EHEC,,feces,yes,no,,,1,890,NA,,,NA,NA,NA,,,NA,NA,,,,NA,NA,NA,NA,NA,NA,NA,NA,Moderate,2
Kilonzo et al.,2013,Kilonzo et al. 2013,yes,Web of Science,"USA, Central Coast, CA",yes,North America,"PCR (rfbE), Culture broth and plate, immunomagnetic seperation",Molecular,NA,NA,,0.025-0.1g/rodent,Animal,Mammal,Rodentia,Cricetidae,Peromyscus,Deer mouse,Peromyscus manicultus,,free,Escherichia coli O157:H7,EHEC,,feces,yes,no,,,1,747,NA,,,NA,NA,NA,,,NA,NA,,,,NA,NA,NA,NA,NA,NA,NA,NA,Moderate,2
Kilonzo et al.,2013,Kilonzo et al. 2013,yes,Web of Science,"USA, Central Coast, CA",yes,North America,"PCR (rfbE), Culture broth and plate, immunomagnetic seperation",Molecular,NA,NA,,0.025-0.1g/rodent,Animal,Mammal,Rodentia,Heteromyidae,Dipodomys,Heermann's kangaroo rat,Dipodomys heermani,,free,Escherichia coli O157:H7,EHEC,,feces,yes,no,,,1,43,NA,,,NA,NA,NA,,,NA,NA,,,,NA,NA,NA,NA,NA,NA,NA,NA,Moderate,2
Kilonzo et al.,2013,Kilonzo et al. 2013,yes,Web of Science,"USA, Central Coast, CA",yes,North America,"PCR (rfbE), Culture broth and plate, immunomagnetic seperation",Molecular,NA,NA,,0.025-0.1g/rodent,Animal,Mammal,Rodentia,Heteromyidae ,,,Heteromyidae (including  Chaetodipus californicus and Dipodomys heermani),,free,Escherichia coli O157:H7,EHEC,,feces,yes,no,,,1,53,NA,,,NA,NA,NA,,,NA,NA,,,,NA,NA,NA,NA,NA,NA,NA,NA,Moderate,2
Kilonzo et al.,2013,Kilonzo et al. 2013,yes,Web of Science,"USA, Central Coast, CA",yes,North America,"PCR (rfbE), Culture broth and plate, immunomagnetic seperation",Molecular,NA,NA,,0.025-0.1g/rodent,Animal,Mammal,Rodentia,Muridae ,,,Muridae (including Mus musculus and Rattus norvegicus),,free,Escherichia coli O157:H7,EHEC,,feces,yes,no,,,0,36,NA,,,NA,NA,NA,,,NA,NA,,,,NA,NA,NA,NA,NA,NA,NA,NA,Moderate,2
Kilonzo et al.,2013,Kilonzo et al. 2013,yes,Web of Science,"USA, Central Coast, CA",yes,North America,"PCR (rfbE), Culture broth and plate, immunomagnetic seperation",Molecular,NA,NA,,0.025-0.1g/rodent,Animal,Mammal,Rodent,,,,,,free,Escherichia coli O157:H7,EHEC,,feces,yes,no,,,0,43,NA,,,NA,NA,NA,,,NA,NA,,,,NA,NA,NA,NA,NA,NA,NA,NA,Moderate,2
Kilonzo et al.,2013,Kilonzo et al. 2013,yes,Web of Science,"USA, Central Coast, CA",yes,North America,"PCR (rfbE), Culture broth and plate, immunomagnetic seperation",Molecular,NA,NA,,0.025-0.1g/rodent,Animal,Mammal,Rodent,,,,,,free,Escherichia coli O157:H7,EHEC,,feces,yes,no,,,2,1043,NA,,,NA,NA,NA,,,NA,NA,,,,NA,NA,NA,NA,NA,NA,NA,NA,Moderate,2
Kilonzo et al.,2013,Kilonzo et al. 2013,yes,Web of Science,"USA, Central Coast, CA",yes,North America,"PCR (rfbE), Culture broth and plate, immunomagnetic seperation",Molecular,NA,NA,,0.025-0.1g/rodent,Animal,Mammal,Rodentia,Sciuridae,,,Sciuridae (including Spermophilus beecheyi),,free,Escherichia coli O157:H7,EHEC,,feces,yes,no,,,0,21,NA,,,NA,NA,NA,,,NA,NA,,,,NA,NA,NA,NA,NA,NA,NA,NA,Moderate,2
Kullas et al. ,2002,Kullas et al.  2002,yes,review,"USA, CO, Fort Collins",yes,North America,"PCR (SLT-I, SLT-II, eae, hly-A, K1, LT, STa, STb, CNF1, and CNF2), biochemical, culture, confirm AP120E strip",Molecular,NA,NA,,innoculation loop full (variable),Animal,Bird,Anseriformes,Anatidae,Branta,Canada goose,Branta canadensis,,free,Escherichia coli enteroaggregative,EAEC,,feces,yes,no,,,2,151,0.013,,,NA,NA,NA,,,NA,NA,,,,NA,NA,NA,NA,NA,NA,NA,NA,High,3
Kullas et al. ,2002,Kullas et al.  2002,yes,review,"USA, CO, Fort Collins",yes,North America,"PCR (SLT-I, SLT-II, eae, hly-A, K1, LT, STa, STb, CNF1, and CNF2), biochemical, culture, confirm AP120E strip",Molecular,NA,NA,,innoculation loop full (variable),Animal,Bird,Anseriformes,Anatidae,Branta,Canada goose,Branta canadensis,,free,Escherichia coli enterohemorrhagic,EHEC,,feces,yes,no,,,9,151,0.06,,,NA,NA,NA,,,NA,NA,,,,NA,NA,NA,NA,NA,NA,NA,NA,High,3
Kullas et al. ,2002,Kullas et al.  2002,yes,review,"USA, CO, Fort Collins",yes,North America,"PCR (SLT-I, SLT-II, eae, hly-A, K1, LT, STa, STb, CNF1, and CNF2), biochemical, culture, confirm AP120E strip",Molecular,NA,NA,,innoculation loop full (variable),Animal,Bird,Anseriformes,Anatidae,Branta,Canada goose,Branta canadensis,,free,Escherichia coli enteroinvasive,EIEC,,feces,yes,no,,,7,151,0.046,,,NA,NA,NA,,,NA,NA,,,,NA,NA,NA,NA,NA,NA,NA,NA,High,3
Kullas et al. ,2002,Kullas et al.  2002,yes,review,"USA, CO, Fort Collins",yes,North America,"PCR (SLT-I, SLT-II, eae, hly-A, K1, LT, STa, STb, CNF1, and CNF2), biochemical, culture, confirm AP120E strip",Molecular,NA,NA,,innoculation loop full (variable),Animal,Bird,Anseriformes,Anatidae,Branta,Canada goose,Branta canadensis,,free,Escherichia coli enteropathogenic,EPEC,,feces,yes,no,,,19,151,0.13,,,NA,NA,NA,,,NA,NA,,,,NA,NA,NA,NA,NA,NA,NA,NA,High,3
Kullas et al. ,2002,Kullas et al.  2002,yes,review,"USA, CO, Fort Collins",yes,North America,"Culture, confirm AP120E strip",Conventional,NA,NA,,innoculation loop full (variable),Animal,Bird,Anseriformes,Anatidae,Branta,Canada goose,Branta canadensis,,free,Escherichia coli,Escherichia coli,,feces,yes,no,,,147,397,NA,,,NA,NA,NA,,,NA,NA,,,,NA,NA,NA,NA,NA,NA,NA,NA,High,3
Kullas et al. ,2002,Kullas et al.  2002,yes,review,"USA, CO, Fort Collins",yes,North America,"Culture, confirm AP120E strip",Conventional,NA,NA,,innoculation loop full (variable),Animal,Bird,Anseriformes,Anatidae,Branta,Canada goose,Branta canadensis,,free,Escherichia coli,Escherichia coli,,feces,yes,no,,,62,151,NA,,,NA,NA,NA,,,NA,NA,,,,NA,NA,NA,NA,NA,NA,NA,NA,High,3
Lohmus et al.,2013,Lohmus et al. 2013,yes,Google Scholar,"Sweden, Uppsala, rural dwellings",no,Europe,Standard Method ( Nordic Committee on Food Analysis),Immunologic,NA,NA,,1 g,Animal,Mammal,Rodentia,Cricetidae,Myodes,Bank vole,Myodes glareolus,,free,Escherichia coli O157  vero cytotoxin producing,EHEC,,intestines content,yes,no,,,ND,7,NA,,,NA,NA,NA,,,NA,NA,,,,NA,NA,NA,NA,NA,NA,NA,NA,Low,1
Lohmus et al.,2013,Lohmus et al. 2013,yes,Google Scholar,"Sweden, Uppsala, rural dwellings",no,Europe,Standard Method ( Nordic Committee on Food Analysis),Immunologic,NA,NA,,1 g,Animal,Mammal,Rodentia,Muridae,Mus,House mouse,Mus musculus,,free,Escherichia coli O157  vero cytotoxin producing,EHEC,,intestines content,yes,no,,,ND,2,NA,,,NA,NA,NA,,,NA,NA,,,,NA,NA,NA,NA,NA,NA,NA,NA,Low,1
Lohmus et al.,2013,Lohmus et al. 2013,yes,Google Scholar,"Sweden, Uppsala, rural dwellings",no,Europe,Standard Method ( Nordic Committee on Food Analysis),Immunologic,NA,NA,,1 g,Animal,Mammal,Rodentia,Muridae,Apodemus,Wood mouse,Apodemus sylvaticus,,free,Escherichia coli O157  vero cytotoxin producing,EHEC,,intestines content,yes,no,,,ND,12,NA,,,NA,NA,NA,,,NA,NA,,,,NA,NA,NA,NA,NA,NA,NA,NA,Low,1
Lohmus et al.,2013,Lohmus et al. 2013,yes,Google Scholar,"Sweden, Uppsala, rural dwellings",no,Europe,Standard Method ( Nordic Committee on Food Analysis),Immunologic,NA,NA,,1 g,Animal,Mammal,Rodentia,Muridae,Apodemus,Yellow-necked mouse,Apodemus flavicollis,,free,Escherichia coli O157  vero cytotoxin producing,EHEC,,intestines content,yes,no,,,ND,45,NA,,,NA,NA,NA,,,NA,NA,,,,NA,NA,NA,NA,NA,NA,NA,NA,Low,1
Lowenstein et al.,2020,Lowenstein et al. 2020,yes,Web of Science,"Ecuador, Yaruqui, Quito",no,South America,"PCR (eae, bfpA, aEPEC, stx-1, stx-2), Plate Culture ",Molecular,NA,NA,,NA,Animal,Mammal,Carnivora,Felidae,Felis,Cat,Felis catus,,domestic,Escherichia coli shiga toxin production,STEC,,feces swab,yes,no,,,0,21,NA,,,NA,NA,NA,,,NA,NA,,,,NA,NA,NA,NA,NA,NA,NA,NA,Low,1
Medhanie et al.,2014,Medhanie et al. 2014,yes,Google Scholar,"USA, Ohio, Wayne and Holms counties, dairy farms.",no,North America,"culture plate, immunomagnetic separation",Immunologic,NA,NA,,5 g pooled sample,Animal,Bird,Passeriformes,Sturnidae,Sturnus,European starling,,,free,Escherichia coli O157:H7 ,EHEC,,feces pooled,yes,no,,,5,179,NA,,,NA,NA,NA,,,NA,NA,,also seperated by time of year and location,,NA,NA,NA,NA,NA,NA,NA,NA,Low,1
Meteyer et al.,1997,Meteyer et al. 1997,yes,review,"USA, Minnesota/North Dakota/Lake Michigan/Lake Huron ",yes,North America,"biochemical, API 20E, outside lab, culture plate and broth",Conventional,NA,NA,,NA,Animal,Bird,Suliformes,Phalacrocoracidae,Phalacrocorax,Double-crested cormorant,Phalacrocorax auritus,,free,Escherichia coli,Escherichia coli,,"tissue (intestines, liver, brain), dead bird ",yes,no,,,6,72,NA,,,NA,NA,NA,,,NA,NA,,,,NA,NA,NA,NA,NA,NA,NA,NA,Very Low,0
Middleton and Ambrose,2005,Middleton and Ambrose 2005,yes,review,"USA, Maryland Eastern Shore",yes,North America,Plate Count,Conventional,100,NA,,variable standardized by dilution,Animal,Bird,Anseriformes,Anatidae,Branta,Canada goose,Branta canadensis,,free,Escherichia coli,Escherichia coli,,feces,yes,yes,Stats Total,,47,63,NA,,660000,NA,NA,NA,,10000000,NA,NA,CFU/g wet weight feces,For a`ll Samples,Contains Seasonal Data and antibiotic resistance,NA,NA,0,100,NA,NA,NA,NA,High,3
Middleton and Ambrose,2005,Middleton and Ambrose 2005,yes,review,"USA, Maryland Eastern Shore",yes,North America,Plate Count,Conventional,NA,NA,,variable standardized by dilution,Animal,Bird,Anseriformes,Anatidae,Branta,Canada goose,Branta canadensis,,free,Escherichia coli,Escherichia coli,,feces (with Escherichia coli),no,yes,StatsTotal,no,,47,NA,,660000,NA,NA,NA,70000,1300000,NA,NA,CFU/g,Samples with E. coli,Contains Seasonal Data and antibiotic resistance,NA,NA,NA,NA,NA,NA,NA,NA,High,3
Morabito et al.,2001,Morabito et al. 2001,yes,review,"Italy, Rome",no,Europe,"biochemical, culture broth and plate",Conventional,NA,NA,,swab variable,Animal,Bird,Columbiformes,Columbidae,Columba,Pigeon,Columba livia,,free,Escherichia coli shiga toxin production,STEC,,feces swab,yes,no,,,70,649,NA,,,NA,NA,NA,,,NA,NA,,,specific E. coli strains identified by PCR,NA,NA,NA,NA,NA,NA,NA,NA,High,3
Morabito et al.,2001,Morabito et al. 2001,yes,review,"Italy, Rome",no,Europe,"biochemical, culture broth and plate",Conventional,NA,NA,,swab variable,Animal,Bird,Columbiformes,Columbidae,Columba,Pigeon,Columba livia,,free,Escherichia coli shiga toxin production,STEC,,feces swab,yes,no,,,32,263,NA,,,NA,NA,NA,,,NA,NA,,different bird flocks,specific E. coli strains identified by PCR,NA,NA,NA,NA,NA,NA,NA,NA,High,3
Morabito et al.,2001,Morabito et al. 2001,yes,review,"Italy, Rome",no,Europe,"biochemical, culture broth and plate",Conventional,NA,NA,,swab variable,Animal,Bird,Columbiformes,Columbidae,Columba,Pigeon,Columba livia,,free,Escherichia coli shiga toxin production,STEC,,feces swab,yes,no,,,18,225,NA,,,NA,NA,NA,,,NA,NA,,different bird flocks,specific E. coli strains identified by PCR,NA,NA,NA,NA,NA,NA,NA,NA,High,3
Morabito et al.,2001,Morabito et al. 2001,yes,review,"Italy, Rome",no,Europe,"biochemical, culture broth and plate",Conventional,NA,NA,,swab variable,Animal,Bird,Columbiformes,Columbidae,Columba,Pigeon,Columba livia,,free,Escherichia coli shiga toxin production,STEC,,feces swab,yes,no,,,20,161,NA,,,NA,NA,NA,,,NA,NA,,different bird flocks,specific E. coli strains identified by PCR,NA,NA,NA,NA,NA,NA,NA,NA,High,3
Moriarty et al.,2011,Moriarty et al. 2011,yes,Web of Science,"New Zealand, Auckland, Hamilton, Farewell Spit and Christchurch",no,Western Pacific,"biochemical, Culture broth, Colilert",Conventional,10,NA,CFU/g,1-25 g,Animal,Bird,Anseriformes,Anatidae,Cygnus,Black swan,Cygnus atratus,,free,Escherichia coli,Escherichia coli,,feces,no,yes,StatsTotal,no,75,80,0.94,,1910000,NA,NA,NA,,,NA,NA,CFU/g,mean based on all 80 samples,,NA,NA,NA,NA,NA,NA,NA,NA,Moderate,2
Moriarty et al.,2011,Moriarty et al. 2011,yes,Web of Science,"New Zealand, Auckland, Hamilton, Farewell Spit and Christchurch",no,Western Pacific,"biochemical, Culture broth, Colilert",Conventional,10,NA,CFU/g,1-25 g,Animal,Bird,Anseriformes,Anatidae,Branta,Canada goose,Branta canadensis,,free,Escherichia coli,Escherichia coli,,feces,no,yes,StatsTotal,no,76,80,0.95,,36100,NA,NA,NA,,,NA,NA,CFU/g,mean based on all 80 samples,,NA,NA,NA,NA,NA,NA,NA,NA,Moderate,2
Moriarty et al.,2011,Moriarty et al. 2011,yes,Web of Science,"New Zealand, Auckland, Hamilton, Farewell Spit and Christchurch",no,Western Pacific,"biochemical, Culture broth, Colilert",Conventional,10,NA,CFU/g,1-25 g,Animal,Bird,Anseriformes,Anatidae,Anas,,,Duck  (genus),free,Escherichia coli,Escherichia coli,,feces,no,yes,StatsTotal,no,76,80,0.95,,94600000,NA,NA,NA,,,NA,NA,CFU/g,mean based on all 80 samples,,NA,NA,NA,NA,NA,NA,NA,NA,Moderate,2
Moriarty et al.,2011,Moriarty et al. 2011,yes,Web of Science,"New Zealand, Auckland, Hamilton, Farewell Spit and Christchurch",no,Western Pacific,"biochemical, Culture broth, Colilert",Conventional,10,NA,CFU/g,1-25 g,Animal,Bird,Charadriiformes,Laridae,,,,Gull (family),free,Escherichia coli,Escherichia coli,,feces,no,yes,StatsTotal,no,77,80,0.96,,18700000,NA,NA,NA,,,NA,NA,CFU/g,mean based on all 80 samples,,NA,NA,NA,NA,NA,NA,NA,NA,Moderate,2
Morishita et al.,1999,Morishita et al. 1999,yes,review,"USA, Ohio, within 1 mile of agricultural fields or urban area",yes,North America,"biochemical, culture broth and plate",Conventional,NA,NA,,NA,Animal,Bird,Passeriformes,Fringillidae,Spinus,American goldfinch,Carduelis tristis,,free,Escherichia coli,Escherichia coli,,cloacal swab,yes,no,,,ND,11,NA,,,NA,NA,NA,,,NA,NA,,,,NA,NA,NA,NA,NA,NA,NA,NA,Moderate,2
Morishita et al.,1999,Morishita et al. 1999,yes,review,"USA, Ohio, within 1 mile of agricultural fields or urban area",yes,North America,"biochemical, culture broth and plate",Conventional,NA,NA,,NA,Animal,Bird,Passeriformes,Turdidae,Turdus,American robin,Turdus migratorius,,free,Escherichia coli,Escherichia coli,,cloacal swab,yes,no,,,ND,1,NA,,,NA,NA,NA,,,NA,NA,,,,NA,NA,NA,NA,NA,NA,NA,NA,Moderate,2
Morishita et al.,1999,Morishita et al. 1999,yes,review,"USA, Ohio, within 1 mile of agricultural fields or urban area",yes,North America,"biochemical, culture broth and plate",Conventional,NA,NA,,NA,Animal,Bird,Passeriformes,Sturnidae,Sturnus,European starling,Sturnus vulgaris,,free,Escherichia coli,Escherichia coli,,cloacal swab,yes,no,,,186,868,NA,,,NA,NA,NA,,,NA,NA,,,,NA,NA,NA,NA,NA,NA,NA,NA,Moderate,2
Morishita et al.,1999,Morishita et al. 1999,yes,review,"USA, Ohio, within 1 mile of agricultural fields or urban area",yes,North America,"biochemical, culture broth and plate",Conventional,NA,NA,,NA,Animal,Bird,Passeriformes,Fringillidae,Haemorhous,House finch,Haemorhous mexicanus,,free,Escherichia coli,Escherichia coli,,cloacal swab,yes,no,,,43,416,NA,,,NA,NA,NA,,,NA,NA,,,,NA,NA,NA,NA,NA,NA,NA,NA,Moderate,2
Morishita et al.,1999,Morishita et al. 1999,yes,review,"USA, Ohio, within 1 mile of agricultural fields or urban area",yes,North America,"biochemical, culture broth and plate",Conventional,NA,NA,,NA,Animal,Bird,Passeriformes,Passeridae,Passer,House sparrow,Passer domesticus,,free,Escherichia coli,Escherichia coli,,cloacal swab,yes,no,,,64,373,NA,,,NA,NA,NA,,,NA,NA,,,,NA,NA,NA,NA,NA,NA,NA,NA,Moderate,2
Morishita et al.,1999,Morishita et al. 1999,yes,review,"USA, Ohio, within 1 mile of agricultural fields or urban area",yes,North America,"biochemical, culture broth and plate",Conventional,NA,NA,,NA,Animal,Bird,Passeriformes,Fringillidae,Haemorhous,Purple finch,Haemorhous purpureus,,free,Escherichia coli,Escherichia coli,,cloacal swab,yes,no,,,ND,9,NA,,,NA,NA,NA,,,NA,NA,,,,NA,NA,NA,NA,NA,NA,NA,NA,Moderate,2
Morishita et al.,1999,Morishita et al. 1999,yes,review,"USA, Ohio, within 1 mile of agricultural fields or urban area",yes,North America,"biochemical, culture broth and plate",Conventional,NA,NA,,NA,Animal,Bird,Passeriformes,Passerellidae,Melospiza,Song sparrow,Melospiza melodia,,free,Escherichia coli,Escherichia coli,,cloacal swab,yes,no,,,ND,31,NA,,,NA,NA,NA,,,NA,NA,,,,NA,NA,NA,NA,NA,NA,NA,NA,Moderate,2
Murphy et al.,2005,Murphy et al. 2005,yes,review,New Zealand,no,Western Pacific,"confirm PCR (STI, STII, LT1, VT1, VT2, VT2c, CNF1, CNF2, eaeA, hlyA), DNA 16s rRNA sequencing, culture plate (blood, aerobic)",Conventional,10,NA,,,Animal,Bird,Anseriformes,Anatidae,Anas,,"Anas platyrhynchos, Anas superciliosa",Mallard Duck or Grey Duck,free,Escherichia coli,Escherichia coli,,feces,no,yes,Stats,no,,4,NA,,136000,NA,NA,NA,,,NA,NA,CFU/g,1 composite sample equal parts 4 feces,,NA,NA,NA,NA,NA,NA,NA,NA,Moderate,2
Murphy et al.,2005,Murphy et al. 2005,yes,review,New Zealand,no,Western Pacific,"confirm PCR (STI, STII, LT1, VT1, VT2, VT2c, CNF1, CNF2, eaeA, hlyA), DNA 16s rRNA sequencing, culture plate (blood, aerobic)",Conventional,10,NA,,,Animal,Bird,Anseriformes,Anatidae,Anas,,"Anas platyrhynchos, Anas superciliosa",Duck (genus),free,Escherichia coli,Escherichia coli,,feces,no,yes,Stats,no,,4,NA,,16000,NA,NA,NA,,,NA,NA,CFU/g,1 composite sample equal parts 4 feces,,NA,NA,NA,NA,NA,NA,NA,NA,Moderate,2
Murphy et al.,2005,Murphy et al. 2005,yes,review,New Zealand,no,Western Pacific,"confirm PCR (STI, STII, LT1, VT1, VT2, VT2c, CNF1, CNF2, eaeA, hlyA), DNA 16s rRNA sequencing, culture plate (blood, aerobic)",Conventional,10,NA,,,Animal,Bird,Anseriformes,Anatidae,Anas,,"Anas platyrhynchos, Anas superciliosa",Duck (genus),free,Escherichia coli,Escherichia coli,,feces,no,yes,Stats,no,,4,NA,,24000,NA,NA,NA,,,NA,NA,CFU/g,1 composite sample equal parts 4 feces,,NA,NA,NA,NA,NA,NA,NA,NA,Moderate,2
Murphy et al.,2005,Murphy et al. 2005,yes,review,New Zealand,no,Western Pacific,"confirm PCR (STI, STII, LT1, VT1, VT2, VT2c, CNF1, CNF2, eaeA, hlyA), DNA 16s rRNA sequencing, culture plate (blood, aerobic)",Conventional,10,NA,,,Animal,Bird,Anseriformes,Anatidae,Anas,,"Anas platyrhynchos, Anas superciliosa",Duck (genus),free,Escherichia coli,Escherichia coli,,feces,no,yes,Stats,no,,4,NA,,61000,NA,NA,NA,,,NA,NA,CFU/g,1 composite sample equal parts 4 feces,,NA,NA,NA,NA,NA,NA,NA,NA,Moderate,2
Navarro-Gonzalez et al.,2020,Navarro-Gonzalez et al. 2020,yes,Web of Science,"USA, California, San Benito County, Sacramento County, Stone Lakes National Wildlife Refuge",yes,North America,"PCR (rfbE gene), Enriched, plate streak, immunomagnetic separation",Molecular,NA,NA,,NA,Animal,Bird,Passeriformes,Fringillidae,Spinus,American goldfinch,Spinus tristis,,free,Escherichia coli O157:H7,EHEC,,feces,yes,no,,,0,6,NA,,,NA,NA,NA,,,NA,NA,,,,NA,NA,NA,NA,NA,NA,NA,NA,Low,1
Navarro-Gonzalez et al.,2020,Navarro-Gonzalez et al. 2020,yes,Web of Science,"USA, California, San Benito County, Sacramento County, Stone Lakes National Wildlife Refuge",yes,North America,"PCR (rfbE gene), Enriched, plate streak, immunomagnetic separation",Molecular,NA,NA,,NA,Animal,Bird,Passeriformes,Tyrannidae,Myiarchus,Ash-throated flycatcher,Myiarchus cinerascens,,free,Escherichia coli O157:H7,EHEC,,feces,yes,no,,,0,8,NA,,,NA,NA,NA,,,NA,NA,,,,NA,NA,NA,NA,NA,NA,NA,NA,Low,1
Navarro-Gonzalez et al.,2020,Navarro-Gonzalez et al. 2020,yes,Web of Science,"USA, California, San Benito County, Sacramento County, Stone Lakes National Wildlife Refuge",yes,North America,"PCR (rfbE gene), Enriched, plate streak, immunomagnetic separation",Molecular,NA,NA,,NA,Animal,Bird,Coraciiformes,Alcedinidae,Megaceryle,Belted kingfisher,Megaceryle alcyon,,free,Escherichia coli O157:H7,EHEC,,feces,yes,no,,,0,1,NA,,,NA,NA,NA,,,NA,NA,,,,NA,NA,NA,NA,NA,NA,NA,NA,Low,1
Navarro-Gonzalez et al.,2020,Navarro-Gonzalez et al. 2020,yes,Web of Science,"USA, California, San Benito County, Sacramento County, Stone Lakes National Wildlife Refuge",yes,North America,"PCR (rfbE gene), Enriched, plate streak, immunomagnetic separation",Molecular,NA,NA,,NA,Animal,Bird,Passeriformes,Troglodytidae,Thryomanes,Bewick's wren,Thryomanes bewickii,,free,Escherichia coli O157:H7,EHEC,,feces,yes,no,,,0,4,NA,,,NA,NA,NA,,,NA,NA,,,,NA,NA,NA,NA,NA,NA,NA,NA,Low,1
Navarro-Gonzalez et al.,2020,Navarro-Gonzalez et al. 2020,yes,Web of Science,"USA, California, San Benito County, Sacramento County, Stone Lakes National Wildlife Refuge",yes,North America,"PCR (rfbE gene), Enriched, plate streak, immunomagnetic separation",Molecular,NA,NA,,NA,Animal,Bird,Passeriformes,Tyrannidae,Sayornis,Black phoebe,Sayornis nigricans,,free,Escherichia coli O157:H7,EHEC,,feces,yes,no,,,0,14,NA,,,NA,NA,NA,,,NA,NA,,,,NA,NA,NA,NA,NA,NA,NA,NA,Low,1
Navarro-Gonzalez et al.,2020,Navarro-Gonzalez et al. 2020,yes,Web of Science,"USA, California, San Benito County, Sacramento County, Stone Lakes National Wildlife Refuge",yes,North America,"PCR (rfbE gene), Enriched, plate streak, immunomagnetic separation",Molecular,NA,NA,,NA,Animal,Bird,Passeriformes,Cardinalidae,Pheucticus,Black-headed grosbeak,Pheucticus melanocephalus,,free,Escherichia coli O157:H7,EHEC,,feces,yes,no,,,0,10,NA,,,NA,NA,NA,,,NA,NA,,"Birds broken down by weather at a commercial ranch, or National wildife reserve",,NA,NA,NA,NA,NA,NA,NA,NA,Low,1
Navarro-Gonzalez et al.,2020,Navarro-Gonzalez et al. 2020,yes,Web of Science,"USA, California, San Benito County, Sacramento County, Stone Lakes National Wildlife Refuge",yes,North America,"PCR (rfbE gene), Enriched, plate streak, immunomagnetic separation",Molecular,NA,NA,,NA,Animal,Bird,Passeriformes,Icteridae,Euphagus,Brewer's blackbird,Euphagus cyanocephalus,,free,Escherichia coli O157:H7,EHEC,,feces,yes,no,,,0,5,NA,,,NA,NA,NA,,,NA,NA,,,,NA,NA,NA,NA,NA,NA,NA,NA,Low,1
Navarro-Gonzalez et al.,2020,Navarro-Gonzalez et al. 2020,yes,Web of Science,"USA, California, San Benito County, Sacramento County, Stone Lakes National Wildlife Refuge",yes,North America,"PCR (rfbE gene), Enriched, plate streak, immunomagnetic separation",Molecular,NA,NA,,NA,Animal,Bird,Passeriformes,Icteridae,Molothrus,Brown-headed cowbird,Molothrus ater,,free,Escherichia coli O157:H7,EHEC,,feces,yes,no,,,0,24,NA,,,NA,NA,NA,,,NA,NA,,,,NA,NA,NA,NA,NA,NA,NA,NA,Low,1
Navarro-Gonzalez et al.,2020,Navarro-Gonzalez et al. 2020,yes,Web of Science,"USA, California, San Benito County, Sacramento County, Stone Lakes National Wildlife Refuge",yes,North America,"PCR (rfbE gene), Enriched, plate streak, immunomagnetic separation",Molecular,NA,NA,,NA,Animal,Bird,Passeriformes,Icteridae,Icterus,Bullock's oriole,Icterus bullockii,,free,Escherichia coli O157:H7,EHEC,,feces,yes,no,,,0,2,NA,,,NA,NA,NA,,,NA,NA,,,,NA,NA,NA,NA,NA,NA,NA,NA,Low,1
Navarro-Gonzalez et al.,2020,Navarro-Gonzalez et al. 2020,yes,Web of Science,"USA, California, San Benito County, Sacramento County, Stone Lakes National Wildlife Refuge",yes,North America,"PCR (rfbE gene), Enriched, plate streak, immunomagnetic separation",Molecular,NA,NA,,NA,Animal,Bird,Passeriformes,Aegithalidae,Psaltriparus,Bushtit,Psaltriparus minimus,,free,Escherichia coli O157:H7,EHEC,,feces,yes,no,,,0,10,NA,,,NA,NA,NA,,,NA,NA,,,,NA,NA,NA,NA,NA,NA,NA,NA,Low,1
Navarro-Gonzalez et al.,2020,Navarro-Gonzalez et al. 2020,yes,Web of Science,"USA, California, San Benito County, Sacramento County, Stone Lakes National Wildlife Refuge",yes,North America,"PCR (rfbE gene), Enriched, plate streak, immunomagnetic separation",Molecular,NA,NA,,NA,Animal,Bird,Galliformes,Odontophoridae,Callipepla,California quail,Callipepla californica,,free,Escherichia coli O157:H7,EHEC,,feces,yes,no,,,0,11,NA,,,NA,NA,NA,,,NA,NA,,,,NA,NA,NA,NA,NA,NA,NA,NA,Low,1
Navarro-Gonzalez et al.,2020,Navarro-Gonzalez et al. 2020,yes,Web of Science,"USA, California, San Benito County, Sacramento County, Stone Lakes National Wildlife Refuge",yes,North America,"PCR (rfbE gene), Enriched, plate streak, immunomagnetic separation",Molecular,NA,NA,,NA,Animal,Bird,Passeriformes,Corvidae,Aphelocoma,Western scrub-jay,Aphelocoma californica,,free,Escherichia coli O157:H7,EHEC,,feces,yes,no,,,0,4,NA,,,NA,NA,NA,,,NA,NA,,,,NA,NA,NA,NA,NA,NA,NA,NA,Low,1
Navarro-Gonzalez et al.,2020,Navarro-Gonzalez et al. 2020,yes,Web of Science,"USA, California, San Benito County, Sacramento County, Stone Lakes National Wildlife Refuge",yes,North America,"PCR (rfbE gene), Enriched, plate streak, immunomagnetic separation",Molecular,NA,NA,,NA,Animal,Bird,Passeriformes,Mimidae,Toxostoma,California thrasher,Toxostoma redivivum,,free,Escherichia coli O157:H7,EHEC,,feces,yes,no,,,0,1,NA,,,NA,NA,NA,,,NA,NA,,,,NA,NA,NA,NA,NA,NA,NA,NA,Low,1
Navarro-Gonzalez et al.,2020,Navarro-Gonzalez et al. 2020,yes,Web of Science,"USA, California, San Benito County, Sacramento County, Stone Lakes National Wildlife Refuge",yes,North America,"PCR (rfbE gene), Enriched, plate streak, immunomagnetic separation",Molecular,NA,NA,,NA,Animal,Bird,Passeriformes,Passerellidae,Melozone,California towhee,Melozone˙crissalis˙,,free,Escherichia coli O157:H7,EHEC,,feces,yes,no,,,0,6,NA,,,NA,NA,NA,,,NA,NA,,,,NA,NA,NA,NA,NA,NA,NA,NA,Low,1
Navarro-Gonzalez et al.,2020,Navarro-Gonzalez et al. 2020,yes,Web of Science,"USA, California, San Benito County, Sacramento County, Stone Lakes National Wildlife Refuge",yes,North America,"PCR (rfbE gene), Enriched, plate streak, immunomagnetic separation",Molecular,NA,NA,,NA,Animal,Bird,Anseriformes,Anatidae,Branta,Canada goose,Branta canadensis,,free,Escherichia coli O157:H7,EHEC,,feces pooled,yes,no,,,0,16,NA,,,NA,NA,NA,,,NA,NA,,,,NA,NA,NA,NA,NA,NA,NA,NA,Low,1
Navarro-Gonzalez et al.,2020,Navarro-Gonzalez et al. 2020,yes,Web of Science,"USA, California, San Benito County, Sacramento County, Stone Lakes National Wildlife Refuge",yes,North America,"PCR (rfbE gene), Enriched, plate streak, immunomagnetic separation",Molecular,NA,NA,,NA,Animal,Bird,Passeriformes,Parulidae,Geothlypis,Common yellowthroat,Geothlypi strichas,,free,Escherichia coli O157:H7,EHEC,,feces,yes,no,,,0,3,NA,,,NA,NA,NA,,,NA,NA,,"Birds broken down by weather at a commercial ranch, or National wildife reserve",,NA,NA,NA,NA,NA,NA,NA,NA,Low,1
Navarro-Gonzalez et al.,2020,Navarro-Gonzalez et al. 2020,yes,Web of Science,"USA, California, San Benito County, Sacramento County, Stone Lakes National Wildlife Refuge",yes,North America,"PCR (rfbE gene), Enriched, plate streak, immunomagnetic separation",Molecular,NA,NA,,NA,Animal,Bird,Passeriformes,Passerellidae,Junco,Dark-eyed junco,Junco hyemalis,,free,Escherichia coli O157:H7,EHEC,,feces,yes,no,,,0,20,NA,,,NA,NA,NA,,,NA,NA,,,,NA,NA,NA,NA,NA,NA,NA,NA,Low,1
Navarro-Gonzalez et al.,2020,Navarro-Gonzalez et al. 2020,yes,Web of Science,"USA, California, San Benito County, Sacramento County, Stone Lakes National Wildlife Refuge",yes,North America,"PCR (rfbE gene), Enriched, plate streak, immunomagnetic separation",Molecular,NA,NA,,NA,Animal,Bird,Piciformes,Picidae,Dryobates,Downy woodpecker,Picoides pubescens,,free,Escherichia coli O157:H7,EHEC,,feces,yes,no,,,0,1,NA,,,NA,NA,NA,,,NA,NA,,"Birds broken down by weather at a commercial ranch, or National wildife reserve",,NA,NA,NA,NA,NA,NA,NA,NA,Low,1
Navarro-Gonzalez et al.,2020,Navarro-Gonzalez et al. 2020,yes,Web of Science,"USA, California, San Benito County, Sacramento County, Stone Lakes National Wildlife Refuge",yes,North America,"PCR (rfbE gene), Enriched, plate streak, immunomagnetic separation",Molecular,NA,NA,,NA,Animal,Bird,Passeriformes,Passerellidae,Passerella,Fox sparrow,Passerella iliaca,,free,Escherichia coli O157:H7,EHEC,,feces,yes,no,,,0,12,NA,,,NA,NA,NA,,,NA,NA,,,,NA,NA,NA,NA,NA,NA,NA,NA,Low,1
Navarro-Gonzalez et al.,2020,Navarro-Gonzalez et al. 2020,yes,Web of Science,"USA, California, San Benito County, Sacramento County, Stone Lakes National Wildlife Refuge",yes,North America,"PCR (rfbE gene), Enriched, plate streak, immunomagnetic separation",Molecular,NA,NA,,NA,Animal,Bird,Passeriformes,Passerellidae,Zonotrichia,Golden-crowned sparrow,Zonotrichia atricapilla,,free,Escherichia coli O157:H7,EHEC,,feces,yes,no,,,0,57,NA,,,NA,NA,NA,,,NA,NA,,,,NA,NA,NA,NA,NA,NA,NA,NA,Low,1
Navarro-Gonzalez et al.,2020,Navarro-Gonzalez et al. 2020,yes,Web of Science,"USA, California, San Benito County, Sacramento County, Stone Lakes National Wildlife Refuge",yes,North America,"PCR (rfbE gene), Enriched, plate streak, immunomagnetic separation",Molecular,NA,NA,,NA,Animal,Bird,Passeriformes,Icteridae,Quiscalus,Great tailed grackle,Quiscalus mexicanus,,free,Escherichia coli O157:H7,EHEC,,feces,yes,no,,,0,3,NA,,,NA,NA,NA,,,NA,NA,,,,NA,NA,NA,NA,NA,NA,NA,NA,Low,1
Navarro-Gonzalez et al.,2020,Navarro-Gonzalez et al. 2020,yes,Web of Science,"USA, California, San Benito County, Sacramento County, Stone Lakes National Wildlife Refuge",yes,North America,"PCR (rfbE gene), Enriched, plate streak, immunomagnetic separation",Molecular,NA,NA,,NA,Animal,Bird,Anseriformes,Anatidae,Anser,Greater white-fronted goose,Anser albifrons,,free,Escherichia coli O157:H7,EHEC,,feces pooled,yes,no,,,0,10,NA,,,NA,NA,NA,,,NA,NA,,,,NA,NA,NA,NA,NA,NA,NA,NA,Low,1
Navarro-Gonzalez et al.,2020,Navarro-Gonzalez et al. 2020,yes,Web of Science,"USA, California, San Benito County, Sacramento County, Stone Lakes National Wildlife Refuge",yes,North America,"PCR (rfbE gene), Enriched, plate streak, immunomagnetic separation",Molecular,NA,NA,,NA,Animal,Bird,Pelecaniformes,Ardeidae,Butorides,Green heron,Butorides virescens,,free,Escherichia coli O157:H7,EHEC,,feces,yes,no,,,0,1,NA,,,NA,NA,NA,,,NA,NA,,"Birds broken down by weather at a commercial ranch, or National wildife reserve",,NA,NA,NA,NA,NA,NA,NA,NA,Low,1
Navarro-Gonzalez et al.,2020,Navarro-Gonzalez et al. 2020,yes,Web of Science,"USA, California, San Benito County, Sacramento County, Stone Lakes National Wildlife Refuge",yes,North America,"PCR (rfbE gene), Enriched, plate streak, immunomagnetic separation",Molecular,NA,NA,,NA,Animal,Bird,Passeriformes,Turdidae,Catharus,Hermit thrush,Catharus guttatus,,free,Escherichia coli O157:H7,EHEC,,feces,yes,no,,,0,21,NA,,,NA,NA,NA,,,NA,NA,,"Birds broken down by weather at a commercial ranch, or National wildife reserve",,NA,NA,NA,NA,NA,NA,NA,NA,Low,1
Navarro-Gonzalez et al.,2020,Navarro-Gonzalez et al. 2020,yes,Web of Science,"USA, California, San Benito County, Sacramento County, Stone Lakes National Wildlife Refuge",yes,North America,"PCR (rfbE gene), Enriched, plate streak, immunomagnetic separation",Molecular,NA,NA,,NA,Animal,Bird,Passeriformes,Fringillidae,Haemorhous,House finch,Haemorhous mexicanus,,free,Escherichia coli O157:H7,EHEC,,feces,yes,no,,,0,8,NA,,,NA,NA,NA,,,NA,NA,,,,NA,NA,NA,NA,NA,NA,NA,NA,Low,1
Navarro-Gonzalez et al.,2020,Navarro-Gonzalez et al. 2020,yes,Web of Science,"USA, California, San Benito County, Sacramento County, Stone Lakes National Wildlife Refuge",yes,North America,"PCR (rfbE gene), Enriched, plate streak, immunomagnetic separation",Molecular,NA,NA,,NA,Animal,Bird,Passeriformes,Troglodytidae,Troglodytes,House wren,Troglodytes aedon,,free,Escherichia coli O157:H7,EHEC,,feces,yes,no,,,0,2,NA,,,NA,NA,NA,,,NA,NA,,,,NA,NA,NA,NA,NA,NA,NA,NA,Low,1
Navarro-Gonzalez et al.,2020,Navarro-Gonzalez et al. 2020,yes,Web of Science,"USA, California, San Benito County, Sacramento County, Stone Lakes National Wildlife Refuge",yes,North America,"PCR (rfbE gene), Enriched, plate streak, immunomagnetic separation",Molecular,NA,NA,,NA,Animal,Bird,Passeriformes,Passerellidae,Chondestes,Lark sparrow,Chondestes grammacus,,free,Escherichia coli O157:H7,EHEC,,feces,yes,no,,,0,1,NA,,,NA,NA,NA,,,NA,NA,,,,NA,NA,NA,NA,NA,NA,NA,NA,Low,1
Navarro-Gonzalez et al.,2020,Navarro-Gonzalez et al. 2020,yes,Web of Science,"USA, California, San Benito County, Sacramento County, Stone Lakes National Wildlife Refuge",yes,North America,"PCR (rfbE gene), Enriched, plate streak, immunomagnetic separation",Molecular,NA,NA,,NA,Animal,Bird,Passeriformes,Fringillidae,Spinus,Lawrence's goldfinch,Spinus lawrencei,,free,Escherichia coli O157:H7,EHEC,,feces,yes,no,,,0,2,NA,,,NA,NA,NA,,,NA,NA,,,,NA,NA,NA,NA,NA,NA,NA,NA,Low,1
Navarro-Gonzalez et al.,2020,Navarro-Gonzalez et al. 2020,yes,Web of Science,"USA, California, San Benito County, Sacramento County, Stone Lakes National Wildlife Refuge",yes,North America,"PCR (rfbE gene), Enriched, plate streak, immunomagnetic separation",Molecular,NA,NA,,NA,Animal,Bird,Passeriformes,Cardinalidae,Passerina,Lazuli bunting,Passerina amoena,,free,Escherichia coli O157:H7,EHEC,,feces,yes,no,,,0,1,NA,,,NA,NA,NA,,,NA,NA,,,,NA,NA,NA,NA,NA,NA,NA,NA,Low,1
Navarro-Gonzalez et al.,2020,Navarro-Gonzalez et al. 2020,yes,Web of Science,"USA, California, San Benito County, Sacramento County, Stone Lakes National Wildlife Refuge",yes,North America,"PCR (rfbE gene), Enriched, plate streak, immunomagnetic separation",Molecular,NA,NA,,NA,Animal,Bird,Passeriformes,Passerellidae,Melospiza,Lincoln's sparrow,Melospiza lincolnii,,free,Escherichia coli O157:H7,EHEC,,feces,yes,no,,,0,14,NA,,,NA,NA,NA,,,NA,NA,,,,NA,NA,NA,NA,NA,NA,NA,NA,Low,1
Navarro-Gonzalez et al.,2020,Navarro-Gonzalez et al. 2020,yes,Web of Science,"USA, California, San Benito County, Sacramento County, Stone Lakes National Wildlife Refuge",yes,North America,"PCR (rfbE gene), Enriched, plate streak, immunomagnetic separation",Molecular,NA,NA,,NA,Animal,Bird,Columbiformes,Columbidae,Zenaida,Mourning dove,Zenaida macroura,,free,Escherichia coli O157:H7,EHEC,,feces,yes,no,,,0,3,NA,,,NA,NA,NA,,,NA,NA,,"Birds broken down by weather at a commercial ranch, or National wildife reserve",,NA,NA,NA,NA,NA,NA,NA,NA,Low,1
Navarro-Gonzalez et al.,2020,Navarro-Gonzalez et al. 2020,yes,Web of Science,"USA, California, San Benito County, Sacramento County, Stone Lakes National Wildlife Refuge",yes,North America,"PCR (rfbE gene), Enriched, plate streak, immunomagnetic separation",Molecular,NA,NA,,NA,Animal,Bird,Piciformes,Picidae,Colaptes,Northern flicker,Colaptes auratus,,free,Escherichia coli O157:H7,EHEC,,feces,yes,no,,,0,2,NA,,,NA,NA,NA,,,NA,NA,,"Birds broken down by weather at a commercial ranch, or National wildife reserve",,NA,NA,NA,NA,NA,NA,NA,NA,Low,1
Navarro-Gonzalez et al.,2020,Navarro-Gonzalez et al. 2020,yes,Web of Science,"USA, California, San Benito County, Sacramento County, Stone Lakes National Wildlife Refuge",yes,North America,"PCR (rfbE gene), Enriched, plate streak, immunomagnetic separation",Molecular,NA,NA,,NA,Animal,Bird,Passeriformes,Mimidae,Mimus,Northern mockingbird,Mimus polyglottos,,free,Escherichia coli O157:H7,EHEC,,feces,yes,no,,,0,13,NA,,,NA,NA,NA,,,NA,NA,,,,NA,NA,NA,NA,NA,NA,NA,NA,Low,1
Navarro-Gonzalez et al.,2020,Navarro-Gonzalez et al. 2020,yes,Web of Science,"USA, California, San Benito County, Sacramento County, Stone Lakes National Wildlife Refuge",yes,North America,"PCR (rfbE gene), Enriched, plate streak, immunomagnetic separation",Molecular,NA,NA,,NA,Animal,Bird,Passeriformes,Hirundinidae,Stelgidopteryx,Northern rough-winged swallow,Stelgidopteryx serripennis,,free,Escherichia coli O157:H7,EHEC,,feces,yes,no,,,0,3,NA,,,NA,NA,NA,,,NA,NA,,,,NA,NA,NA,NA,NA,NA,NA,NA,Low,1
Navarro-Gonzalez et al.,2020,Navarro-Gonzalez et al. 2020,yes,Web of Science,"USA, California, San Benito County, Sacramento County, Stone Lakes National Wildlife Refuge",yes,North America,"PCR (rfbE gene), Enriched, plate streak, immunomagnetic separation",Molecular,NA,NA,,NA,Animal,Bird,Piciformes,Picidae,Dryobates,Nuttall's woodpecker,Picoides nuttallii,,free,Escherichia coli O157:H7,EHEC,,feces,yes,no,,,0,3,NA,,,NA,NA,NA,,,NA,NA,,"Birds broken down by weather at a commercial ranch, or National wildife reserve",,NA,NA,NA,NA,NA,NA,NA,NA,Low,1
Navarro-Gonzalez et al.,2020,Navarro-Gonzalez et al. 2020,yes,Web of Science,"USA, California, San Benito County, Sacramento County, Stone Lakes National Wildlife Refuge",yes,North America,"PCR (rfbE gene), Enriched, plate streak, immunomagnetic separation",Molecular,NA,NA,,NA,Animal,Bird,Passeriformes,Paridae,Baeolophus,Oak titmouse,Baeolophus inornatus,,free,Escherichia coli O157:H7,EHEC,,feces,yes,no,,,0,3,NA,,,NA,NA,NA,,,NA,NA,,,,NA,NA,NA,NA,NA,NA,NA,NA,Low,1
Navarro-Gonzalez et al.,2020,Navarro-Gonzalez et al. 2020,yes,Web of Science,"USA, California, San Benito County, Sacramento County, Stone Lakes National Wildlife Refuge",yes,North America,"PCR (rfbE gene), Enriched, plate streak, immunomagnetic separation",Molecular,NA,NA,,NA,Animal,Bird,Passeriformes,Parulidae,Leiothlypis,Orange crowned warbler,Oreothlypi scelata,,free,Escherichia coli O157:H7,EHEC,,feces,yes,no,,,0,5,NA,,,NA,NA,NA,,,NA,NA,,"Birds broken down by weather at a commercial ranch, or National wildife reserve",,NA,NA,NA,NA,NA,NA,NA,NA,Low,1
Navarro-Gonzalez et al.,2020,Navarro-Gonzalez et al. 2020,yes,Web of Science,"USA, California, San Benito County, Sacramento County, Stone Lakes National Wildlife Refuge",yes,North America,"PCR (rfbE gene), Enriched, plate streak, immunomagnetic separation",Molecular,NA,NA,,NA,Animal,Bird,Passeriformes,Tyrannidae,Empidonax,Pacific slope flycatcher,Empidonax difficilis,,free,Escherichia coli O157:H7,EHEC,,feces,yes,no,,,0,16,NA,,,NA,NA,NA,,,NA,NA,,,,NA,NA,NA,NA,NA,NA,NA,NA,Low,1
Navarro-Gonzalez et al.,2020,Navarro-Gonzalez et al. 2020,yes,Web of Science,"USA, California, San Benito County, Sacramento County, Stone Lakes National Wildlife Refuge",yes,North America,"PCR (rfbE gene), Enriched, plate streak, immunomagnetic separation",Molecular,NA,NA,,NA,Animal,Bird,Passeriformes,Fringillidae,Haemorhous,Purple finch,Haemorhous purpureus,,free,Escherichia coli O157:H7,EHEC,,feces,yes,no,,,0,1,NA,,,NA,NA,NA,,,NA,NA,,,,NA,NA,NA,NA,NA,NA,NA,NA,Low,1
Navarro-Gonzalez et al.,2020,Navarro-Gonzalez et al. 2020,yes,Web of Science,"USA, California, San Benito County, Sacramento County, Stone Lakes National Wildlife Refuge",yes,North America,"PCR (rfbE gene), Enriched, plate streak, immunomagnetic separation",Molecular,NA,NA,,NA,Animal,Bird,Passeriformes,Icteridae,Agelaius,Red-winged blackbird,Agelaius phoeniceus,,free,Escherichia coli O157:H7,EHEC,,feces,yes,no,,,0,30,NA,,,NA,NA,NA,,,NA,NA,,,,NA,NA,NA,NA,NA,NA,NA,NA,Low,1
Navarro-Gonzalez et al.,2020,Navarro-Gonzalez et al. 2020,yes,Web of Science,"USA, California, San Benito County, Sacramento County, Stone Lakes National Wildlife Refuge",yes,North America,"PCR (rfbE gene), Enriched, plate streak, immunomagnetic separation",Molecular,NA,NA,,NA,Animal,Bird,Passeriformes,Regulidae,Regulus,Ruby-crowned kinglet,Regulus calendula,,free,Escherichia coli O157:H7,EHEC,,feces,yes,no,,,2,24,NA,,,NA,NA,NA,,,NA,NA,,,,NA,NA,NA,NA,NA,NA,NA,NA,Low,1
Navarro-Gonzalez et al.,2020,Navarro-Gonzalez et al. 2020,yes,Web of Science,"USA, California, San Benito County, Sacramento County, Stone Lakes National Wildlife Refuge",yes,North America,"PCR (rfbE gene), Enriched, plate streak, immunomagnetic separation",Molecular,NA,NA,,NA,Animal,Bird,Passeriformes,Passerellidae,Passerculus,Savannah sparrow,Passerculus sandwichensis,,free,Escherichia coli O157:H7,EHEC,,feces,yes,no,,,0,15,NA,,,NA,NA,NA,,,NA,NA,,,,NA,NA,NA,NA,NA,NA,NA,NA,Low,1
Navarro-Gonzalez et al.,2020,Navarro-Gonzalez et al. 2020,yes,Web of Science,"USA, California, San Benito County, Sacramento County, Stone Lakes National Wildlife Refuge",yes,North America,"PCR (rfbE gene), Enriched, plate streak, immunomagnetic separation",Molecular,NA,NA,,NA,Animal,Bird,Accipitriformes,Accipitridae,Accipiter,Sharp-shinned hawk,Accipiter striatus,,free,Escherichia coli O157:H7,EHEC,,feces,yes,no,,,0,1,NA,,,NA,NA,NA,,,NA,NA,,,,NA,NA,NA,NA,NA,NA,NA,NA,Low,1
Navarro-Gonzalez et al.,2020,Navarro-Gonzalez et al. 2020,yes,Web of Science,"USA, California, San Benito County, Sacramento County, Stone Lakes National Wildlife Refuge",yes,North America,"PCR (rfbE gene), Enriched, plate streak, immunomagnetic separation",Molecular,NA,NA,,NA,Animal,Bird,Passeriformes,Passerellidae,Melospiza,Song sparrow,Melospiza melodia,,free,Escherichia coli O157:H7,EHEC,,feces,yes,no,,,0,41,NA,,,NA,NA,NA,,,NA,NA,,,,NA,NA,NA,NA,NA,NA,NA,NA,Low,1
Navarro-Gonzalez et al.,2020,Navarro-Gonzalez et al. 2020,yes,Web of Science,"USA, California, San Benito County, Sacramento County, Stone Lakes National Wildlife Refuge",yes,North America,"PCR (rfbE gene), Enriched, plate streak, immunomagnetic separation",Molecular,NA,NA,,NA,Animal,Bird,Passeriformes,Passerellidae,Pipilo,Spotted towhee,Pipilo˙maculatus,,free,Escherichia coli O157:H7,EHEC,,feces,yes,no,,,0,17,NA,,,NA,NA,NA,,,NA,NA,,,,NA,NA,NA,NA,NA,NA,NA,NA,Low,1
Navarro-Gonzalez et al.,2020,Navarro-Gonzalez et al. 2020,yes,Web of Science,"USA, California, San Benito County, Sacramento County, Stone Lakes National Wildlife Refuge",yes,North America,"PCR (rfbE gene), Enriched, plate streak, immunomagnetic separation",Molecular,NA,NA,,NA,Animal,Bird,Passeriformes,Parulidae,Setophaga,Townsend's warbler,Setophaga townsendi,,free,Escherichia coli O157:H7,EHEC,,feces,yes,no,,,0,1,NA,,,NA,NA,NA,,,NA,NA,,"Birds broken down by weather at a commercial ranch, or National wildife reserve",,NA,NA,NA,NA,NA,NA,NA,NA,Low,1
Navarro-Gonzalez et al.,2020,Navarro-Gonzalez et al. 2020,yes,Web of Science,"USA, California, San Benito County, Sacramento County, Stone Lakes National Wildlife Refuge",yes,North America,"PCR (rfbE gene), Enriched, plate streak, immunomagnetic separation",Molecular,NA,NA,,NA,Animal,Bird,Passeriformes,Hirundinidae,Tachycineta,Tree swallow,Tachycineta bicolor,,free,Escherichia coli O157:H7,EHEC,,feces,yes,no,,,0,3,NA,,,NA,NA,NA,,,NA,NA,,,,NA,NA,NA,NA,NA,NA,NA,NA,Low,1
Navarro-Gonzalez et al.,2020,Navarro-Gonzalez et al. 2020,yes,Web of Science,"USA, California, San Benito County, Sacramento County, Stone Lakes National Wildlife Refuge",yes,North America,"PCR (rfbE gene), Enriched, plate streak, immunomagnetic separation",Molecular,NA,NA,,NA,Animal,Bird,Passeriformes,Vireonidae,Vireo,Warbling vireo,Vireo gilvus,,free,Escherichia coli O157:H7,EHEC,,feces,yes,no,,,0,1,NA,,,NA,NA,NA,,,NA,NA,,,,NA,NA,NA,NA,NA,NA,NA,NA,Low,1
Navarro-Gonzalez et al.,2020,Navarro-Gonzalez et al. 2020,yes,Web of Science,"USA, California, San Benito County, Sacramento County, Stone Lakes National Wildlife Refuge",yes,North America,"PCR (rfbE gene), Enriched, plate streak, immunomagnetic separation",Molecular,NA,NA,,NA,Animal,Bird,Passeriformes,Tyrannidae,Tyrannus,Western kingbird,Tyrannus verticalis,,free,Escherichia coli O157:H7,EHEC,,feces,yes,no,,,0,1,NA,,,NA,NA,NA,,,NA,NA,,,,NA,NA,NA,NA,NA,NA,NA,NA,Low,1
Navarro-Gonzalez et al.,2020,Navarro-Gonzalez et al. 2020,yes,Web of Science,"USA, California, San Benito County, Sacramento County, Stone Lakes National Wildlife Refuge",yes,North America,"PCR (rfbE gene), Enriched, plate streak, immunomagnetic separation",Molecular,NA,NA,,NA,Animal,Bird,Passeriformes,Sittidae,Sitta,White-breasted nuthatch,Sitta carolinensis,,free,Escherichia coli O157:H7,EHEC,,feces,yes,no,,,0,1,NA,,,NA,NA,NA,,,NA,NA,,,,NA,NA,NA,NA,NA,NA,NA,NA,Low,1
Navarro-Gonzalez et al.,2020,Navarro-Gonzalez et al. 2020,yes,Web of Science,"USA, California, San Benito County, Sacramento County, Stone Lakes National Wildlife Refuge",yes,North America,"PCR (rfbE gene), Enriched, plate streak, immunomagnetic separation",Molecular,NA,NA,,NA,Animal,Bird,Passeriformes,Passerellidae,Zonotrichia,White-crowned sparrow,Zonotrichia leucophrys,,free,Escherichia coli O157:H7,EHEC,,feces,yes,no,,,0,90,NA,,,NA,NA,NA,,,NA,NA,,,,NA,NA,NA,NA,NA,NA,NA,NA,Low,1
Navarro-Gonzalez et al.,2020,Navarro-Gonzalez et al. 2020,yes,Web of Science,"USA, California, San Benito County, Sacramento County, Stone Lakes National Wildlife Refuge",yes,North America,"PCR (rfbE gene), Enriched, plate streak, immunomagnetic separation",Molecular,NA,NA,,NA,Animal,Bird,Passeriformes,Tyrannidae,Empidonax,Willow flycatcher,Empidonax traillii,,free,Escherichia coli O157:H7,EHEC,,feces,yes,no,,,0,3,NA,,,NA,NA,NA,,,NA,NA,,,,NA,NA,NA,NA,NA,NA,NA,NA,Low,1
Navarro-Gonzalez et al.,2020,Navarro-Gonzalez et al. 2020,yes,Web of Science,"USA, California, San Benito County, Sacramento County, Stone Lakes National Wildlife Refuge",yes,North America,"PCR (rfbE gene), Enriched, plate streak, immunomagnetic separation",Molecular,NA,NA,,NA,Animal,Bird,Passeriformes,Parulidae,Cardellina,Wilson's warbler,Cardellina pusilla,,free,Escherichia coli O157:H7,EHEC,,feces,yes,no,,,0,1,NA,,,NA,NA,NA,,,NA,NA,,"Birds broken down by weather at a commercial ranch, or National wildife reserve",,NA,NA,NA,NA,NA,NA,NA,NA,Low,1
Navarro-Gonzalez et al.,2020,Navarro-Gonzalez et al. 2020,yes,Web of Science,"USA, California, San Benito County, Sacramento County, Stone Lakes National Wildlife Refuge",yes,North America,"PCR (rfbE gene), Enriched, plate streak, immunomagnetic separation",Molecular,NA,NA,,NA,Animal,Bird,Passeriformes,Sylviidae,Chamaea,Wrentit,Chamaea fasciata,,free,Escherichia coli O157:H7,EHEC,,feces,yes,no,,,0,6,NA,,,NA,NA,NA,,,NA,NA,,"Birds broken down by weather at a commercial ranch, or National wildife reserve",,NA,NA,NA,NA,NA,NA,NA,NA,Low,1
Navarro-Gonzalez et al.,2020,Navarro-Gonzalez et al. 2020,yes,Web of Science,"USA, California, San Benito County, Sacramento County, Stone Lakes National Wildlife Refuge",yes,North America,"PCR (rfbE gene), Enriched, plate streak, immunomagnetic separation",Molecular,NA,NA,,NA,Animal,Bird,Passeriformes,Parulidae,Setophaga,Yellow warbler,Setophaga petechia,,free,Escherichia coli O157:H7,EHEC,,feces,yes,no,,,0,1,NA,,,NA,NA,NA,,,NA,NA,,"Birds broken down by weather at a commercial ranch, or National wildife reserve",,NA,NA,NA,NA,NA,NA,NA,NA,Low,1
Navarro-Gonzalez et al.,2020,Navarro-Gonzalez et al. 2020,yes,Web of Science,"USA, California, San Benito County, Sacramento County, Stone Lakes National Wildlife Refuge",yes,North America,"PCR (rfbE gene), Enriched, plate streak, immunomagnetic separation",Molecular,NA,NA,,NA,Animal,Bird,Passeriformes,Parulidae,Setophaga,Yellow-rumped warbler,Setophaga coronata,,free,Escherichia coli O157:H7,EHEC,,feces,yes,no,,,0,47,NA,,,NA,NA,NA,,,NA,NA,,"Birds broken down by weather at a commercial ranch, or National wildife reserve",,NA,NA,NA,NA,NA,NA,NA,NA,Low,1
Nielsen et al.,2004,Nielsen et al. 2004,yes,review,"Denmark, near cattle and pig farms",no,Europe,"PCR (vtx1, vtx2, eae, tir, espD, saa, ehxA, katP, espP, and etpD). coli anti sera, enrich, culture broth",Molecular,NA,NA,,NA,Animal,Insect,,,,,"Musca domestica, Stomoxys calcitrans",,free,Escherichia coli veterocytotoxin and shiga toxin producing,STEC,,,yes,no,,,0,4,NA,,,NA,NA,NA,,,NA,NA,,,,NA,NA,NA,NA,NA,NA,NA,NA,Low,1
Nielsen et al.,2004,Nielsen et al. 2004,yes,review,"Denmark, near cattle and pig farms",no,Europe,"PCR (vtx1, vtx2, eae, tir, espD, saa, ehxA, katP, espP, and etpD). coli anti sera, enrich, culture broth",Molecular,NA,NA,,NA,Animal,Bird,Passeriformes,,,,"Hirundu rustica, Passer montanus, Passer domesticus, Turdus merula, Sturnus vulgaris","barn swallows, tree sparrows, house sparrows blackbirds, starling",free,Escherichia coli veterocytotoxin and shiga toxin producing,STEC,,,yes,no,,,4,244,NA,,,NA,NA,NA,,,NA,NA,,,,NA,NA,NA,NA,NA,NA,NA,NA,Low,1
Nielsen et al.,2004,Nielsen et al. 2004,yes,review,"Denmark, near cattle and pig farms",no,Europe,"PCR (vtx1, vtx2, eae, tir, espD, saa, ehxA, katP, espP, and etpD). coli anti sera, enrich, culture broth",Molecular,NA,NA,,NA,Animal,Mammal,Rodent,,,,Rattus norvegicus,Rats and Mice,free,Escherichia coli veterocytotoxin and shiga toxin producing,STEC,,,yes,no,,,4,10,NA,,,NA,NA,NA,,,NA,NA,,,,NA,NA,NA,NA,NA,NA,NA,NA,Low,1
Pearson et al.,2016,Pearson et al. 2016,yes,Google Scholar,"Australia, Southern, piggery",no,Western Pacific,"biochemical, culture broth and plate",Conventional,NA,NA,,swab,Animal,Bird,Passeriformes,Sturnidae,Sturnus,European starling,Sturnus vulgaris,,free,Escherichia coli,Escherichia coli,,cloacal swab,yes,no,,,173,473,NA,,,NA,NA,NA,,,NA,NA,,,,NA,NA,NA,NA,NA,NA,NA,NA,High,3
Pennycott et al.,1998,Pennycott et al. 1998,yes,review,"UK, Scotland, Grampian",no,Europe,"Microscope, culture plate",Conventional,NA,NA,,NA,Animal,Bird,Passeriformes,Fringillidae,Fringilla,Common chaffinch,Fringilla coelebs,,free,Escherichia coli 086,EPEC,,"tissue instestines and liver, dead bird,",yes,no,,,ND,2,NA,,,NA,NA,NA,,,NA,NA,,,,NA,NA,NA,NA,NA,NA,NA,NA,Low,1
Pennycott et al.,1998,Pennycott et al. 1998,yes,review,"UK, Scotland, Highland",no,Europe,"Microscope, culture plate",Conventional,NA,NA,,NA,Animal,Bird,Passeriformes,Fringillidae,Fringilla,Common chaffinch,Fringilla coelebs,,free,Escherichia coli 086,EPEC,,"tissue instestines and liver, dead bird,",yes,no,,,1,4,NA,,,NA,NA,NA,,,NA,NA,,,,NA,NA,NA,NA,NA,NA,NA,NA,Low,1
Pennycott et al.,1998,Pennycott et al. 1998,yes,review,"UK, Scotland, Highland",no,Europe,"Microscope, culture plate",Conventional,NA,NA,,NA,Animal,Bird,Passeriformes,Fringillidae,Fringilla,Common chaffinch,Fringilla coelebs,,free,Escherichia coli 086,EPEC,,"tissue instestines and liver, dead bird,",yes,no,,,1,1,NA,,,NA,NA,NA,,,NA,NA,,,,NA,NA,NA,NA,NA,NA,NA,NA,Low,1
Pennycott et al.,1998,Pennycott et al. 1998,yes,review,"UK, Scotland, Strathclyde",no,Europe,"Microscope, culture plate",Conventional,NA,NA,,NA,Animal,Bird,Passeriformes,Fringillidae,Fringilla,Common chaffinch,Fringilla coelebs,,free,Escherichia coli 086,EPEC,,"tissue instestines and liver, dead bird,",yes,no,,,2,6,NA,,,NA,NA,NA,,,NA,NA,,,,NA,NA,NA,NA,NA,NA,NA,NA,Low,1
Pennycott et al.,1998,Pennycott et al. 1998,yes,review,"UK, Scotland, Grampian",no,Europe,"Microscope, culture plate",Conventional,NA,NA,,NA,Animal,Bird,Passeriformes,Fringillidae,Pyrrhula,Euransian bullfinch,Pyrrhula pyrrhula,,free,Escherichia coli 086,EPEC,,"tissue instestines and liver, dead bird,",yes,no,,,ND,2,NA,,,NA,NA,NA,,,NA,NA,,,,NA,NA,NA,NA,NA,NA,NA,NA,Low,1
Pennycott et al.,1998,Pennycott et al. 1998,yes,review,"UK, Scotland, Strathclyde",no,Europe,"Microscope, culture plate",Conventional,NA,NA,,NA,Animal,Bird,Passeriformes,Fringillidae,Pyrrhula,Euransian bullfinch,Pyrrhula pyrrhula,,free,Escherichia coli 086,EPEC,,"tissue instestines and liver, dead bird,",yes,no,,,ND,2,NA,,,NA,NA,NA,,,NA,NA,,,,NA,NA,NA,NA,NA,NA,NA,NA,Low,1
Pennycott et al.,1998,Pennycott et al. 1998,yes,review,"UK, Scotland, Highland",no,Europe,"Microscope, culture plate",Conventional,NA,NA,,NA,Animal,Bird,Passeriformes,Fringillidae,Spinus,Eurasian siskin,Carduelis spinus,,free,Escherichia coli 086,EPEC,,"tissue instestines and liver, dead bird,",yes,no,,,17,18,NA,,,NA,NA,NA,,,NA,NA,,,,NA,NA,NA,NA,NA,NA,NA,NA,Low,1
Pennycott et al.,1998,Pennycott et al. 1998,yes,review,"UK, Scotland, Highland",no,Europe,"Microscope, culture plate",Conventional,NA,NA,,NA,Animal,Bird,Passeriformes,Fringillidae,Spinus,Eurasian siskin,Carduelis spinus,,free,Escherichia coli 086,EPEC,,"tissue instestines and liver, dead bird,",yes,no,,,11,12,NA,,,NA,NA,NA,,,NA,NA,,,,NA,NA,NA,NA,NA,NA,NA,NA,Low,1
Pennycott et al.,1998,Pennycott et al. 1998,yes,review,"UK, Scotland, Strathclyde",no,Europe,"Microscope, culture plate",Conventional,NA,NA,,NA,Animal,Bird,Passeriformes,Fringillidae,Carduelis,European goldfinch,Carduelis carduelis,,free,Escherichia coli 086,EPEC,,"tissue instestines and liver, dead bird,",yes,no,,,ND,4,NA,,,NA,NA,NA,,,NA,NA,,,,NA,NA,NA,NA,NA,NA,NA,NA,Low,1
Pennycott et al.,1998,Pennycott et al. 1998,yes,review,"UK, Scotland, Grampian",no,Europe,"Microscope, culture plate",Conventional,NA,NA,,NA,Animal,Bird,Passeriformes,Fringillidae,Chloris,European greenfinch,Carduelis chloris,,free,Escherichia coli 086,EPEC,,"tissue instestines and liver, dead bird,",yes,no,,,ND,71,NA,,,NA,NA,NA,,,NA,NA,,,,NA,NA,NA,NA,NA,NA,NA,NA,Low,1
Pennycott et al.,1998,Pennycott et al. 1998,yes,review,"UK, Scotland, Highland",no,Europe,"Microscope, culture plate",Conventional,NA,NA,,NA,Animal,Bird,Passeriformes,Fringillidae,Chloris,European greenfinch,Carduelis chloris,,free,Escherichia coli 086,EPEC,,"tissue instestines and liver, dead bird,",yes,no,,,9,12,NA,,,NA,NA,NA,,,NA,NA,,,,NA,NA,NA,NA,NA,NA,NA,NA,Low,1
Pennycott et al.,1998,Pennycott et al. 1998,yes,review,"UK, Scotland, Highland",no,Europe,"Microscope, culture plate",Conventional,NA,NA,,NA,Animal,Bird,Passeriformes,Fringillidae,Chloris,European greenfinch,Carduelis chloris,,free,Escherichia coli 086,EPEC,,"tissue instestines and liver, dead bird,",yes,no,,,2,2,NA,,,NA,NA,NA,,,NA,NA,,,,NA,NA,NA,NA,NA,NA,NA,NA,Low,1
Pennycott et al.,1998,Pennycott et al. 1998,yes,review,"UK, Scotland, Strathclyde",no,Europe,"Microscope, culture plate",Conventional,NA,NA,,NA,Animal,Bird,Passeriformes,Fringillidae,Chloris,European greenfinch,Carduelis chloris,,free,Escherichia coli 086,EPEC,,"tissue instestines and liver, dead bird,",yes,no,,,2,7,NA,,,NA,NA,NA,,,NA,NA,,,,NA,NA,NA,NA,NA,NA,NA,NA,Low,1
Plaza-Rodriguez et al.,2021,Plaza-Rodriguez et al. 2021,yes ,Google Scholar,Germany,no,Europe,"RT-PCR stx1 and stx2, Standard emthods ISO/TS 13136:2012",Molecular,NA,NA,,NA,Animal,Bird,Anseriformes,Anatidae,,,,Duck and Goose,free,Escherichia coli shiga toxin production,STEC,,,yes,no,,,ND,95,NA,,,NA,NA,NA,,,NA,NA,,,,NA,NA,NA,NA,NA,NA,NA,NA,Very Low,0
Pourcher et al. ,1991,Pourcher et al.  1991,yes,review,France,no,Europe,"MPN 16 well, Standard Method, serial dilution, flouresence",Conventional,1000,NA,CFU/g,10 g,Animal,Bird,Charadriiformes,Laridae,,,,Gull (family),free,Escherichia coli,Escherichia coli,,feces composite,no,yes,StatsTotal,no,2,5,NA,,2800000,NA,NA,NA,,,NA,NA,CFU/g,Has data on strains but not connected to samples.,2 composit sampes (2-3 individuals),NA,NA,NA,NA,NA,NA,NA,NA,Low,1
Pourcher et al. ,1991,Pourcher et al.  1991,yes,review,France,no,Europe,"MPN 16 well, Standard Method, serial dilution, flouresence",Conventional,1000,NA,CFU/g,10 g,Animal,Bird,Charadriiformes,Laridae,,,,Gull (family),free,Escherichia coli,Escherichia coli,,feces composite,yes,no,,,2,5,NA,,,NA,NA,NA,,,NA,NA,CFU/g,Has data on strains but not connected to samples.,2 composit sampes (2-3 individuals),NA,NA,NA,NA,NA,NA,NA,NA,Low,1
Radwan and Lampky,1972,Radwan and Lampky 1972,yes,review,"USA, Michigan, Mt. Pleasant",yes,North America,"biochemical, broth enrich, plate culture",Conventional,NA,NA,,2 gram of intestines,Animal,Bird,Passeriformes,Passerellidae,Spizelloides,American tree sparrow,Spizella arborea,,free,Escherichia coli,Escherichia coli,,tissue intestines,yes,no,,,ND,1,NA,,,NA,NA,NA,,,NA,NA,,,,NA,NA,NA,NA,NA,NA,NA,NA,Low,1
Radwan and Lampky,1972,Radwan and Lampky 1972,yes,review,"USA, Michigan, Mack Lake/Mt. Plesant",yes,North America,"biochemical, broth enrich, plate culture",Conventional,NA,NA,,2 gram of intestines,Animal,Bird,Passeriformes,Icteridae,Molothrus,Brown-headed cowbird,Molothrus ater,,free,Escherichia coli,Escherichia coli,,tissue intestines,yes,no,,,21,45,NA,,,NA,NA,NA,,,NA,NA,,,,NA,NA,NA,NA,NA,NA,NA,NA,Low,1
Radwan and Lampky,1972,Radwan and Lampky 1972,yes,review,"USA, Michigan, Mt. Pleasant",yes,North America,"biochemical, broth enrich, plate culture",Conventional,NA,NA,,2 gram of intestines,Animal,Bird,Charadriiformes,Laridae,Larus,Herring gull,Larus argentatus,,free,Escherichia coli,Escherichia coli,,tissue intestines,yes,no,,,1,1,NA,,,NA,NA,NA,,,NA,NA,,,,NA,NA,NA,NA,NA,NA,NA,NA,Low,1
Radwan and Lampky,1972,Radwan and Lampky 1972,yes,review,"USA, Michigan, Mt. Pleasant",yes,North America,"biochemical, broth enrich, plate culture",Conventional,NA,NA,,2 gram of intestines,Animal,Bird,Passeriformes,Passeridae,Passer,House sparrow,Passer domesticus,,free,Escherichia coli,Escherichia coli,,tissue intestines,yes,no,,,ND,1,NA,,,NA,NA,NA,,,NA,NA,,,,NA,NA,NA,NA,NA,NA,NA,NA,Low,1
Radwan and Lampky,1972,Radwan and Lampky 1972,yes,review,"USA, Michigan, Mt. Pleasant",yes,North America,"biochemical, broth enrich, plate culture",Conventional,NA,NA,,2 gram of intestines,Animal,Bird,Charadriiformes,Scolopacidae,Tringa,Lesser yellow-legs,Tringa flavipes,,free,Escherichia coli,Escherichia coli,,tissue intestines,yes,no,,,3,3,NA,,,NA,NA,NA,,,NA,NA,,,,NA,NA,NA,NA,NA,NA,NA,NA,Low,1
Radwan and Lampky,1972,Radwan and Lampky 1972,yes,review,"USA, Michigan, Mt. Pleasant",yes,North America,"biochemical, broth enrich, plate culture",Conventional,NA,NA,,2 gram of intestines,Animal,Bird,Passeriformes,Cardinalidae,Cardinalis,Northern cardinal,Cardinalis cardinalis,,free,Escherichia coli,Escherichia coli,,tissue intestines,yes,no,,,ND,1,NA,,,NA,NA,NA,,,NA,NA,,,,NA,NA,NA,NA,NA,NA,NA,NA,Low,1
Radwan and Lampky,1972,Radwan and Lampky 1972,yes,review,"USA, Michigan, Mt. Pleasant",yes,North America,"biochemical, broth enrich, plate culture",Conventional,NA,NA,,2 gram of intestines,Animal,Bird,Passeriformes,Parulidae,Seiurus,Ovenbird,Seiurus aurocapillus,,free,Escherichia coli,Escherichia coli,,tissue intestines,yes,no,,,1,1,NA,,,NA,NA,NA,,,NA,NA,,,,NA,NA,NA,NA,NA,NA,NA,NA,Low,1
Radwan and Lampky,1972,Radwan and Lampky 1972,yes,review,"USA, Michigan, Alma",yes,North America,"biochemical, broth enrich, plate culture",Conventional,NA,NA,,2 gram of intestines,Animal,Bird,Passeriformes,Icteridae,Agelaius,Red-winged blackbird,Agelaius phoenicieus,,free,Escherichia coli,Escherichia coli,,tissue intestines,yes,no,,,2,3,NA,,,NA,NA,NA,,,NA,NA,,,,NA,NA,NA,NA,NA,NA,NA,NA,Low,1
Radwan and Lampky,1972,Radwan and Lampky 1972,yes,review,"USA, Michigan, Mt. Pleasant",yes,North America,"biochemical, broth enrich, plate culture",Conventional,NA,NA,,2 gram of intestines,Animal,Bird,Piciformes,Picidae,Melanerpes,Red-bellied woodpecker,Centurus carolinus,,free,Escherichia coli,Escherichia coli,,tissue intestines,yes,no,,,ND,1,NA,,,NA,NA,NA,,,NA,NA,,,,NA,NA,NA,NA,NA,NA,NA,NA,Low,1
Radwan and Lampky,1972,Radwan and Lampky 1972,yes,review,"USA, Michigan, Grand Rapids",yes,North America,"biochemical, broth enrich, plate culture",Conventional,NA,NA,,2 gram of intestines,Animal,Bird,Apodiformes,Trochilidae,Archilochus,Ruby-throated hummingbird,Archilochus colubris,,free,Escherichia coli,Escherichia coli,,tissue intestines,yes,no,,,ND,1,NA,,,NA,NA,NA,,,NA,NA,,,,NA,NA,NA,NA,NA,NA,NA,NA,Low,1
Radwan and Lampky,1972,Radwan and Lampky 1972,yes,review,"USA, Michigan, Mt. Pleasant",yes,North America,"biochemical, broth enrich, plate culture",Conventional,NA,NA,,2 gram of intestines,Animal,Bird,Galliformes,Phasianidae,Bonasa,Ruffed grouse,Bonasa umbellus,,free,Escherichia coli,Escherichia coli,,tissue intestines,yes,no,,,ND,1,NA,,,NA,NA,NA,,,NA,NA,,,,NA,NA,NA,NA,NA,NA,NA,NA,Low,1
Rahn et al.,1997,Rahn et al. 1997,yes,review,"Canada, Ontario, Dairy farms",no,North America,"PCR (VT genes), culture",Molecular,NA,NA,,NA,Animal,Bird,,,,,,Bird (class),free,Escherichia coli O157,EHEC,,feces,yes,no,,,0,27,NA,,,NA,NA,NA,,,NA,NA,,,,NA,NA,NA,NA,NA,NA,NA,NA,Low,1
Rahn et al.,1997,Rahn et al. 1997,yes,review,"Canada, Ontario, Dairy farms",no,North America,"PCR (VT genes), culture",Molecular,NA,NA,,swab variable,Animal,Mammal,Carnivora,Felidae,Felis,Cat,Felis catus,,free,Escherichia coli O157,EHEC,,rectal swab,yes,no,,,0,16,NA,,,NA,NA,NA,,,NA,NA,,,,NA,NA,NA,NA,NA,NA,NA,NA,Low,1
Rahn et al.,1997,Rahn et al. 1997,yes,review,"Canada, Ontario, Dairy farms",no,North America,"PCR (VT genes), culture",Molecular,NA,NA,,>100 flies variable,Animal,Insect,Diptera,,,,diptera,Fly (order),free,Escherichia coli O157,EHEC,,>100 fly composite,yes,no,,,1,8,NA,,,NA,NA,NA,,,NA,NA,,,,NA,NA,NA,NA,NA,NA,NA,NA,Low,1
Rahn et al.,1997,Rahn et al. 1997,yes,review,"Canada, Ontario, Dairy farms",no,North America,"PCR (VT genes), culture",Molecular,NA,NA,,NA,Animal,Mammal,Rodent,,,,,,free,Escherichia coli O157,EHEC,,feces,yes,no,,,0,7,NA,,,NA,NA,NA,,,NA,NA,,,,NA,NA,NA,NA,NA,NA,NA,NA,Low,1
Renter et al.,2003,Renter et al. 2003,yes,Google Scholar,"USA, Kansas/Nebraska",yes,North America,"PCR (stx1, stx2),latex agglutination, culture plate",Molecular,NA,NA,,1 g,Animal,Bird,,,,,,Bird (class),free,Escherichia coli O157,EHEC,,feces (some from hunted animals),yes,no,,,ND,9,NA,,,NA,NA,NA,,,NA,NA,,,,NA,NA,NA,NA,NA,NA,NA,NA,Low,1
Renter et al.,2003,Renter et al. 2003,yes,Google Scholar,"USA, Kansas/Nebraska",yes,North America,"PCR (stx1, stx2),latex agglutination, culture plate",Molecular,NA,NA,,1 g,Animal,Mammal,Carnivora,Procyonidae,Procyon,Raccoon,,,free,Escherichia coli O157,EHEC,,feces (some from hunted animals),yes,no,,,ND,230,NA,,,NA,NA,NA,,,NA,NA,,,,NA,NA,NA,NA,NA,NA,NA,NA,Low,1
Renter et al.,2003,Renter et al. 2003,yes,Google Scholar,"USA, Kansas/Nebraska",yes,North America,"PCR (stx1, stx2),latex agglutination, culture plate",Molecular,NA,NA,,1 g,Animal,Mammal,Didelphimorphia,Didelphidae,Didelphis,Virginia opossum,Didelphis˙virginiana,,free,Escherichia coli O157,EHEC,,feces (some from hunted animals),yes,no,,,1,25,NA,,,NA,NA,NA,,,NA,NA,,,,NA,NA,NA,NA,NA,NA,NA,NA,Low,1
Renter et al.,2005,Renter et al. 2005,yes,Google Scholar,"USA, Nebraska ",yes,North America,"PCR (stx, hlyA, eaeA), enzyme immunoassay, culture broth",Molecular,NA,NA,,NA,Animal,,,,,,,,free,Escherichia coli shiga toxin production,STEC,,feces,yes,no,,,0,171,NA,,,NA,NA,NA,,,NA,NA,,,,NA,NA,NA,NA,NA,NA,NA,NA,Very Low,0
Rivadeneira et al.,2016,Rivadeneira et al. 2016,conference,Google Scholar,"USA, Arizona, Southern, farms near cattle",yes,North America,"immunomagnetic separation, culture broth",Immunologic,NA,NA,,NA,Animal,Bird,Passeriformes,Icteridae,Molothrus,Brown-headed cowbird,Molothrus ater,,free,Escherichia coli O157,EHEC,,feces,yes,no,,,ND,11,NA,,,NA,NA,NA,,,NA,NA,,,,NA,NA,NA,NA,NA,NA,NA,NA,Low,1
Rivadeneira et al.,2016,Rivadeneira et al. 2016,conference,Google Scholar,"USA, Arizona, Southern, farms near cattle",yes,North America,"immunomagnetic separation, culture broth",Immunologic,NA,NA,,NA,Animal,Bird,Passeriformes,Corvidae,Corvus,Common raven,Corvus corax,,free,Escherichia coli O157,EHEC,,feces,yes,no,,,ND,4,NA,,,NA,NA,NA,,,NA,NA,,,,NA,NA,NA,NA,NA,NA,NA,NA,Low,1
Rivadeneira et al.,2016,Rivadeneira et al. 2016,conference,Google Scholar,"USA, Arizona, Southern, farms near cattle",yes,North America,"immunomagnetic separation, culture broth",Immunologic,NA,NA,,NA,Animal,Bird,Columbiformes,Columbidae,Streptopelia,Eurasian collared dove,Streptopelia decaocto,,free,Escherichia coli O157,EHEC,,feces,yes,no,,,ND,21,NA,,,NA,NA,NA,,,NA,NA,,,,NA,NA,NA,NA,NA,NA,NA,NA,Low,1
Rivadeneira et al.,2016,Rivadeneira et al. 2016,conference,Google Scholar,"USA, Arizona, Southern, farms near cattle",yes,North America,"immunomagnetic separation, culture broth",Immunologic,NA,NA,,NA,Animal,Bird,Passeriformes,Sturnidae,Sturnus,European starling,Sturnus vulgaris,,free,Escherichia coli O157,EHEC,,feces,yes,no,,,ND,1,NA,,,NA,NA,NA,,,NA,NA,,,,NA,NA,NA,NA,NA,NA,NA,NA,Low,1
Rivadeneira et al.,2016,Rivadeneira et al. 2016,conference,Google Scholar,"USA, Arizona, Southern, farms near cattle",yes,North America,"immunomagnetic separation, culture broth",Immunologic,NA,NA,,NA,Animal,Bird,Passeriformes,Icteridae,Agelaius,Red-winged blackbird,Agelaius phoeniceus,,free,Escherichia coli O157,EHEC,,feces,yes,no,,,ND,66,NA,,,NA,NA,NA,,,NA,NA,,,,NA,NA,NA,NA,NA,NA,NA,NA,Low,1
Rivadeneira et al.,2016,Rivadeneira et al. 2016,conference,Google Scholar,"USA, Arizona, Southern, farms near cattle",yes,North America,"PCR (stx1, stx2, eaeA, hlyA, fliC and rfbE), culture broth",Molecular,NA,NA,,NA,Animal,Bird,Passeriformes,Icteridae,Molothrus,Brown-headed cowbird,Molothrus ater,,free,Escherichia coli non-O157 Shiga toxin-producing,STEC,,feces,yes,no,,,3,11,NA,,,NA,NA,NA,,,NA,NA,,,,NA,NA,NA,NA,NA,NA,NA,NA,Low,1
Rivadeneira et al.,2016,Rivadeneira et al. 2016,conference,Google Scholar,"USA, Arizona, Southern, farms near cattle",yes,North America,"PCR (stx1, stx2, eaeA, hlyA, fliC and rfbE), culture broth",Molecular,NA,NA,,NA,Animal,Bird,Passeriformes,Corvidae,Corvus,Common raven,Corvus corax,,free,Escherichia coli non-O157 Shiga toxin-producing,STEC,,feces,yes,no,,,ND,4,NA,,,NA,NA,NA,,,NA,NA,,,,NA,NA,NA,NA,NA,NA,NA,NA,Low,1
Rivadeneira et al.,2016,Rivadeneira et al. 2016,conference,Google Scholar,"USA, Arizona, Southern, farms near cattle",yes,North America,"PCR (stx1, stx2, eaeA, hlyA, fliC and rfbE), culture broth",Molecular,NA,NA,,NA,Animal,Bird,Columbiformes,Columbidae,Streptopelia,Eurasian collared dove,Streptopelia decaocto,,free,Escherichia coli non-O157 Shiga toxin-producing,STEC,,feces,yes,no,,,ND,21,NA,,,NA,NA,NA,,,NA,NA,,,,NA,NA,NA,NA,NA,NA,NA,NA,Low,1
Rivadeneira et al.,2016,Rivadeneira et al. 2016,conference,Google Scholar,"USA, Arizona, Southern, farms near cattle",yes,North America,"PCR (stx1, stx2, eaeA, hlyA, fliC and rfbE), culture broth",Molecular,NA,NA,,NA,Animal,Bird,Passeriformes,Sturnidae,Sturnus,European starling,Sturnus vulgaris,,free,Escherichia coli non-O157 Shiga toxin-producing,STEC,,feces,yes,no,,,ND,1,NA,,,NA,NA,NA,,,NA,NA,,,,NA,NA,NA,NA,NA,NA,NA,NA,Low,1
Rivadeneira et al.,2016,Rivadeneira et al. 2016,conference,Google Scholar,"USA, Arizona, Southern, farms near cattle",yes,North America,"PCR (stx1, stx2, eaeA, hlyA, fliC and rfbE), culture broth",Molecular,NA,NA,,NA,Animal,Bird,Passeriformes,Icteridae,Agelaius,Red-winged blackbird,Agelaius phoeniceus,,free,Escherichia coli non-O157 Shiga toxin-producing,STEC,,feces,yes,no,,,2,66,NA,,,NA,NA,NA,,,NA,NA,,,,NA,NA,NA,NA,NA,NA,NA,NA,Low,1
Robinson et al.,2010,Robinson et al. 2010,yes,review,UK,no,Europe,"PCR, biochemical, Culture Plate and broth",Immunologic,NA,NA,,NA,Animal,Bird,Passeriformes,Fringillidae,,,,Finch (undefined),free,Escherichia coli O86,EPEC,,"liver, intestens content from dead bird",yes,no,,,24,241,NA,,,NA,NA,NA,,,NA,NA,,epidemic,,NA,NA,NA,NA,NA,NA,NA,NA,Low,1
Santaniello et al.,2007,Santaniello et al. 2007,yes,Web of Science,"Italy, Napoli ",no,Europe,"PCR (primer stx1-F/stx1-R 614bp, stx2-F/stx2-R 779bp, eaeA-F/eaeA-R 890bp, hlyA-F/hlyA-R 165bp), immunomagnetic separation, culture",Molecular,NA,NA,,NA,Animal,Bird,Columbiformes,Columbidae,Columba,Pigeon,Columba livia,,free,"Escherichia coli O157:H7 eae, stx2",EHEC,,feces (clocal swab),yes,no,,,4,504,NA,,,NA,NA,NA,,,NA,NA,,all shigatoxin producting E. coli isolated carried eae and stx2 genes,,NA,NA,NA,NA,NA,NA,NA,NA,Moderate,2
Santaniello et al.,2007,Santaniello et al. 2007,yes,Web of Science,"Italy, Napoli ",no,Europe,"PCR (primer stx1-F/stx1-R 614bp, stx2-F/stx2-R 779bp, eaeA-F/eaeA-R 890bp, hlyA-F/hlyA-R 165bp), immunomagnetic separation, culture",Molecular,NA,NA,,NA,Animal,Bird,Columbiformes,Columbidae,Columba,Pigeon,Columba livia,,free,Escherichia coli O157:H7 hly,EHEC,,feces (clocal swab),yes,no,,,2,504,NA,,,NA,NA,NA,,,NA,NA,,,,NA,NA,NA,NA,NA,NA,NA,NA,Moderate,2
Santaniello et al.,2007,Santaniello et al. 2007,yes,Web of Science,"Italy, Napoli ",no,Europe,"PCR (primer stx1-F/stx1-R 614bp, stx2-F/stx2-R 779bp, eaeA-F/eaeA-R 890bp, hlyA-F/hlyA-R 165bp), immunomagnetic separation, culture",Molecular,NA,NA,,NA,Animal,Bird,Columbiformes,Columbidae,Columba,Pigeon,Columba livia,,free,Escherichia coli O157:H7 stx 1,EHEC,,feces (clocal swab),yes,no,,,1,504,NA,,,NA,NA,NA,,,NA,NA,,,,NA,NA,NA,NA,NA,NA,NA,NA,Moderate,2
Schmidt et al.,2000,Schmidt et al. 2000,yes,review,"Germany, Wurzburg",no,Europe,"PCR (MK1/MK2, Sk1/SK2, 128-1/128-2 428bp), culture",Molecular,<1.8 Optical Density,NA,,NA,Animal,Bird,Columbiformes,Columbidae,Columba,pigeon,Columba livia,,free,Escherichia coli eae,EHEC,EPEC,,yes,no,,,7,19,NA,,,NA,NA,NA,,,NA,NA,,,,NA,NA,NA,NA,NA,NA,NA,NA,Low,1
Schmidt et al.,2000,Schmidt et al. 2000,yes,review,"Germany, Wurzburg",no,Europe,"PCR (MK1/MK2, Sk1/SK2, 128-1/128-2 428bp), culture",Molecular,<1.8 Optical Density,NA,,NA,Animal,Bird,Columbiformes,Columbidae,Columba,pigeon,Columba livia,,free,Escherichia coli Shiga Toxin 2 Variant Stx2f,STEC,,feces,yes,no,,,2,19,0.125,,,NA,NA,NA,,,NA,NA,,The data from this study is slightly questionable.,,NA,NA,NA,NA,NA,NA,NA,NA,Low,1
Schmidt et al.,2014,Schmidt et al. 2014,yes,Google Scholar,"Germany, Hiddensee",no,Europe,"microscope appearance, biochemical, culture broth and plate",Conventional,NA,NA,,swab,Animal,Reptile,Squamata,Viperidae,Vipera,European adder,Vipera berus,,free,Escherichia coli,Escherichia coli,,cloacal swab,yes,no,,,1,23,NA,,,NA,NA,NA,,,NA,NA,,,,NA,NA,NA,NA,NA,NA,NA,NA,Moderate,2
Schmidt et al.,2014,Schmidt et al. 2014,yes,Google Scholar,"Germany, Hiddensee",no,Europe,"microscope appearance, biochemical, culture broth and plate",Conventional,NA,NA,,swab,Animal,Reptile,Squamata,Colubridae,Natrix,Grass snake,Natrix natrix,,free,Escherichia coli,Escherichia coli,,cloacal swab,yes,no,,,1,12,NA,,,NA,NA,NA,,,NA,NA,,,,NA,NA,NA,NA,NA,NA,NA,NA,Moderate,2
Schmidt et al.,2014,Schmidt et al. 2014,yes,Google Scholar,"Germany, Hiddensee",no,Europe,"microscope appearance, biochemical, culture broth and plate",Conventional,NA,NA,,swab,Animal,Reptile,Squamata,Anguidae,Anguis,Slow worm,Anguis fragilis,,free,Escherichia coli,Escherichia coli,,cloacal swab,yes,no,,,0,21,NA,,,NA,NA,NA,,,NA,NA,,,,NA,NA,NA,NA,NA,NA,NA,NA,Moderate,2
Shere et al.,1998,Shere et al. 1998,yes,review,"USA, Wisconsin, Dairy Farms",yes,North America,"pulsed-field gel electrophoresis (AvrII, XbaI, stxI, stxII), latex agglutination, culture plate and broth",Molecular,NA,NA,,swab variable,Animal,Bird,,,,,,Multiple types,free,Escherichia coli O157:H7,EHEC,,cloacal swab,yes,no,,,1,99,NA,,,NA,NA,NA,,,NA,NA,,the one infected bird was a pigeon,,NA,NA,NA,NA,NA,NA,NA,NA,Low,1
Siembieda et al.,2011,Siembieda et al. 2011,yes,Google Scholar,"USA, California, San Francisco Bay",yes,North America,"Culture, Standard Method",Conventional,NA,NA,,<5 g,Animal,Bird,Gruiformes,Rallidae,Fulica,American coot ,,,free,Escherichia coli O157:H7,EHEC,,feces,yes,no,,,ND,2,NA,,,NA,NA,NA,,,NA,NA,,Data had to be compiled from all over the place in the article,response to oil spill,NA,NA,NA,NA,NA,NA,NA,NA,Low,1
Siembieda et al.,2011,Siembieda et al. 2011,yes,Google Scholar,"USA, California, San Francisco Bay",yes,North America,"Culture, Standard Method",Conventional,NA,NA,,<5 g,Animal,Bird,Passeriformes,Corvidae,Corvus,American crow ,,,free,Escherichia coli O157:H7,EHEC,,feces,yes,no,,,ND,12,NA,,,NA,NA,NA,,,NA,NA,,Data had to be compiled from all over the place in the article,response to oil spill,NA,NA,NA,NA,NA,NA,NA,NA,Low,1
Siembieda et al.,2011,Siembieda et al. 2011,yes,Google Scholar,"USA, California, San Francisco Bay",yes,North America,"Culture, Standard Method",Conventional,NA,NA,,<5 g,Animal,Bird,Falconiformes,Falconidae,Falco,American kestrel ,,,free,Escherichia coli O157:H7,EHEC,,feces,yes,no,,,ND,6,NA,,,NA,NA,NA,,,NA,NA,,Data had to be compiled from all over the place in the article,response to oil spill,NA,NA,NA,NA,NA,NA,NA,NA,Low,1
Siembieda et al.,2011,Siembieda et al. 2011,yes,Google Scholar,"USA, California, San Francisco Bay",yes,North America,"Culture, Standard Method",Conventional,NA,NA,,<5 g,Animal,Bird,Passeriformes,Turdidae,Turdus,American robin,,,free,Escherichia coli O157:H7,EHEC,,feces,yes,no,,,ND,13,NA,,,NA,NA,NA,,,NA,NA,,Data had to be compiled from all over the place in the article,response to oil spill,NA,NA,NA,NA,NA,NA,NA,NA,Low,1
Siembieda et al.,2011,Siembieda et al. 2011,yes,Google Scholar,"USA, California, San Francisco Bay",yes,North America,"Culture, Standard Method",Conventional,NA,NA,,<5 g,Animal,Bird,Columbiformes,Columbidae,Patagioenas,Band-tailed pigeon,Columba fasciata,,free,Escherichia coli O157:H7,EHEC,,feces,yes,no,,,ND,2,NA,,,NA,NA,NA,,,NA,NA,,Data had to be compiled from all over the place in the article,response to oil spill,NA,NA,NA,NA,NA,NA,NA,NA,Low,1
Siembieda et al.,2011,Siembieda et al. 2011,yes,Google Scholar,"USA, California, San Francisco Bay",yes,North America,"Culture, Standard Method",Conventional,NA,NA,,<5 g,Animal,Bird,Strigiformes,Tytonidae,,,,Barn owl,free,Escherichia coli O157:H7,EHEC,,feces,yes,no,,,ND,5,NA,,,NA,NA,NA,,,NA,NA,,Data had to be compiled from all over the place in the article,response to oil spill,NA,NA,NA,NA,NA,NA,NA,NA,Low,1
Siembieda et al.,2011,Siembieda et al. 2011,yes,Google Scholar,"USA, California, San Francisco Bay",yes,North America,"Culture, Standard Method",Conventional,NA,NA,,<5 g,Animal,Bird,,,,,,Northern flicker and mockingbird,free,Escherichia coli O157:H7,EHEC,,feces,yes,no,,,ND,2,NA,,,NA,NA,NA,,,NA,NA,,Data had to be compiled from all over the place in the article,response to oil spill,NA,NA,NA,NA,NA,NA,NA,NA,Low,1
Siembieda et al.,2011,Siembieda et al. 2011,yes,Google Scholar,"USA, California, San Francisco Bay",yes,North America,"Culture, Standard Method",Conventional,NA,NA,,<5 g,Animal,Bird,Pelecaniformes,Ardeida,Nycticorax,Black-crowned night heron ,,,free,Escherichia coli O157:H7,EHEC,,feces,yes,no,,,ND,16,NA,,,NA,NA,NA,,,NA,NA,,Data had to be compiled from all over the place in the article,response to oil spill,NA,NA,NA,NA,NA,NA,NA,NA,Low,1
Siembieda et al.,2011,Siembieda et al. 2011,yes,Google Scholar,"USA, California, San Francisco Bay",yes,North America,"Culture, Standard Method",Conventional,NA,NA,,<5 g,Animal,Bird,Pelecaniformes,Pelecanidae,Pelecanus,Brown pelican ,,,free,Escherichia coli O157:H7,EHEC,,feces,yes,no,,,ND,6,NA,,,NA,NA,NA,,,NA,NA,,Data had to be compiled from all over the place in the article,response to oil spill,NA,NA,NA,NA,NA,NA,NA,NA,Low,1
Siembieda et al.,2011,Siembieda et al. 2011,yes,Google Scholar,"USA, California, San Francisco Bay",yes,North America,"Culture, Standard Method",Conventional,NA,NA,,<5 g,Animal,Bird,Anseriformes,Anatidae,Branta,Canada goose,Branta canadensis,,free,Escherichia coli O157:H7,EHEC,,feces,yes,no,,,ND,13,NA,,,NA,NA,NA,,,NA,NA,,Data had to be compiled from all over the place in the article,response to oil spill,NA,NA,NA,NA,NA,NA,NA,NA,Low,1
Siembieda et al.,2011,Siembieda et al. 2011,yes,Google Scholar,"USA, California, San Francisco Bay",yes,North America,"Culture, Standard Method",Conventional,NA,NA,,<5 g,Animal,Bird,Charadriiformes,,,,,Killdeer and willet ,free,Escherichia coli O157:H7,EHEC,,feces,yes,no,,,ND,2,NA,,,NA,NA,NA,,,NA,NA,,Data had to be compiled from all over the place in the article,response to oil spill,NA,NA,NA,NA,NA,NA,NA,NA,Low,1
Siembieda et al.,2011,Siembieda et al. 2011,yes,Google Scholar,"USA, California, San Francisco Bay",yes,North America,"Culture, Standard Method",Conventional,NA,NA,,<5 g,Animal,Bird,Podicipediformes,Podicipedidae,Aechmophorus,Clark's grebe,Aechmophorus clarkii,,free,Escherichia coli O157:H7,EHEC,,feces,yes,no,,,ND,6,NA,,,NA,NA,NA,,,NA,NA,,Data had to be compiled from all over the place in the article,response to oil spill,NA,NA,NA,NA,NA,NA,NA,NA,Low,1
Siembieda et al.,2011,Siembieda et al. 2011,yes,Google Scholar,"USA, California, San Francisco Bay",yes,North America,"Culture, Standard Method",Conventional,NA,NA,,<5 g,Animal,Bird,Charadriiformes,Alcidae,Uria,Common murre,,,free,Escherichia coli O157:H7,EHEC,,feces,yes,no,,,ND,31,NA,,,NA,NA,NA,,,NA,NA,,Data had to be compiled from all over the place in the article,response to oil spill,NA,NA,NA,NA,NA,NA,NA,NA,Low,1
Siembieda et al.,2011,Siembieda et al. 2011,yes,Google Scholar,"USA, California, San Francisco Bay",yes,North America,"Culture, Standard Method",Conventional,NA,NA,,<5 g,Animal,Bird,Anseriformes,Anatidae,,,,Scaup and scoter ,free,Escherichia coli O157:H7,EHEC,,feces,yes,no,,,ND,6,NA,,,NA,NA,NA,,,NA,NA,,Data had to be compiled from all over the place in the article,response to oil spill,NA,NA,NA,NA,NA,NA,NA,NA,Low,1
Siembieda et al.,2011,Siembieda et al. 2011,yes,Google Scholar,"USA, California, San Francisco Bay",yes,North America,"Culture, Standard Method",Conventional,NA,NA,,<5 g,Animal,Bird,Charadriiformes,Laridae,Larus,Glaucous-winged gull ,Larus glaucescens,,free,Escherichia coli O157:H7,EHEC,,feces,yes,no,,,ND,1,NA,,,NA,NA,NA,,,NA,NA,,Data had to be compiled from all over the place in the article,response to oil spill,NA,NA,NA,NA,NA,NA,NA,NA,Low,1
Siembieda et al.,2011,Siembieda et al. 2011,yes,Google Scholar,"USA, California, San Francisco Bay",yes,North America,"Culture, Standard Method",Conventional,NA,NA,,<5 g,Animal,Bird,Strigiformes,Strigidae,Bubo,Great horned owl,,,free,Escherichia coli O157:H7,EHEC,,feces,yes,no,,,ND,6,NA,,,NA,NA,NA,,,NA,NA,,Data had to be compiled from all over the place in the article,response to oil spill,NA,NA,NA,NA,NA,NA,NA,NA,Low,1
Siembieda et al.,2011,Siembieda et al. 2011,yes,Google Scholar,"USA, California, San Francisco Bay",yes,North America,"Culture, Standard Method",Conventional,NA,NA,,<5 g,Animal,Bird,Podicipediformes,Podicipedidae,,,,Eared and Western Grebe,free,Escherichia coli O157:H7,EHEC,,feces,yes,no,,,ND,3,NA,,,NA,NA,NA,,,NA,NA,,Data had to be compiled from all over the place in the article,response to oil spill,NA,NA,NA,NA,NA,NA,NA,NA,Low,1
Siembieda et al.,2011,Siembieda et al. 2011,yes,Google Scholar,"USA, California, San Francisco Bay",yes,North America,"Culture, Standard Method",Conventional,NA,NA,,<5 g,Animal,Bird,Pelecaniformes,Ardeidae,Butorides,Green heron,Butorides virescens,,free,Escherichia coli O157:H7,EHEC,,feces,yes,no,,,ND,8,NA,,,NA,NA,NA,,,NA,NA,,Data had to be compiled from all over the place in the article,response to oil spill,NA,NA,NA,NA,NA,NA,NA,NA,Low,1
Siembieda et al.,2011,Siembieda et al. 2011,yes,Google Scholar,"USA, California, San Francisco Bay",yes,North America,"Culture, Standard Method",Conventional,NA,NA,,<5 g,Animal,Bird,Gaviiformes,Gaviidae,Gavia,,,"Common, Pacific, and red-throated loons ",free,Escherichia coli O157:H7,EHEC,,feces,yes,no,,,ND,9,NA,,,NA,NA,NA,,,NA,NA,,Data had to be compiled from all over the place in the article,response to oil spill,NA,NA,NA,NA,NA,NA,NA,NA,Low,1
Siembieda et al.,2011,Siembieda et al. 2011,yes,Google Scholar,"USA, California, San Francisco Bay",yes,North America,"Culture, Standard Method",Conventional,NA,NA,,<5 g,Animal,Bird,Anseriformes,Anatidae,Anas,Mallard ,,,free,Escherichia coli O157:H7,EHEC,,feces,yes,no,,,ND,12,NA,,,NA,NA,NA,,,NA,NA,,Data had to be compiled from all over the place in the article,response to oil spill,NA,NA,NA,NA,NA,NA,NA,NA,Low,1
Siembieda et al.,2011,Siembieda et al. 2011,yes,Google Scholar,"USA, California, San Francisco Bay",yes,North America,"Culture, Standard Method",Conventional,NA,NA,,<5 g,Animal,Bird,Columbiformes,Columbidae,Zenaida,Mourning dove,,,free,Escherichia coli O157:H7,EHEC,,feces,yes,no,,,ND,14,NA,,,NA,NA,NA,,,NA,NA,,Data had to be compiled from all over the place in the article,response to oil spill,NA,NA,NA,NA,NA,NA,NA,NA,Low,1
Siembieda et al.,2011,Siembieda et al. 2011,yes,Google Scholar,"USA, California, San Francisco Bay",yes,North America,"Culture, Standard Method",Conventional,NA,NA,,<5 g,Animal,Mammal,Carnivora,Procyonidae,Procyon,Raccoon,,,free,Escherichia coli O157:H7,EHEC,,feces,yes,no,,,ND,10,NA,,,NA,NA,NA,,,NA,NA,,Data had to be compiled from all over the place in the article,response to oil spill,NA,NA,NA,NA,NA,NA,NA,NA,Low,1
Siembieda et al.,2011,Siembieda et al. 2011,yes,Google Scholar,"USA, California, San Francisco Bay",yes,North America,"Culture, Standard Method",Conventional,NA,NA,,<5 g,Animal,Bird,Accipitriformes,Accipitridae,Buteo,Red-tailed hawk,Buteo˙jamaicensis,,free,Escherichia coli O157:H7,EHEC,,feces,yes,no,,,ND,5,NA,,,NA,NA,NA,,,NA,NA,,Data had to be compiled from all over the place in the article,response to oil spill,NA,NA,NA,NA,NA,NA,NA,NA,Low,1
Siembieda et al.,2011,Siembieda et al. 2011,yes,Google Scholar,"USA, California, San Francisco Bay",yes,North America,"Culture, Standard Method",Conventional,NA,NA,,<5 g,Animal,Bird,Anseriformes,Anatidae,Oxyura,Ruddy duck ,Oxyura˙jamaicensis,,free,Escherichia coli O157:H7,EHEC,,feces,yes,no,,,ND,5,NA,,,NA,NA,NA,,,NA,NA,,Data had to be compiled from all over the place in the article,response to oil spill,NA,NA,NA,NA,NA,NA,NA,NA,Low,1
Siembieda et al.,2011,Siembieda et al. 2011,yes,Google Scholar,"USA, California, San Francisco Bay",yes,North America,"Culture, Standard Method",Conventional,NA,NA,,<5 g,Animal,Bird,Pelecaniformes,Ardeidae,Egretta,Snowy egret,Egretta thula,,free,Escherichia coli O157:H7,EHEC,,feces,yes,no,,,ND,7,NA,,,NA,NA,NA,,,NA,NA,,Data had to be compiled from all over the place in the article,response to oil spill,NA,NA,NA,NA,NA,NA,NA,NA,Low,1
Siembieda et al.,2011,Siembieda et al. 2011,yes,Google Scholar,"USA, California, San Francisco Bay",yes,North America,"Culture, Standard Method",Conventional,NA,NA,,<5 g,Animal,Bird,Procellariiformes,Procellariidae,Puffinus,Sooty shearwater ,Puffinus griseus,,free,Escherichia coli O157:H7,EHEC,,feces,yes,no,,,ND,1,NA,,,NA,NA,NA,,,NA,NA,,Data had to be compiled from all over the place in the article,response to oil spill,NA,NA,NA,NA,NA,NA,NA,NA,Low,1
Siembieda et al.,2011,Siembieda et al. 2011,yes,Google Scholar,"USA, California, San Francisco Bay",yes,North America,"Culture, Standard Method",Conventional,NA,NA,,<5 g,Animal,Bird,Anseriformes,Anatidae,Melanitta,Surf scoter,Melanitta˙perspicillata,,free,Escherichia coli O157:H7,EHEC,,feces,yes,no,,,ND,8,NA,,,NA,NA,NA,,,NA,NA,,Data had to be compiled from all over the place in the article,response to oil spill,NA,NA,NA,NA,NA,NA,NA,NA,Low,1
Siembieda et al.,2011,Siembieda et al. 2011,yes,Google Scholar,"USA, California, San Francisco Bay",yes,North America,"Culture, Standard Method",Conventional,NA,NA,,<5 g,Animal,Bird,Accipitriformes,Cathartidae,Cathartes,Turkey vulture,Cathartes aura,,free,Escherichia coli O157:H7,EHEC,,feces,yes,no,,,ND,3,NA,,,NA,NA,NA,,,NA,NA,,Data had to be compiled from all over the place in the article,response to oil spill,NA,NA,NA,NA,NA,NA,NA,NA,Low,1
Siembieda et al.,2011,Siembieda et al. 2011,yes,Google Scholar,"USA, California, San Francisco Bay",yes,North America,"Culture, Standard Method",Conventional,NA,NA,,<5 g,Animal,Mammal,Didelphimorphia,Didelphidae,Didelphis,Virginia opossum,Didelphis˙virginiana,,free,Escherichia coli O157:H7,EHEC,,feces,yes,no,,,ND,12,NA,,,NA,NA,NA,,,NA,NA,,Data had to be compiled from all over the place in the article,response to oil spill,NA,NA,NA,NA,NA,NA,NA,NA,Low,1
Siembieda et al.,2011,Siembieda et al. 2011,yes,Google Scholar,"USA, California, San Francisco Bay",yes,North America,"Culture, Standard Method",Conventional,NA,NA,,<5 g,Animal,Bird,Gruiformes,Rallidae,Rallus,Virginia rail,Rallus limicola,,free,Escherichia coli O157:H7,EHEC,,feces,yes,no,,,ND,1,NA,,,NA,NA,NA,,,NA,NA,,Data had to be compiled from all over the place in the article,response to oil spill,NA,NA,NA,NA,NA,NA,NA,NA,Low,1
Siembieda et al.,2011,Siembieda et al. 2011,yes,Google Scholar,"USA, California, San Francisco Bay",yes,North America,"Culture, Standard Method",Conventional,NA,NA,,<5 g,Animal,Bird,Podicipedidae,Aechmophorus,Aechmophoru,Western grebe,,,free,Escherichia coli O157:H7,EHEC,,feces,yes,no,,,ND,11,NA,,,NA,NA,NA,,,NA,NA,,Data had to be compiled from all over the place in the article,response to oil spill,NA,NA,NA,NA,NA,NA,NA,NA,Low,1
Siembieda et al.,2011,Siembieda et al. 2011,yes,Google Scholar,"USA, California, San Francisco Bay",yes,North America,"Culture, Standard Method",Conventional,NA,NA,,<5 g,Animal,Bird,Charadriiformes,Laridae,Larus,Western gull,Larus˙occidentalis,,free,Escherichia coli O157:H7,EHEC,,feces,yes,no,,,ND,7,NA,,,NA,NA,NA,,,NA,NA,,Data had to be compiled from all over the place in the article,response to oil spill,NA,NA,NA,NA,NA,NA,NA,NA,Low,1
Siembieda et al.,2011,Siembieda et al. 2011,yes,Google Scholar,"USA, California, San Francisco Bay",yes,North America,"Culture, Standard Method",Conventional,NA,NA,,<5 g,Animal,Bird,Strigidae,Striginae,Megascops,Western screech owl,,,free,Escherichia coli O157:H7,EHEC,,feces,yes,no,,,ND,3,NA,,,NA,NA,NA,,,NA,NA,,Data had to be compiled from all over the place in the article,response to oil spill,NA,NA,NA,NA,NA,NA,NA,NA,Low,1
Siembieda et al.,2011,Siembieda et al. 2011,yes,Google Scholar,"USA, California, San Francisco Bay",yes,North America,"Culture, Standard Method",Conventional,NA,NA,,<5 g,Animal,Bird,Passeriformes,Corvidae,Aphelocoma,Western scrub jay,,,free,Escherichia coli O157:H7,EHEC,,feces,yes,no,,,ND,12,NA,,,NA,NA,NA,,,NA,NA,,Data had to be compiled from all over the place in the article,response to oil spill,NA,NA,NA,NA,NA,NA,NA,NA,Low,1
Smith et al.,2020,Smith et al. 2020,yes,review,"USA, Washington/Oregon/California",yes,North America,"PCR (stx1, stx2, eaeA, hlyA,saa), QIAamp?
DNA stool mini kits",Molecular,NA,NA,,NA,Animal,Bird,,,,,,35 sepcies,free,Escherichia coli shiga toxin production,STEC,,feces,yes,no,,,1,2024,NA,,,NA,NA,NA,,,NA,NA,,,,NA,NA,NA,NA,NA,NA,NA,NA,Low,1
Sproston et al.,2006,Sproston et al. 2006,yes,Web of Science,"Scotland, Aberdeenshire",no,Europe,"PCR (vt1, vt2, and eae), immunomagnetic separation, plate culture",Molecular,NA,NA,,Pool slug,Animal,Gastropod,,,,,Deroceras reticulatum,slugs,free,Escherichia coli O157,EHEC,,whole Slug,yes,no,,,1,474,0.002140038,,,NA,NA,NA,,,NA,NA,,0.21% prevalence 4.92,Also has data on innoculated slugs.,NA,NA,NA,NA,NA,NA,NA,NA,Low,1
Steel et al.,2005,Steel et al. 2005,yes,Google Scholar,"USA, Califirnia/Washington, wildlife rehabilitation centers",yes,North America,"biochemical Outside lab (Gastroenteric Disease Center at Pennsylvania State University (University Park, Pennsylvania, USA)) broth and plate culture",Conventional,NA,NA,,swab,Animal,Bird,Charadriiformes,Alcidae,,,"Uria aalge, Cerorhinca monocerata","Common murre 26, Rhinoceros auklet 2",free,Escherichia coli,Escherichia coli,,cloacal swab,yes,no,,,24,28,NA,,,NA,NA,NA,,,NA,NA,,,,NA,NA,NA,NA,NA,NA,NA,NA,Very Low,0
Steel et al.,2005,Steel et al. 2005,yes,Google Scholar,"USA, Califirnia/Washington, wildlife rehabilitation centers",yes,North America,"biochemical Outside lab (Gastroenteric Disease Center at Pennsylvania State University (University Park, Pennsylvania, USA)) broth and plate culture",Conventional,NA,NA,,swab,Animal,Bird,,,,,"Gavia stellata, Gavia pacifica, Puffinus griseus, Phalacrocorax penicillatus, Mergus serrator","Red-throated loon 1, Pacific loon 1, Sooty shearwater 1, Brandt?s cormorant 2, Red-breasted merganser 1",free,Escherichia coli,Escherichia coli,,cloacal swab,yes,no,,,6,6,NA,,,NA,NA,NA,,,NA,NA,,,,NA,NA,NA,NA,NA,NA,NA,NA,Very Low,0
Steel et al.,2005,Steel et al. 2005,yes,Google Scholar,"USA, Califirnia/Washington, wildlife rehabilitation centers",yes,North America,"biochemical Outside lab (Gastroenteric Disease Center at Pennsylvania State University (University Park, Pennsylvania, USA)) broth and plate culture",Conventional,NA,NA,,swab,Animal,Bird,Podicipediformes,Podicipedidae,,,"Podiceps nigricollis, Podilymbus podiceps, Aechmophorus occidentalis","Eared grebe 1, Pied-billed grebe 4, Western grebe 1",free,Escherichia coli,Escherichia coli,,cloacal swab,yes,no,,,2,6,NA,,,NA,NA,NA,,,NA,NA,,,,NA,NA,NA,NA,NA,NA,NA,NA,Very Low,0
Steel et al.,2005,Steel et al. 2005,yes,Google Scholar,"USA, Califirnia/Washington, wildlife rehabilitation centers",yes,North America,"biochemical Outside lab (Gastroenteric Disease Center at Pennsylvania State University (University Park, Pennsylvania, USA)) broth and plate culture",Conventional,NA,NA,,swab,Animal,Bird,Charadriiformes,Laridae,,,"Larus delawarensis, Larus californicus, Larus argentatus, Larus thayeri, Larus occidentalis, Larus glaucescens)","Ring-billed gull 1, California gull 3, Thayer?s gull 3, Western gull 17, Glaucous-winged gull 16, other gull 6",free,Escherichia coli,Escherichia coli,,cloacal swab,yes,no,,,47,49,NA,,,NA,NA,NA,,,NA,NA,,,,NA,NA,NA,NA,NA,NA,NA,NA,Very Low,0
Stenkat et al.,2014,Stenkat et al. 2014,yes,Web of Science,"Germany,  Saxony, Nature Reserve Eschefelder Ponds",no,Europe,"Culture, BBL CRYSTAL E/NF ID panel",Conventional,Recovery 96.3 ?100%,NA,,swab,Animal,Bird,Passeriformes,Hirundinidae,Hirundo,Barn swallows,Hirundo rustica,,free,Escherichia coli,Escherichia coli,,Cloacal swab,yes,no,,,0,33,0,,,NA,NA,NA,,,NA,NA,,Also has phyrnx Swabs,,NA,NA,NA,NA,NA,NA,NA,NA,Very Low,0
Stenkat et al.,2014,Stenkat et al. 2014,yes,Web of Science,"Germany, Hamburg",no,Europe,"Culture, BBL CRYSTAL E/NF ID panel",Conventional,Recovery 96.3 ?100%,NA,,swab,Animal,Bird,Passeriformes,Acrocephalidae,Acrocephalus,Eurasian reed warbler,Acrocephalus scirpaceus,,free,Escherichia coli,Escherichia coli,,Cloacal swab,yes,no,,,2,14,0.143,,,NA,NA,NA,,,NA,NA,,Also has phyrnx Swabs,,NA,NA,NA,NA,NA,NA,NA,NA,Very Low,0
Stenkat et al.,2014,Stenkat et al. 2014,yes,Web of Science,"Germany,  Brandenburg, Unteres Odertal National Park",no,Europe,"Culture, BBL CRYSTAL E/NF ID panel",Conventional,Recovery 96.3 ?100%,NA,,swab,Animal,Bird,Suliformes,Phalacrocoracidae,Phalacrocorax,Great cormorant,Phalacrocorax carbo,,free,Escherichia coli,Escherichia coli,,Cloacal swab,yes,no,,,7,43,0.163,,,NA,NA,NA,,,NA,NA,,Also has phyrnx Swabs,,NA,NA,NA,NA,NA,NA,NA,NA,Very Low,0
Stenkat et al.,2014,Stenkat et al. 2014,yes,Web of Science,"Germany, Brandenburg, Werder (Havel)",no,Europe,"Culture, BBL CRYSTAL E/NF ID panel",Conventional,Recovery 96.3 ?100%,NA,,swab,Animal,Bird,Anseriformes,Anatidae,Cygnus,Mute swans,Cygnus olor,,free,Escherichia coli,Escherichia coli,,Cloacal swab,yes,no,,,4,15,0.267,,,NA,NA,NA,,,NA,NA,,Also has phyrnx Swabs,,NA,NA,NA,NA,NA,NA,NA,NA,Very Low,0
Stenkat et al.,2014,Stenkat et al. 2014,yes,Web of Science,"Germany, Mecklenburg-Vorpommern, Nature Reserve Peenetal",no,Europe,"Culture, BBL CRYSTAL E/NF ID panel",Conventional,Recovery 96.3 ?100%,NA,,swab,Animal,Bird,Gruiformes,Rallidae,Porzana,Spotted crake,Porzana porzana,,free,Escherichia coli,Escherichia coli,,Cloacal swab,yes,no,,,1,10,0.1,,,NA,NA,NA,,,NA,NA,,Also has phyrnx Swabs,,NA,NA,NA,NA,NA,NA,NA,NA,Very Low,0
Stenkat et al.,2014,Stenkat et al. 2014,yes,Web of Science,"Germany, Mecklenburg-Vorpommern, Nature Reserve Peenetal",no,Europe,"Culture, BBL CRYSTAL E/NF ID panel",Conventional,Recovery 96.3 ?100%,NA,,swab,Animal,Bird,Gruiformes,Rallidae,Rallus,Water rails ,Rallus aquaticus,,free,Escherichia coli,Escherichia coli,,Cloacal swab,yes,no,,,9,52,0.173,,,NA,NA,NA,,,NA,NA,,Also has phyrnx Swabs,,NA,NA,NA,NA,NA,NA,NA,NA,Very Low,0
Sulzner et al.,2014,Sulzner et al. 2014,yes,Google Scholar,"USA, California, University of California Landels-Hill Big Creek Reserve/Hopland Research and Extension Center ",yes,North America,culture broth and plate,Conventional,NA,NA,,swab,Animal,Bird,Accipitriformes,Cathartidae,Cathartes,Turkey vulture,Cathartes aura,,free,Escherichia coli,Escherichia coli,,Cloacal swab,yes,no,,,49,55,NA,,,NA,NA,NA,,,NA,NA,,,,NA,NA,NA,NA,NA,NA,NA,NA,Moderate,2
Tanaka et al.,2005,Tanaka et al. 2005,yes,review,Japan,no,Western Pacific,"Culture, slide agglutination",Immunologic,NA,NA,,2-3g,Animal,Bird,Columbiformes,Columbidae,Columba,Pigeon,Columba livia,,free,Escherichia coli O157,EHEC,,feces (dry and wet),yes,no,,,0,108,NA,,,NA,NA,NA,,,NA,NA,,,,NA,NA,NA,NA,NA,NA,NA,NA,High,3
Tanaka et al.,2005,Tanaka et al. 2005,yes,review,"Japan, Aichi",no,Western Pacific,"Culture, slide agglutination",Immunologic,NA,NA,,2-3g,Animal,Bird,Columbiformes,Columbidae,Columba,Pigeon,Columba livia,,free,Escherichia coli O157,EHEC,,feces (dry and wet),yes,no,,,0,14,NA,,,NA,NA,NA,,,NA,NA,,,,NA,NA,NA,NA,NA,NA,NA,NA,High,3
Tanaka et al.,2005,Tanaka et al. 2005,yes,review,"Japan, Gifu",no,Western Pacific,"Culture, slide agglutination",Immunologic,NA,NA,,2-3g,Animal,Bird,Columbiformes,Columbidae,Columba,Pigeon,Columba livia,,free,Escherichia coli O157,EHEC,,feces (dry and wet),yes,no,,,0,24,NA,,,NA,NA,NA,,,NA,NA,,,,NA,NA,NA,NA,NA,NA,NA,NA,High,3
Tanaka et al.,2005,Tanaka et al. 2005,yes,review,"Japan, Hiroshima",no,Western Pacific,"Culture, slide agglutination",Immunologic,NA,NA,,2-3g,Animal,Bird,Columbiformes,Columbidae,Columba,Pigeon,Columba livia,,free,Escherichia coli O157,EHEC,,feces (dry and wet),yes,no,,,0,1,NA,,,NA,NA,NA,,,NA,NA,,,,NA,NA,NA,NA,NA,NA,NA,NA,High,3
Tanaka et al.,2005,Tanaka et al. 2005,yes,review,"Japan, Hokkaido",no,Western Pacific,"Culture, slide agglutination",Immunologic,NA,NA,,2-3g,Animal,Bird,Columbiformes,Columbidae,Columba,Pigeon,Columba livia,,free,Escherichia coli O157,EHEC,,feces (dry and wet),yes,no,,,0,29,NA,,,NA,NA,NA,,,NA,NA,,,,NA,NA,NA,NA,NA,NA,NA,NA,High,3
Tanaka et al.,2005,Tanaka et al. 2005,yes,review,"Japan, Kanagawa",no,Western Pacific,"Culture, slide agglutination",Immunologic,NA,NA,,2-3g,Animal,Bird,Columbiformes,Columbidae,Columba,Pigeon,Columba livia,,free,Escherichia coli O157,EHEC,,feces (dry and wet),yes,no,,,0,1,NA,,,NA,NA,NA,,,NA,NA,,,,NA,NA,NA,NA,NA,NA,NA,NA,High,3
Tanaka et al.,2005,Tanaka et al. 2005,yes,review,"Japan, Osaka",no,Western Pacific,"Culture, slide agglutination",Immunologic,NA,NA,,2-3g,Animal,Bird,Columbiformes,Columbidae,Columba,Pigeon,Columba livia,,free,Escherichia coli O157,EHEC,,feces (dry and wet),yes,no,,,0,27,NA,,,NA,NA,NA,,,NA,NA,,,,NA,NA,NA,NA,NA,NA,NA,NA,High,3
Tanaka et al.,2005,Tanaka et al. 2005,yes,review,"Japan, Tokyo",no,Western Pacific,"Culture, slide agglutination",Immunologic,NA,NA,,2-3g,Animal,Bird,Columbiformes,Columbidae,Columba,Pigeon,Columba livia,,free,Escherichia coli O157,EHEC,,feces (dry and wet),yes,no,,,0,12,NA,,,NA,NA,NA,,,NA,NA,,,,NA,NA,NA,NA,NA,NA,NA,NA,High,3
Wahlstrom et al.,2003,Wahlstrom et al. 2003,yes,review,"Sweden, Oland, Oteby Bird Observatory",no,Europe,"PCR (VT2), immunomagnetic seperation",Molecular,NA,NA,,5g,Animal,Bird,Anseriformes,Anatidae,Branta,Canada goose,Branta canadensis,,free,Escherichia coli O157 verocytotoxin producing,EHEC,,feces (squeezed out of hunted animals),yes,no,,,ND,105,0,,,NA,NA,NA,,,NA,NA,,calculated percentages for individual includes formulas),,NA,NA,NA,NA,NA,NA,NA,NA,Low,1
Wahlstrom et al.,2003,Wahlstrom et al. 2003,yes,review,"Sweden, Oland, Oteby Bird Observatory",no,Europe,"PCR (VT2), immunomagnetic seperation",Molecular,NA,NA,,5g,Animal,Bird,Charadriiformes,Laridae,,,"Larus argentatus, Larus canus, Larus marinus","90 herring, 6 black backed, 15 common",free,Escherichia coli O157 verocytotoxin producing,EHEC,,,yes,no,,,ND,111,0,,,NA,NA,NA,,,NA,NA,,calculated percentages for individual includes formulas),,NA,NA,NA,NA,NA,NA,NA,NA,Low,1
Weigler et al.,1988,Weigler et al. 1988,yes,Google Scholar,"Australia, Queensland, Redland Shire",no,Western Pacific,"microscope, biochemical, culture broth and plate",Conventional,NA,NA,,NA,Animal,Mammal,Diprotodontia,Phascolarctidae,Phascolarctos,Koala,Phascolarctos Cinereus,,free,Escherichia coli,Escherichia coli,,urogenetal swab,yes,no,,,26,65,NA,,,NA,NA,NA,,,NA,NA,,,,NA,NA,NA,NA,NA,NA,NA,NA,Moderate,2
Wiese et al.,1977,Wiese et al. 1977,yes,review,"USA, Delaware, Wilmington, Pea Patch Island",yes,North America,"Standard method, culture broth and plate",Conventional,NA,NA,,NA,Animal,Bird,Pelecaniformes,Ardeidae,Bubulcus,Cattle egret,Bubulcus ibis,,free,Escherichia coli,Escherichia coli,,swab abdominal cavity,yes,no,,,1,9,0.11,,,NA,NA,NA,,,NA,NA,,Nestling,epidemic,NA,NA,NA,NA,NA,NA,NA,NA,Very Low,0
Wiese et al.,1977,Wiese et al. 1977,yes,review,"USA, Delaware, Wilmington, Pea Patch Island",yes,North America,"Standard method, culture broth and plate",Conventional,NA,NA,,NA,Animal,Bird,Pelecaniformes,Ardeidae,Egretta,Snowy egret,Egretta thula,,free,Escherichia coli,Escherichia coli,,swab abdominal cavity,yes,no,,,14,19,0.74,,,NA,NA,NA,,,NA,NA,,Nestling,epidemic,NA,NA,NA,NA,NA,NA,NA,NA,Very Low,0
Williams et al.,2011,Williams et al. 2011,yes,GS review,"USA, Ohio, dairy farm",yes,North America,"PCR (rfbE), latex agglutination, immunomagnetic separation,  culture broth and plate",Molecular,NA,NA,,NA,Animal,Bird,Passeriformes,Sturnidae,Sturnus,European starling,Sturnus vulgaris,,free,Escherichia coli O157:H7,EHEC,,intestinal content,yes,no,,,5,430,0.0116,,,NA,NA,NA,,,NA,NA,,,,NA,NA,NA,NA,NA,NA,NA,NA,Moderate,2
Winsor et al.,1981,Winsor et al. 1981,yes,review,"USA, Texas, Tom Green/Irion county",yes,North America,"biochemical testing, broth and plate culture",Conventional,NA,NA,,swab (variable),Animal,Bird,Accipitriformes,Cathartidae,Cathartes,Turkey vulture,Cathartes aura,,free,Escherichia coli,Escherichia coli,,"intestines tissue, hunted",yes,no,,,18,20,NA,,,NA,NA,NA,,,NA,NA,,,,NA,NA,NA,NA,NA,NA,NA,NA,Low,1
