Reference,Year,Full.Reference,peer.review,search,Location,USA,Global.Region,Method,Conventional..Molecular..or.Immunologic,MDL.ALOD.LOD,Below.MDL,MDL.units,Sample.Volume,kingdom,class,order,family,genius,Animal.common.name,Animal.Latin.Name,X,Free.captive,Pathogen1,Pathogen,medium,Presence,Enumerated,Enum.Stats,Censored.Data,Presence.Absence,Total,percent,Individual.Sample,Mean,Geometric.mean,Standard.deviation,Median,Min,Max,X95..low,X95..high,units,Notes,Notes.1,CenMedianLow,CenMedianHigh,CenMinLow,CenMinHigh,CenMaxLow,CenMaxHigh,log10mean,log10SD,GRADES,GRADES_Score
Ahmed et al. ,2019,Ahmed et al.  2019,yes,Web of Science,"Australia, South East Queensland ",no,Western Pacific,qPCR,Molecular,1000,half MDL,gene copies/g feces 2gene copies/reaction,200 mg,Animal,Mammal,Chiroptera,Pteropodidae,Pteropus,,,Flying fox (genus),free,Cryptosporidium parvum,Cryptosporidium parvum,feces,yes,no,StatsTotal,yes,0,14,,NA,<1000,NA,<1000,,<1000,<1000,<1000,<1000,gene copies/g feces,,,NA,NA,NA,NA,NA,NA,NA,NA,Moderate,2
Ahmed et al. ,2019,Ahmed et al.  2019,yes,Web of Science,"Australia, South East Queensland ",no,Western Pacific,qPCR,Molecular,1000,half MDL,gene copies/g feces 2gene copies/reaction,200 mg,Animal,Mammal,Psittaciformes,,,,,,free,Cryptosporidium parvum,Cryptosporidium parvum,feces,yes,no,StatsTotal,yes,0,10,,NA,<1000,NA,<1000,,<1000,<1000,<1000,<1000,gene copies/g feces,,,NA,NA,NA,NA,NA,NA,NA,NA,Moderate,2
Atwill et al.,2001,Atwill et al. 2001,yes,review,"USA, California, Kern County",yes,North America,immunoflourescent microscope,Conventional,6-20% recovery from spikes,NA,,NA,Animal,Mammal,Rodentia,Sciuridae,Otospermophilus,California ground squirrel,Spermophilus beecheyi,,free,Cryptosporidium parvum,Cryptosporidium parvum,feces (colon of dead squirrels),yes,yes,StatsTotal,no,49,309,,NA,8543,NA,45895,,,,,,oocysts/gram,average based on total squrills,Data also broken down by sex and age,NA,NA,NA,NA,NA,NA,NA,NA,High,3
"Binkley, L. E.",2015,"Binkley, L. E. 2015",Thesis,Google Scholar,"USA, Ohio, Columbus",yes,North America,"ELISA, biochemical, culture broth",Molecular,NA,NA,,5 g,Animal,Bird,Anseriformes,Anatidae,Branta,Canada goose,,,free,Cryptosporidium,Cryptosporidium,feces,yes,no,,,89,199,,NA,,NA,,,,,,,,,,NA,NA,NA,NA,NA,NA,NA,NA,High,3
Chalmers et al.,1994,Chalmers et al. 1994,yes,review,"UK, England, Warwickshire College Estate, Moreton Morrell (Stables and Farm)",no,Europe,"Microscope, stain",Conventional,NA,NA,,NA,Animal,Mammal,Rodentia,Muridae,Mus,House mouse,Mus musculus,,free,Cryptosporidium parvum,Cryptosporidium parvum,feces,yes,no,,,19,58,,NA,,NA,,,,,,,,,,NA,NA,NA,NA,NA,NA,NA,NA,Low,1
Chalmers et al.,1994,Chalmers et al. 1994,yes,review,"UK, England, Warwickshire College Estate, Moreton Morrell (Stables and Farm)",no,Europe,"Microscope, stain",Conventional,NA,NA,,NA,Animal,Mammal,Rodentia,Muridae,Mus,House mouse,Mus musculus,,free,Cryptosporidium muris,Cryptosporidium muris,feces,yes,no,,,15,58,,NA,,NA,,,,,,,,,,NA,NA,NA,NA,NA,NA,NA,NA,Low,1
Chalmers et al.,1997,Chalmers et al. 1997,yes,review,"UK, England, Warwickshire College Estate, Moreton Morrell",no,Europe,"Microscope, monoclonal antibody",Conventional,NA,NA,,NA,Animal,Mammal,Rodentia,Cricetidae,Myodes,Bank vole,Clethrionomys glareolus,,free,Cryptosporidium muris,Cryptosporidium muris,feces,yes,no,,,2,123,0.02,NA,,NA,,,,,,,,Broken down further from Fergison et al 2014,,NA,NA,NA,NA,NA,NA,NA,NA,High,3
Chalmers et al.,1997,Chalmers et al. 1997,yes,review,"UK, England, Warwickshire College Estate, Moreton Morrell",no,Europe,"Microscope, monoclonal antibody",Conventional,NA,NA,,NA,Animal,Mammal,Rodentia,Cricetidae,Myodes,Bank vole,Clethrionomys glareolus,,free,Cryptosporidium parvum,Cryptosporidium parvum,feces,yes,no,,,11,123,0.09,NA,,NA,,,,,,,,Broken down further from Fergison et al 2011,,NA,NA,NA,NA,NA,NA,NA,NA,High,3
Chalmers et al.,1997,Chalmers et al. 1997,yes,review,"UK, England, Warwickshire College Estate, Moreton Morrell",no,Europe,"Microscope, monoclonal antibody",Conventional,NA,NA,,NA,Animal,Mammal,Rodentia,Muridae,Mus,House mouse,Apodemus sylvaticus,,free,Cryptosporidium muris,Cryptosporidium muris,feces,yes,no,,,12,230,0.05,NA,,NA,,,,,,,,From Ferguson et al. 2009,,NA,NA,NA,NA,NA,NA,NA,NA,High,3
Chalmers et al.,1997,Chalmers et al. 1997,yes,review,"UK, England, Warwickshire College Estate, Moreton Morrell",no,Europe,"Microscope, monoclonal antibody",Conventional,NA,NA,,NA,Animal,Mammal,Rodentia,Muridae,Mus,House mouse,Mus domesticus,,free,Cryptosporidium muris,Cryptosporidium muris,feces,yes,no,,,24,242,0.1,NA,,NA,,,,,,,,From Ferguson et al. 2010,,NA,NA,NA,NA,NA,NA,NA,NA,High,3
Chalmers et al.,1997,Chalmers et al. 1997,yes,review,"UK, England, Warwickshire College Estate, Moreton Morrell",no,Europe,"Microscope, monoclonal antibody",Conventional,NA,NA,,NA,Animal,Mammal,Rodentia,Muridae,Mus,House mouse,Apodemus sylvaticus,,free,Cryptosporidium parvum,Cryptosporidium parvum,feces,yes,no,,,48,230,0.21,NA,,NA,,,,,,,,From Ferguson et al. 2011,,NA,NA,NA,NA,NA,NA,NA,NA,High,3
Chalmers et al.,1997,Chalmers et al. 1997,yes,review,"UK, England, Warwickshire College Estate, Moreton Morrell",no,Europe,"Microscope, monoclonal antibody",Conventional,NA,NA,,NA,Animal,Mammal,Rodentia,Muridae,Mus,House mouse,Mus domesticus,,free,Cryptosporidium parvum,Cryptosporidium parvum,feces,yes,no,,,53,242,0.22,NA,,NA,,,,,,,,From Ferguson et al. 2012,,NA,NA,NA,NA,NA,NA,NA,NA,High,3
Cox et al.,2005,Cox et al. 2005,yes,Web of Science,"Australia, Sydney Watershed",no,Western Pacific,immunomagnetic separation with microscope count,Conventional,15,NA,oocyst/g,0.5g,Animal,Mammal,Rodentia,Muridae,Rattus,Australian bush rat,Rattus fuscipes,,free,Cryptosporidium,Cryptosporidium,feces,yes,no,StatsTotal,yes,0,4,,NA,,NA,,<15,<15,<15,,,oocysts/g wet weight,29-69% recovery,MDL based on lowest recovery,NA,NA,NA,NA,NA,NA,NA,NA,Moderate,2
Cox et al.,2005,Cox et al. 2005,yes,Web of Science,"Australia, Sydney Watershed",no,Western Pacific,immunomagnetic separation with microscope count,Conventional,15,NA,oocyst/g,0.5g,Animal,Mammal,Dasyuromorphia,Dasyuridae,Antechinus,Brown antechinus,Antechinus stuartii,,free,Cryptosporidium,Cryptosporidium,feces,yes,no,StatsTotal,yes,0,3,,NA,,NA,,<15,<15,<15,,,oocysts/g wet weight,8-11% recovery,MDL based on lowest recovery,NA,NA,NA,NA,NA,NA,NA,NA,Moderate,2
Cox et al.,2005,Cox et al. 2005,yes,Web of Science,"Australia, Sydney Watershed",no,Western Pacific,immunomagnetic separation with microscope count,Conventional,15,NA,oocyst/g,0.5g,Animal,Mammal,Carnivora,Felidae,Felis,Cat,Felis catus,,free,Cryptosporidium,Cryptosporidium,feces,yes,no,StatsTotal,yes,0,1,,NA,,NA,,<15,,,,,oocysts/g wet weight,51% recovery,MDL based on lowest recovery,NA,NA,NA,NA,NA,NA,NA,NA,Moderate,2
Cox et al.,2005,Cox et al. 2005,yes,Web of Science,"Australia, Sydney Watershed",no,Western Pacific,immunomagnetic separation with microscope count,Conventional,15,NA,oocyst/g,0.5g,Animal,Mammal,Carnivora,Felidae,Felis,Cat,Felis catus,,free,Cryptosporidium,Cryptosporidium,feces,yes,yes,StatsTotal,yes,3,7,,NA,,NA,,<15,<15,17,,,oocysts/g wet weight,59-93% recovery,MDL based on lowest recovery,0,15,0,15,NA,NA,NA,NA,Moderate,2
Cox et al.,2005,Cox et al. 2005,yes,Web of Science,"Australia, Sydney Watershed",no,Western Pacific,immunomagnetic separation with microscope count,Conventional,15,NA,oocyst/g,0.5g,Animal,Mammal,Diprotodontia,Phalangeridae,Trichosurus,Common brushtail possum,Trichosurus vulpecula,,free,Cryptosporidium,Cryptosporidium,feces,yes,yes,StatsTotal,yes,2,2,,NA,,NA,,54,20,89,,,oocysts/g wet weight,41-61% recovery,MDL based on lowest recovery,NA,NA,NA,NA,NA,NA,NA,NA,Moderate,2
Cox et al.,2005,Cox et al. 2005,yes,Web of Science,"Australia, Sydney Watershed",no,Western Pacific,immunomagnetic separation with microscope count,Conventional,15,NA,oocyst/g,0.5g,Animal,Bird,Anseriformes,Anatidae,Chenonetta,Mained duck,Chenonetta jubata,,free,Cryptosporidium,Cryptosporidium,feces,yes,no,StatsTotal,yes,0,9,,NA,,NA,,<15,<15,<15,,,oocysts/g wet weight,27-68% recovery,MDL based on lowest recovery,NA,NA,NA,NA,NA,NA,NA,NA,Moderate,2
Cox et al.,2005,Cox et al. 2005,yes,Web of Science,"Australia, Sydney Watershed",no,Western Pacific,immunomagnetic separation with microscope count,Conventional,15,NA,oocyst/g,0.5g,Animal,Mammal,Diprotodontia,Macropodidae,Wallabia,Swamp wallaby,Wallabia bicolor,,free,Cryptosporidium,Cryptosporidium,feces,yes,no,StatsTotal,yes,0,10,,NA,,NA,,<15,<15,<15,,,oocysts/g wet weight,32-87%,MDL based on lowest recovery,NA,NA,NA,NA,NA,NA,NA,NA,Moderate,2
Ebani et al.,2021,Ebani et al. 2021,yes,Web of Science,"Italy, Central Italy",no,Europe,"PCR (outcryF/outcry R 1326 bp, incryF/incryR 826-864 bp)",Molecular,NA,NA,,25 mg,Animal,Bird,Falconiformes,Falconidae,Falco,Common kestrel,Falco tinninculus,,free,Cryptosporidium spp. ,Cryptosporidium,feces,yes,no,,,0,3,,NA,,NA,,,,,,,,,,NA,NA,NA,NA,NA,NA,NA,NA,Low,1
Ebani et al.,2021,Ebani et al. 2021,yes,Web of Science,"Italy, Central Italy",no,Europe,"PCR (outcryF/outcry R 1326 bp, incryF/incryR 826-864 bp)",Molecular,NA,NA,,25 mg,Animal,Bird,Anseriformes,Anatidae,Tadorna,Common shelduck,Tadorna tadorna,,free,Cryptosporidium spp. ,Cryptosporidium,feces,yes,no,,,0,3,,NA,,NA,,,,,,,,,,NA,NA,NA,NA,NA,NA,NA,NA,Low,1
Ebani et al.,2021,Ebani et al. 2021,yes,Web of Science,"Italy, Central Italy",no,Europe,"PCR (outcryF/outcry R 1326 bp, incryF/incryR 826-864 bp)",Molecular,NA,NA,,25 mg,Animal,Bird,Columbiformes,Columbinae,Columba,Common wood pigeon,Columba palumbus,,free,Cryptosporidium spp. ,Cryptosporidium,feces,yes,no,,,0,1,,NA,,NA,,,,,,,,,,NA,NA,NA,NA,NA,NA,NA,NA,Low,1
Ebani et al.,2021,Ebani et al. 2021,yes,Web of Science,"Italy, Central Italy",no,Europe,"PCR (outcryF/outcry R 1326 bp, incryF/incryR 826-864 bp)",Molecular,NA,NA,,25 mg,Animal,Bird,Gruiformes,Rallidae,Fulica,Eurasian coot,Fulica atra,,free,Cryptosporidium spp. ,Cryptosporidium,feces,yes,no,,,0,1,,NA,,NA,,,,,,,,,,NA,NA,NA,NA,NA,NA,NA,NA,Low,1
Ebani et al.,2021,Ebani et al. 2021,yes,Web of Science,"Italy, Central Italy",no,Europe,"PCR (outcryF/outcry R 1326 bp, incryF/incryR 826-864 bp)",Molecular,NA,NA,,25 mg,Animal,Bird,Accipitriformes,Accipitridae,Accipiter,Eurasian sparrowhawk,Accipiter nisus,,free,Cryptosporidium spp. ,Cryptosporidium,feces,yes,no,,,0,1,,NA,,NA,,,,,,,,,,NA,NA,NA,NA,NA,NA,NA,NA,Low,1
Ebani et al.,2021,Ebani et al. 2021,yes,Web of Science,"Italy, Central Italy",no,Europe,"PCR (outcryF/outcry R 1326 bp, incryF/incryR 826-864 bp)",Molecular,NA,NA,,25 mg,Animal,Bird,Anseriformes,Anatidae,Anas,Eurasian teal,Anas crecca,,free,Cryptosporidium spp. ,Cryptosporidium,feces,yes,no,,,0,22,,NA,,NA,,,,,,,,,,NA,NA,NA,NA,NA,NA,NA,NA,Low,1
Ebani et al.,2021,Ebani et al. 2021,yes,Web of Science,"Italy, Central Italy",no,Europe,"PCR (outcryF/outcry R 1326 bp, incryF/incryR 826-864 bp)",Molecular,NA,NA,,25 mg,Animal,Bird,Anseriformes,Anatidae,Mareca,Eurasian wigeon,Anas penelope,,free,Cryptosporidium spp. ,Cryptosporidium,feces,yes,no,,,0,11,,NA,,NA,,,,,,,,,,NA,NA,NA,NA,NA,NA,NA,NA,Low,1
Ebani et al.,2021,Ebani et al. 2021,yes,Web of Science,"Italy, Central Italy",no,Europe,"PCR (outcryF/outcry R 1326 bp, incryF/incryR 826-864 bp)",Molecular,NA,NA,,25 mg,Animal,Bird,Pelecaniformes,Ardeidae,Butorides,Green heron,Ardea cinerea,,free,Cryptosporidium spp. ,Cryptosporidium,feces,yes,no,,,0,2,,NA,,NA,,,,,,,,,,NA,NA,NA,NA,NA,NA,NA,NA,Low,1
Ebani et al.,2021,Ebani et al. 2021,yes,Web of Science,"Italy, Central Italy",no,Europe,"PCR (outcryF/outcry R 1326 bp, incryF/incryR 826-864 bp)",Molecular,NA,NA,,25 mg,Animal,Bird,Strigiformes,Strigidae,Athene,Little owl,Athene noctua ,,free,Cryptosporidium spp. ,Cryptosporidium,feces,yes,no,,,0,1,,NA,,NA,,,,,,,,,,NA,NA,NA,NA,NA,NA,NA,NA,Low,1
Ebani et al.,2021,Ebani et al. 2021,yes,Web of Science,"Italy, Central Italy",no,Europe,"PCR (outcryF/outcry R 1326 bp, incryF/incryR 826-864 bp)",Molecular,NA,NA,,25 mg,Animal,Bird,Anseriformes,Anatidae,Anas,Mallard,Anas platyrhynchos,,free,Cryptosporidium spp. ,Cryptosporidium,feces,yes,no,,,0,15,,NA,,NA,,,,,,,,,,NA,NA,NA,NA,NA,NA,NA,NA,Low,1
Ebani et al.,2021,Ebani et al. 2021,yes,Web of Science,"Italy, Central Italy",no,Europe,"PCR (outcryF/outcry R 1326 bp, incryF/incryR 826-864 bp)",Molecular,NA,NA,,25 mg,Animal,Bird,Anseriformes,Anatidae,Anas,Northern pintail,Anas acuta,,free,Cryptosporidium spp. ,Cryptosporidium,feces,yes,no,,,0,1,,NA,,NA,,,,,,,,,,NA,NA,NA,NA,NA,NA,NA,NA,Low,1
Ebani et al.,2021,Ebani et al. 2021,yes,Web of Science,"Italy, Central Italy",no,Europe,"PCR (outcryF/outcry R 1326 bp, incryF/incryR 826-864 bp)",Molecular,NA,NA,,25 mg,Animal,Bird,Anseriformes,Anatidae,Spatula,Northern shoveler ,Anas clypeata,,free,Cryptosporidium spp. ,Cryptosporidium,feces,yes,no,,,0,3,,NA,,NA,,,,,,,,,,NA,NA,NA,NA,NA,NA,NA,NA,Low,1
Ebani et al.,2021,Ebani et al. 2021,yes,Web of Science,"Italy, Central Italy",no,Europe,"PCR (outcryF/outcry R 1326 bp, incryF/incryR 826-864 bp)",Molecular,NA,NA,,25 mg,Animal,Bird,Falconiformes,Falconidae,Falco,Peregrine falcon, Falco peregrinus,,free,Cryptosporidium spp. ,Cryptosporidium,feces,yes,no,,,0,1,,NA,,NA,,,,,,,,,,NA,NA,NA,NA,NA,NA,NA,NA,Low,1
Ebani et al.,2021,Ebani et al. 2021,yes,Web of Science,"Italy, Central Italy",no,Europe,"PCR (outcryF/outcry R 1326 bp, incryF/incryR 826-864 bp)",Molecular,NA,NA,,25 mg,Animal,Bird,Columbiformes,Columbidae,Columba,Pigeon,Columba livia,,free,Cryptosporidium spp. ,Cryptosporidium,feces,yes,no,,,0,21,,NA,,NA,,,,,,,,,,NA,NA,NA,NA,NA,NA,NA,NA,Low,1
Ebani et al.,2021,Ebani et al. 2021,yes,Web of Science,"Italy, Central Italy",no,Europe,"PCR (outcryF/outcry R 1326 bp, incryF/incryR 826-864 bp)",Molecular,NA,NA,,25 mg,Animal,Bird,Charadriiformes,Laridae,Larus,Yellow legged gull,Larus michahellis,,free,Cryptosporidium spp. ,Cryptosporidium,feces,yes,no,,,0,35,,NA,,NA,,,,,,,,,,NA,NA,NA,NA,NA,NA,NA,NA,Low,1
Feng et al.,2007,Feng et al. 2007,yes,Google Scholar,"USA, New York, New York City/Catskill Couty/Deleware Couty/Croton County",yes,North America,"PCR (SSU rRNA gene 830, SspI and VspI)",Molecular,NA,NA,,0.2 ml,Animal,Mammal,Carnivora,Ursida,Ursus,American black bear,Ursus americanus,,free,Cryptosporidium,Cryptosporidium,"feces, intestines content, live, hunted and dead animals.",yes,no,,,ND,5,,NA,,NA,,,,,,,,,,NA,NA,NA,NA,NA,NA,NA,NA,Moderate,2
Feng et al.,2007,Feng et al. 2007,yes,Google Scholar,"USA, New York, New York City/Catskill Couty/Deleware Couty/Croton County",yes,North America,"PCR (SSU rRNA gene 830, SspI and VspI)",Molecular,NA,NA,,0.2 ml,Animal,Mammal,Carnivora,Mustelidae,Mustela,American mink,Mustela vison ,,free,Cryptosporidium,Cryptosporidium,"feces, intestines content, live, hunted and dead animals.",yes,no,,,1,4,,NA,,NA,,,,,,,,,,NA,NA,NA,NA,NA,NA,NA,NA,Moderate,2
Feng et al.,2007,Feng et al. 2007,yes,Google Scholar,"USA, New York, New York City/Catskill Couty/Deleware Couty/Croton County",yes,North America,"PCR (SSU rRNA gene 830, SspI and VspI)",Molecular,NA,NA,,0.2 ml,Animal,Mammal,Carnivora,Mustelidae,Mustela,American mink,Mustela vison ,,free,Cryptosporidium Mink genotype,Cryptosporidium (genotype),"feces, intestines content, live, hunted and dead animals.",yes,no,,,1,4,,NA,,NA,,,,,,,,,,NA,NA,NA,NA,NA,NA,NA,NA,Moderate,2
Feng et al.,2007,Feng et al. 2007,yes,Google Scholar,"USA, New York, New York City/Catskill Couty/Deleware Couty/Croton County",yes,North America,"PCR (SSU rRNA gene 830, SspI and VspI)",Molecular,NA,NA,,0.2 ml,Animal,Amphibia,Anura,Bufonidae,Anaxyrus,American toad,Bufo americanus,,free,Cryptosporidium,Cryptosporidium,"feces, intestines content, live, hunted and dead animals.",yes,no,,,ND,1,,NA,,NA,,,,,,,,,,NA,NA,NA,NA,NA,NA,NA,NA,Moderate,2
Feng et al.,2007,Feng et al. 2007,yes,Google Scholar,"USA, New York, New York City/Catskill Couty/Deleware Couty/Croton County",yes,North America,"PCR (SSU rRNA gene 830, SspI and VspI)",Molecular,NA,NA,,0.2 ml,Animal,Mammal,Rodentia,Muridae,Rattus,Brown rat,Rattus norvegicus,,free,Cryptosporidium,Cryptosporidium,"feces, intestines content, live, hunted and dead animals.",yes,no,,,ND,1,,NA,,NA,,,,,,,,,,NA,NA,NA,NA,NA,NA,NA,NA,Moderate,2
Feng et al.,2007,Feng et al. 2007,yes,Google Scholar,"USA, New York, New York City/Catskill Couty/Deleware Couty/Croton County",yes,North America,"PCR (SSU rRNA gene 830, SspI and VspI)",Molecular,NA,NA,,0.2 ml,Animal,Bird,Anseriformes,Anatidae,Branta,Canada goose,Branta canadensis ,,free,Cryptosporidium,Cryptosporidium,"feces, intestines content, live, hunted and dead animals.",yes,no,,,10,52,,NA,,NA,,,,,,,,,,NA,NA,NA,NA,NA,NA,NA,NA,Moderate,2
Feng et al.,2007,Feng et al. 2007,yes,Google Scholar,"USA, New York, New York City/Catskill Couty/Deleware Couty/Croton County",yes,North America,"PCR (SSU rRNA gene 830, SspI and VspI)",Molecular,NA,NA,,0.2 ml,Animal,Bird,Anseriformes,Anatidae,Branta,Canada goose,Branta canadensis ,,free,Cryptosporidium Goose genotypes II and I,Cryptosporidium (genotype),"feces, intestines content, live, hunted and dead animals.",yes,no,,,1,52,,NA,,NA,,,,,,,,,,NA,NA,NA,NA,NA,NA,NA,NA,Moderate,2
Feng et al.,2007,Feng et al. 2007,yes,Google Scholar,"USA, New York, New York City/Catskill Couty/Deleware Couty/Croton County",yes,North America,"PCR (SSU rRNA gene 830, SspI and VspI)",Molecular,NA,NA,,0.2 ml,Animal,Bird,Anseriformes,Anatidae,Branta,Canada goose,Branta canadensis ,,free,Cryptosporidium Goose genotype II,Cryptosporidium (genotype),"feces, intestines content, live, hunted and dead animals.",yes,no,,,2,52,,NA,,NA,,,,,,,,,,NA,NA,NA,NA,NA,NA,NA,NA,Moderate,2
Feng et al.,2007,Feng et al. 2007,yes,Google Scholar,"USA, New York, New York City/Catskill Couty/Deleware Couty/Croton County",yes,North America,"PCR (SSU rRNA gene 830, SspI and VspI)",Molecular,NA,NA,,0.2 ml,Animal,Bird,Anseriformes,Anatidae,Branta,Canada goose,Branta canadensis ,,free,Cryptosporidium Goose genotype I,Cryptosporidium (genotype),"feces, intestines content, live, hunted and dead animals.",yes,no,,,7,52,,NA,,NA,,,,,,,,,,NA,NA,NA,NA,NA,NA,NA,NA,Moderate,2
Feng et al.,2007,Feng et al. 2007,yes,Google Scholar,"USA, New York, New York City/Catskill Couty/Deleware Couty/Croton County",yes,North America,"PCR (SSU rRNA gene 830, SspI and VspI)",Molecular,NA,NA,,0.2 ml,Animal,Bird,Passeriformes,Hirundinidae,Petrochelidon,Cliff swallow,Petrochelidon pyrrhonota,,free,Cryptosporidium,Cryptosporidium,"feces, intestines content, live, hunted and dead animals.",yes,no,,,ND,25,,NA,,NA,,,,,,,,,,NA,NA,NA,NA,NA,NA,NA,NA,Moderate,2
Feng et al.,2007,Feng et al. 2007,yes,Google Scholar,"USA, New York, New York City/Catskill Couty/Deleware Couty/Croton County",yes,North America,"PCR (SSU rRNA gene 830, SspI and VspI)",Molecular,NA,NA,,0.2 ml,Animal,Mammal,Rodentia,Cricetidae,Peromyscus,Deer mouse,Peromyscus sp.,,free,Cryptosporidium,Cryptosporidium,"feces, intestines content, live, hunted and dead animals.",yes,no,,,57,177,,NA,,NA,,,,,,,,,,NA,NA,NA,NA,NA,NA,NA,NA,Moderate,2
Feng et al.,2007,Feng et al. 2007,yes,Google Scholar,"USA, New York, New York City/Catskill Couty/Deleware Couty/Croton County",yes,North America,"PCR (SSU rRNA gene 830, SspI and VspI)",Molecular,NA,NA,,0.2 ml,Animal,Mammal,Rodentia,Cricetidae,Peromyscus,Deer mouse,Peromyscus sp.,,free,Cryptosporidium Deer mouse genotypes I and II ,Cryptosporidium (genotype),"feces, intestines content, live, hunted and dead animals.",yes,no,,,1,177,,NA,,NA,,,,,,,,,,NA,NA,NA,NA,NA,NA,NA,NA,Moderate,2
Feng et al.,2007,Feng et al. 2007,yes,Google Scholar,"USA, New York, New York City/Catskill Couty/Deleware Couty/Croton County",yes,North America,"PCR (SSU rRNA gene 830, SspI and VspI)",Molecular,NA,NA,,0.2 ml,Animal,Mammal,Rodentia,Cricetidae,Peromyscus,Deer mouse,Peromyscus sp.,,free,Cryptosporidium meleagridis ,Cryptosporidium (genotype),"feces, intestines content, live, hunted and dead animals.",yes,no,,,1,177,,NA,,NA,,,,,,,,,,NA,NA,NA,NA,NA,NA,NA,NA,Moderate,2
Feng et al.,2007,Feng et al. 2007,yes,Google Scholar,"USA, New York, New York City/Catskill Couty/Deleware Couty/Croton County",yes,North America,"PCR (SSU rRNA gene 830, SspI and VspI)",Molecular,NA,NA,,0.2 ml,Animal,Mammal,Rodentia,Cricetidae,Peromyscus,Deer mouse,Peromyscus sp.,,free,Cryptosporidium W17,Cryptosporidium (genotype),"feces, intestines content, live, hunted and dead animals.",yes,no,,,1,177,,NA,,NA,,,,,,,,,,NA,NA,NA,NA,NA,NA,NA,NA,Moderate,2
Feng et al.,2007,Feng et al. 2007,yes,Google Scholar,"USA, New York, New York City/Catskill Couty/Deleware Couty/Croton County",yes,North America,"PCR (SSU rRNA gene 830, SspI and VspI)",Molecular,NA,NA,,0.2 ml,Animal,Mammal,Rodentia,Cricetidae,Peromyscus,Deer mouse,Peromyscus sp.,,free,Cryptosporidium W4,Cryptosporidium (genotype),"feces, intestines content, live, hunted and dead animals.",yes,no,,,1,177,,NA,,NA,,,,,,,,,,NA,NA,NA,NA,NA,NA,NA,NA,Moderate,2
Feng et al.,2007,Feng et al. 2007,yes,Google Scholar,"USA, New York, New York City/Catskill Couty/Deleware Couty/Croton County",yes,North America,"PCR (SSU rRNA gene 830, SspI and VspI)",Molecular,NA,NA,,0.2 ml,Animal,Mammal,Rodentia,Cricetidae,Peromyscus,Deer mouse,Peromyscus sp.,,free,Cryptosporidium W1 and deer mouse genotypes I and II ,Cryptosporidium (genotype),"feces, intestines content, live, hunted and dead animals.",yes,no,,,2,177,,NA,,NA,,,,,,,,,,NA,NA,NA,NA,NA,NA,NA,NA,Moderate,2
Feng et al.,2007,Feng et al. 2007,yes,Google Scholar,"USA, New York, New York City/Catskill Couty/Deleware Couty/Croton County",yes,North America,"PCR (SSU rRNA gene 830, SspI and VspI)",Molecular,NA,NA,,0.2 ml,Animal,Mammal,Rodentia,Cricetidae,Peromyscus,Deer mouse,Peromyscus sp.,,free,Cryptosporidium Deer mouse genotype,Cryptosporidium (genotype),"feces, intestines content, live, hunted and dead animals.",yes,no,,,10,177,,NA,,NA,,,,,,,,,,NA,NA,NA,NA,NA,NA,NA,NA,Moderate,2
Feng et al.,2007,Feng et al. 2007,yes,Google Scholar,"USA, New York, New York City/Catskill Couty/Deleware Couty/Croton County",yes,North America,"PCR (SSU rRNA gene 830, SspI and VspI)",Molecular,NA,NA,,0.2 ml,Animal,Mammal,Rodentia,Cricetidae,Peromyscus,Deer mouse,Peromyscus sp.,,free,Cryptosporidium W1,Cryptosporidium (genotype),"feces, intestines content, live, hunted and dead animals.",yes,no,,,20,177,,NA,,NA,,,,,,,,,,NA,NA,NA,NA,NA,NA,NA,NA,Moderate,2
Feng et al.,2007,Feng et al. 2007,yes,Google Scholar,"USA, New York, New York City/Catskill Couty/Deleware Couty/Croton County",yes,North America,"PCR (SSU rRNA gene 830, SspI and VspI)",Molecular,NA,NA,,0.2 ml,Animal,Mammal,Rodentia,Cricetidae,Peromyscus,Deer mouse,Peromyscus sp.,,free,Cryptosporidium W3,Cryptosporidium (genotype),"feces, intestines content, live, hunted and dead animals.",yes,no,,,21,177,,NA,,NA,,,,,,,,,,NA,NA,NA,NA,NA,NA,NA,NA,Moderate,2
Feng et al.,2007,Feng et al. 2007,yes,Google Scholar,"USA, New York, New York City/Catskill Couty/Deleware Couty/Croton County",yes,North America,"PCR (SSU rRNA gene 830, SspI and VspI)",Molecular,NA,NA,,0.2 ml,Animal,Bird,Suliformes,Phalacrocoracidae,Phalacrocorax,Double-crested cormorant,Phalacrocorax auritus,,free,Cryptosporidium,Cryptosporidium,"feces, intestines content, live, hunted and dead animals.",yes,no,,,ND,5,,NA,,NA,,,,,,,,,,NA,NA,NA,NA,NA,NA,NA,NA,Moderate,2
Feng et al.,2007,Feng et al. 2007,yes,Google Scholar,"USA, New York, New York City/Catskill Couty/Deleware Couty/Croton County",yes,North America,"PCR (SSU rRNA gene 830, SspI and VspI)",Molecular,NA,NA,,0.2 ml,Animal,Mammal,Rodentia,Sciuridae,Tamias,Eastern chipmunk,Tamias striatus,,free,Cryptosporidium,Cryptosporidium,"feces, intestines content, live, hunted and dead animals.",yes,no,,,4,7,,NA,,NA,,,,,,,,,,NA,NA,NA,NA,NA,NA,NA,NA,Moderate,2
Feng et al.,2007,Feng et al. 2007,yes,Google Scholar,"USA, New York, New York City/Catskill Couty/Deleware Couty/Croton County",yes,North America,"PCR (SSU rRNA gene 830, SspI and VspI)",Molecular,NA,NA,,0.2 ml,Animal,Mammal,Rodentia,Sciuridae,Tamias,Eastern chipmunk,Tamias striatus,,free,Cryptosporidium Chipmunk II,Cryptosporidium (genotype),"feces, intestines content, live, hunted and dead animals.",yes,no,,,1,7,,NA,,NA,,,,,,,,,,NA,NA,NA,NA,NA,NA,NA,NA,Moderate,2
Feng et al.,2007,Feng et al. 2007,yes,Google Scholar,"USA, New York, New York City/Catskill Couty/Deleware Couty/Croton County",yes,North America,"PCR (SSU rRNA gene 830, SspI and VspI)",Molecular,NA,NA,,0.2 ml,Animal,Mammal,Rodentia,Sciuridae,Tamias,Eastern chipmunk,Tamias striatus,,free,Cryptosporidium W17 ,Cryptosporidium (genotype),"feces, intestines content, live, hunted and dead animals.",yes,no,,,1,7,,NA,,NA,,,,,,,,,,NA,NA,NA,NA,NA,NA,NA,NA,Moderate,2
Feng et al.,2007,Feng et al. 2007,yes,Google Scholar,"USA, New York, New York City/Catskill Couty/Deleware Couty/Croton County",yes,North America,"PCR (SSU rRNA gene 830, SspI and VspI)",Molecular,NA,NA,,0.2 ml,Animal,Mammal,Rodentia,Sciuridae,Tamias,Eastern chipmunk,Tamias striatus,,free,Cryptosporidium W4 ,Cryptosporidium (genotype),"feces, intestines content, live, hunted and dead animals.",yes,no,,,2,7,,NA,,NA,,,,,,,,,,NA,NA,NA,NA,NA,NA,NA,NA,Moderate,2
Feng et al.,2007,Feng et al. 2007,yes,Google Scholar,"USA, New York, New York City/Catskill Couty/Deleware Couty/Croton County",yes,North America,"PCR (SSU rRNA gene 830, SspI and VspI)",Molecular,NA,NA,,0.2 ml,Animal,Mammal,Rodentia,Sciuridae,Sciurus,Eastern gray squirrel,Sciurus carolinensis,,free,Cryptosporidium,Cryptosporidium,"feces, intestines content, live, hunted and dead animals.",yes,no,,,12,33,,NA,,NA,,,,,,,,,,NA,NA,NA,NA,NA,NA,NA,NA,Moderate,2
Feng et al.,2007,Feng et al. 2007,yes,Google Scholar,"USA, New York, New York City/Catskill Couty/Deleware Couty/Croton County",yes,North America,"PCR (SSU rRNA gene 830, SspI and VspI)",Molecular,NA,NA,,0.2 ml,Animal,Mammal,Rodentia,Sciuridae,Sciurus,Eastern gray squirrel,Sciurus carolinensis,,free,Cryptosporidium muris,Cryptosporidium muris,"feces, intestines content, live, hunted and dead animals.",yes,no,,,1,33,,NA,,NA,,,,,,,,,,NA,NA,NA,NA,NA,NA,NA,NA,Moderate,2
Feng et al.,2007,Feng et al. 2007,yes,Google Scholar,"USA, New York, New York City/Catskill Couty/Deleware Couty/Croton County",yes,North America,"PCR (SSU rRNA gene 830, SspI and VspI)",Molecular,NA,NA,,0.2 ml,Animal,Mammal,Rodentia,Sciuridae,Sciurus,Eastern gray squirrel,Sciurus carolinensis,,free,Cryptosporidium W13 ,Cryptosporidium (genotype),"feces, intestines content, live, hunted and dead animals.",yes,no,,,1,33,,NA,,NA,,,,,,,,,,NA,NA,NA,NA,NA,NA,NA,NA,Moderate,2
Feng et al.,2007,Feng et al. 2007,yes,Google Scholar,"USA, New York, New York City/Catskill Couty/Deleware Couty/Croton County",yes,North America,"PCR (SSU rRNA gene 830, SspI and VspI)",Molecular,NA,NA,,0.2 ml,Animal,Mammal,Rodentia,Sciuridae,Sciurus,Eastern gray squirrel,Sciurus carolinensis,,free,Cryptosporidium W17 ,Cryptosporidium (genotype),"feces, intestines content, live, hunted and dead animals.",yes,no,,,1,33,,NA,,NA,,,,,,,,,,NA,NA,NA,NA,NA,NA,NA,NA,Moderate,2
Feng et al.,2007,Feng et al. 2007,yes,Google Scholar,"USA, New York, New York City/Catskill Couty/Deleware Couty/Croton County",yes,North America,"PCR (SSU rRNA gene 830, SspI and VspI)",Molecular,NA,NA,,0.2 ml,Animal,Mammal,Rodentia,Sciuridae,Sciurus,Eastern gray squirrel,Sciurus carolinensis,,free,Cryptosporidium W4 ,Cryptosporidium (genotype),"feces, intestines content, live, hunted and dead animals.",yes,no,,,3,33,,NA,,NA,,,,,,,,,,NA,NA,NA,NA,NA,NA,NA,NA,Moderate,2
Feng et al.,2007,Feng et al. 2007,yes,Google Scholar,"USA, New York, New York City/Catskill Couty/Deleware Couty/Croton County",yes,North America,"PCR (SSU rRNA gene 830, SspI and VspI)",Molecular,NA,NA,,0.2 ml,Animal,Mammal,Rodentia,Sciuridae,Sciurus,Eastern gray squirrel,Sciurus carolinensis,,free,Cryptosporidium W1 ,Cryptosporidium (genotype),"feces, intestines content, live, hunted and dead animals.",yes,no,,,5,33,,NA,,NA,,,,,,,,,,NA,NA,NA,NA,NA,NA,NA,NA,Moderate,2
Feng et al.,2007,Feng et al. 2007,yes,Google Scholar,"USA, New York, New York City/Catskill Couty/Deleware Couty/Croton County",yes,North America,"PCR (SSU rRNA gene 830, SspI and VspI)",Molecular,NA,NA,,0.2 ml,Animal,Mammal,Rodentia,Sciuridae,Sciurus,Eastern gray squirrel,Sciurus carolinensis,,free,Cryptosporidium parvum ,Cryptosporidium parvum,"feces, intestines content, live, hunted and dead animals.",yes,no,,,1,33,,NA,,NA,,,,,,,,,,NA,NA,NA,NA,NA,NA,NA,NA,Moderate,2
Feng et al.,2007,Feng et al. 2007,yes,Google Scholar,"USA, New York, New York City/Catskill Couty/Deleware Couty/Croton County",yes,North America,"PCR (SSU rRNA gene 830, SspI and VspI)",Molecular,NA,NA,,0.2 ml,Animal,Mammal,Rodentia,Sciuridae,Sciurus,Eurasian red squirrel,Sciurus vulgaris ,,free,Cryptosporidium,Cryptosporidium,"feces, intestines content, live, hunted and dead animals.",yes,no,,,1,2,,NA,,NA,,,,,,,,,,NA,NA,NA,NA,NA,NA,NA,NA,Moderate,2
Feng et al.,2007,Feng et al. 2007,yes,Google Scholar,"USA, New York, New York City/Catskill Couty/Deleware Couty/Croton County",yes,North America,"PCR (SSU rRNA gene 830, SspI and VspI)",Molecular,NA,NA,,0.2 ml,Animal,Mammal,Rodentia,Sciuridae,Sciurus,Eurasian red squirrel,Sciurus vulgaris ,,free,Cryptosporidium W4 ,Cryptosporidium (genotype),"feces, intestines content, live, hunted and dead animals.",yes,no,,,1,2,,NA,,NA,,,,,,,,,,NA,NA,NA,NA,NA,NA,NA,NA,Moderate,2
Feng et al.,2007,Feng et al. 2007,yes,Google Scholar,"USA, New York, New York City/Catskill Couty/Deleware Couty/Croton County",yes,North America,"PCR (SSU rRNA gene 830, SspI and VspI)",Molecular,NA,NA,,0.2 ml,Animal,Bird,Charadriiformes,Laridae,Larus,Great black-backed gull,Larus marinus ,,free,Cryptosporidium,Cryptosporidium,"feces, intestines content, live, hunted and dead animals.",yes,no,,,ND,1,,NA,,NA,,,,,,,,,,NA,NA,NA,NA,NA,NA,NA,NA,Moderate,2
Feng et al.,2007,Feng et al. 2007,yes,Google Scholar,"USA, New York, New York City/Catskill Couty/Deleware Couty/Croton County",yes,North America,"PCR (SSU rRNA gene 830, SspI and VspI)",Molecular,NA,NA,,0.2 ml,Animal,Mammal,Rodentia,Sciuridae,Marmota,Groundhog,Marmota monax ,,free,Cryptosporidium,Cryptosporidium,"feces, intestines content, live, hunted and dead animals.",yes,no,,,1,5,,NA,,NA,,,,,,,,,,NA,NA,NA,NA,NA,NA,NA,NA,Moderate,2
Feng et al.,2007,Feng et al. 2007,yes,Google Scholar,"USA, New York, New York City/Catskill Couty/Deleware Couty/Croton County",yes,North America,"PCR (SSU rRNA gene 830, SspI and VspI)",Molecular,NA,NA,,0.2 ml,Animal,Mammal,Rodentia,Sciuridae,Marmota,Groundhog,Marmota monax ,,free,Cryptosporidium W4 ,Cryptosporidium (genotype),"feces, intestines content, live, hunted and dead animals.",yes,no,,,1,5,,NA,,NA,,,,,,,,,,NA,NA,NA,NA,NA,NA,NA,NA,Moderate,2
Feng et al.,2007,Feng et al. 2007,yes,Google Scholar,"USA, New York, New York City/Catskill Couty/Deleware Couty/Croton County",yes,North America,"PCR (SSU rRNA gene 830, SspI and VspI)",Molecular,NA,NA,,0.2 ml,Animal,Bird,Charadriiformes,Laridae,Larus,Herring gull,Larus argentatus,,free,Cryptosporidium,Cryptosporidium,"feces, intestines content, live, hunted and dead animals.",yes,no,,,ND,8,,NA,,NA,,,,,,,,,,NA,NA,NA,NA,NA,NA,NA,NA,Moderate,2
Feng et al.,2007,Feng et al. 2007,yes,Google Scholar,"USA, New York, New York City/Catskill Couty/Deleware Couty/Croton County",yes,North America,"PCR (SSU rRNA gene 830, SspI and VspI)",Molecular,NA,NA,,0.2 ml,Animal,Mammal,Rodentia,Cricetidae,Microtus,Meadow vole,Microtus pennsylvanicus,,free,Cryptosporidium,Cryptosporidium,"feces, intestines content, live, hunted and dead animals.",yes,no,,,3,10,,NA,,NA,,,,,,,,,,NA,NA,NA,NA,NA,NA,NA,NA,Moderate,2
Feng et al.,2007,Feng et al. 2007,yes,Google Scholar,"USA, New York, New York City/Catskill Couty/Deleware Couty/Croton County",yes,North America,"PCR (SSU rRNA gene 830, SspI and VspI)",Molecular,NA,NA,,0.2 ml,Animal,Mammal,Rodentia,Cricetidae,Microtus,Meadow vole,Microtus pennsylvanicus,,free,Cryptosporidium W15,Cryptosporidium (genotype),"feces, intestines content, live, hunted and dead animals.",yes,no,,,1,10,,NA,,NA,,,,,,,,,,NA,NA,NA,NA,NA,NA,NA,NA,Moderate,2
Feng et al.,2007,Feng et al. 2007,yes,Google Scholar,"USA, New York, New York City/Catskill Couty/Deleware Couty/Croton County",yes,North America,"PCR (SSU rRNA gene 830, SspI and VspI)",Molecular,NA,NA,,0.2 ml,Animal,Mammal,Rodentia,Cricetidae,Microtus,Meadow vole,Microtus pennsylvanicus,,free,Cryptosporidium W16,Cryptosporidium (genotype),"feces, intestines content, live, hunted and dead animals.",yes,no,,,2,10,,NA,,NA,,,,,,,,,,NA,NA,NA,NA,NA,NA,NA,NA,Moderate,2
Feng et al.,2007,Feng et al. 2007,yes,Google Scholar,"USA, New York, New York City/Catskill Couty/Deleware Couty/Croton County",yes,North America,"PCR (SSU rRNA gene 830, SspI and VspI)",Molecular,NA,NA,,0.2 ml,Animal,Mammal,Rodentia,Cricetidae,Ondatra,Muskrat,Ondatrini zibethicus,,free,Cryptosporidium,Cryptosporidium,"feces, intestines content, live, hunted and dead animals.",yes,no,,,1,1,,NA,,NA,,,,,,,,,,NA,NA,NA,NA,NA,NA,NA,NA,Moderate,2
Feng et al.,2007,Feng et al. 2007,yes,Google Scholar,"USA, New York, New York City/Catskill Couty/Deleware Couty/Croton County",yes,North America,"PCR (SSU rRNA gene 830, SspI and VspI)",Molecular,NA,NA,,0.2 ml,Animal,Mammal,Rodentia,Cricetidae,Ondatra,Muskrat,Ondatrini zibethicus,,free,Cryptosporidium W7,Cryptosporidium (genotype),"feces, intestines content, live, hunted and dead animals.",yes,no,,,1,1,,NA,,NA,,,,,,,,,,NA,NA,NA,NA,NA,NA,NA,NA,Moderate,2
Feng et al.,2007,Feng et al. 2007,yes,Google Scholar,"USA, New York, New York City/Catskill Couty/Deleware Couty/Croton County",yes,North America,"PCR (SSU rRNA gene 830, SspI and VspI)",Molecular,NA,NA,,0.2 ml,Animal,Mammal,Rodentia,Castoridae,Castor,North american beaver,Castor canadensis ,,free,Cryptosporidium,Cryptosporidium,"feces, intestines content, live, hunted and dead animals.",yes,no,,,3,16,,NA,,NA,,,,,,,,,,NA,NA,NA,NA,NA,NA,NA,NA,Moderate,2
Feng et al.,2007,Feng et al. 2007,yes,Google Scholar,"USA, New York, New York City/Catskill Couty/Deleware Couty/Croton County",yes,North America,"PCR (SSU rRNA gene 830, SspI and VspI)",Molecular,NA,NA,,0.2 ml,Animal,Mammal,Rodentia,Castoridae,Castor,North american beaver,Castor canadensis ,,free,Cryptosporidium Beaver genotype,Cryptosporidium (genotype),"feces, intestines content, live, hunted and dead animals.",yes,no,,,1,16,,NA,,NA,,,,,,,,,,NA,NA,NA,NA,NA,NA,NA,NA,Moderate,2
Feng et al.,2007,Feng et al. 2007,yes,Google Scholar,"USA, New York, New York City/Catskill Couty/Deleware Couty/Croton County",yes,North America,"PCR (SSU rRNA gene 830, SspI and VspI)",Molecular,NA,NA,,0.2 ml,Animal,Mammal,Rodentia,Castoridae,Castor,North american beaver,Castor canadensis ,,free,Cryptosporidium W4 ,Cryptosporidium (genotype),"feces, intestines content, live, hunted and dead animals.",yes,no,,,2,16,,NA,,NA,,,,,,,,,,NA,NA,NA,NA,NA,NA,NA,NA,Moderate,2
Feng et al.,2007,Feng et al. 2007,yes,Google Scholar,"USA, New York, New York City/Catskill Couty/Deleware Couty/Croton County",yes,North America,"PCR (SSU rRNA gene 830, SspI and VspI)",Molecular,NA,NA,,0.2 ml,Animal,Mammal,Rodentia,Erethizontidae,Erethizon,Porcupine,Erethizon dorsatum,,free,Cryptosporidium,Cryptosporidium,"feces, intestines content, live, hunted and dead animals.",yes,no,,,ND,4,,NA,,NA,,,,,,,,,,NA,NA,NA,NA,NA,NA,NA,NA,Moderate,2
Feng et al.,2007,Feng et al. 2007,yes,Google Scholar,"USA, New York, New York City/Catskill Couty/Deleware Couty/Croton County",yes,North America,"PCR (SSU rRNA gene 830, SspI and VspI)",Molecular,NA,NA,,0.2 ml,Animal,Mammal,Carnivora,Procyonidae,Procyon,Raccoon,Procyon lotor,,free,Cryptosporidium,Cryptosporidium,"feces, intestines content, live, hunted and dead animals.",yes,no,,,4,21,,NA,,NA,,,,,,,,,,NA,NA,NA,NA,NA,NA,NA,NA,Moderate,2
Feng et al.,2007,Feng et al. 2007,yes,Google Scholar,"USA, New York, New York City/Catskill Couty/Deleware Couty/Croton County",yes,North America,"PCR (SSU rRNA gene 830, SspI and VspI)",Molecular,NA,NA,,0.2 ml,Animal,Mammal,Carnivora,Procyonidae,Procyon,Raccoon,Procyon lotor,,free,Cryptosporidium W4,Cryptosporidium (genotype),"feces, intestines content, live, hunted and dead animals.",yes,no,,,1,21,,NA,,NA,,,,,,,,,,NA,NA,NA,NA,NA,NA,NA,NA,Moderate,2
Feng et al.,2007,Feng et al. 2007,yes,Google Scholar,"USA, New York, New York City/Catskill Couty/Deleware Couty/Croton County",yes,North America,"PCR (SSU rRNA gene 830, SspI and VspI)",Molecular,NA,NA,,0.2 ml,Animal,Mammal,Carnivora,Procyonidae,Procyon,Raccoon,Procyon lotor,,free,Cryptosporidium W13,Cryptosporidium (genotype),"feces, intestines content, live, hunted and dead animals.",yes,no,,,3,21,,NA,,NA,,,,,,,,,,NA,NA,NA,NA,NA,NA,NA,NA,Moderate,2
Feng et al.,2007,Feng et al. 2007,yes,Google Scholar,"USA, New York, New York City/Catskill Couty/Deleware Couty/Croton County",yes,North America,"PCR (SSU rRNA gene 830, SspI and VspI)",Molecular,NA,NA,,0.2 ml,Animal,Bird,Charadriiformes,Laridae,Larus,Ring-billed gull,Larus delawarensis ,,free,Cryptosporidium,Cryptosporidium,"feces, intestines content, live, hunted and dead animals.",yes,no,,,ND,8,,NA,,NA,,,,,,,,,,NA,NA,NA,NA,NA,NA,NA,NA,Moderate,2
Feng et al.,2007,Feng et al. 2007,yes,Google Scholar,"USA, New York, New York City/Catskill Couty/Deleware Couty/Croton County",yes,North America,"PCR (SSU rRNA gene 830, SspI and VspI)",Molecular,NA,NA,,0.2 ml,Animal,Mammal,Carnivora,Mustelidae,Lontra,North american river otter,Lontra canadensis ,,free,Cryptosporidium,Cryptosporidium,"feces, intestines content, live, hunted and dead animals.",yes,no,,,1,8,,NA,,NA,,,,,,,,,,NA,NA,NA,NA,NA,NA,NA,NA,Moderate,2
Feng et al.,2007,Feng et al. 2007,yes,Google Scholar,"USA, New York, New York City/Catskill Couty/Deleware Couty/Croton County",yes,North America,"PCR (SSU rRNA gene 830, SspI and VspI)",Molecular,NA,NA,,0.2 ml,Animal,Mammal,Carnivora,Mustelidae,Lontra,North american river otter,Lontra canadensis ,,free,Cryptosporidium W13,Cryptosporidium (genotype),"feces, intestines content, live, hunted and dead animals.",yes,no,,,1,8,,NA,,NA,,,,,,,,,,NA,NA,NA,NA,NA,NA,NA,NA,Moderate,2
Feng et al.,2007,Feng et al. 2007,yes,Google Scholar,"USA, New York, New York City/Catskill Couty/Deleware Couty/Croton County",yes,North America,"PCR (SSU rRNA gene 830, SspI and VspI)",Molecular,NA,NA,,0.2 ml,Animal,Mammal,Soricomorpha,Soricidae,Blarina,Short-tailed shrew,Blarina brevicauda,,free,Cryptosporidium,Cryptosporidium,"feces, intestines content, live, hunted and dead animals.",yes,no,,,2,5,,NA,,NA,,,,,,,,,,NA,NA,NA,NA,NA,NA,NA,NA,Moderate,2
Feng et al.,2007,Feng et al. 2007,yes,Google Scholar,"USA, New York, New York City/Catskill Couty/Deleware Couty/Croton County",yes,North America,"PCR (SSU rRNA gene 830, SspI and VspI)",Molecular,NA,NA,,0.2 ml,Animal,Mammal,Soricomorpha,Soricidae,Blarina,Short-tailed shrew,Blarina brevicauda,,free,Cryptosporidium W2,Cryptosporidium (genotype),"feces, intestines content, live, hunted and dead animals.",yes,no,,,2,5,,NA,,NA,,,,,,,,,,NA,NA,NA,NA,NA,NA,NA,NA,Moderate,2
Feng et al.,2007,Feng et al. 2007,yes,Google Scholar,"USA, New York, New York City/Catskill Couty/Deleware Couty/Croton County",yes,North America,"PCR (SSU rRNA gene 830, SspI and VspI)",Molecular,NA,NA,,0.2 ml,Animal,Bird,Passeriformes,Passerellidae,Melospiza,Song sparrow,Melospiza melodia ,,free,Cryptosporidium,Cryptosporidium,"feces, intestines content, live, hunted and dead animals.",yes,no,,,ND,1,,NA,,NA,,,,,,,,,,NA,NA,NA,NA,NA,NA,NA,NA,Moderate,2
Feng et al.,2007,Feng et al. 2007,yes,Google Scholar,"USA, New York, New York City/Catskill Couty/Deleware Couty/Croton County",yes,North America,"PCR (SSU rRNA gene 830, SspI and VspI)",Molecular,NA,NA,,0.2 ml,Animal,Mammal,Rodentia,Sciuridae,Glaucomys,Southern flying squirrel,Glaucomys volans ,,free,Cryptosporidium,Cryptosporidium,"feces, intestines content, live, hunted and dead animals.",yes,no,,,ND,1,,NA,,NA,,,,,,,,,,NA,NA,NA,NA,NA,NA,NA,NA,Moderate,2
Feng et al.,2007,Feng et al. 2007,yes,Google Scholar,"USA, New York, New York City/Catskill Couty/Deleware Couty/Croton County",yes,North America,"PCR (SSU rRNA gene 830, SspI and VspI)",Molecular,NA,NA,,0.2 ml,Animal,Mammal,Rodentia,Cricetidae,Myodes,Southern red-backed vole,Myodes gapperi,,free,Cryptosporidium,Cryptosporidium,"feces, intestines content, live, hunted and dead animals.",yes,no,,,4,5,,NA,,NA,,,,,,,,,,NA,NA,NA,NA,NA,NA,NA,NA,Moderate,2
Feng et al.,2007,Feng et al. 2007,yes,Google Scholar,"USA, New York, New York City/Catskill Couty/Deleware Couty/Croton County",yes,North America,"PCR (SSU rRNA gene 830, SspI and VspI)",Molecular,NA,NA,,0.2 ml,Animal,Mammal,Rodentia,Cricetidae,Myodes,Southern red-backed vole,Myodes gapperi,,free,Cryptosporidium W7,Cryptosporidium (genotype),"feces, intestines content, live, hunted and dead animals.",yes,no,,,4,5,,NA,,NA,,,,,,,,,,NA,NA,NA,NA,NA,NA,NA,NA,Moderate,2
Feng et al.,2007,Feng et al. 2007,yes,Google Scholar,"USA, New York, New York City/Catskill Couty/Deleware Couty/Croton County",yes,North America,"PCR (SSU rRNA gene 830, SspI and VspI)",Molecular,NA,NA,,0.2 ml,Animal,Mammal,Carnivora,Mephitidae,Mephitis,Striped skunk,Mephitis mephitis ,,free,Cryptosporidium,Cryptosporidium,"feces, intestines content, live, hunted and dead animals.",yes,no,,,ND,2,,NA,,NA,,,,,,,,,,NA,NA,NA,NA,NA,NA,NA,NA,Moderate,2
Feng et al.,2007,Feng et al. 2007,yes,Google Scholar,"USA, New York, New York City/Catskill Couty/Deleware Couty/Croton County",yes,North America,"PCR (SSU rRNA gene 830, SspI and VspI)",Molecular,NA,NA,,0.2 ml,Animal,Mammal,Didelphimorphia,Didelphidae,Didelphis,Virginia opossum,Didelphis virginiana,,free,Cryptosporidium,Cryptosporidium,"feces, intestines content, live, hunted and dead animals.",yes,no,,,1,9,,NA,,NA,,,,,,,,,,NA,NA,NA,NA,NA,NA,NA,NA,Moderate,2
Feng et al.,2007,Feng et al. 2007,yes,Google Scholar,"USA, New York, New York City/Catskill Couty/Deleware Couty/Croton County",yes,North America,"PCR (SSU rRNA gene 830, SspI and VspI)",Molecular,NA,NA,,0.2 ml,Animal,Mammal,Didelphimorphia,Didelphidae,Didelphis,Virginia opossum,Didelphis virginiana,,free,Cryptosporidium W13,Cryptosporidium (genotype),"feces, intestines content, live, hunted and dead animals.",yes,no,,,1,9,,NA,,NA,,,,,,,,,,NA,NA,NA,NA,NA,NA,NA,NA,Moderate,2
Feng et al.,2007,Feng et al. 2007,yes,Google Scholar,"USA, New York, New York City/Catskill Couty/Deleware Couty/Croton County",yes,North America,"PCR (SSU rRNA gene 830, SspI and VspI)",Molecular,NA,NA,,0.2 ml,Animal,Mammal,Rodentia,Dipodidae,Napaeozapus,Woodland jumping mouse,Napaeozapus insignis ,,free,Cryptosporidium,Cryptosporidium,"feces, intestines content, live, hunted and dead animals.",yes,no,,,ND,1,,NA,,NA,,,,,,,,,,NA,NA,NA,NA,NA,NA,NA,NA,Moderate,2
Firth et al. ,2014,Firth et al.  2014,yes,Google Scholar,"USA, New York, New York City",yes,North America,PCR,Molecular,0.35x10^3 to 3.5x10^3 RNA copies or 3.5*10^7 after 40 cycles,NA,,NA,Animal,Mammal,Rodentia,Muridae,Rattus,Brown rat,Rattus norvegicus,,free,Cryptosporidium parvum,Cryptosporidium parvum,fecal pellet,yes,no,,,2,133,,NA,,NA,,,,,,,,,,NA,NA,NA,NA,NA,NA,NA,NA,Low,1
Heitman et al.,2002,Heitman et al. 2002,yes,review,"Canada, North Saskatchewan River Basin in Alberta",no,North America,"flotation, centrifuge, PCR KSU-1 992 bp, TSG 650?958 bp",Molecular,NA,NA,,NA,Animal,Bird,Anseriformes,Anatidae,Branta,Canada goose,,,free,Cryptosporidium spp. ,Cryptosporidium,feces,yes,no,,,0,57,0,NA,,NA,,,,,,,,More  information From Ferguson et al. 2009 ,,NA,NA,NA,NA,NA,NA,NA,NA,Low,1
Heitman et al.,2002,Heitman et al. 2002,yes,review,"Canada, North Saskatchewan River Basin in Alberta",no,North America,"flotation, centrifuge, PCR KSU-1 992 bp, TSG 650?958 bp",Molecular,NA,NA,,NA,Animal,Mammal,Carnivora,Felidae,Lynx,Canada lynx,,lynx,free,Cryptosporidium spp. ,Cryptosporidium,feces,yes,no,,,0,1,,NA,,NA,,,,,,,,,,NA,NA,NA,NA,NA,NA,NA,NA,Low,1
Heitman et al.,2002,Heitman et al. 2002,yes,review,"Canada, North Saskatchewan River Basin in Alberta",no,North America,"flotation, centrifuge, PCR KSU-1 992 bp, TSG 650?958 bp",Molecular,NA,NA,,NA,Animal,Mammal,Carnivora,Mustelidae,Pekania,Fisher,Pekania pennanti,,free,Cryptosporidium spp. ,Cryptosporidium,feces,yes,no,,,0,3,,NA,,NA,,,,,,,,,,NA,NA,NA,NA,NA,NA,NA,NA,Low,1
Heitman et al.,2002,Heitman et al. 2002,yes,review,"Canada, North Saskatchewan River Basin in Alberta",no,North America,"flotation, centrifuge, PCR KSU-1 992 bp, TSG 650?958 bp",Molecular,NA,NA,,NA,Animal,Bird,Anseriformes,Anatidae,Anser,Snow goose,Anser caerulescens,,free,Cryptosporidium spp. ,Cryptosporidium,feces,yes,no,,,0,20,,NA,,NA,,,,,,,,More  information From Ferguson et al. 2009 ,,NA,NA,NA,NA,NA,NA,NA,NA,Low,1
Heitman et al.,2002,Heitman et al. 2002,yes,review,"Canada, North Saskatchewan River Basin in Alberta",no,North America,"flotation, centrifuge, PCR KSU-1 992 bp, TSG 650?958 bp",Molecular,NA,NA,,NA,Animal,Bird,Galliformes,Phasianidae,,,,Grouse (family),free,Cryptosporidium spp. ,Cryptosporidium,feces,yes,no,,,0,50,,NA,,NA,,,,,,,,,,NA,NA,NA,NA,NA,NA,NA,NA,Low,1
Heitman et al.,2002,Heitman et al. 2002,yes,review,"Canada, North Saskatchewan River Basin in Alberta",no,North America,"flotation, centrifuge, PCR KSU-1 992 bp, TSG 650?958 bp",Molecular,NA,NA,,NA,Animal,Mammal,Carnivora,Mustelidae,Martes,,,Marten (genus),free,Cryptosporidium spp. ,Cryptosporidium,feces,yes,no,,,0,4,,NA,,NA,,,,,,,,,,NA,NA,NA,NA,NA,NA,NA,NA,Low,1
Heitman et al.,2002,Heitman et al. 2002,yes,review,"Canada, North Saskatchewan River Basin in Alberta",no,North America,"flotation, centrifuge, PCR KSU-1 992 bp, TSG 650?958 bp",Molecular,NA,NA,,NA,Animal,Mammal,Rodentia,,,,,Mouse (order),free,Cryptosporidium spp. ,Cryptosporidium,feces,yes,no,,,0,2,0,NA,,NA,,,,,,,,More  information From Ferguson et al. 2009 ,,NA,NA,NA,NA,NA,NA,NA,NA,Low,1
Heitman et al.,2002,Heitman et al. 2002,yes,review,"Canada, North Saskatchewan River Basin in Alberta",no,North America,"flotation, centrifuge, PCR KSU-1 992 bp, TSG 650?958 bp",Molecular,NA,NA,,NA,Animal,Mammal,Rodentia,Sciuridae,,,,Squirrel (family),free,Cryptosporidium spp. ,Cryptosporidium,feces,yes,no,,,0,15,0,NA,,NA,,,,,,,,More  information From Ferguson et al. 2009 ,,NA,NA,NA,NA,NA,NA,NA,NA,Low,1
Hill et al.,2008,Hill et al. 2008,yes,Google Scholar,"Australia, Sydney region",no,Western Pacific,"PCR (custom primers, 18SiCF2/18SiCR2 763-bp, 18SiF/18SiR 310-bp), paramagnetic beads conjugated with Cry104 ",Molecular,10-100 oocysts/g,NA,,0.1 g,Animal,Mammal,Diprotodontia,Phalangeridae,Trichosurus,Common brushtail possum,Trichosurus vulpecula,,Free,Cryptosporidium ,Cryptosporidium,feces,yes,no,,,16,151,,NA,,NA,,,,,,,,,,NA,NA,NA,NA,NA,NA,NA,NA,Moderate,2
Hill et al.,2008,Hill et al. 2008,yes,Google Scholar,"Australia, Blue Mountains, Jenolan Caves Reserve ",no,Western Pacific,"PCR (custom primers, 18SiCF2/18SiCR2 763-bp, 18SiF/18SiR 310-bp), paramagnetic beads conjugated with Cry103",Molecular,10-100 oocysts/g,NA,,0.1 g,Animal,Mammal,Diprotodontia,Phalangeridae,Trichosurus,Common brushtail possum,Trichosurus vulpecula,,Free,Cryptosporidium ,Cryptosporidium,feces,yes,no,,,1,18,,NA,10,NA,,,,,,,,(1 BTP1 genotype),,NA,NA,NA,NA,NA,NA,NA,NA,Moderate,2
Hill et al.,2008,Hill et al. 2008,yes,Google Scholar,"Australia, Sydney region",no,Western Pacific,Immunomagnetic separation with flow cytometery microscope count,Conventional,10,NA,oocyst/g,0.1 g,Animal,Mammal,Diprotodontia,Phalangeridae,Trichosurus,Common brushtail possum,Trichosurus vulpecula,,Free,Cryptosporidium ,Cryptosporidium,feces,yes,yes,Semiquantitative,yes,0,18,,NA,,NA,,,1000,10000,,,1000-10000 oocysts/g,distribution of oocysts in possums,,NA,NA,NA,NA,NA,NA,NA,NA,Moderate,2
Hill et al.,2008,Hill et al. 2008,yes,Google Scholar,"Australia, Sydney region",no,Western Pacific,Immunomagnetic separation with flow cytometery microscope count,Conventional,10,NA,oocyst/g,0.1 g,Animal,Mammal,Diprotodontia,Phalangeridae,Trichosurus,Common brushtail possum,Trichosurus vulpecula,,Free,Cryptosporidium ,Cryptosporidium,feces,yes,yes,Semiquantitative,yes,1,18,,NA,,NA,,,10000,100000,,,10000-100000 oocysts/g,distribution of oocysts in possums,,NA,NA,NA,NA,NA,NA,NA,NA,Moderate,2
Hill et al.,2008,Hill et al. 2008,yes,Google Scholar,"Australia, Sydney region",no,Western Pacific,Immunomagnetic separation with flow cytometery microscope count,Conventional,10,NA,oocyst/g,0.1 g,Animal,Mammal,Diprotodontia,Phalangeridae,Trichosurus,Common brushtail possum,Trichosurus vulpecula,,Free,Cryptosporidium ,Cryptosporidium,feces,yes,yes,Semiquantitative,yes,1,18,,NA,,NA,,,100,1000,,,100-1000 oocysts/g,distribution of oocysts in possums,,NA,NA,NA,NA,NA,NA,NA,NA,Moderate,2
Hill et al.,2008,Hill et al. 2008,yes,Google Scholar,"Australia, Sydney region",no,Western Pacific,Immunomagnetic separation with flow cytometery microscope count,Conventional,10,NA,oocyst/g,0.1 g,Animal,Mammal,Diprotodontia,Phalangeridae,Trichosurus,Common brushtail possum,Trichosurus vulpecula,,Free,Cryptosporidium ,Cryptosporidium,feces,yes,yes,Semiquantitative,yes,2,18,,NA,,NA,,,100000,1000000,,,100000-1000000 oocysts/g,distribution of oocysts in possums,,NA,NA,NA,NA,NA,NA,NA,NA,Moderate,2
Hill et al.,2008,Hill et al. 2008,yes,Google Scholar,"Australia, Sydney region",no,Western Pacific,Immunomagnetic separation with flow cytometery microscope count,Conventional,10,NA,oocyst/g,0.1 g,Animal,Mammal,Diprotodontia,Phalangeridae,Trichosurus,Common brushtail possum,Trichosurus vulpecula,,Free,Cryptosporidium ,Cryptosporidium,feces,yes,yes,Semiquantitative,yes,4,18,,NA,,NA,,,10,100,,,10-100 oocysts/g,distribution of oocysts in possums,,NA,NA,NA,NA,NA,NA,NA,NA,Moderate,2
Hill et al.,2008,Hill et al. 2008,yes,Google Scholar,"Australia, Sydney region",no,Western Pacific,Immunomagnetic separation with flow cytometery microscope count,Conventional,10,NA,oocyst/g,0.1 g,Animal,Mammal,Diprotodontia,Phalangeridae,Trichosurus,Common brushtail possum,Trichosurus vulpecula,,Free,Cryptosporidium ,Cryptosporidium,feces,yes,yes,Semiquantitative,yes,8,18,,NA,,NA,,,0,10,,,0-10 oocysts/g,distribution of oocysts in possums,,NA,NA,NA,NA,NA,NA,NA,NA,Moderate,2
Hill et al.,2008,Hill et al. 2008,yes,Google Scholar,"Austrialia, Mosman, Taronga Zoo",no,Western Pacific,Immunomagnetic separation with flow cytometery microscope count,Conventional,10,NA,oocyst/g,0.1 g,Animal,Mammal,Diprotodontia,Phalangeridae,Trichosurus,Common brushtail possum,Trichosurus vulpecula,,Free,Cryptosporidium ,Cryptosporidium,feces,yes,yes,StatsTotal,no,15,133,,NA,70581,NA,,25,,,,,oocysts/g positive samples,"(7 BTP1, 5 BTP2 genotype)",,NA,NA,NA,NA,NA,NA,NA,NA,Moderate,2
Jellison et al.,2004,Jellison et al. 2004,yes,review,"USA, New York, Illinoise, Massachusetts, Colrado, Virginia, Washington, Pennsylvania, Oklahoma",yes,North America,"PCR (CPB-DIAGF/CPB-DIAGR, 434-bp), immuniomagnetic seperation, centrifuge pellet ",Molecular,25 oocysts/g feces,NA,,1-3 g,Animal,Bird,Anseriformes,Anatidae,Branta,Canada goose,,,free,Cryptosporidium spp. ,Cryptosporidium,feces,yes,no,,,11,161,,NA,,NA,,,,,,,,Also seperated by location and geen sequence identified.,Detailed genetic information,NA,NA,NA,NA,NA,NA,NA,NA,High,3
Kilonzo et al.,2013,Kilonzo et al. 2013,yes,Web of Science,"USA, Central Coast, CA",yes,North America,"Microscope, immunofluorescence antibody",Conventional,NA,NA,,0.025-0.1g/rodent,Animal,Mammal,Rodentia,Cricetidae,Peromyscus,California deermouse,Peromyscus californicus,,free,Cryptosporidium,Cryptosporidium,feces,yes,no,,,4,38,,NA,,NA,,,,,,,,,,NA,NA,NA,NA,NA,NA,NA,NA,Moderate,2
Kilonzo et al.,2013,Kilonzo et al. 2013,yes,Web of Science,"USA, Central Coast, CA",yes,North America,"Microscope, immunofluorescence antibody",Conventional,NA,NA,,0.025-0.1g/rodent,Animal,Mammal,Rodentia,Sciuridae,Otospermophilus,California ground squirrel,Spermophilus beecheyi,,free,Cryptosporidium,Cryptosporidium,feces,yes,no,,,1,2,,NA,,NA,,,,,,,,,,NA,NA,NA,NA,NA,NA,NA,NA,Moderate,2
Kilonzo et al.,2013,Kilonzo et al. 2013,yes,Web of Science,"USA, Central Coast, CA",yes,North America,"Microscope, immunofluorescence antibody",Conventional,NA,NA,,0.025-0.1g/rodent,Animal,Mammal,Rodentia,Cricetidae,Peromyscus,Deer mouse,Peromyscus manicultus,,free,Cryptosporidium,Cryptosporidium,feces,yes,no,,,65,214,,NA,,NA,,,,,,,,,,NA,NA,NA,NA,NA,NA,NA,NA,Moderate,2
Kilonzo et al.,2013,Kilonzo et al. 2013,yes,Web of Science,"USA, Central Coast, CA",yes,North America,"Microscope, immunofluorescence antibody",Conventional,NA,NA,,0.025-0.1g/rodent,Animal,Mammal,Rodentia,Heteromyidae,Dipodomys,Heermann's kangaroo rat,Dipodomys heermani,,free,Cryptosporidium,Cryptosporidium,feces,yes,no,,,1,3,,NA,,NA,,,,,,,,,,NA,NA,NA,NA,NA,NA,NA,NA,Moderate,2
Kilonzo et al.,2013,Kilonzo et al. 2013,yes,Web of Science,"USA, Central Coast, CA",yes,North America,"Microscope, immunofluorescence antibody",Conventional,NA,NA,,0.025-0.1g/rodent,Animal,Mammal,Rodentia,Cricetidae,,,"Cricetidae (including  Peromyscus boylii, Peromyscus manicultus, Reithrodontomys megalotis, Microtus californicus, Peromyscus californicus, and Neotoma fuscipes)",,free,Cryptosporidium,Cryptosporidium,feces,yes,no,,,70,265,,NA,,NA,,,,,,,,,,NA,NA,NA,NA,NA,NA,NA,NA,Moderate,2
Kilonzo et al.,2013,Kilonzo et al. 2013,yes,Web of Science,"USA, Central Coast, CA",yes,North America,"Microscope, immunofluorescence antibody",Conventional,NA,NA,,0.025-0.1g/rodent,Animal,Mammal,Rodentia,Heteromyidae,,,Heteromyidae (including  Chaetodipus californicus and Dipodomys heermani),,free,Cryptosporidium,Cryptosporidium,feces,yes,no,,,1,7,,NA,,NA,,,,,,,,,,NA,NA,NA,NA,NA,NA,NA,NA,Moderate,2
Kilonzo et al.,2013,Kilonzo et al. 2013,yes,Web of Science,"USA, Central Coast, CA",yes,North America,"Microscope, immunofluorescence antibody",Conventional,NA,NA,,0.025-0.1g/rodent,Animal,Mammal,Rodentia,Muridae ,,,Muridae (including Mus musculus and Rattus norvegicus),,free,Cryptosporidium,Cryptosporidium,feces,yes,no,,,0,3,,NA,,NA,,,,,,,,,,NA,NA,NA,NA,NA,NA,NA,NA,Moderate,2
Kilonzo et al.,2013,Kilonzo et al. 2013,yes,Web of Science,"USA, Central Coast, CA",yes,North America,"Microscope, immunofluorescence antibody",Conventional,NA,NA,,0.025-0.1g/rodent,Animal,Mammal,Rodentia,,,,,Rodent (undefined),free,Cryptosporidium,Cryptosporidium,feces,yes,no,,,2,8,,NA,,NA,,,,,,,,,,NA,NA,NA,NA,NA,NA,NA,NA,Moderate,2
Kilonzo et al.,2013,Kilonzo et al. 2013,yes,Web of Science,"USA, Central Coast, CA",yes,North America,"Microscope, immunofluorescence antibody",Conventional,NA,NA,,0.025-0.1g/rodent,Animal,Mammal,Rodentia,Sciuridae,,,Sciuridae (including Spermophilus beecheyi),Squirrel (family),free,Cryptosporidium,Cryptosporidium,feces,yes,no,,,1,2,,NA,,NA,,,,,,,,,,NA,NA,NA,NA,NA,NA,NA,NA,Moderate,2
Kilonzo et al.,2017,Kilonzo et al. 2017,yes,Google Scholar,"USA, California, Monterey and San Benito County",yes,North America,direct immunofluorescent assay,Conventional,NA,NA,oocyst/g,proportional to weigh of feces pellet,Animal,Mammal,Rodentia,Cricetidae,Peromyscus,Deer mouse,Peromyscus manicultus,,free,Cryptosporidium spp.,Cryptosporidium,feces,no,yes,StatsTotal,no,63,208,,NA,126000000,NA,700000000,,,,,,oocysts/g feces,all samples.,"also broke down by sex, age, season and location",NA,NA,NA,NA,NA,NA,NA,NA,High,3
Kowalewski et al.,2011,Kowalewski et al. 2011,yes,Google Scholar,"Argentina, Cerrito/San Cayetano ",no,South America,"Microscope, Direct Immunofluorescent",Conventional,NA,NA,,NA,Animal,Mammal,Primates,Atelidae,Alouatta,Black howler,Alouatta caraya,,free,Cryptosporidium sp.,Cryptosporidium,feces,yes,no,,,ND,30,,NA,,NA,,,,,,,,,,NA,NA,NA,NA,NA,NA,NA,NA,High,3
Kowalewski et al.,2011,Kowalewski et al. 2011,yes,Google Scholar,"Argentina, Estacion Biologica Corrientes-Biological Field Station Corrientes",no,South America,"Microscope, Direct Immunofluorescent",Conventional,NA,NA,,NA,Animal,Mammal,Primates,Atelidae,Alouatta,Black howler,Alouatta caraya,,free,Cryptosporidium sp.,Cryptosporidium,feces,yes,no,,,ND,30,,NA,,NA,,,,,,,,,,NA,NA,NA,NA,NA,NA,NA,NA,High,3
Kowalewski et al.,2011,Kowalewski et al. 2011,yes,Google Scholar,"Argentina, Isla Brasilera",no,South America,"Microscope, Direct Immunofluorescent",Conventional,NA,NA,,NA,Animal,Mammal,Primates,Atelidae,Alouatta,Black howler,Alouatta caraya,Black and Gold Howler Monkeys,free,Cryptosporidium sp.,Cryptosporidium,feces,yes,no,,,ND,30,,NA,,NA,,,,,,,,,,NA,NA,NA,NA,NA,NA,NA,NA,High,3
Li et al.,2020,Li et al. 2020,yes,Google Scholar,"USA, Pacific Northwest",yes,North America,"PCR (nested 18S rRNA) direct immunofluorescence assay, immunomagnetic separation",Conventional,spike blank with 100 oocysts low recovery 2.2-31.5%,NA,,1-0.1 g,Animal,Mammal,Carnivora,Felidae,Lynx,Bobcat,Lynx rufus,,free,Cryptosporidium,Cryptosporidium,feces,yes,no,,,15,45,,NA,,NA,,,,,,,,,,NA,NA,NA,NA,NA,NA,NA,NA,Low,1
Li et al.,2020,Li et al. 2020,yes,Google Scholar,"USA, Pacific Northwest",yes,North America,"PCR (nested 18S rRNA) direct immunofluorescence assay, immunomagnetic separation",Conventional,spike blank with 100 oocysts low recovery 2.2-31.5%,NA,,1-0.1 g,Animal,Mammal,Rodentia,Cricetidae,Neotoma,Bushy-tailed woodrat,Neotoma cinerea,,free,Cryptosporidium,Cryptosporidium,feces,yes,no,,,3,20,,NA,,NA,,,,,,,,,,NA,NA,NA,NA,NA,NA,NA,NA,Low,1
Li et al.,2020,Li et al. 2020,yes,Google Scholar,"USA, Pacific Northwest",yes,North America,"PCR (nested 18S rRNA) direct immunofluorescence assay, immunomagnetic separation",Conventional,spike blank with 100 oocysts low recovery 2.2-31.5%,NA,,1-0.1 g,Animal,Bird,Anseriformes,Anatidae,Branta,Canada goose,Branta canadensis,,free,Cryptosporidium,Cryptosporidium,feces,yes,no,,,1,28,,NA,,NA,,,,,,,,,,NA,NA,NA,NA,NA,NA,NA,NA,Low,1
Li et al.,2020,Li et al. 2020,yes,Google Scholar,"USA, Pacific Northwest",yes,North America,"PCR (nested 18S rRNA) direct immunofluorescence assay, immunomagnetic separation",Conventional,spike blank with 100 oocysts low recovery 2.2-31.5%,NA,,1-0.1 g,Animal,Mammal,Carnivora,Felidae,Puma,Cougar,Puma concolor,,free,Cryptosporidium,Cryptosporidium,feces,yes,no,,,4,8,,NA,,NA,,,,,,,,,,NA,NA,NA,NA,NA,NA,NA,NA,Low,1
Li et al.,2020,Li et al. 2020,yes,Google Scholar,"USA, Pacific Northwest",yes,North America,"PCR (nested 18S rRNA) direct immunofluorescence assay, immunomagnetic separation",Conventional,spike blank with 100 oocysts low recovery 2.2-31.5%,NA,,1-0.1 g,Animal,Mammal,Rodentia,Cricetidae,Peromyscus,Deer mouse,Peromyscus maniculatus,,free,Cryptosporidium,Cryptosporidium,feces,yes,no,,,3,73,,NA,,NA,,,,,,,,,,NA,NA,NA,NA,NA,NA,NA,NA,Low,1
Li et al.,2020,Li et al. 2020,yes,Google Scholar,"USA, Pacific Northwest",yes,North America,"PCR (nested 18S rRNA) direct immunofluorescence assay, immunomagnetic separation",Conventional,spike blank with 100 oocysts low recovery 2.2-31.5%,NA,,1-0.1 g,Animal,Mammal,Rodentia,Sciuridae,Tamiasciurus,Douglas squirrel,Tamiasciurus douglasii,,free,Cryptosporidium,Cryptosporidium,feces,yes,no,,,ND,1,,NA,,NA,,,,,,,,,,NA,NA,NA,NA,NA,NA,NA,NA,Low,1
Li et al.,2020,Li et al. 2020,yes,Google Scholar,"USA, Pacific Northwest",yes,North America,"PCR (nested 18S rRNA) direct immunofluorescence assay, immunomagnetic separation",Conventional,spike blank with 100 oocysts low recovery 2.2-31.5%,NA,,1-0.1 g,Animal,Mammal,Rodentia,Cricetida,Microtus,Long-tailed vole,Microtus longicaudus,,free,Cryptosporidium,Cryptosporidium,feces,yes,no,,,ND,1,,NA,,NA,,,,,,,,,,NA,NA,NA,NA,NA,NA,NA,NA,Low,1
Li et al.,2020,Li et al. 2020,yes,Google Scholar,"USA, Pacific Northwest",yes,North America,"PCR (nested 18S rRNA) direct immunofluorescence assay, immunomagnetic separation",Conventional,spike blank with 100 oocysts low recovery 2.2-31.5%,NA,,1-0.1 g,Animal,Mammal,Rodentia,Aplodontiidae,Aplodontia,Mountain beaver,Aplodontia rufa,,free,Cryptosporidium,Cryptosporidium,feces,yes,no,,,4,10,,NA,,NA,,,,,,,,,,NA,NA,NA,NA,NA,NA,NA,NA,Low,1
Li et al.,2020,Li et al. 2020,yes,Google Scholar,"USA, Pacific Northwest",yes,North America,"PCR (nested 18S rRNA) direct immunofluorescence assay, immunomagnetic separation",Conventional,spike blank with 100 oocysts low recovery 2.2-31.5%,NA,,1-0.1 g,Animal,Mammal,Rodentia,Cricetidae,Arborimus,Red tree vole,Arborimus longicaudus,,free,Cryptosporidium,Cryptosporidium,feces,yes,no,,,ND,1,,NA,,NA,,,,,,,,,,NA,NA,NA,NA,NA,NA,NA,NA,Low,1
Li et al.,2020,Li et al. 2020,yes,Google Scholar,"USA, Pacific Northwest",yes,North America,"PCR (nested 18S rRNA) direct immunofluorescence assay, immunomagnetic separation",Conventional,spike blank with 100 oocysts low recovery 2.2-31.5%,NA,,1-0.1 g,Animal,Mammal,Carnivora,Mustelidae,Lontra,North american river otter,Lontra canadensis,,free,Cryptosporidium,Cryptosporidium,feces,yes,no,,,1,19,,NA,,NA,,,,,,,,,,NA,NA,NA,NA,NA,NA,NA,NA,Low,1
Li et al.,2020,Li et al. 2020,yes,Google Scholar,"USA, Pacific Northwest",yes,North America,"PCR (nested 18S rRNA) direct immunofluorescence assay, immunomagnetic separation",Conventional,spike blank with 100 oocysts low recovery 2.2-31.5%,NA,,1-0.1 g,Animal,Mammal,Rodentia,Sciuridae,Tamias,Townsend's chipmunk,Neotamias townsendii,,free,Cryptosporidium,Cryptosporidium,feces,yes,no,,,1,42,,NA,,NA,,,,,,,,,,NA,NA,NA,NA,NA,NA,NA,NA,Low,1
Li et al.,2020,Li et al. 2020,yes,Google Scholar,"USA, Pacific Northwest",yes,North America,"PCR (nested 18S rRNA) direct immunofluorescence assay, immunomagnetic separation",Conventional,spike blank with 100 oocysts low recovery 2.2-31.5%,NA,,1-0.1 g,Animal,Bird,Rodentia,Cricetidae,Microtus,Townsend's vole,Microtus townsendii,,free,Cryptosporidium,Cryptosporidium,feces,yes,no,,,ND,1,,NA,,NA,,,,,,,,,,NA,NA,NA,NA,NA,NA,NA,NA,Low,1
Li et al.,2020,Li et al. 2020,yes,Google Scholar,"USA, Pacific Northwest",yes,North America,"PCR (nested 18S rRNA) direct immunofluorescence assay, immunomagnetic separation",Conventional,spike blank with 100 oocysts low recovery 2.2-31.5%,NA,,1-0.1 g,Animal,Mammal,Soricomorpha,Soricidae,Sorex,Trowbridge's shrew,Sorex trowbridgii,,free,Cryptosporidium,Cryptosporidium,feces,yes,no,,,ND,7,,NA,,NA,,,,,,,,,,NA,NA,NA,NA,NA,NA,NA,NA,Low,1
Li et al.,2020,Li et al. 2020,yes,Google Scholar,"USA, Pacific Northwest",yes,North America,"PCR (nested 18S rRNA) direct immunofluorescence assay, immunomagnetic separation",Conventional,spike blank with 100 oocysts low recovery 2.2-31.5%,NA,,1-0.1 g,Animal,Mammal,Soricomorpha,Soricidae,Sorex,Vagrant shrew,Sorex vagrans,,free,Cryptosporidium,Cryptosporidium,feces,yes,no,,,ND,1,,NA,,NA,,,,,,,,,,NA,NA,NA,NA,NA,NA,NA,NA,Low,1
Li et al.,2020,Li et al. 2020,yes,Google Scholar,"USA, Pacific Northwest",yes,North America,"PCR (nested 18S rRNA) direct immunofluorescence assay, immunomagnetic separation",Conventional,spike blank with 100 oocysts low recovery 2.2-31.5%,NA,,1-0.1 g,Animal,Mammal,Carnivora,Mephitidae,Spilogale,Western spotted skunk,Spilogale gracilis,,free,Cryptosporidium,Cryptosporidium,feces,yes,no,,,1,2,,NA,,NA,,,,,,,,,,NA,NA,NA,NA,NA,NA,NA,NA,Low,1
Lohmus et al.,2013,Lohmus et al. 2013,yes,Google Scholar,"Sweden, Uppsala, rural dwellings",no,Europe,"immunofluorescence microscopy, Standard Method (methods Sweden National Veterinary Institute)",Conventional,NA,NA,,1 g,Animal,Mammal,Rodentia,Cricetidae,Myodes,Bank vole,Myodes glareolus),,free,Cryptosporidium sp.,Cryptosporidium,intestines content,yes,no,,,ND,9,,NA,,NA,,,,,,,,,,NA,NA,NA,NA,NA,NA,NA,NA,Low,1
Lohmus et al.,2013,Lohmus et al. 2013,yes,Google Scholar,"Sweden, Uppsala, rural dwellings",no,Europe,"immunofluorescence microscopy, Standard Method (methods Sweden National Veterinary Institute)",Conventional,NA,NA,,1 g,Animal,Mammal,Rodentia,Muridae,Mus,House mouse,Mus musculus,,free,Cryptosporidium sp.,Cryptosporidium,intestines content,yes,no,,,ND,2,,NA,,NA,,,,,,,,,,NA,NA,NA,NA,NA,NA,NA,NA,Low,1
Lohmus et al.,2013,Lohmus et al. 2013,yes,Google Scholar,"Sweden, Uppsala, rural dwellings",no,Europe,"immunofluorescence microscopy, Standard Method (methods Sweden National Veterinary Institute)",Conventional,NA,NA,,1 g,Animal,Mammal,Rodentia,Muridae,Apodemus,Wood mouse,Apodemus sylvaticus,,free,Cryptosporidium sp.,Cryptosporidium,intestines content,yes,no,,,1,9,,NA,,NA,,,,,,,,,,NA,NA,NA,NA,NA,NA,NA,NA,Low,1
Lohmus et al.,2013,Lohmus et al. 2013,yes,Google Scholar,"Sweden, Uppsala, rural dwellings",no,Europe,"immunofluorescence microscopy, Standard Method (methods Sweden National Veterinary Institute)",Conventional,NA,NA,,1 g,Animal,Mammal,Rodentia,Muridae,Apodemus,Yellow-necked mouse,Apodemus flavicollis,,free,Cryptosporidium sp.,Cryptosporidium,intestines content,yes,no,,,3,80,,NA,,NA,,,,,,,,,,NA,NA,NA,NA,NA,NA,NA,NA,Low,1
Lowenstein et al.,2020,Lowenstein et al. 2020,yes,Web of Science,"Ecuador, Yaruqui, Quito",no,South America,ELISA,Molecular,NA,NA,,NA,Animal,Mammal,Carnivora,Felidae,Felis,Cat,,,domestic,Cryptosporidium parvum,Cryptosporidium parvum,feces swab,yes,no,,,2,21,,NA,,NA,,,,,,,,,,NA,NA,NA,NA,NA,NA,NA,NA,Low,1
Masuda et al.,2021,Masuda et al. 2021,yes,Google Scholar,"Japan, Kanagawa Prefecture",no,Western Pacific,"(18SCR2, 18SCF2, 18SCF1, 18SCR1, 600 bp)",Molecular,NA,NA,,NA,Animal,Mammal,Rodentia,Sciuridae,Callosciurus,Pallas's squirrel,Callosciurus erythraeus,,free,Cryptosporidium ubiquitum,Cryptosporidium ubiquitum,feces from rectum of hunted animals,yes,no,,,18,423,,NA,,NA,,,,,,,," 18SCR2, 18SCF2, 18SCF1, 18SCR1, 600 bp",,NA,NA,NA,NA,NA,NA,NA,NA,High,3
McGlade et al.,2003,McGlade et al. 2003,yes,review,"Australia, Perth",no,Western Pacific,PCR ,Molecular,NA,NA,,2g,Animal,Mammal,Carnivora,Felidae,Felis,Cat,,,domestic,Cryptosporidium spp.,Cryptosporidium,feces (40 random of the 418),yes,no,,,4,40,0.1,NA,,NA,,,,,,,,From Ferguson et al. 2009,,NA,NA,NA,NA,NA,NA,NA,NA,High,3
McReynolds et al.,1999,McReynolds et al. 1999,yes,review,USA,yes,North America,ELISA,Immunologic,NA,NA,,NA,Animal,Mammal,Carnivora,Felidae,Felis,Cat,,,domestic,Cryptosporidium spp.,Cryptosporidium,blood serum,yes,no,,,50,600,0.083,NA,,NA,,,,,,, IgG antibody,From Ferguson et al. 2009,,NA,NA,NA,NA,NA,NA,NA,NA,Moderate,2
Medema,1999,Medema 1999,thesis,review,Netherlands,no,Europe,Microscope,Conventional,1,NA,oocyst/g,1 g,Animal,Bird,Charadriiformes,Laridae,Chroicocephalus,Black-headed gull,Larus ridibundus,,free,Cryptosporidium spp. ,Cryptosporidium,feces pooled,yes ,yes,StatsTotal,no,1,1,1,NA,8,NA,,,,,,,cyst/g (infected animal),"percent is the number of percent of positive animals, there is also data for positive pooled samples.",,NA,NA,NA,NA,NA,NA,NA,NA,Moderate,2
Medema,1999,Medema 1999,thesis,review,Netherlands,no,Europe,Microscope,Conventional,1,NA,oocyst/g,1 g,Animal,Bird,Accipitriformes,Accipitridae,Buteo,Common buzzard,Buteo buteo,,free,Cryptosporidium spp. ,Cryptosporidium,feces pooled,yes ,no,StatsTotal,no,0,1,0,NA,0,NA,,,,,,,cyst/g (infected animal),"percent is the number of percent of positive animals, there is also data for positive pooled samples.",,NA,NA,NA,NA,NA,NA,NA,NA,Moderate,2
Medema,1999,Medema 1999,thesis,review,Netherlands,no,Europe,Microscope,Conventional,1,NA,oocyst/g,1 g,Animal,Bird,Galliformes,Phasianidae,Phasianus,Common pheasant,Phasianus colchicus,,free,Cryptosporidium spp. ,Cryptosporidium,feces pooled,yes ,no,StatsTotal,no,0,2,0,NA,0,NA,,,,,,,cyst/g (infected animal),"percent is the number of percent of positive animals, there is also data for positive pooled samples.",2 individual 1 composite sample,NA,NA,NA,NA,NA,NA,NA,NA,Moderate,2
Medema,1999,Medema 1999,thesis,review,Netherlands,no,Europe,Microscope,Conventional,1,NA,oocyst/g,1 g,Animal,Bird,Anseriformes,Anatidae,Tadorna,Common shelduck,Tadorna tadorna,,free,Cryptosporidium spp. ,Cryptosporidium,feces pooled,yes ,yes,StatsTotal,no,1,44,0.023986085,NA,45.6,NA,,,,,,,cyst/g (infected animal),"percent is the number of percent of positive animals, there is also data for positive pooled samples.",44 individual 8 composite samples,NA,NA,NA,NA,NA,NA,NA,NA,Moderate,2
Medema,1999,Medema 1999,thesis,review,Netherlands,no,Europe,Microscope,Conventional,1,NA,oocyst/g,1 g,Animal,Bird,Gruiformes,Rallidae,Fulica,Eurasian coot,Fulica atra,,free,Cryptosporidium spp. ,Cryptosporidium,feces pooled,yes ,no,StatsTotal,no,0,5,0,NA,0,NA,,,,,,,cyst/g (infected animal),"percent is the number of percent of positive animals, there is also data for positive pooled samples.",5 individual 1 composite samples,NA,NA,NA,NA,NA,NA,NA,NA,Moderate,2
Medema,1999,Medema 1999,thesis,review,Netherlands,no,Europe,Microscope,Conventional,1,NA,oocyst/g,1 g,Animal,Bird,Charadriiformes,Haematopodidae,Haematopus,Eurasian oystercatcher,Haematopus ostralegus,,free,Cryptosporidium spp. ,Cryptosporidium,feces pooled,yes ,no,StatsTotal,no,0,2,0,NA,0,NA,,,,,,,cyst/g (infected animal),"percent is the number of percent of positive animals, there is also data for positive pooled samples.",2 individual 1 composite sample,NA,NA,NA,NA,NA,NA,NA,NA,Moderate,2
Medema,1999,Medema 1999,thesis,review,Netherlands,no,Europe,Microscope,Conventional,1,NA,oocyst/g,1 g,Animal,Bird,Anseriformes,Anatidae,Mareca,Eurasian wigeon,Anas penelope,,free,Cryptosporidium spp. ,Cryptosporidium,feces pooled,yes ,yes,StatsTotal,no,1,66,0.017284162,NA,0.36,NA,,,,,,,cyst/g (infected animal),"percent is the number of percent of positive animals, there is also data for positive pooled samples.",66 individual 4 composite samples,NA,NA,NA,NA,NA,NA,NA,NA,Moderate,2
Medema,1999,Medema 1999,thesis,review,Netherlands,no,Europe,Microscope,Conventional,1,NA,oocyst/g,1 g,Animal,Bird,Anseriformes,Anatidae,Mareca,Gadwall,Anas strepera,,free,Cryptosporidium spp. ,Cryptosporidium,feces pooled,yes ,yes,StatsTotal,no,1,43,0.024537001,NA,274,NA,,,,,,,cyst/g (infected animal),"percent is the number of percent of positive animals, there is also data for positive pooled samples.",43 individual 8 composite samples,NA,NA,NA,NA,NA,NA,NA,NA,Moderate,2
Medema,1999,Medema 1999,thesis,review,Netherlands,no,Europe,Microscope,Conventional,1,NA,oocyst/g,1 g,Animal,Bird,Pelecaniformes,Ardeidae,Ardea,Great blue heron,Ardea cinerea,,free,Cryptosporidium spp. ,Cryptosporidium,feces pooled,yes ,no,StatsTotal,no,0,1,0,NA,0,NA,,,,,,,cyst/g (infected animal),"percent is the number of percent of positive animals, there is also data for positive pooled samples.",1,NA,NA,NA,NA,NA,NA,NA,NA,Moderate,2
Medema,1999,Medema 1999,thesis,review,Netherlands,no,Europe,Microscope,Conventional,1,NA,oocyst/g,1 g,Animal,Bird,Suliformes,Phalacrocoracidae,Phalacrocorax,Great cormorant,Phalacrocorax carbo,,free,Cryptosporidium spp. ,Cryptosporidium,feces pooled,yes ,yes,StatsTotal,no,1,10,0.105572809,NA,64,NA,,,,,,,cyst/g (infected animal),"percent is the number of percent of positive animals, there is also data for positive pooled samples.",10 individual 5 composite sample,NA,NA,NA,NA,NA,NA,NA,NA,Moderate,2
Medema,1999,Medema 1999,thesis,review,Netherlands,no,Europe,Microscope,Conventional,1,NA,oocyst/g,1 g,Animal,Bird,Anseriformes,Anatidae,Anser,Greylag goose,Anser anser,,free,Cryptosporidium spp. ,Cryptosporidium,feces pooled,yes ,no,StatsTotal,no,0,133,0,NA,0,NA,,,,,,,cyst/g (infected animal),"percent is the number of percent of positive animals, there is also data for positive pooled samples.",133 individual 6 composite samples,NA,NA,NA,NA,NA,NA,NA,NA,Moderate,2
Medema,1999,Medema 1999,thesis,review,Netherlands,no,Europe,Microscope,Conventional,1,NA,oocyst/g,1 g,Animal,Bird,Anseriformes,Anatidae,Anas,Mallard,Anas platyrhynchos,,free,Cryptosporidium spp. ,Cryptosporidium,feces pooled,yes ,no,StatsTotal,no,0,168,0,NA,0,NA,,,,,,,cyst/g (infected animal),"percent is the number of percent of positive animals, there is also data for positive pooled samples.",168 individual 17 composite samples,NA,NA,NA,NA,NA,NA,NA,NA,Moderate,2
Medema,1999,Medema 1999,thesis,review,Netherlands,no,Europe,Microscope,Conventional,1,NA,oocyst/g,1 g,Animal,Bird,Anseriformes,Anatidae,Cygnus,Mute swan,Cygnus olor,,free,Cryptosporidium spp. ,Cryptosporidium,feces pooled,yes ,yes,StatsTotal,no,1,5,0.205582119,NA,5.2,NA,,,,,,,cyst/g (infected animal),"percent is the number of percent of positive animals, there is also data for positive pooled samples.",5 individual 4 composite,NA,NA,NA,NA,NA,NA,NA,NA,Moderate,2
Medema,1999,Medema 1999,thesis,review,Netherlands,no,Europe,Microscope,Conventional,1,NA,oocyst/g,1 g,Animal,Bird,Anseriformes,Anatidae,Spatula,Northern shoveler,Anas clypeata,,free,Cryptosporidium spp. ,Cryptosporidium,feces pooled,yes ,no,StatsTotal,no,0,2,0,NA,0,NA,,,,,,,cyst/g (infected animal),"percent is the number of percent of positive animals, there is also data for positive pooled samples.",2 individual 1 composite sample,NA,NA,NA,NA,NA,NA,NA,NA,Moderate,2
Medema,1999,Medema 1999,thesis,review,Netherlands,no,Europe,Microscope,Conventional,1,NA,oocyst/g,1 g,Animal,Bird,Anseriformes,Anatidae,Aythya,Tufted duck,Aythya fuligula,,free,Cryptosporidium spp. ,Cryptosporidium,feces pooled,yes ,yes,StatsTotal,no,1,18,0.060102376,NA,2.9,NA,,,,,,,cyst/g (infected animal),"percent is the number of percent of positive animals, there is also data for positive pooled samples.",18 individual 5 composite samples,NA,NA,NA,NA,NA,NA,NA,NA,Moderate,2
Montecino-Latorre et al.,2015,Montecino-Latorre et al. 2015,yes,Google Scholar,"USA, California, Sierra Neveada Mountains",yes,North America,"Microscope, direct immunofluorescence, centrifuge.",Conventional,NA,NA,,1.6 g,Animal,Mammal,Rodentia,Sciuridae,Marmota,Yellow-bellied marmot,Marmota flaviventris,,free,Cryptosporidium ,Cryptosporidium,feces,yes,no,,,33,224,0.15,NA,,NA,,,,,,,,,,NA,NA,NA,NA,NA,NA,NA,NA,High,3
Montecino-Latorre et al.,2015,Montecino-Latorre et al. 2015,yes,Google Scholar,"USA, California, Sierra Neveada Mountains",yes,North America,"Microscope, direct immunofluorescence, centrifuge.",Conventional,NA,NA,,1.6 g,Animal,Mammal,Rodentia,Sciuridae,Marmota,Yellow-bellied marmot,Marmota flaviventris,,free,Cryptosporidium ,Cryptosporidium,feces,yes,no,,,1,33,,NA,,NA,,,,,,,8 oocyst/smear,,,NA,NA,NA,NA,NA,NA,NA,NA,High,3
Montecino-Latorre et al.,2015,Montecino-Latorre et al. 2015,yes,Google Scholar,"USA, California, Sierra Neveada Mountains",yes,North America,"Microscope, direct immunofluorescence, centrifuge.",Conventional,NA,NA,,1.6 g,Animal,Mammal,Rodentia,Sciuridae,Marmota,Yellow-bellied marmot,Marmota flaviventris,,free,Cryptosporidium ,Cryptosporidium,feces,yes,no,,,1,33,,NA,,NA,,,,,,,26 oocyst/smear,,,NA,NA,NA,NA,NA,NA,NA,NA,High,3
Montecino-Latorre et al.,2015,Montecino-Latorre et al. 2015,yes,Google Scholar,"USA, California, Sierra Neveada Mountains",yes,North America,"Microscope, direct immunofluorescence, centrifuge.",Conventional,NA,NA,,1.6 g,Animal,Mammal,Rodentia,Sciuridae,Marmota,Yellow-bellied marmot,Marmota flaviventris,,free,Cryptosporidium ,Cryptosporidium,feces,yes,no,,,1,33,,NA,,NA,,,,,,,35 oocyst/smear,,,NA,NA,NA,NA,NA,NA,NA,NA,High,3
Montecino-Latorre et al.,2015,Montecino-Latorre et al. 2015,yes,Google Scholar,"USA, California, Sierra Neveada Mountains",yes,North America,"Microscope, direct immunofluorescence, centrifuge.",Conventional,NA,NA,,1.6 g,Animal,Mammal,Rodentia,Sciuridae,Marmota,Yellow-bellied marmot,Marmota flaviventris,,free,Cryptosporidium ,Cryptosporidium,feces,yes,no,,,2,33,,NA,,NA,,,,,,,4 oocyst/smear,,,NA,NA,NA,NA,NA,NA,NA,NA,High,3
Montecino-Latorre et al.,2015,Montecino-Latorre et al. 2015,yes,Google Scholar,"USA, California, Sierra Neveada Mountains",yes,North America,"Microscope, direct immunofluorescence, centrifuge.",Conventional,NA,NA,,1.6 g,Animal,Mammal,Rodentia,Sciuridae,Marmota,Yellow-bellied marmot,Marmota flaviventris,,free,Cryptosporidium ,Cryptosporidium,feces,yes,no,,,6,33,,NA,,NA,,,,,,,2 oocyst/smear,,,NA,NA,NA,NA,NA,NA,NA,NA,High,3
Montecino-Latorre et al.,2015,Montecino-Latorre et al. 2015,yes,Google Scholar,"USA, California, Sierra Neveada Mountains",yes,North America,"Microscope, direct immunofluorescence, centrifuge.",Conventional,NA,NA,,1.6 g,Animal,Mammal,Rodentia,Sciuridae,Marmota,Yellow-bellied marmot,Marmota flaviventris,,free,Cryptosporidium ,Cryptosporidium,feces,yes,no,,,22,33,,NA,,NA,,,,,,,1 oocyst/smear,Also has data on different sites.,,NA,NA,NA,NA,NA,NA,NA,NA,High,3
Montecino-Latorre et al.,2015,Montecino-Latorre et al. 2015,yes,Google Scholar,"USA, California, Sierra Neveada Mountains",yes,North America,"Microscope, direct immunofluorescence, centrifuge.",Conventional,NA,NA,,1.6 g,Animal,Mammal,Rodentia,Sciuridae,Marmota,Yellow-bellied marmot,Marmota flaviventris,,free,Cryptosporidium ,Cryptosporidium,feces,no,yes,StatsTotal,no,33,224,,NA,535,NA,,129,35,1646,204,865,oocyst/gram feces,mean from wet weight feces,,NA,NA,NA,NA,NA,NA,NA,NA,High,3
Moriarty et al.,2011,Moriarty et al. 2011,yes,Web of Science,"New Zealand, Auckland, Hamilton, Farewell Spit and Christchurch",no,Western Pacific,"PCR (AII F1, Act6R, 830 bp, AII F2, AII R1, 818 bp)",Molecular,NA,NA,,1-25 g,Animal,Bird,Anseriformes,Anatidae,Cygnus,Black swan,,,free,Cryptosporidium spp.,Cryptosporidium,feces,yes,no,,,2,80,0.025,NA,,NA,,,,,,,count/g wet weight.,mean based on all 80 samples,,NA,NA,NA,NA,NA,NA,NA,NA,Moderate,2
Moriarty et al.,2011,Moriarty et al. 2011,yes,Web of Science,"New Zealand, Auckland, Hamilton, Farewell Spit and Christchurch",no,Western Pacific,"PCR (AII F1, Act6R, 830 bp, AII F2, AII R1, 818 bp)",Molecular,NA,NA,,1-25 g,Animal,Bird,Anseriformes,Anatidae,Branta,Canada goose,,,free,Cryptosporidium spp.,Cryptosporidium,feces,yes,no,,,4,80,0.05,NA,,NA,,,,,,,count/g wet weight.,mean based on all 80 samples,,NA,NA,NA,NA,NA,NA,NA,NA,Moderate,2
Moriarty et al.,2011,Moriarty et al. 2011,yes,Web of Science,"New Zealand, Auckland, Hamilton, Farewell Spit and Christchurch",no,Western Pacific,"PCR (AII F1, Act6R, 830 bp, AII F2, AII R1, 818 bp)",Molecular,NA,NA,,1-25 g,Animal,Bird,Anseriformes,Anatidae,,,,Duck (family),free,Cryptosporidium spp.,Cryptosporidium,feces,yes,no,,,1,80,0.013,NA,,NA,,,,,,,count/g wet weight.,mean based on all 80 samples,,NA,NA,NA,NA,NA,NA,NA,NA,Moderate,2
Moriarty et al.,2011,Moriarty et al. 2011,yes,Web of Science,"New Zealand, Auckland, Hamilton, Farewell Spit and Christchurch",no,Western Pacific,"PCR (AII F1, Act6R, 830 bp, AII F2, AII R1, 818 bp)",Molecular,NA,NA,,1-25 g,Animal,Bird,Charadriiformes,Laridae,,,,Gull (family),free,Cryptosporidium spp.,Cryptosporidium,feces,yes,no,,,ND,80,ND,NA,,NA,,,,,,,count/g wet weight.,mean based on all 80 samples,,NA,NA,NA,NA,NA,NA,NA,NA,Moderate,2
Oates et al. ,2012,Oates et al.  2012,yes,Web of Science,"USA, Monteray Bay, California",yes,North America,"Microscope (Direct immunofluorescent antibody microscopy), separate, centrifuge, PCR (18SiF, 18SiR, 298 bp, eF, eR, 1,325 bp)",Conventional,NA,NA,,5g,Animal,Mammal,Carnivora,Felidae,Felis,Cat,Felis silvestris catus,,free,Cryptosporidium,Cryptosporidium,feces,yes,yes,StatsTotal,no,8,74,0.108,NA,1884.8,NA,,,,,,,,,,NA,NA,NA,NA,NA,NA,NA,NA,Low,1
Oates et al. ,2012,Oates et al.  2012,yes,Web of Science,"USA, Monteray Bay, California",yes,North America,"Microscope (Direct immunofluorescent antibody microscopy), separate, centrifuge, PCR (18SiF, 18SiR, 298 bp, eF, eR, 1,325 bp)",Conventional,NA,NA,,5g,Animal,Mammal,Didelphimorphia,Didelphidae,Didelphis,Virginia opossum,Didelphis virginiana,,free,Cryptosporidium,Cryptosporidium,feces,no,yes,StatsTotal,no,17,68,0.25,NA,789.2,NA,,,,,,,,,,NA,NA,NA,NA,NA,NA,NA,NA,Low,1
Oates et al. ,2012,Oates et al.  2012,yes,Web of Science,"USA, Monteray Bay, California",yes,North America,"Microscope (Direct immunofluorescent antibody microscopy), separate, centrifuge, PCR (18SiF, 18SiR, 298 bp, eF, eR, 1,325 bp)",Conventional,NA,NA,,5g,Animal,Mammal,Carnivora,Felidae,,,"Puma concolor, Lynx rufus","Wild felids (mountain lions, bobcats)",free,Cryptosporidium,Cryptosporidium,feces,yes,no,StatsTotal,yes,ND,11,0,NA,ND,NA,,,,,,,,,,NA,NA,NA,NA,NA,NA,NA,NA,Low,1
Oates et al. ,2012,Oates et al.  2012,yes,Web of Science,"USA, Monteray Bay, California",yes,North America,"Microscope (Direct immunofluorescent antibody microscopy), separate, centrifuge, PCR (18SiF, 18SiR, 298 bp, eF, eR, 1,325 bp)",Conventional,NA,NA,,5g,Animal,Bird,Charadriiformes,Laridae,Larus,,Larus spp.,Gull (family),free,Cryptosporidium,Cryptosporidium,feces,no,no,StatsTotal,yes,ND,145,0,NA,ND,NA,,,,,,,,,,NA,NA,NA,NA,NA,NA,NA,NA,Low,1
Queen et al.,2012,Queen et al. 2012,yes,review,"USA, California, Northern California, Davis Vetrinary Hospital",yes,North America,"ELISA, Manufacture instruction, spectrophotometric, 450 nm",Molecular,NA,NA,,NA,Animal,Mammal,Carnivora,Felidae,Felis,Cat,,,domestic,Cryptosporidium,Cryptosporidium,feces (normal),yes,no,,,0,54,,NA,,NA,,,,,,,,,,NA,NA,NA,NA,NA,NA,NA,NA,Low,1
Queen et al.,2012,Queen et al. 2012,yes,review,"USA, California, Northern California, Davis Vetrinary Hospital",yes,North America,"ELISA, Manufacture instruction, spectrophotometric, 450 nm",Molecular,NA,NA,,NA,Animal,Mammal,Carnivora,Felidae,Felis,Cat,,,domestic,Cryptosporidium,Cryptosporidium,feces (diarrhea),yes,no,,,6,190,,NA,,NA,,,,,,,,,,NA,NA,NA,NA,NA,NA,NA,NA,Low,1
Rzymski et al.,2017,Rzymski et al. 2017,yes,Google Scholar,"Poland, Lake Chrzypsko",no,Europe,Microscope,Conventional,800,NA,,NA,Animal,Bird,Suliformes,Phalacrocoracidae,Phalacrocorax,Great cormorant,Phalacrocorax carbo,,free,Cryptosporidium,Cryptosporidium,feces composite by nest,yes,yes,StatsnoND,no,2,125,,NA,4000,NA,,,,,3000,25000,oocysts/g composite feces,,25 (composite 5samples per composite),NA,NA,NA,NA,NA,NA,NA,NA,Low,1
Sabshin et al. ,2012,Sabshin et al.  2012,yes,review,"USA, Florida, Alachua County",yes,North America,PCR (A093489) Microscope Flotation,Molecular,NA,NA,,1g,Animal,Mammal,Carnivora,Felidae,Felis,Cat,,,free,Cryptosporidium spp,Cryptosporidium,feces (diarrhea),yes,no,,,5,50,,NA,,NA,,,,,,,,From Review (Silvia and Lobato 2015),,NA,NA,NA,NA,NA,NA,NA,NA,Moderate,2
Sabshin et al. ,2012,Sabshin et al.  2012,yes,review,"USA, Florida, Alachua County",yes,North America,PCR (A093489) Microscope Flotation,Molecular,NA,NA,,1g,Animal,Mammal,Carnivora,Felidae,Felis,Cat,,,free,Cryptosporidium spp,Cryptosporidium,feces (normal),yes,no,,,10,50,,NA,,NA,,,,,,,,From Review (Silvia and Lobato 2015),,NA,NA,NA,NA,NA,NA,NA,NA,Moderate,2
Santin et al. ,2006,Santin et al.  2006,yes,review,"Colombia, Bogota",no,South America,"PCR (nested custom primer, 830 bp), filtration, centrifuge",Molecular,NA,NA,,NA,Animal,Mammal,Carnivora,Felidae,Felis,Cat,,,domestic,Cryptosporidium muris,Cryptosporidium muris,"feces (rectum scrape), euthanized cat",yes,no,,,1,46,,NA,,NA,,,,,,,,,,NA,NA,NA,NA,NA,NA,NA,NA,Moderate,2
Santin et al. ,2006,Santin et al.  2006,yes,review,"Colombia, Bogota",no,South America,"PCR (nested custom primer, 830 bp), filtration, centrifuge",Molecular,NA,NA,,NA,Animal,Mammal,Carnivora,Felidae,Felis,Cat,,,domestic,Cryptosporidium Felis,Cryptosporidium (genotype),"feces (rectum scrape), euthanized cat",yes,no,,,5,46,,NA,,NA,,,,,,,,,,NA,NA,NA,NA,NA,NA,NA,NA,Moderate,2
Santin et al. ,2006,Santin et al.  2006,yes,review,"Colombia, Bogota",no,South America,"PCR (nested custom primer, 830 bp), filtration, centrifuge",Molecular,NA,NA,,NA,Animal,Mammal,Carnivora,Felidae,Felis,Cat,,,domestic,Cryptosporidium,Cryptosporidium,"feces (rectum scrape), euthanized cat",yes,no,,,6,46,,NA,,NA,,,,,,,,,,NA,NA,NA,NA,NA,NA,NA,NA,Moderate,2
Sargent et al.,1998,Sargent et al. 1998,yes,review,"Australia, Perth",no,Western Pacific,"Stain, Microscope",Conventional,NA,NA,,100 ul ,Animal,Mammal,Carnivora,Felidae,Felis,Cat,,,domestic,Cryptosporidium spp. ,Cryptosporidium,feces,yes,no,,,2,162,0.012,NA,,NA,,,,,,,,From Ferguson et al. 2009,,NA,NA,NA,NA,NA,NA,NA,NA,Moderate,2
Sargent et al.,1998,Sargent et al. 1998,yes,review,"Australia, Perth",no,Western Pacific,"Stain, Microscope, PCR",Molecular,NA,NA,,100 ul ,Animal,Mammal,Carnivora,Felidae,Felis,Cat,,,domestic,Cryptosporidium spp.,Cryptosporidium,feces,yes,no,,,2,162,0.012,NA,,NA,,,,,,,,From Ferguson et al. 2009," Ct33, Ct131, C7, H5, 298 bp",NA,NA,NA,NA,NA,NA,NA,NA,Moderate,2
Siembieda et al.,2011,Siembieda et al. 2011,yes,Google Scholar,"USA, California, San Francisco Bay",yes,North America,"direct immunofluorescence assay, immunomagnetic separation",Immunologic,NA,NA,,<5 g,Animal,Bird,Gruiformes,Rallidae,Fulica,American coot,,,free,Cryptosporidium spp,Cryptosporidium,feces,yes,no,,,ND,2,,NA,,NA,,,,,,,,Data had to be compiled from all over the place in the article,response to oil spill,NA,NA,NA,NA,NA,NA,NA,NA,Low,1
Siembieda et al.,2011,Siembieda et al. 2011,yes,Google Scholar,"USA, California, San Francisco Bay",yes,North America,"direct immunofluorescence assay, immunomagnetic separation",Immunologic,NA,NA,,<5 g,Animal,Bird,Passeriformes,Corvidae,Corvus,American crow,,,free,Cryptosporidium spp,Cryptosporidium,feces,yes,no,,,ND,12,,NA,,NA,,,,,,,,Data had to be compiled from all over the place in the article,response to oil spill,NA,NA,NA,NA,NA,NA,NA,NA,Low,1
Siembieda et al.,2011,Siembieda et al. 2011,yes,Google Scholar,"USA, California, San Francisco Bay",yes,North America,"direct immunofluorescence assay, immunomagnetic separation",Immunologic,NA,NA,,<5 g,Animal,Bird,Falconiformes,Falconidae,Falco,American kestrel,,,free,Cryptosporidium spp,Cryptosporidium,feces,yes,no,,,ND,6,,NA,,NA,,,,,,,,Data had to be compiled from all over the place in the article,response to oil spill,NA,NA,NA,NA,NA,NA,NA,NA,Low,1
Siembieda et al.,2011,Siembieda et al. 2011,yes,Google Scholar,"USA, California, San Francisco Bay",yes,North America,"direct immunofluorescence assay, immunomagnetic separation",Immunologic,NA,NA,,<5 g,Animal,Bird,Passeriformes,Turdidae,Turdus,American robin,,,free,Cryptosporidium spp,Cryptosporidium,feces,yes,no,,,ND,13,,NA,,NA,,,,,,,,Data had to be compiled from all over the place in the article,response to oil spill,NA,NA,NA,NA,NA,NA,NA,NA,Low,1
Siembieda et al.,2011,Siembieda et al. 2011,yes,Google Scholar,"USA, California, San Francisco Bay",yes,North America,"direct immunofluorescence assay, immunomagnetic separation",Immunologic,NA,NA,,<5 g,Animal,Bird,Columbiformes,Columbidae,Patagioenas,Band-tailed pigeon,,,free,Cryptosporidium spp,Cryptosporidium,feces,yes,no,,,ND,2,,NA,,NA,,,,,,,,Data had to be compiled from all over the place in the article,response to oil spill,NA,NA,NA,NA,NA,NA,NA,NA,Low,1
Siembieda et al.,2011,Siembieda et al. 2011,yes,Google Scholar,"USA, California, San Francisco Bay",yes,North America,"direct immunofluorescence assay, immunomagnetic separation",Immunologic,NA,NA,,<5 g,Animal,Bird,Pelecaniformes,Ardeida,Nycticorax,Black-crowned night heron,,,free,Cryptosporidium spp,Cryptosporidium,feces,yes,no,,,ND,16,,NA,,NA,,,,,,,,Data had to be compiled from all over the place in the article,response to oil spill,NA,NA,NA,NA,NA,NA,NA,NA,Low,1
Siembieda et al.,2011,Siembieda et al. 2011,yes,Google Scholar,"USA, California, San Francisco Bay",yes,North America,"direct immunofluorescence assay, immunomagnetic separation",Immunologic,NA,NA,,<5 g,Animal,Bird,Pelecaniformes,Pelecanidae,Pelecanus,Brown pelican ,,,free,Cryptosporidium spp,Cryptosporidium,feces,yes,no,,,ND,6,,NA,,NA,,,,,,,,Data had to be compiled from all over the place in the article,response to oil spill,NA,NA,NA,NA,NA,NA,NA,NA,Low,1
Siembieda et al.,2011,Siembieda et al. 2011,yes,Google Scholar,"USA, California, San Francisco Bay",yes,North America,"direct immunofluorescence assay, immunomagnetic separation",Immunologic,NA,NA,,<5 g,Animal,Bird,Anseriformes,Anatidae,Branta,Canada goose,,,free,Cryptosporidium spp,Cryptosporidium,feces,yes,no,,,ND,13,,NA,,NA,,,,,,,,Data had to be compiled from all over the place in the article,response to oil spill,NA,NA,NA,NA,NA,NA,NA,NA,Low,1
Siembieda et al.,2011,Siembieda et al. 2011,yes,Google Scholar,"USA, California, San Francisco Bay",yes,North America,"direct immunofluorescence assay, immunomagnetic separation",Immunologic,NA,NA,,<5 g,Animal,Bird,Podicipediformes,Podicipedidae,Aechmophorus,Clark's grebe,,,free,Cryptosporidium spp,Cryptosporidium,feces,yes,no,,,ND,6,,NA,,NA,,,,,,,,Data had to be compiled from all over the place in the article,response to oil spill,NA,NA,NA,NA,NA,NA,NA,NA,Low,1
Siembieda et al.,2011,Siembieda et al. 2011,yes,Google Scholar,"USA, California, San Francisco Bay",yes,North America,"direct immunofluorescence assay, immunomagnetic separation",Immunologic,NA,NA,,<5 g,Animal,Bird,Charadriiformes,Alcidae,Uria,Common murre,,,free,Cryptosporidium spp,Cryptosporidium,feces,yes,no,,,ND,31,,NA,,NA,,,,,,,,Data had to be compiled from all over the place in the article,response to oil spill,NA,NA,NA,NA,NA,NA,NA,NA,Low,1
Siembieda et al.,2011,Siembieda et al. 2011,yes,Google Scholar,"USA, California, San Francisco Bay",yes,North America,"direct immunofluorescence assay, immunomagnetic separation",Immunologic,NA,NA,,<5 g,Animal,Bird,Charadriiformes,Laridae,Larus,Glaucous-winged gull,,,free,Cryptosporidium spp,Cryptosporidium,feces,yes,no,,,ND,1,,NA,,NA,,,,,,,,Data had to be compiled from all over the place in the article,response to oil spill,NA,NA,NA,NA,NA,NA,NA,NA,Low,1
Siembieda et al.,2011,Siembieda et al. 2011,yes,Google Scholar,"USA, California, San Francisco Bay",yes,North America,"direct immunofluorescence assay, immunomagnetic separation",Immunologic,NA,NA,,<5 g,Animal,Bird,Strigiformes,Strigidae,Bubo,Great horned owl,,,free,Cryptosporidium spp,Cryptosporidium,feces,yes,no,,,ND,6,,NA,,NA,,,,,,,,Data had to be compiled from all over the place in the article,response to oil spill,NA,NA,NA,NA,NA,NA,NA,NA,Low,1
Siembieda et al.,2011,Siembieda et al. 2011,yes,Google Scholar,"USA, California, San Francisco Bay",yes,North America,"direct immunofluorescence assay, immunomagnetic separation",Immunologic,NA,NA,,<5 g,Animal,Bird,Pelecaniformes,Ardeidae,Butorides,Green heron,,,free,Cryptosporidium spp,Cryptosporidium,feces,yes,no,,,ND,8,,NA,,NA,,,,,,,,Data had to be compiled from all over the place in the article,response to oil spill,NA,NA,NA,NA,NA,NA,NA,NA,Low,1
Siembieda et al.,2011,Siembieda et al. 2011,yes,Google Scholar,"USA, California, San Francisco Bay",yes,North America,"direct immunofluorescence assay, immunomagnetic separation",Immunologic,NA,NA,,<5 g,Animal,Bird,Anseriformes,Anatidae,Anas,Mallard,,,free,Cryptosporidium spp,Cryptosporidium,feces,yes,no,,,ND,12,,NA,,NA,,,,,,,,Data had to be compiled from all over the place in the article,response to oil spill,NA,NA,NA,NA,NA,NA,NA,NA,Low,1
Siembieda et al.,2011,Siembieda et al. 2011,yes,Google Scholar,"USA, California, San Francisco Bay",yes,North America,"direct immunofluorescence assay, immunomagnetic separation",Immunologic,NA,NA,,<5 g,Animal,Bird,Columbiformes,Columbidae,Zenaida,Mourning dove,,,free,Cryptosporidium spp,Cryptosporidium,feces,yes,no,,,ND,14,,NA,,NA,,,,,,,,Data had to be compiled from all over the place in the article,response to oil spill,NA,NA,NA,NA,NA,NA,NA,NA,Low,1
Siembieda et al.,2011,Siembieda et al. 2011,yes,Google Scholar,"USA, California, San Francisco Bay",yes,North America,"direct immunofluorescence assay, immunomagnetic separation",Immunologic,NA,NA,,<5 g,Animal,Mammal,Carnivora,Procyonidae,Procyon,Raccoon,,,free,Cryptosporidium spp,Cryptosporidium,feces,yes,no,,,1,10,,NA,,NA,,,,,,,,Data had to be compiled from all over the place in the article,response to oil spill,NA,NA,NA,NA,NA,NA,NA,NA,Low,1
Siembieda et al.,2011,Siembieda et al. 2011,yes,Google Scholar,"USA, California, San Francisco Bay",yes,North America,"direct immunofluorescence assay, immunomagnetic separation",Immunologic,NA,NA,,<5 g,Animal,Bird,Accipitriformes,Accipitridae,Buteo,Red-tailed hawk,,,free,Cryptosporidium spp,Cryptosporidium,feces,yes,no,,,ND,5,,NA,,NA,,,,,,,,Data had to be compiled from all over the place in the article,response to oil spill,NA,NA,NA,NA,NA,NA,NA,NA,Low,1
Siembieda et al.,2011,Siembieda et al. 2011,yes,Google Scholar,"USA, California, San Francisco Bay",yes,North America,"direct immunofluorescence assay, immunomagnetic separation",Immunologic,NA,NA,,<5 g,Animal,Bird,Anseriformes,Anatidae,Oxyura,Ruddy duck,Oxyuraÿjamaicensis,,free,Cryptosporidium spp,Cryptosporidium,feces,yes,no,,,ND,5,,NA,,NA,,,,,,,,Data had to be compiled from all over the place in the article,response to oil spill,NA,NA,NA,NA,NA,NA,NA,NA,Low,1
Siembieda et al.,2011,Siembieda et al. 2011,yes,Google Scholar,"USA, California, San Francisco Bay",yes,North America,"direct immunofluorescence assay, immunomagnetic separation",Immunologic,NA,NA,,<5 g,Animal,Bird,Pelecaniformes,Ardeidae,Egretta,Snowy egret,,,free,Cryptosporidium spp,Cryptosporidium,feces,yes,no,,,ND,7,,NA,,NA,,,,,,,,Data had to be compiled from all over the place in the article,response to oil spill,NA,NA,NA,NA,NA,NA,NA,NA,Low,1
Siembieda et al.,2011,Siembieda et al. 2011,yes,Google Scholar,"USA, California, San Francisco Bay",yes,North America,"direct immunofluorescence assay, immunomagnetic separation",Immunologic,NA,NA,,<5 g,Animal,Bird,Procellariiformes,Procellariidae,Puffinus,Sooty shearwater,,,free,Cryptosporidium spp,Cryptosporidium,feces,yes,no,,,ND,1,,NA,,NA,,,,,,,,Data had to be compiled from all over the place in the article,response to oil spill,NA,NA,NA,NA,NA,NA,NA,NA,Low,1
Siembieda et al.,2011,Siembieda et al. 2011,yes,Google Scholar,"USA, California, San Francisco Bay",yes,North America,"direct immunofluorescence assay, immunomagnetic separation",Immunologic,NA,NA,,<5 g,Animal,Bird,Anseriformes,Anatidae,Melanitta,Surf scoter,,,free,Cryptosporidium spp,Cryptosporidium,feces,yes,no,,,ND,8,,NA,,NA,,,,,,,,Data had to be compiled from all over the place in the article,response to oil spill,NA,NA,NA,NA,NA,NA,NA,NA,Low,1
Siembieda et al.,2011,Siembieda et al. 2011,yes,Google Scholar,"USA, California, San Francisco Bay",yes,North America,"direct immunofluorescence assay, immunomagnetic separation",Immunologic,NA,NA,,<5 g,Animal,Bird,Accipitriformes,Cathartidae,Cathartes,Turkey vulture,,,free,Cryptosporidium spp,Cryptosporidium,feces,yes,no,,,ND,3,,NA,,NA,,,,,,,,Data had to be compiled from all over the place in the article,response to oil spill,NA,NA,NA,NA,NA,NA,NA,NA,Low,1
Siembieda et al.,2011,Siembieda et al. 2011,yes,Google Scholar,"USA, California, San Francisco Bay",yes,North America,"direct immunofluorescence assay, immunomagnetic separation",Immunologic,NA,NA,,<5 g,Animal,Mammal,Didelphimorphia,Didelphidae,Didelphis,Virginia opossum,,,free,Cryptosporidium spp,Cryptosporidium,feces,yes,no,,,ND,12,,NA,,NA,,,,,,,,Data had to be compiled from all over the place in the article,response to oil spill,NA,NA,NA,NA,NA,NA,NA,NA,Low,1
Siembieda et al.,2011,Siembieda et al. 2011,yes,Google Scholar,"USA, California, San Francisco Bay",yes,North America,"direct immunofluorescence assay, immunomagnetic separation",Immunologic,NA,NA,,<5 g,Animal,Bird,Gruiformes,Rallidae,Rallus,Virginia rail,,,free,Cryptosporidium spp,Cryptosporidium,feces,yes,no,,,ND,1,,NA,,NA,,,,,,,,Data had to be compiled from all over the place in the article,response to oil spill,NA,NA,NA,NA,NA,NA,NA,NA,Low,1
Siembieda et al.,2011,Siembieda et al. 2011,yes,Google Scholar,"USA, California, San Francisco Bay",yes,North America,"direct immunofluorescence assay, immunomagnetic separation",Immunologic,NA,NA,,<5 g,Animal,Bird,Podicipedidae,Aechmophorus,Aechmophoru,Western grebe,,,free,Cryptosporidium spp,Cryptosporidium,feces,yes,no,,,ND,11,,NA,,NA,,,,,,,,Data had to be compiled from all over the place in the article,response to oil spill,NA,NA,NA,NA,NA,NA,NA,NA,Low,1
Siembieda et al.,2011,Siembieda et al. 2011,yes,Google Scholar,"USA, California, San Francisco Bay",yes,North America,"direct immunofluorescence assay, immunomagnetic separation",Immunologic,NA,NA,,<5 g,Animal,Bird,Charadriiformes,Laridae,Larus,Western gull,,,free,Cryptosporidium spp,Cryptosporidium,feces,yes,no,,,ND,7,,NA,,NA,,,,,,,,Data had to be compiled from all over the place in the article,response to oil spill,NA,NA,NA,NA,NA,NA,NA,NA,Low,1
Siembieda et al.,2011,Siembieda et al. 2011,yes,Google Scholar,"USA, California, San Francisco Bay",yes,North America,"direct immunofluorescence assay, immunomagnetic separation",Immunologic,NA,NA,,<5 g,Animal,Bird,Strigidae,Striginae,Megascops,Western screech owl,,,free,Cryptosporidium spp,Cryptosporidium,feces,yes,no,,,ND,3,,NA,,NA,,,,,,,,Data had to be compiled from all over the place in the article,response to oil spill,NA,NA,NA,NA,NA,NA,NA,NA,Low,1
Siembieda et al.,2011,Siembieda et al. 2011,yes,Google Scholar,"USA, California, San Francisco Bay",yes,North America,"direct immunofluorescence assay, immunomagnetic separation",Immunologic,NA,NA,,<5 g,Animal,Bird,Passeriformes,Corvidae,Aphelocoma,Western scrub jay,,,free,Cryptosporidium spp,Cryptosporidium,feces,yes,no,,,ND,12,,NA,,NA,,,,,,,,Data had to be compiled from all over the place in the article,response to oil spill,NA,NA,NA,NA,NA,NA,NA,NA,Low,1
Siembieda et al.,2011,Siembieda et al. 2011,yes,Google Scholar,"USA, California, San Francisco Bay",yes,North America,"direct immunofluorescence assay, immunomagnetic separation",Immunologic,NA,NA,,<5 g,Animal,Bird,Anseriformes,Anatidae,,,,Scaup and scoter ,free,Cryptosporidium spp,Cryptosporidium,feces,yes,no,,,ND,6,,NA,,NA,,,,,,,,Data had to be compiled from all over the place in the article,response to oil spill,NA,NA,NA,NA,NA,NA,NA,NA,Low,1
Siembieda et al.,2011,Siembieda et al. 2011,yes,Google Scholar,"USA, California, San Francisco Bay",yes,North America,"direct immunofluorescence assay, immunomagnetic separation",Immunologic,NA,NA,,<5 g,Animal,Bird,Strigiformes,Tytonidae,,,,Barn owl (family),free,Cryptosporidium spp,Cryptosporidium,feces,yes,no,,,ND,5,,NA,,NA,,,,,,,,Data had to be compiled from all over the place in the article,response to oil spill,NA,NA,NA,NA,NA,NA,NA,NA,Low,1
Siembieda et al.,2011,Siembieda et al. 2011,yes,Google Scholar,"USA, California, San Francisco Bay",yes,North America,"direct immunofluorescence assay, immunomagnetic separation",Immunologic,NA,NA,,<5 g,Animal,Bird,,,,,,Northern flicker and mockingbird,free,Cryptosporidium spp,Cryptosporidium,feces,yes,no,,,ND,2,,NA,,NA,,,,,,,,Data had to be compiled from all over the place in the article,response to oil spill,NA,NA,NA,NA,NA,NA,NA,NA,Low,1
Siembieda et al.,2011,Siembieda et al. 2011,yes,Google Scholar,"USA, California, San Francisco Bay",yes,North America,"direct immunofluorescence assay, immunomagnetic separation",Immunologic,NA,NA,,<5 g,Animal,Bird,Charadriiformes,,,,,Killdeer and willet ,free,Cryptosporidium spp,Cryptosporidium,feces,yes,no,,,ND,2,,NA,,NA,,,,,,,,Data had to be compiled from all over the place in the article,response to oil spill,NA,NA,NA,NA,NA,NA,NA,NA,Low,1
Siembieda et al.,2011,Siembieda et al. 2011,yes,Google Scholar,"USA, California, San Francisco Bay",yes,North America,"direct immunofluorescence assay, immunomagnetic separation",Immunologic,NA,NA,,<5 g,Animal,Bird,Podicipediformes,,,,,Eared and western grebe ,free,Cryptosporidium spp,Cryptosporidium,feces,yes,no,,,ND,3,,NA,,NA,,,,,,,,Data had to be compiled from all over the place in the article,response to oil spill,NA,NA,NA,NA,NA,NA,NA,NA,Low,1
Siembieda et al.,2011,Siembieda et al. 2011,yes,Google Scholar,"USA, California, San Francisco Bay",yes,North America,"direct immunofluorescence assay, immunomagnetic separation",Immunologic,NA,NA,,<5 g,Animal,Bird,Gaviiformes,Gaviidae,Gavia,,,"Common, Pacific, and red-throated loons ",free,Cryptosporidium spp,Cryptosporidium,feces,yes,no,,,ND,9,,NA,,NA,,,,,,,,Data had to be compiled from all over the place in the article,response to oil spill,NA,NA,NA,NA,NA,NA,NA,NA,Low,1
"Snyder, DE",1988,"Snyder, DE 1988",yes,review,"USA, Central Illinois",yes,North America,"Microscope, Centrifuge, monoclonal antibody, ",Conventional,NA,NA,,5g,Animal,Mammal,Carnivora,Procyonidae,Procyon,Raccoon,Procyon lotor,,free,Cryptosporidium parvum,Cryptosporidium parvum,feces,yes,no,,,13,100,0.13,NA,,NA,,,,,,,,From Ferguson et al. 2016,,NA,NA,NA,NA,NA,NA,NA,NA,Low,1
Spain et al.,2001,Spain et al. 2001,yes,review,"USA, New York, Central",yes,North America,"ELISA, microscope, flotation",Immunologic,NA,NA,,NA,Animal,Mammal,Carnivora,Felidae,Felis,Cat,,,domestic,Cryptosporidium sp.,Cryptosporidium,fecal,yes,no,,,3,114,,NA,,NA,,,,,,,,,,NA,NA,NA,NA,NA,NA,NA,NA,Moderate,2
Spain et al.,2001,Spain et al. 2001,yes,review,"USA, New York, Central",yes,North America,"ELISA, microscope, flotation",Immunologic,NA,NA,,NA,Animal,Mammal,Carnivora,Felidae,Felis,Cat,,,free (animal shelter),Cryptosporidium sp.,Cryptosporidium,fecal,yes,no,,,8,149,,NA,,NA,,,,,,,,,,NA,NA,NA,NA,NA,NA,NA,NA,Moderate,2
Spain et al.,2001,Spain et al. 2001,yes,review,"USA, New York, Central",yes,North America,"ELISA, microscope, flotation",Immunologic,NA,NA,,NA,Animal,Mammal,Carnivora,Felidae,Felis,Cat,,,domestic and free (animal shelter),Cryptosporidium sp.,Cryptosporidium,fecal,yes,no,,,10,263,0.038,NA,,NA,,,,,,,,,,NA,NA,NA,NA,NA,NA,NA,NA,Moderate,2
Sturdee et al.,1999,Sturdee et al. 1999,yes,review,"UK, Norfolk, Worcestershire, Warwickshire",no,Europe,"Microscope, sedimentation, kill ether",Conventional,800,NA,oocyst/g,20 ul,Animal,Mammal,Soricomorpha,Soricidae,Sorex,Common shrew,Sorex araneus,,free,Cryptosporidium parvum,Cryptosporidium parvum,feces,yes,yes,Semiquantitative,yes,7,20,0.35,NA,,NA,,,3000,25000,,,oocysts/g,From Ferguson et al. 2009,,NA,NA,NA,NA,NA,NA,NA,NA,Low,1
Sturdee et al.,1999,Sturdee et al. 1999,yes,review,"UK, Norfolk, Worcestershire, Warwickshire",no,Europe,"Microscope, sedimentation, kill ether",Conventional,800,NA,oocyst/g,20 ul,Animal,Mammal,Soricomorpha,Soricidae,Sorex,Common shrew,Sorex araneus,,free,Cryptosporidium parvum,Cryptosporidium parvum,feces,yes,yes,Semiquantitative,yes,13,20,,NA,,NA,,,0,800,,,oocysts/g,From Ferguson et al. 2009,,NA,NA,NA,NA,NA,NA,NA,NA,Low,1
Sturdee et al.,1999,Sturdee et al. 1999,yes,review,"UK, Norfolk, Worcestershire, Warwickshire",no,Europe,"Microscope, sedimentation, kill ether",Conventional,800,NA,oocyst/g,20 ul,Animal,Mammal,Rodentia,Sciuridae,Sciurus,Eastern gray squirrel,Sciurus carolinensis,,free,Cryptosporidium parvum,Cryptosporidium parvum,feces,yes,yes,Semiquantitative,yes,8,8,0,NA,,NA,,,0,800,,,oocysts/g,From Ferguson et al. 2009,,NA,NA,NA,NA,NA,NA,NA,NA,Low,1
Sturdee et al.,1999,Sturdee et al. 1999,yes,review,"UK, Norfolk, Worcestershire, Warwickshire",no,Europe,"Microscope, sedimentation, kill ether",Conventional,800,NA,oocyst/g,20 ul,Animal,Mammal,Carnivora,Mustelidae,Mustela,Ermine,Mustela erminea,,free,Cryptosporidium parvum,Cryptosporidium parvum,feces,yes,yes,Semiquantitative,yes,2,2,0,NA,0,NA,,,0,800,,,oocysts/g,From Ferguson et al. 2009,,NA,NA,NA,NA,NA,NA,NA,NA,Low,1
Sturdee et al.,1999,Sturdee et al. 1999,yes,review,"UK, Norfolk, Worcestershire, Warwickshire",no,Europe,"Microscope, sedimentation, kill ether",Conventional,800,NA,oocyst/g,20 ul,Animal,Mammal,Soricomorpha,Soricidae,Sorex,Eurasian pigmy shrew,Sorex minutus,,free,Cryptosporidium parvum,Cryptosporidium parvum,feces,yes,yes,Semiquantitative,yes,1,10,0.1,NA,10000,NA,,,10000,10000,,,oocysts/g,From Ferguson et al. 2009,,NA,NA,NA,NA,NA,NA,NA,NA,Low,1
Sturdee et al.,1999,Sturdee et al. 1999,yes,review,"UK, Norfolk, Worcestershire, Warwickshire",no,Europe,"Microscope, sedimentation, kill ether",Conventional,800,NA,oocyst/g,20 ul,Animal,Mammal,Soricomorpha,Soricidae,Sorex,Eurasian pigmy shrew,Sorex minutus,,free,Cryptosporidium parvum,Cryptosporidium parvum,feces,yes,yes,Semiquantitative,yes,9,10,,NA,,NA,,,0,800,,,oocysts/g,From Ferguson et al. 2009,,NA,NA,NA,NA,NA,NA,NA,NA,Low,1
Sturdee et al.,1999,Sturdee et al. 1999,yes,review,"UK, Norfolk, Worcestershire, Warwickshire",no,Europe,"Microscope, sedimentation, kill ether",Conventional,800,NA,oocyst/g,20 ul,Animal,Mammal,Carnivora,Mustelidae,Meles,European badger,Meles meles,,free,Cryptosporidium parvum,Cryptosporidium parvum,feces,yes,yes,Semiquantitative,yes,4,26,0.15,NA,3000,NA,,,3000,3000,,,oocysts/g,From Ferguson et al. 2009,,NA,NA,NA,NA,NA,NA,NA,NA,Low,1
Sturdee et al.,1999,Sturdee et al. 1999,yes,review,"UK, Norfolk, Worcestershire, Warwickshire",no,Europe,"Microscope, sedimentation, kill ether",Conventional,800,NA,oocyst/g,20 ul,Animal,Mammal,Carnivora,Mustelidae,Meles,European badger,Meles meles,,free,Cryptosporidium parvum,Cryptosporidium parvum,feces,yes,yes,Semiquantitative,yes,22,26,,NA,,NA,,,0,800,,,oocysts/g,From Ferguson et al. 2009,,NA,NA,NA,NA,NA,NA,NA,NA,Low,1
Sturdee et al.,1999,Sturdee et al. 1999,yes,review,"UK, Norfolk, Worcestershire, Warwickshire",no,Europe,"Microscope, sedimentation, kill ether",Conventional,800,NA,oocyst/g,20 ul,Animal,Mammal,Carnivora,Mustelidae,Mustela,European polecat,Mustela putorius,,free,Cryptosporidium parvum,Cryptosporidium parvum,feces,yes,yes,Semiquantitative,yes,2,2,0,NA,,NA,,,0,800,,,oocysts/g,From Ferguson et al. 2009,,NA,NA,NA,NA,NA,NA,NA,NA,Low,1
Sturdee et al.,1999,Sturdee et al. 1999,yes,review,"UK, Norfolk, Worcestershire, Warwickshire",no,Europe,"Microscope, sedimentation, kill ether",Conventional,800,NA,oocyst/g,20 ul,Animal,Mammal,Carnivora,Mustelidae,Mustela,Least weasel,Mustela nivalis,,free,Cryptosporidium parvum,Cryptosporidium parvum,feces,yes,yes,Semiquantitative,yes,1,1,0,NA,,NA,,,0,800,,,oocysts/g,From Ferguson et al. 2009,,NA,NA,NA,NA,NA,NA,NA,NA,Low,1
Sturdee et al.,2003,Sturdee et al. 2003,yes,review,"UK, England, Coventry, Warwickshire College Estate, pasture",no,Europe,"microscope, stain with antibody, flotation, fecal samples in ether to kill bactera",Conventional,800,NA,oocyst/g,0.5 g,Animal,Mammal,Rodentia,,,,,"small mammals (wood mice, voles, shrews)",free,Cryptosporidium,Cryptosporidium,feces,yes,yes,StatsnoND,no,281,940,,NA,46776,NA,101280,,800,898400,,,oocysts/g feces,other data included repeat samples,,NA,NA,NA,NA,NA,NA,NA,NA,Low,1
Sturdee et al.,2003,Sturdee et al. 2003,yes,review,"UK, England, Coventry, Warwickshire College Estate, near buildings",no,Europe,"microscope, stain with antibody, flotation, fecal samples in ether to kill bactera",Conventional,800,NA,oocyst/g,0.5 g,Animal,Mammal,Rodentia,Muridae ,,,,Muridae (family),free,Cryptosporidium,Cryptosporidium,feces,yes,yes,StatsnoND,no,159,485,,NA,43781,NA,116400,,800,716000,,,oocysts/g feces,other data included repeat samples,,NA,NA,NA,NA,NA,NA,NA,NA,Low,1
Villeneuve et al.,2015,Villeneuve et al. 2015,yes,Google Scholar,"Canada, Animal Shelters",no,North America,"microscope, flotation",Conventional,NA,NA,,NA,Animal,Mammal,Carnivora,Felidae,Felis,Cat,,,shelter,Cryptosporidium,Cryptosporidium,feces,yes,no,,,8,636,0.013,NA,,NA,,,,,,,,Has information seperated by age and region,,NA,NA,NA,NA,NA,NA,NA,NA,High,3
Waters et al. ,2019,Waters et al.  2019,yes,Web of Science,"Australia, SE Queensland, Brisbane",no,Western Pacific,"PCR (Blastocystis spp., Cryptosporidium spp., Dientamoeba fragilis, Entamoeba histolytica, and Giardia spp.), EasyScreen? Enteric Parasite Detection Kit",Molecular,NA,NA,,NA,Animal,Mammal,Diprotodontia,,,,,Possum (order),free,Cryptosporidium spp. ,Cryptosporidium,feces,yes,no,,,2,20,,NA,,NA,,,,,,,,Samples from (Ahmed et al. 2016),,NA,NA,NA,NA,NA,NA,NA,NA,Low,1
Webster and MacDonald,1995,Webster and MacDonald 1995,yes,review,"UK, England, Oxfordshire, farms",no,Europe,"microscope, immunoflourscence, centrifuge",Conventional,NA,NA,,3-4 pellets per rat,Animal,Mammal,Rodentia,,,,,Rat (order),free,Cryptosporidium parvum,Cryptosporidium parvum,feces,yes,no,,,46,73,,NA,,NA,,,,,,,,,,NA,NA,NA,NA,NA,NA,NA,NA,Moderate,2
Zhou et al. ,2004,Zhou et al.  2004,yes,review,"USA, Chesapeake Bay",yes,North America,"SSU rRNA PCR-RFLP SspI, VspI 830 bp",Molecular,NA,NA,,15 g ,Animal,Mammal,Carnivora,Procyonidae,Procyon,Raccoon,,,free,Cryptosporidium Skunk genotype ,Cryptosporidium (genotype),pooled feces,yes,no,,,2,51,0.039,NA,,NA,,,,,,,,From Ferguson et al. 2009,,NA,NA,NA,NA,NA,NA,NA,NA,Low,1
Zhou et al.,2004,Zhou et al. 2004,yes,review,"USA, Ohio, Toledo/Illinois, DuPage County",yes,North America,"PCR (SU rRNA gene 826-864 bp), 3 replicates",Molecular,200,NA,gene copies/ml (3 replicates),200 mg,Animal,Bird,Anseriformes,Anatidae,Branta,Canada goose,Branta canadensis,,free,Cryptosporidium spp.,Cryptosporidium,feces,yes,no,,,49,209,,NA,,NA,,,,,,,,,,NA,NA,NA,NA,NA,NA,NA,NA,High,3
Zhou et al.,2004,Zhou et al. 2004,yes,review,"USA, Ohio, Toledo/Illinois, DuPage County",yes,North America,"PCR (SU rRNA gene 826-864 bp), 3 replicates",Molecular,200,NA,gene copies/ml (3 replicates),200 mg,Animal,Bird,Anseriformes,Anatidae,Branta,Canada goose,Branta canadensis,,free,Cryptosporidium Duck genotype,Cryptosporidium (genotype),feces,yes,no,,,1,209,,NA,,NA,,,,,,,,,,NA,NA,NA,NA,NA,NA,NA,NA,High,3
Zhou et al.,2004,Zhou et al. 2004,yes,review,"USA, Ohio, Toledo/Illinois, DuPage County",yes,North America,"PCR (SU rRNA gene 826-864 bp), 3 replicates",Molecular,200,NA,gene copies/ml (3 replicates),200 mg,Animal,Bird,Anseriformes,Anatidae,Branta,Canada goose,Branta canadensis,,free,Cryptosporidium Goose genotype II,Cryptosporidium (genotype),feces,yes,no,,,9,209,,NA,,NA,,,,,,,,,,NA,NA,NA,NA,NA,NA,NA,NA,High,3
Zhou et al.,2004,Zhou et al. 2004,yes,review,"USA, Ohio, Toledo/Illinois, DuPage County",yes,North America,"PCR (SU rRNA gene 826-864 bp), 3 replicates",Molecular,200,NA,gene copies/ml (3 replicates),200 mg,Animal,Bird,Anseriformes,Anatidae,Branta,Canada goose,Branta canadensis,,free,Cryptosporidium Goose genotype I ,Cryptosporidium (genotype),feces,yes,no,,,36,209,,NA,,NA,,,,,,,,,,NA,NA,NA,NA,NA,NA,NA,NA,High,3
Zhou et al.,2004,Zhou et al. 2004,yes,review,"USA, Ohio, Toledo/Illinois, DuPage County",yes,North America,"PCR (SU rRNA gene 826-864 bp), 3 replicates",Molecular,200,NA,gene copies/ml (3 replicates),200 mg,Animal,Bird,Anseriformes,Anatidae,Branta,Canada goose,Branta canadensis,,free,Cryptosporidium hominis,Cryptosporidium hominis,feces,yes,no,,,2,209,,NA,,NA,,,,,,,,might be contaminated with feces from other waterfowl,,NA,NA,NA,NA,NA,NA,NA,NA,High,3
Zhou et al.,2004,Zhou et al. 2004,yes,review,"USA, Ohio, Toledo/Illinois, DuPage County",yes,North America,"PCR (SU rRNA gene 826-864 bp), 3 replicates",Molecular,200,NA,gene copies/ml (3 replicates),200 mg,Animal,Bird,Anseriformes,Anatidae,Branta,Canada goose,Branta canadensis,,free,Cryptosporidium parvum,Cryptosporidium parvum,feces,yes,no,,,5,209,,NA,,NA,,,,,,,,,,NA,NA,NA,NA,NA,NA,NA,NA,High,3
