Reference,Year,Full.Reference,peer.review,search,Location,USA,Global.Region,Method,Conventional..Molecular..or.Immunologic,MDL.ALOD.LOD,Below.MDL,MDL.units,Sample.Volume,kingdom,class,order,family,genius,Animal.common.name,Animal.Latin.Name,X,Free.captive,Pathogen.name.original,Pathogen.rename,Pathogen,medium,Presence,Enumerated,Enum.Stats,Censored.Data,Presence.Absence,Total,percent,Individual.Sample,Mean,Geometric.mean,Standard.deviation,Median,Min,Max,X95..low,X95..high,units,Notes,Notes.1,CenMedianLow,CenMedianHigh,CenMinLow,CenMinHigh,CenMaxLow,CenMaxHigh,log10mean,log10SD,GRADES,GRADES_Score
Fenlon et al.,1983,Fenlon et al. 1983,? yes journal is no longer published,review,"UK, Scotland, Aberdeen",no,Europe,"MPN, 5 tube, standard method",Conventional,NA,NA,,NA,Animal,Bird,Charadriiformes,Laridae,Larus,,Larus spp.,Gull (genus),free,Salmonella,Salmonella,Salmonella,feces (salmonella positive),no,yes,StatsTotal,no,,14,,,39.7,NA,52.7,NA,0.18,191,,,salmonella/g,Has a lot of data on behavior,cannot find original numbers.,NA,NA,NA,NA,NA,NA,NA,NA,Very Low,0
Levesque et al.,1993,Levesque et al. 1993,yes,review,"Canada, Quebec",no,North America,API 20E,Conventional,100,NA,CFU/g,NA,Animal,Bird,Charadriiformes,Laridae,Larus,Ring-billed gull,Larus delawarensis,,free,Salmonella spp.,Salmonella,Salmonella,feces,no,yes,StatsTotal,no,,100,,,,150,,NA,,,,,CFU/g,Also has data connecting number of birds to concentrations in waters at different depths.,,NA,NA,NA,NA,NA,NA,NA,NA,High,3
Levesque et al.,1993,Levesque et al. 1993,yes,review,"Canada, Quebec",no,North America,API 20E,Conventional,100,NA,CFU/g,NA,Animal,Bird,Charadriiformes,Laridae,Larus,Ring-billed gull,Larus delawarensis,,free,Salmonella spp.,Salmonella,Salmonella,feces,no,yes,StatsTotal,no,,148,,,,230,,NA,,,,,CFU/g,Also has data connecting number of birds to concentrations in waters at different depths.,,NA,NA,NA,NA,NA,NA,NA,NA,High,3
Levesque et al.,1993,Levesque et al. 1993,yes,review,"Canada, Quebec",no,North America,API 20E,Conventional,100,NA,CFU/g,NA,Animal,Bird,Charadriiformes,Laridae,Larus,Ring-billed gull,Larus delawarensis,,free,Salmonella spp.,Salmonella,Salmonella,feces,no,yes,StatsTotal,no,,236,,,,12000,,NA,,,,,CFU/g,Also has data connecting number of birds to concentrations in waters at different depths.,,NA,NA,NA,NA,NA,NA,NA,NA,High,3
Levesque et al.,2000,Levesque et al. 2000,yes,review,"Canada, Contrecoeur National Wildlife Area ",no,North America,"Standard AHPA Method, Membrain Filter",Conventional,100,NA,CFU/g,NA,Animal,Bird,Charadriiformes,Laridae,Larus,Ring-billed gull,Larus delawarensis,,free,Salmonella spp.,Salmonella,Salmonella,feces composite,no,yes,StatsIndiv,yes,,1,,1700000,,NA,,NA,,,,,CFU/g,Also found trends in concentration based on age and location,MDL assumed based on Levesque 1993,NA,NA,NA,NA,NA,NA,NA,NA,Moderate,2
Levesque et al.,2000,Levesque et al. 2000,yes,review,"Canada, Contrecoeur National Wildlife Area ",no,North America,"Standard AHPA Method, Membrain Filter",Conventional,100,NA,CFU/g,NA,Animal,Bird,Charadriiformes,Laridae,Larus,Ring-billed gull,Larus delawarensis,,free,Salmonella spp.,Salmonella,Salmonella,feces composite,no,yes,StatsIndiv,yes,,1,,4000000,,NA,,NA,,,,,CFU/g,Also found trends in concentration based on age and location,MDL assumed based on Levesque 1993,NA,NA,NA,NA,NA,NA,NA,NA,Moderate,2
Levesque et al.,2000,Levesque et al. 2000,yes,review,"Canada, Contrecoeur National Wildlife Area ",no,North America,"Standard AHPA Method, Membrain Filter",Conventional,100,NA,CFU/g,NA,Animal,Bird,Charadriiformes,Laridae,Larus,Ring-billed gull,Larus delawarensis,,free,Salmonella spp.,Salmonella,Salmonella,feces composite,no,yes,StatsIndiv,yes,,1,,1000000,,NA,,NA,,,,,CFU/g,Also found trends in concentration based on age and location,MDL assumed based on Levesque 1993,NA,NA,NA,NA,NA,NA,NA,NA,Moderate,2
Levesque et al.,2000,Levesque et al. 2000,yes,review,"Canada, Contrecoeur National Wildlife Area ",no,North America,"Standard AHPA Method, Membrain Filter",Conventional,100,NA,CFU/g,NA,Animal,Bird,Charadriiformes,Laridae,Larus,Ring-billed gull,Larus delawarensis,,free,Salmonella spp.,Salmonella,Salmonella,feces composite,no,yes,StatsIndiv,yes,,1,,230000,,NA,,NA,,,,,CFU/g,Also found trends in concentration based on age and location,MDL assumed based on Levesque 1993,NA,NA,NA,NA,NA,NA,NA,NA,Moderate,2
Levesque et al.,2000,Levesque et al. 2000,yes,review,"Canada, Contrecoeur National Wildlife Area ",no,North America,"Standard AHPA Method, Membrain Filter",Conventional,100,NA,CFU/g,NA,Animal,Bird,Charadriiformes,Laridae,Larus,Ring-billed gull,Larus delawarensis,,free,Salmonella spp.,Salmonella,Salmonella,feces composite,no,yes,StatsIndiv,yes,,1,,2400000000,,NA,,NA,,,,,CFU/g,Also found trends in concentration based on age and location,MDL assumed based on Levesque 1993,NA,NA,NA,NA,NA,NA,NA,NA,Moderate,2
Levesque et al.,2000,Levesque et al. 2000,yes,review,"Canada, Contrecoeur National Wildlife Area ",no,North America,"Standard AHPA Method, Membrain Filter",Conventional,100,NA,CFU/g,NA,Animal,Bird,Charadriiformes,Laridae,Larus,Ring-billed gull,Larus delawarensis,,free,Salmonella spp.,Salmonella,Salmonella,feces composite,no,yes,StatsIndiv,yes,,1,,930000000,,NA,,NA,,,,,CFU/g,Also found trends in concentration based on age and location,MDL assumed based on Levesque 1993,NA,NA,NA,NA,NA,NA,NA,NA,Moderate,2
Levesque et al.,2000,Levesque et al. 2000,yes,review,"Canada, Contrecoeur National Wildlife Area ",no,North America,"Standard AHPA Method, Membrain Filter",Conventional,100,NA,CFU/g,NA,Animal,Bird,Charadriiformes,Laridae,Larus,Ring-billed gull,Larus delawarensis,,free,Salmonella spp.,Salmonella,Salmonella,feces composite,no,yes,StatsIndiv,yes,,1,,230000000,,NA,,NA,,,,,CFU/g,Also found trends in concentration based on age and location,MDL assumed based on Levesque 1993,NA,NA,NA,NA,NA,NA,NA,NA,Moderate,2
Levesque et al.,2000,Levesque et al. 2000,yes,review,"Canada, Contrecoeur National Wildlife Area ",no,North America,"Standard AHPA Method, Membrain Filter",Conventional,100,NA,CFU/g,NA,Animal,Bird,Charadriiformes,Laridae,Larus,Ring-billed gull,Larus delawarensis,,free,Salmonella spp.,Salmonella,Salmonella,feces composite,no,yes,StatsIndiv,yes,,1,,2300,,NA,,NA,,,,,CFU/g,Also found trends in concentration based on age and location,MDL assumed based on Levesque 1993,NA,NA,NA,NA,NA,NA,NA,NA,Moderate,2
Levesque et al.,2000,Levesque et al. 2000,yes,review,"Canada, Contrecoeur National Wildlife Area ",no,North America,"Standard AHPA Method, Membrain Filter",Conventional,100,NA,CFU/g,NA,Animal,Bird,Charadriiformes,Laridae,Larus,Ring-billed gull,Larus delawarensis,,free,Salmonella spp.,Salmonella,Salmonella,feces composite,no,yes,StatsIndiv,yes,,1,,64000000,,NA,,NA,,,,,CFU/g,Also found trends in concentration based on age and location,MDL assumed based on Levesque 1993,NA,NA,NA,NA,NA,NA,NA,NA,Moderate,2
Levesque et al.,2000,Levesque et al. 2000,yes,review,"Canada, Contrecoeur National Wildlife Area ",no,North America,"Standard AHPA Method, Membrain Filter",Conventional,100,NA,CFU/g,NA,Animal,Bird,Charadriiformes,Laridae,Larus,Ring-billed gull,Larus delawarensis,,free,Salmonella spp.,Salmonella,Salmonella,feces composite,no,yes,StatsIndiv,yes,,1,,1600000,,NA,,NA,,,,,CFU/g,Also found trends in concentration based on age and location,MDL assumed based on Levesque 1993,NA,NA,NA,NA,NA,NA,NA,NA,Moderate,2
Levesque et al.,2000,Levesque et al. 2000,yes,review,"Canada, Montreal",no,North America,"Standard AHPA Method, Membrain Filter",Conventional,100,NA,CFU/g,NA,Animal,Bird,Charadriiformes,Laridae,Larus,Ring-billed gull,Larus delawarensis,,free,Salmonella spp.,Salmonella,Salmonella,feces composite,no,yes,StatsIndiv,yes,,1,,2000000,,NA,,NA,,,,,CFU/g,Also found trends in concentration based on age and location,MDL assumed based on Levesque 1993,NA,NA,NA,NA,NA,NA,NA,NA,Moderate,2
Levesque et al.,2000,Levesque et al. 2000,yes,review,"Canada, Montreal",no,North America,"Standard AHPA Method, Membrain Filter",Conventional,100,NA,CFU/g,NA,Animal,Bird,Charadriiformes,Laridae,Larus,Ring-billed gull,Larus delawarensis,,free,Salmonella spp.,Salmonella,Salmonella,feces composite,no,yes,StatsIndiv,yes,,1,,12000000,,NA,,NA,,,,,CFU/g,Also found trends in concentration based on age and location,MDL assumed based on Levesque 1993,NA,NA,NA,NA,NA,NA,NA,NA,Moderate,2
Levesque et al.,2000,Levesque et al. 2000,yes,review,"Canada, Montreal",no,North America,"Standard AHPA Method, Membrain Filter",Conventional,100,NA,CFU/g,NA,Animal,Bird,Charadriiformes,Laridae,Larus,Ring-billed gull,Larus delawarensis,,free,Salmonella spp.,Salmonella,Salmonella,feces composite,no,yes,StatsIndiv,yes,,1,,6000000,,NA,,NA,,,,,CFU/g,Also found trends in concentration based on age and location,MDL assumed based on Levesque 1993,NA,NA,NA,NA,NA,NA,NA,NA,Moderate,2
Levesque et al.,2000,Levesque et al. 2000,yes,review,"Canada, Montreal",no,North America,"Standard AHPA Method, Membrain Filter",Conventional,100,NA,CFU/g,NA,Animal,Bird,Charadriiformes,Laridae,Larus,Ring-billed gull,Larus delawarensis,,free,Salmonella spp.,Salmonella,Salmonella,feces composite,no,yes,StatsIndiv,yes,,1,,21000000,,NA,,NA,,,,,CFU/g,Also found trends in concentration based on age and location,MDL assumed based on Levesque 1993,NA,NA,NA,NA,NA,NA,NA,NA,Moderate,2
Levesque et al.,2000,Levesque et al. 2000,yes,review,"Canada, Montreal",no,North America,"Standard AHPA Method, Membrain Filter",Conventional,100,NA,CFU/g,NA,Animal,Bird,Charadriiformes,Laridae,Larus,Ring-billed gull,Larus delawarensis,,free,Salmonella spp.,Salmonella,Salmonella,feces composite,no,yes,StatsIndiv,yes,,1,,42000000,,NA,,NA,,,,,CFU/g,Also found trends in concentration based on age and location,MDL assumed based on Levesque 1993,NA,NA,NA,NA,NA,NA,NA,NA,Moderate,2
Levesque et al.,2000,Levesque et al. 2000,yes,review,"Canada, Montreal",no,North America,"Standard AHPA Method, Membrain Filter",Conventional,100,NA,CFU/g,NA,Animal,Bird,Charadriiformes,Laridae,Larus,Ring-billed gull,Larus delawarensis,,free,Salmonella spp.,Salmonella,Salmonella,feces composite,no,yes,StatsIndiv,yes,,1,,4700000,,NA,,NA,,,,,CFU/g,Also found trends in concentration based on age and location,MDL assumed based on Levesque 1993,NA,NA,NA,NA,NA,NA,NA,NA,Moderate,2
Levesque et al.,2000,Levesque et al. 2000,yes,review,"Canada, Montreal",no,North America,"Standard AHPA Method, Membrain Filter",Conventional,100,NA,CFU/g,NA,Animal,Bird,Charadriiformes,Laridae,Larus,Ring-billed gull,Larus delawarensis,,free,Salmonella spp.,Salmonella,Salmonella,feces composite,no,yes,StatsIndiv,yes,,1,,23000000,,NA,,NA,,,,,CFU/g,Also found trends in concentration based on age and location,MDL assumed based on Levesque 1993,NA,NA,NA,NA,NA,NA,NA,NA,Moderate,2
Levesque et al.,2000,Levesque et al. 2000,yes,review,"Canada, Montreal",no,North America,"Standard AHPA Method, Membrain Filter",Conventional,100,NA,CFU/g,NA,Animal,Bird,Charadriiformes,Laridae,Larus,Ring-billed gull,Larus delawarensis,,free,Salmonella spp.,Salmonella,Salmonella,feces composite,no,yes,StatsIndiv,yes,,1,,2300,,NA,,NA,,,,,CFU/g,Also found trends in concentration based on age and location,MDL assumed based on Levesque 1993,NA,NA,NA,NA,NA,NA,NA,NA,Moderate,2
Levesque et al.,2000,Levesque et al. 2000,yes,review,"Canada, Montreal",no,North America,"Standard AHPA Method, Membrain Filter",Conventional,100,NA,CFU/g,NA,Animal,Bird,Charadriiformes,Laridae,Larus,Ring-billed gull,Larus delawarensis,,free,Salmonella spp.,Salmonella,Salmonella,feces composite,no,yes,StatsIndiv,yes,,1,,2300,,NA,,NA,,,,,CFU/g,Also found trends in concentration based on age and location,MDL assumed based on Levesque 1993,NA,NA,NA,NA,NA,NA,NA,NA,Moderate,2
Levesque et al.,2000,Levesque et al. 2000,yes,review,"Canada, Montreal",no,North America,"Standard AHPA Method, Membrain Filter",Conventional,100,NA,CFU/g,NA,Animal,Bird,Charadriiformes,Laridae,Larus,Ring-billed gull,Larus delawarensis,,free,Salmonella spp.,Salmonella,Salmonella,feces composite,no,yes,StatsIndiv,yes,,1,,7500000,,NA,,NA,,,,,CFU/g,Also found trends in concentration based on age and location,MDL assumed based on Levesque 1993,NA,NA,NA,NA,NA,NA,NA,NA,Moderate,2
Levesque et al.,2000,Levesque et al. 2000,yes,review,"Canada, Quebec City",no,North America,"Standard AHPA Method, Membrain Filter",Conventional,100,NA,CFU/g,NA,Animal,Bird,Charadriiformes,Laridae,Larus,Ring-billed gull,Larus delawarensis,,free,Salmonella spp.,Salmonella,Salmonella,feces composite,no,yes,StatsIndiv,yes,,1,,4000000,,NA,,NA,,,,,CFU/g,Also found trends in concentration based on age and location,MDL assumed based on Levesque 1993,NA,NA,NA,NA,NA,NA,NA,NA,Moderate,2
Levesque et al.,2000,Levesque et al. 2000,yes,review,"Canada, Quebec City",no,North America,"Standard AHPA Method, Membrain Filter",Conventional,100,NA,CFU/g,NA,Animal,Bird,Charadriiformes,Laridae,Larus,Ring-billed gull,Larus delawarensis,,free,Salmonella spp.,Salmonella,Salmonella,feces composite,no,yes,StatsIndiv,yes,,1,,1800000,,NA,,NA,,,,,CFU/g,Also found trends in concentration based on age and location,MDL assumed based on Levesque 1993,NA,NA,NA,NA,NA,NA,NA,NA,Moderate,2
Levesque et al.,2000,Levesque et al. 2000,yes,review,"Canada, Quebec City",no,North America,"Standard AHPA Method, Membrain Filter",Conventional,100,NA,CFU/g,NA,Animal,Bird,Charadriiformes,Laridae,Larus,Ring-billed gull,Larus delawarensis,,free,Salmonella spp.,Salmonella,Salmonella,feces composite,no,yes,StatsIndiv,yes,,1,,8000000,,NA,,NA,,,,,CFU/g,Also found trends in concentration based on age and location,MDL assumed based on Levesque 1993,NA,NA,NA,NA,NA,NA,NA,NA,Moderate,2
Levesque et al.,2000,Levesque et al. 2000,yes,review,"Canada, Quebec City",no,North America,"Standard AHPA Method, Membrain Filter",Conventional,100,NA,CFU/g,NA,Animal,Bird,Charadriiformes,Laridae,Larus,Ring-billed gull,Larus delawarensis,,free,Salmonella spp.,Salmonella,Salmonella,feces composite,no,yes,StatsIndiv,yes,,1,,ND,,NA,,NA,0,100,,,CFU/g,Also found trends in concentration based on age and location,MDL assumed based on Levesque 1993,NA,NA,NA,NA,NA,NA,NA,NA,Moderate,2
Levesque et al.,2000,Levesque et al. 2000,yes,review,"Canada, Quebec City",no,North America,"Standard AHPA Method, Membrain Filter",Conventional,100,NA,CFU/g,NA,Animal,Bird,Charadriiformes,Laridae,Larus,Ring-billed gull,Larus delawarensis,,free,Salmonella spp.,Salmonella,Salmonella,feces composite,no,yes,StatsIndiv,yes,,1,,1000000,,NA,,NA,,,,,CFU/g,Also found trends in concentration based on age and location,MDL assumed based on Levesque 1993,NA,NA,NA,NA,NA,NA,NA,NA,Moderate,2
Levesque et al.,2000,Levesque et al. 2000,yes,review,"Canada, Quebec City",no,North America,"Standard AHPA Method, Membrain Filter",Conventional,100,NA,CFU/g,NA,Animal,Bird,Charadriiformes,Laridae,Larus,Ring-billed gull,Larus delawarensis,,free,Salmonella spp.,Salmonella,Salmonella,feces composite,no,yes,StatsIndiv,yes,,1,,6000000,,NA,,NA,,,,,CFU/g,Also found trends in concentration based on age and location,MDL assumed based on Levesque 1993,NA,NA,NA,NA,NA,NA,NA,NA,Moderate,2
Adesiyun et al.,1998,Adesiyun et al. 1998,yes,review,Trinidad,no,North America,"biochemical, culture broth and plate, standard method",Conventional,ND,ND,,1 g,Animal,Bird,,,,,"Rampacelus carbo, Beopelia cuneata, Streptopelia decaocto, Agelaius icterocephalus, Turdus nudigenis, Coereba flaceola)","Tangers 15, 14 dove, 8 yellow hooded black bird, thrush 5, 3 Banaquit",captive,Salmonella spp.,Salmonella,Salmonella,"feces, cloacal swab",yes,no,,,ND,60,,,,NA,,NA,,,,,,,,NA,NA,NA,NA,NA,NA,NA,NA,Low,1
Adesiyun et al.,1998,Adesiyun et al. 1998,yes,review,Trinidad,no,North America,"biochemical, culture broth and plate, standard method",Conventional,ND,ND,,1 g,Animal,Bird,Accipitriformes,Cathartidae,Coragyps,Black vulture,Coragyps atratus,,captive,Salmonella spp.,Salmonella,Salmonella,"feces, cloacal swab",yes,no,,,1,3,,,,NA,,NA,,,,,,,,NA,NA,NA,NA,NA,NA,NA,NA,Low,1
Adesiyun et al.,1998,Adesiyun et al. 1998,yes,review,Trinidad,no,North America,"biochemical, culture broth and plate, standard method",Conventional,ND,ND,,1 g,Animal,Bird,Pelecaniformes,Ardeidae,Ardea,Cocoi heron,Ardea cocoi,,captive,Salmonella spp.,Salmonella,Salmonella,"feces, cloacal swab",yes,no,,,ND,1,,,,NA,,NA,,,,,,,,NA,NA,NA,NA,NA,NA,NA,NA,Low,1
Adesiyun et al.,1998,Adesiyun et al. 1998,yes,review,Trinidad,no,North America,"biochemical, culture broth and plate, standard method",Conventional,ND,ND,,1 g,Animal,Bird,Anseriformes,Anatidae,Dendrocygna,Fulvous whistling duck,Dendrocygna bicolor,,captive,Salmonella spp.,Salmonella,Salmonella,"feces, cloacal swab",yes,no,,,ND,1,,,,NA,,NA,,,,,,,,NA,NA,NA,NA,NA,NA,NA,NA,Low,1
Adesiyun et al.,1998,Adesiyun et al. 1998,yes,review,Trinidad,no,North America,"biochemical, culture broth and plate, standard method",Conventional,ND,ND,,1 g,Animal,Bird,Psittaciformes,Psittacidae,Amazona,Orange-winged amazon,Amazona amazonica,,free range,Salmonella spp.,Salmonella,Salmonella,"feces, cloacal swab",yes,no,,,ND,6,,,,NA,,NA,,,,,,,,NA,NA,NA,NA,NA,NA,NA,NA,Low,1
Adesiyun et al.,1998,Adesiyun et al. 1998,yes,review,Trinidad,no,North America,"biochemical, culture broth and plate, standard method",Conventional,ND,ND,,1 g,Animal,Bird,Columbiformes,Columbidae,Columba,Pigeon,Columba spp.,,free range,Salmonella spp.,Salmonella,Salmonella,"feces, cloacal swab",yes,no,,,ND,8,,,,NA,,NA,,,,,,,,NA,NA,NA,NA,NA,NA,NA,NA,Low,1
Adesiyun et al.,1998,Adesiyun et al. 1998,yes,review,Trinidad,no,North America,"biochemical, culture broth and plate, standard method",Conventional,ND,ND,,1 g,Animal,Bird,Columbiformes,Columbidae,Columba,Pigeon,Columba livia,,captive,Salmonella spp.,Salmonella,Salmonella,"feces, cloacal swab",yes,no,,,ND,59,,,,NA,,NA,,,,,,,,NA,NA,NA,NA,NA,NA,NA,NA,Low,1
Adesiyun et al.,1998,Adesiyun et al. 1998,yes,review,Trinidad,no,North America,"biochemical, culture broth and plate, standard method",Conventional,ND,ND,,1 g,Animal,Bird,Psittaciformes,Psittacinae,Ara,Scarlet macaw,Ara macao,,free range,Salmonella spp.,Salmonella,Salmonella,"feces, cloacal swab",yes,no,,,ND,1,,,,NA,,NA,,,,,,,,NA,NA,NA,NA,NA,NA,NA,NA,Low,1
Adesiyun et al.,1998,Adesiyun et al. 1998,yes,review,Trinidad,no,North America,"biochemical, culture broth and plate, standard method",Conventional,ND,ND,,1 g,Animal,Bird,Piciformes,Ramphastidae,Ramphastos,White-throated toucan,Ramphastos toucanas,,free range,Salmonella spp.,Salmonella,Salmonella,"feces, cloacal swab",yes,no,,,ND,4,,,,NA,,NA,,,,,,,,NA,NA,NA,NA,NA,NA,NA,NA,Low,1
"Afema, et al.",2016,"Afema, et al. 2016",Yes,Google Scholar,"Uganda, Near Lake Victoria",no,Africa,"confirm PCR (invA), culture broth and plate",Conventional,ND,ND,,5 fecal swab composite,Animal,Bird,,,,,,Bird (class),free,Salmonella,Salmonella,Salmonella,feces (5 sample composite),yes,no,,,17,395,,,,NA,,NA,,,,,,composite samples.,"has more data on bird sightings, locations, servars",NA,NA,NA,NA,NA,NA,NA,NA,Low,1
Andres-Barranco et al.,2014,Andres-Barranco et al. 2014,Yes,Google Scholar,"Spain, Northeast",no,Europe,"Outside Lab (National Reference Laboratory), plate culture, standard methods?",Conventional,NA,NA,,NA,Animal,Bird,,,,,,Bird (class),free,Salmonella,Salmonella,Salmonella,"feces, older bird droppings",yes,no,,,33,68,,,,NA,,NA,,,,,,,,NA,NA,NA,NA,NA,NA,NA,NA,Low,1
Andres-Barranco et al.,2014,Andres-Barranco et al. 2014,Yes,Google Scholar,"Spain, Northeast",no,Europe,"Outside Lab (National Reference Laboratory), plate culture, standard methods?",Conventional,NA,NA,,NA,Animal,Bird,,,,,,Bird (class),free,Salmonella,Salmonella,Salmonella,feces,yes,no,,,27,672,,,,NA,,NA,,,,,,,,NA,NA,NA,NA,NA,NA,NA,NA,Low,1
Awad-Alla et al.,2010,Awad-Alla et al. 2010,yes,review,"Egypt, Sharkia Provence",no,Eastern Mediterranean,"Biochemical, Culture broth and plate, lab",Conventional,NA,NA,,NA,Animal,Bird,Pelecaniformes,Threskiornithidae,Threskiornis,Sacred Ibis ,Nipponia nippon,,free,Salmonella,Salmonella,Salmonella,"intestines content, tissue (heart blood, lung, liver, spleen, kidney, ovaries), healthy bird (hunted)",yes,no,,,8,55,,,,NA,,NA,,,,,,,,NA,NA,NA,NA,NA,NA,NA,NA,Low,1
Barber et al.,2002,Barber et al. 2002,yes,Google Scholar,"USA, Illinois, swine production faciltiy",yes,North America,"agglutination, biochemical, culture broth and plate",Conventional,NA,NA,,1 g,Animal,Bird,,,,,,Bird (class),captive and free,Salmonella ,Salmonella,Salmonella,feces,yes,no,,,3,38,,,,NA,,NA,,,,,,,,NA,NA,NA,NA,NA,NA,NA,NA,Low,1
Benton et al. ,1983,Benton et al.  1983,yes,review,"UK, Scotland, Glasglow",no,Europe,"Plate Culture, Broth, membraine filtration",Conventional,NA,NA,,NA,Animal,Bird,Charadriiformes,Laridae,Larus,,"Larus argentatus, Larus ridibundus, Larus canus, Larus fuscus","herring, black headed, lesser black headed, common",free,Salmonella,Salmonella,Salmonella,Cloacal swab,yes,no,,,26,154,,,,NA,,NA,,,,,,It also says that 17 birds were positive but I am unsure what that means.,Also has data on birds roosting on reservior and water quality connecting water quality to birds.,NA,NA,NA,NA,NA,NA,NA,NA,High,3
"Binkley, L. E.",2015,"Binkley, L. E. 2015",Thesis,Google Scholar,"USA, Ohio, Columbus",yes,North America,culture broth and plate,Conventional,NA,NA,,1 g,Animal,Bird,Anseriformes,Anatidae,Branta,Canada goose,,,free,Salmonella,Salmonella,Salmonella,feces,yes,no,,,0,199,,,,NA,,NA,,,,,,,,NA,NA,NA,NA,NA,NA,NA,NA,High,3
Blanco et al.,2021,Blanco et al. 2021,yes,Google Scholar,"Spain, Segovia/Avila",no,Europe,"PCR, serotype, biochemical, culture plate",Conventional,NA,NA,,NA,Animal,Bird,Accipitriformes,Accipitridae,Gyps,Griffon vulture,Gyps fulvus,,free,Salmonella,Salmonella,Salmonella,feces,yes,no,,,68,303,,,,NA,,NA,,,,,,"Also divided by age, and season",,NA,NA,NA,NA,NA,NA,NA,NA,High,3
Brittingham et al.,1988,Brittingham et al. 1988,yes,review,"USA, Wisconsin, Sauk/Dane County",yes,North America,culture broth and plate,Conventional,NA,NA,,NA,Animal,Bird,Passeriformes,Fringillidae,Spinus,American goldfinch,Cardeulis tristis,,free,Salmonella spp.,Salmonella,Salmonella,"feces, cloacal swabs",yes,no,,,ND,25,,,,NA,,NA,,,,,,Other species measured but less than 3 samples per species.  Also broken down by bacterial species but not connected to animal.,,NA,NA,NA,NA,NA,NA,NA,NA,Low,1
Brittingham et al.,1988,Brittingham et al. 1988,yes,review,"USA, Wisconsin, Sauk/Dane County",yes,North America,culture broth and plate,Conventional,NA,NA,,NA,Animal,Bird,Passeriformes,Paridae,Poecile,Black-capped chickadee,Parus atricapillus,,free,Salmonella spp.,Salmonella,Salmonella,"feces, cloacal swabs",yes,no,,,ND,290,ND,,,NA,,NA,,,,,,Other species measured but less than 3 samples per species.  Also broken down by bacterial species but not connected to animal.,,NA,NA,NA,NA,NA,NA,NA,NA,Low,1
Brittingham et al.,1988,Brittingham et al. 1988,yes,review,"USA, Wisconsin, Sauk/Dane County",yes,North America,culture broth and plate,Conventional,NA,NA,,NA,Animal,Bird,Passeriformes,Passerellidae,Junco,Dark-eyed junco,Junco hyemalis,,free,Salmonella spp.,Salmonella,Salmonella,"feces, cloacal swabs",yes,no,,,ND,40,ND,,,NA,,NA,,,,,,Other species measured but less than 3 samples per species.  Also broken down by bacterial species but not connected to animal.,,NA,NA,NA,NA,NA,NA,NA,NA,Low,1
Brittingham et al.,1988,Brittingham et al. 1988,yes,review,"USA, Wisconsin, Sauk/Dane County",yes,North America,culture broth and plate,Conventional,NA,NA,,NA,Animal,Bird,Passeriformes,Sittidae,Sitta,White-breasted nuthatch,Sitta carolinensis,,free,Salmonella spp.,Salmonella,Salmonella,"feces, cloacal swabs",yes,no,,,ND,19,ND,,,NA,,NA,,,,,,Other species measured but less than 3 samples per species.  Also broken down by bacterial species but not connected to animal.,,NA,NA,NA,NA,NA,NA,NA,NA,Low,1
Butron et al.,2010,Butron et al. 2010,yes,Google Scholar,"Peru, Tambopata National Reserve",no,South America,"biochemical, culture broth and plate",Conventional,NA,NA,,NA,Animal,Bird,Psittaciformes,,,,"(Ara ararauna, Orthopsittaca manilata, Pionus menstruus, Amazona farinosa, Amazona ochrocephala)","(1 Scarlet Macaw, 3 Blueand-yellow Macaws, 1 Red-bellied Macaw, 8 Blue-headed Parrot, 11 Mealy Parrots, 1 Yellow-crowned Parrot",free,Salmonella,Salmonella,Salmonella,Cloacal swabs,yes,no,,,ND,25,,,,NA,,NA,,,,,,,,NA,NA,NA,NA,NA,NA,NA,NA,Low,1
Butterfield et al. ,1983,Butterfield et al.  1983,? yes journal is no longer published,review,"UK, Northern England",no,Europe,"Culture, lense",Conventional,NA,NA,,swab variable,Animal,Bird,Charadriiformes,Laridae,Larus,Herring gull,Larus argentatus,,free,Salmonella,Salmonella,Salmonella,cloacal swab,yes,no,,,96,2796,,,,NA,,NA,,,,,,,,NA,NA,NA,NA,NA,NA,NA,NA,High,3
Butterfield et al. ,1983,Butterfield et al.  1983,? yes journal is no longer published,review,"UK, Northumberland, Durham, North Yorkshire garbage dump",no,Europe,"Culture, lense",Conventional,NA,NA,,swab variable,Animal,Bird,Charadriiformes,Laridae,Larus,Herring gull,Larus argentatus,,free,Salmonella,Salmonella,Salmonella,cloacal swab,yes,no,,,55,1934,,,,NA,,NA,,,,,,,,NA,NA,NA,NA,NA,NA,NA,NA,High,3
Butterfield et al. ,1983,Butterfield et al.  1983,? yes journal is no longer published,review,"UK, Scarborough Harbor/Whitby rooftops",no,Europe,"Culture, lense",Conventional,NA,NA,,swab variable,Animal,Bird,Charadriiformes,Laridae,Larus,Herring gull,Larus argentatus,,free,Salmonella,Salmonella,Salmonella,cloacal swab,yes,no,,,2,141,,,,NA,,NA,,,,,,,,NA,NA,NA,NA,NA,NA,NA,NA,High,3
Butterfield et al. ,1983,Butterfield et al.  1983,? yes journal is no longer published,review,"UK, Scarborough, Whitby and Staithes rooftop",no,Europe,"Culture, lense",Conventional,NA,NA,,swab variable,Animal,Bird,Charadriiformes,Laridae,Larus,Herring gull,Larus argentatus,,free,Salmonella,Salmonella,Salmonella,cloacal swab,yes,no,,,4,124,,,,NA,,NA,,,,,,,,NA,NA,NA,NA,NA,NA,NA,NA,High,3
Butterfield et al. ,1983,Butterfield et al.  1983,? yes journal is no longer published,review,"UK, Scarborough, Whitby and Staithes rooftop",no,Europe,"Culture, lense",Conventional,NA,NA,,swab variable,Animal,Bird,Charadriiformes,Laridae,Larus,Herring gull,Larus argentatus,,free,Salmonella,Salmonella,Salmonella,cloacal swab,yes,no,,,19,227,,,,NA,,NA,,,,,,,,NA,NA,NA,NA,NA,NA,NA,NA,High,3
Butterfield et al. ,1983,Butterfield et al.  1983,? yes journal is no longer published,review,"UK, Scarborough, Whitby and Staithes rooftop",no,Europe,"Culture, lense",Conventional,NA,NA,,swab variable,Animal,Bird,Charadriiformes,Laridae,Larus,Herring gull,Larus argentatus,,free,Salmonella,Salmonella,Salmonella,cloacal swab,yes,no,,,13,261,,,,NA,,NA,,,,,,,,NA,NA,NA,NA,NA,NA,NA,NA,High,3
Butterfield et al. ,1983,Butterfield et al.  1983,? yes journal is no longer published,review,"UK, Sunderland rooftop",no,Europe,"Culture, lense",Conventional,NA,NA,,swab variable,Animal,Bird,Charadriiformes,Laridae,Larus,Herring gull,Larus argentatus,,free,Salmonella,Salmonella,Salmonella,cloacal swab,yes,no,,,3,99,,,,NA,,NA,,,,,,,,NA,NA,NA,NA,NA,NA,NA,NA,High,3
Casanovas et al.,1995,Casanovas et al. 1995,yes,review,"Spain, Barcelona",no,Europe,"biochemical, agglutination, culture broth and plate",Conventional,NA,NA,,NA,Animal,Bird,Columbiformes,Columbidae,Columba,Pigeon,Columba livia,,free,Salmonella spp. ,Salmonella,Salmonella,cloacal swab,yes,no,,,6,400,,,,NA,,NA,,,,,,,,NA,NA,NA,NA,NA,NA,NA,NA,High,3
Cizek et al.,1994,Cizek et al. 1994,yes,review,"Czech Republic, farms with no salmonellosis",no,Europe,"Biochemical, serotyping, culture broth plate",Conventional,NA,NA,,variable swab/tissue sample,Animal,Bird,Passeriformes,Hirundinidae,Hirundo,Barn swallow,Hirundo rustica,,free,Salmonella spp.,Salmonella,Salmonella,"Cloacal swab,  small intestines content, small intestines, liver, spleen",yes,no,,,ND,38,,,,NA,,NA,,,,,,,,NA,NA,NA,NA,NA,NA,NA,NA,Moderate,2
Cizek et al.,1994,Cizek et al. 1994,yes,review,"Czech Republic, reed growths",no,Europe,"Biochemical, serotyping, culture broth plate",Conventional,NA,NA,,variable swab/tissue sample,Animal,Bird,Passeriformes,Hirundinidae,Hirundo,Barn swallow,Hirundo rustica,,free,Salmonella spp.,Salmonella,Salmonella,"Cloacal swab,  small intestines content, small intestines, liver, spleen",yes,no,,,ND,308,,,,NA,,NA,,,,,,,,NA,NA,NA,NA,NA,NA,NA,NA,Moderate,2
Cizek et al.,1994,Cizek et al. 1994,yes,review,"Czech Republic, militrary training area",no,Europe,"Biochemical, serotyping, culture broth plate",Conventional,NA,NA,,variable swab/tissue sample,Animal,Bird,Galliformes,Phasianidae,Lyrurus,Black grouse,Tetrao tetrix,,free,Salmonella spp.,Salmonella,Salmonella,"Cloacal swab,  small intestines content, small intestines, liver, spleen",yes,no,,,ND,1,,,,NA,,NA,,,,,,,,NA,NA,NA,NA,NA,NA,NA,NA,Moderate,2
Cizek et al.,1994,Cizek et al. 1994,yes,review,"Czech Republic, Bartosovice, agriculture pond",no,Europe,"Biochemical, serotyping, culture broth plate",Conventional,NA,NA,,variable swab/tissue sample,Animal,Bird,Charadriiformes,Laridae,Chroicocephalus,Black-headed gull,Larus ribibundus,,free,Salmonella spp.,Salmonella,Salmonella,"Cloacal swab, feces",yes,no,,,ND,13,,,,NA,,NA,,,,,,Adult,,NA,NA,NA,NA,NA,NA,NA,NA,Moderate,2
Cizek et al.,1994,Cizek et al. 1994,yes,review,"Czech Republic, Karvina, waste dump",no,Europe,"Biochemical, serotyping, culture broth plate",Conventional,NA,NA,,variable swab/tissue sample,Animal,Bird,Charadriiformes,Laridae,Chroicocephalus,Black-headed gull,Larus ribibundus,,free,Salmonella spp.,Salmonella,Salmonella,"Cloacal swab, feces",yes,no,,,ND,14,,,,NA,,NA,,,,,,Adult,,NA,NA,NA,NA,NA,NA,NA,NA,Moderate,2
Cizek et al.,1994,Cizek et al. 1994,yes,review,"Czech Republic, Nove Mlyny, reservior (recieves waste water)",no,Europe,"Biochemical, serotyping, culture broth plate",Conventional,NA,NA,,variable swab/tissue sample,Animal,Bird,Charadriiformes,Laridae,Chroicocephalus,Black-headed gull,Larus ribibundus,,free,Salmonella spp.,Salmonella,Salmonella,"Cloacal swab, feces",yes,no,,,142,740,,,,NA,,NA,,,,,,Young,,NA,NA,NA,NA,NA,NA,NA,NA,Moderate,2
Cizek et al.,1994,Cizek et al. 1994,yes,review,"Czech Republic, Strakonice",no,Europe,"Biochemical, serotyping, culture broth plate",Conventional,NA,NA,,variable swab/tissue sample,Animal,Bird,Charadriiformes,Laridae,Chroicocephalus,Black-headed gull,Larus ribibundus,,free,Salmonella spp.,Salmonella,Salmonella,"Cloacal swab, feces",yes,no,,,ND,11,,,,NA,,NA,,,,,,Adult,,NA,NA,NA,NA,NA,NA,NA,NA,Moderate,2
Cizek et al.,1994,Cizek et al. 1994,yes,review,"Czech Republic, Strakonice",no,Europe,"Biochemical, serotyping, culture broth plate",Conventional,NA,NA,,variable swab/tissue sample,Animal,Bird,Charadriiformes,Laridae,Chroicocephalus,Black-headed gull,Larus ribibundus,,free,Salmonella spp.,Salmonella,Salmonella,"Cloacal swab, feces",yes,no,,,8,189,,,,NA,,NA,,,,,,Adult,,NA,NA,NA,NA,NA,NA,NA,NA,Moderate,2
Cizek et al.,1994,Cizek et al. 1994,yes,review,"Czech Republic, farms with no salmonellosis",no,Europe,"Biochemical, serotyping, culture broth plate",Conventional,NA,NA,,variable swab/tissue sample,Animal,Bird,Passeriformes,Muscicapidae,Phoenicurus,Black redstart,Phoenicurus ochruros,,free,Salmonella spp.,Salmonella,Salmonella,"Cloacal swab,  small intestines content, small intestines, liver, spleen",yes,no,,,ND,25,,,,NA,,NA,,,,,,,,NA,NA,NA,NA,NA,NA,NA,NA,Moderate,2
Cizek et al.,1994,Cizek et al. 1994,yes,review,"Czech Republic, farms with no salmonellosis",no,Europe,"Biochemical, serotyping, culture broth plate",Conventional,NA,NA,,variable swab/tissue sample,Animal,Bird,Passeriformes,Paridae,Cyanistes,Blue tit,Cyanistes caeruleus,,free,Salmonella spp.,Salmonella,Salmonella,"Cloacal swab,  small intestines content, small intestines, liver, spleen",yes,no,,,ND,46,,,,NA,,NA,,,,,,,,NA,NA,NA,NA,NA,NA,NA,NA,Moderate,2
Cizek et al.,1994,Cizek et al. 1994,yes,review,"Czech Republic, reed growths",no,Europe,"Biochemical, serotyping, culture broth plate",Conventional,NA,NA,,variable swab/tissue sample,Animal,Bird,Passeriformes,Paridae,Cyanistes,Blue tit,Cyanistes caeruleus,,free,Salmonella spp.,Salmonella,Salmonella,"Cloacal swab,  small intestines content, small intestines, liver, spleen",yes,no,,,ND,1,,,,NA,,NA,,,,,,,,NA,NA,NA,NA,NA,NA,NA,NA,Moderate,2
Cizek et al.,1994,Cizek et al. 1994,yes,review,"Czech Republic, militrary training area",no,Europe,"Biochemical, serotyping, culture broth plate",Conventional,NA,NA,,variable swab/tissue sample,Animal,Bird,Passeriformes,Bombycillidae,Bombycilla,Bohemian waxwing,Bombycilla garrulus,,free,Salmonella spp.,Salmonella,Salmonella,"Cloacal swab,  small intestines content, small intestines, liver, spleen",yes,no,,,ND,1,,,,NA,,NA,,,,,,,,NA,NA,NA,NA,NA,NA,NA,NA,Moderate,2
Cizek et al.,1994,Cizek et al. 1994,yes,review,"Czech Republic, militrary training area",no,Europe,"Biochemical, serotyping, culture broth plate",Conventional,NA,NA,,variable swab/tissue sample,Animal,Bird,Passeriformes,Corvidae,Corvus,Carrion crow,Corvus corone,,free,Salmonella spp.,Salmonella,Salmonella,"Cloacal swab,  small intestines content, small intestines, liver, spleen",yes,no,,,ND,1,,,,NA,,NA,,,,,,,,NA,NA,NA,NA,NA,NA,NA,NA,Moderate,2
Cizek et al.,1994,Cizek et al. 1994,yes,review,"Czech Republic, farms with no salmonellosis",no,Europe,"Biochemical, serotyping, culture broth plate",Conventional,NA,NA,,variable swab/tissue sample,Animal,Bird,Passeriformes,Muscicapidae,Ficedula,Collared flycatcher,Ficedulaÿalbicollis,,free,Salmonella spp.,Salmonella,Salmonella,"Cloacal swab,  small intestines content, small intestines, liver, spleen",yes,no,,,ND,1,,,,NA,,NA,,,,,,,,NA,NA,NA,NA,NA,NA,NA,NA,Moderate,2
Cizek et al.,1994,Cizek et al. 1994,yes,review,"Czech Republic, farms with no salmonellosis",no,Europe,"Biochemical, serotyping, culture broth plate",Conventional,NA,NA,,variable swab/tissue sample,Animal,Bird,Passeriformes,Turdidae,Turdus,Common blackbird,Turdus merula,,free,Salmonella spp.,Salmonella,Salmonella,"Cloacal swab,  small intestines content, small intestines, liver, spleen",yes,no,,,ND,21,,,,NA,,NA,,,,,,,,NA,NA,NA,NA,NA,NA,NA,NA,Moderate,2
Cizek et al.,1994,Cizek et al. 1994,yes,review,"Czech Republic, militrary training area",no,Europe,"Biochemical, serotyping, culture broth plate",Conventional,NA,NA,,variable swab/tissue sample,Animal,Bird,Accipitriformes,Accipitridae,Buteo,Common buzzard,Buteo buteo ,,free,Salmonella spp.,Salmonella,Salmonella,"Cloacal swab,  small intestines content, small intestines, liver, spleen",yes,no,,,ND,1,,,,NA,,NA,,,,,,,,NA,NA,NA,NA,NA,NA,NA,NA,Moderate,2
Cizek et al.,1994,Cizek et al. 1994,yes,review,"Czech Republic, farms with no salmonellosis",no,Europe,"Biochemical, serotyping, culture broth plate",Conventional,NA,NA,,variable swab/tissue sample,Animal,Bird,Passeriformes,Fringillidae,Fringilla,Common chaffinch,Fringilla coelebs,,free,Salmonella spp.,Salmonella,Salmonella,"Cloacal swab,  small intestines content, small intestines, liver, spleen",yes,no,,,ND,53,,,,NA,,NA,,,,,,,,NA,NA,NA,NA,NA,NA,NA,NA,Moderate,2
Cizek et al.,1994,Cizek et al. 1994,yes,review,"Czech Republic, militrary training area",no,Europe,"Biochemical, serotyping, culture broth plate",Conventional,NA,NA,,variable swab/tissue sample,Animal,Bird,Passeriformes,Fringillidae,Fringilla,Common chaffinch,Fringilla coelebs,,free,Salmonella spp.,Salmonella,Salmonella,"Cloacal swab,  small intestines content, small intestines, liver, spleen",yes,no,,,ND,16,,,,NA,,NA,,,,,,,,NA,NA,NA,NA,NA,NA,NA,NA,Moderate,2
Cizek et al.,1994,Cizek et al. 1994,yes,review,"Czech Republic, farms with no salmonellosis",no,Europe,"Biochemical, serotyping, culture broth plate",Conventional,NA,NA,,variable swab/tissue sample,Animal,Bird,Passeriformes,Phylloscopidae,Phylloscopus,Common chiffchaff,Phylloscopus collybita,,free,Salmonella spp.,Salmonella+X935,Salmonella,"Cloacal swab,  small intestines content, small intestines, liver, spleen",yes,no,,,ND,3,,,,NA,,NA,,,,,,,,NA,NA,NA,NA,NA,NA,NA,NA,Moderate,2
Cizek et al.,1994,Cizek et al. 1994,yes,review,"Czech Republic, militrary training area",no,Europe,"Biochemical, serotyping, culture broth plate",Conventional,NA,NA,,variable swab/tissue sample,Animal,Bird,Passeriformes,Locustellidae,Locustella,Common grasshopper warbler,Locustella naevia,,free,Salmonella spp.,Salmonella,Salmonella,"Cloacal swab,  small intestines content, small intestines, liver, spleen",yes,no,,,ND,1,,,,NA,,NA,,,,,,,,NA,NA,NA,NA,NA,NA,NA,NA,Moderate,2
Cizek et al.,1994,Cizek et al. 1994,yes,review,"Czech Republic, farms with no salmonellosis",no,Europe,"Biochemical, serotyping, culture broth plate",Conventional,NA,NA,,variable swab/tissue sample,Animal,Bird,Passeriformes,Hirundinidae,Delichon,Common house martin,Delichon urbica,,free,Salmonella spp.,Salmonella,Salmonella,"Cloacal swab,  small intestines content, small intestines, liver, spleen",yes,no,,,ND,1,,,,NA,,NA,,,,,,,,NA,NA,NA,NA,NA,NA,NA,NA,Moderate,2
Cizek et al.,1994,Cizek et al. 1994,yes,review,"Czech Republic, reed growths",no,Europe,"Biochemical, serotyping, culture broth plate",Conventional,NA,NA,,variable swab/tissue sample,Animal,Bird,Coraciiformes,Alcedinidae,Alcedo,Common kingfisher,Alcedo atthis,,free,Salmonella spp.,Salmonella,Salmonella,"Cloacal swab,  small intestines content, small intestines, liver, spleen",yes,no,,,ND,2,,,,NA,,NA,,,,,,,,NA,NA,NA,NA,NA,NA,NA,NA,Moderate,2
Cizek et al.,1994,Cizek et al. 1994,yes,review,"Czech Republic, farms with no salmonellosis",no,Europe,"Biochemical, serotyping, culture broth plate",Conventional,NA,NA,,variable swab/tissue sample,Animal,Bird,Passeriformes,Fringillidae,Linaria,Common linnet,Carduelis cannabina,,free,Salmonella spp.,Salmonella,Salmonella,"Cloacal swab,  small intestines content, small intestines, liver, spleen",yes,no,,,ND,3,,,,NA,,NA,,,,,,,,NA,NA,NA,NA,NA,NA,NA,NA,Moderate,2
Cizek et al.,1994,Cizek et al. 1994,yes,review,"Czech Republic, reed growths",no,Europe,"Biochemical, serotyping, culture broth plate",Conventional,NA,NA,,variable swab/tissue sample,Animal,Bird,Gruiformes,Rallidae,Gallinula,Common moorhen,Gallinula chloropus ,,free,Salmonella spp.,Salmonella,Salmonella,"Cloacal swab,  small intestines content, small intestines, liver, spleen",yes,no,,,ND,1,,,,NA,,NA,,,,,,,,NA,NA,NA,NA,NA,NA,NA,NA,Moderate,2
Cizek et al.,1994,Cizek et al. 1994,yes,review,"Czech Republic, farms with no salmonellosis",no,Europe,"Biochemical, serotyping, culture broth plate",Conventional,NA,NA,,variable swab/tissue sample,Animal,Bird,Galliformes,Phasianidae,Phasianus,Common pheasant,Phasianus colchicus,,free,Salmonella spp.,Salmonella,Salmonella,"Cloacal swab,  small intestines content, small intestines, liver, spleen",yes,no,,,ND,2,,,,NA,,NA,,,,,,,,NA,NA,NA,NA,NA,NA,NA,NA,Moderate,2
Cizek et al.,1994,Cizek et al. 1994,yes,review,"Czech Republic, militrary training area",no,Europe,"Biochemical, serotyping, culture broth plate",Conventional,NA,NA,,variable swab/tissue sample,Animal,Bird,Galliformes,Phasianidae,Phasianus,Common pheasant,Phasianus colchicus,,free,Salmonella spp.,Salmonella,Salmonella,"Cloacal swab,  small intestines content, small intestines, liver, spleen",yes,no,,,ND,4,,,,NA,,NA,,,,,,,,NA,NA,NA,NA,NA,NA,NA,NA,Moderate,2
Cizek et al.,1994,Cizek et al. 1994,yes,review,"Czech Republic, farms with no salmonellosis",no,Europe,"Biochemical, serotyping, culture broth plate",Conventional,NA,NA,,variable swab/tissue sample,Animal,Bird,Passeriformes,Muscicapidae,Phoenicurus,Common redstart ,Phoenicurus phoenicurus ,,free,Salmonella spp.,Salmonella,Salmonella,"Cloacal swab,  small intestines content, small intestines, liver, spleen",yes,no,,,ND,4,,,,NA,,NA,,,,,,,,NA,NA,NA,NA,NA,NA,NA,NA,Moderate,2
Cizek et al.,1994,Cizek et al. 1994,yes,review,"Czech Republic, reed growths",no,Europe,"Biochemical, serotyping, culture broth plate",Conventional,NA,NA,,variable swab/tissue sample,Animal,Bird,Passeriformes,Emberizidae,Emberiza,Common reed bunting,Emberiza schoeniclus,,free,Salmonella spp.,Salmonella,Salmonella,"Cloacal swab,  small intestines content, small intestines, liver, spleen",yes,no,,,ND,6,,,,NA,,NA,,,,,,,,NA,NA,NA,NA,NA,NA,NA,NA,Moderate,2
Cizek et al.,1994,Cizek et al. 1994,yes,review,"Czech Republic, reed growths",no,Europe,"Biochemical, serotyping, culture broth plate",Conventional,NA,NA,,variable swab/tissue sample,Animal,Bird,Charadriiformes,Laridae,Sterna,Common tern ,Sterna hirundo,,free,Salmonella spp.,Salmonella,Salmonella,"Cloacal swab,  small intestines content, small intestines, liver, spleen",yes,no,,,ND,7,,,,NA,,NA,,,,,,,,NA,NA,NA,NA,NA,NA,NA,NA,Moderate,2
Cizek et al.,1994,Cizek et al. 1994,yes,review,"Czech Republic, reed growths",no,Europe,"Biochemical, serotyping, culture broth plate",Conventional,NA,NA,,variable swab/tissue sample,Animal,Bird,Passeriformes,Sylviidae,Sylvia,Common whitethroat,Sylvia communis,,free,Salmonella spp.,Salmonella,Salmonella,"Cloacal swab,  small intestines content, small intestines, liver, spleen",yes,no,,,ND,1,,,,NA,,NA,,,,,,,,NA,NA,NA,NA,NA,NA,NA,NA,Moderate,2
Cizek et al.,1994,Cizek et al. 1994,yes,review,"Czech Republic, militrary training area",no,Europe,"Biochemical, serotyping, culture broth plate",Conventional,NA,NA,,variable swab/tissue sample,Animal,Bird,Passeriformes,Prunellidae,Prunella,Dunnock,Prunella modularis,,free,Salmonella spp.,Salmonella,Salmonella,"Cloacal swab,  small intestines content, small intestines, liver, spleen",yes,no,,,ND,2,,,,NA,,NA,,,,,,,,NA,NA,NA,NA,NA,NA,NA,NA,Moderate,2
Cizek et al.,1994,Cizek et al. 1994,yes,review,"Czech Republic, reed growths",no,Europe,"Biochemical, serotyping, culture broth plate",Conventional,NA,NA,,variable swab/tissue sample,Animal,Bird,Passeriformes,Sylviidae,Sylvia,Eurasian blackcap,Sylvia atricapilla,,free,Salmonella spp.,Salmonella,Salmonella,"Cloacal swab,  small intestines content, small intestines, liver, spleen",yes,no,,,ND,1,,,,NA,,NA,,,,,,,,NA,NA,NA,NA,NA,NA,NA,NA,Moderate,2
Cizek et al.,1994,Cizek et al. 1994,yes,review,"Czech Republic, farms with no salmonellosis",no,Europe,"Biochemical, serotyping, culture broth plate",Conventional,NA,NA,,variable swab/tissue sample,Animal,Bird,Passeriformes,Fringillidae,Pyrrhula,Eurasian bullfinch,Pyrhhula pyrhhula,,free,Salmonella spp.,Salmonella,Salmonella,"Cloacal swab,  small intestines content, small intestines, liver, spleen",yes,no,,,ND,3,,,,NA,,NA,,,,,,,,NA,NA,NA,NA,NA,NA,NA,NA,Moderate,2
Cizek et al.,1994,Cizek et al. 1994,yes,review,"Czech Republic, municipal waste dump",no,Europe,"Biochemical, serotyping, culture broth plate",Conventional,NA,NA,,variable swab/tissue sample,Animal,Bird,Passeriformes,Corvidae,Coloeus,Eurasian jackdaw,Corvus monedula,,free,Salmonella spp.,Salmonella,Salmonella,"Cloacal swab,  small intestines content, small intestines, liver, spleen",yes,no,,,ND,2,,,,NA,,NA,,,,,,,,NA,NA,NA,NA,NA,NA,NA,NA,Moderate,2
Cizek et al.,1994,Cizek et al. 1994,yes,review,"Czech Republic, militrary training area",no,Europe,"Biochemical, serotyping, culture broth plate",Conventional,NA,NA,,variable swab/tissue sample,Animal,Bird,Passeriformes,Corvidae,Garrulus,Eurasian jay,Garrulus glandarius,,free,Salmonella spp.,Salmonella,Salmonella,"Cloacal swab,  small intestines content, small intestines, liver, spleen",yes,no,,,ND,20,,,,NA,,NA,,,,,,,,NA,NA,NA,NA,NA,NA,NA,NA,Moderate,2
Cizek et al.,1994,Cizek et al. 1994,yes,review,"Czech Republic, militrary training area",no,Europe,"Biochemical, serotyping, culture broth plate",Conventional,NA,NA,,variable swab/tissue sample,Animal,Bird,Passeriformes,Corvidae,Pica,Eurasian magpie,Pica pica,,free,Salmonella spp.,Salmonella,Salmonella,"Cloacal swab,  small intestines content, small intestines, liver, spleen",yes,no,,,ND,6,,,,NA,,NA,,,,,,,,NA,NA,NA,NA,NA,NA,NA,NA,Moderate,2
Cizek et al.,1994,Cizek et al. 1994,yes,review,"Czech Republic, farms with no salmonellosis",no,Europe,"Biochemical, serotyping, culture broth plate",Conventional,NA,NA,,variable swab/tissue sample,Animal,Bird,Passeriformes,Sittidae,Sitta,Eurasian nuthatch,Sitta europaea,,free,Salmonella spp.,Salmonella,Salmonella,"Cloacal swab,  small intestines content, small intestines, liver, spleen",yes,no,,,ND,3,,,,NA,,NA,,,,,,,,NA,NA,NA,NA,NA,NA,NA,NA,Moderate,2
Cizek et al.,1994,Cizek et al. 1994,yes,review,"Czech Republic, militrary training area",no,Europe,"Biochemical, serotyping, culture broth plate",Conventional,NA,NA,,variable swab/tissue sample,Animal,Bird,Passeriformes,Sittidae,Sitta,Eurasian nuthatch,Sitta europaea,,free,Salmonella spp.,Salmonella,Salmonella,"Cloacal swab,  small intestines content, small intestines, liver, spleen",yes,no,,,ND,1,,,,NA,,NA,,,,,,,,NA,NA,NA,NA,NA,NA,NA,NA,Moderate,2
Cizek et al.,1994,Cizek et al. 1994,yes,review,"Czech Republic, reed growths",no,Europe,"Biochemical, serotyping, culture broth plate",Conventional,NA,NA,,variable swab/tissue sample,Animal,Bird,Passeriformes,Sittidae,Sitta,Eurasian nuthatch,Sitta europaea,,free,Salmonella spp.,Salmonella,Salmonella,"Cloacal swab,  small intestines content, small intestines, liver, spleen",yes,no,,,ND,2,,,,NA,,NA,,,,,,,,NA,NA,NA,NA,NA,NA,NA,NA,Moderate,2
Cizek et al.,1994,Cizek et al. 1994,yes,review,"Czech Republic, reed growths",no,Europe,"Biochemical, serotyping, culture broth plate",Conventional,NA,NA,,variable swab/tissue sample,Animal,Bird,Passeriformes,Acrocephalidae,Acrocephalus,Eurasian reed warbler,Acrocephalus scirpaceus,,free,Salmonella spp.,Salmonella,Salmonella,"Cloacal swab,  small intestines content, small intestines, liver, spleen",yes,no,,,ND,60,,,,NA,,NA,,,,,,,,NA,NA,NA,NA,NA,NA,NA,NA,Moderate,2
Cizek et al.,1994,Cizek et al. 1994,yes,review,"Czech Republic, reed growths",no,Europe,"Biochemical, serotyping, culture broth plate",Conventional,NA,NA,,variable swab/tissue sample,Animal,Bird,Anseriformes,Anatidae,Anas,Eurasian teal,Anas crecca,,free,Salmonella spp.,Salmonella,Salmonella,"Cloacal swab,  small intestines content, small intestines, liver, spleen",yes,no,,,ND,7,,,,NA,,NA,,,,,,,,NA,NA,NA,NA,NA,NA,NA,NA,Moderate,2
Cizek et al.,1994,Cizek et al. 1994,yes,review,"Czech Republic, farms with no salmonellosis",no,Europe,"Biochemical, serotyping, culture broth plate",Conventional,NA,NA,,variable swab/tissue sample,Animal,Bird,Passeriformes,Passeridae,Passer,Eurasian tree sparrow,Passer montanus,,free,Salmonella spp.,Salmonella,Salmonella,"Cloacal swab,  small intestines content, small intestines, liver, spleen",yes,no,,,ND,83,,,,NA,,NA,,,,,,,,NA,NA,NA,NA,NA,NA,NA,NA,Moderate,2
Cizek et al.,1994,Cizek et al. 1994,yes,review,"Czech Republic, militrary training area",no,Europe,"Biochemical, serotyping, culture broth plate",Conventional,NA,NA,,variable swab/tissue sample,Animal,Bird,Passeriformes,Passeridae,Passer,Eurasian tree sparrow,Passer montanus,,free,Salmonella spp.,Salmonella,Salmonella,"Cloacal swab,  small intestines content, small intestines, liver, spleen",yes,no,,,ND,1,,,,NA,,NA,,,,,,,,NA,NA,NA,NA,NA,NA,NA,NA,Moderate,2
Cizek et al.,1994,Cizek et al. 1994,yes,review,"Czech Republic, farms with no salmonellosis",no,Europe,"Biochemical, serotyping, culture broth plate",Conventional,NA,NA,,variable swab/tissue sample,Animal,Bird,Passeriformes,Fringillidae,Carduelis,European goldfinch ,Carduelis carduelis,,free,Salmonella spp.,Salmonella,Salmonella,"Cloacal swab,  small intestines content, small intestines, liver, spleen",yes,no,,,ND,9,,,,NA,,NA,,,,,,,,NA,NA,NA,NA,NA,NA,NA,NA,Moderate,2
Cizek et al.,1994,Cizek et al. 1994,yes,review,"Czech Republic, farms with no salmonellosis",no,Europe,"Biochemical, serotyping, culture broth plate",Conventional,NA,NA,,variable swab/tissue sample,Animal,Bird,Passeriformes,Fringillidae,Chloris,European greenfinch,Carduelis chloris,,free,Salmonella spp.,Salmonella,Salmonella,"Cloacal swab,  small intestines content, small intestines, liver, spleen",yes,no,,,ND,71,,,,NA,,NA,,,,,,,,NA,NA,NA,NA,NA,NA,NA,NA,Moderate,2
Cizek et al.,1994,Cizek et al. 1994,yes,review,"Czech Republic, farms with no salmonellosis",no,Europe,"Biochemical, serotyping, culture broth plate",Conventional,NA,NA,,variable swab/tissue sample,Animal,Bird,Passeriformes,Muscicapidae,Erithacus,European robin,Erithacus rubecula ,,free,Salmonella spp.,Salmonella,Salmonella,"Cloacal swab,  small intestines content, small intestines, liver, spleen",yes,no,,,ND,10,,,,NA,,NA,,,,,,,,NA,NA,NA,NA,NA,NA,NA,NA,Moderate,2
Cizek et al.,1994,Cizek et al. 1994,yes,review,"Czech Republic, militrary training area",no,Europe,"Biochemical, serotyping, culture broth plate",Conventional,NA,NA,,variable swab/tissue sample,Animal,Bird,Passeriformes,Muscicapidae,Erithacus,European robin,Erithacus rubecula ,,free,Salmonella spp.,Salmonella,Salmonella,"Cloacal swab,  small intestines content, small intestines, liver, spleen",yes,no,,,ND,3,,,,NA,,NA,,,,,,,,NA,NA,NA,NA,NA,NA,NA,NA,Moderate,2
Cizek et al.,1994,Cizek et al. 1994,yes,review,"Czech Republic, farms with no salmonellosis",no,Europe,"Biochemical, serotyping, culture broth plate",Conventional,NA,NA,,variable swab/tissue sample,Animal,Bird,Passeriformes,Sturnidae,Sturnus,European starling,Sturnus vulgaris,,free,Salmonella spp.,Salmonella,Salmonella,"Cloacal swab,  small intestines content, small intestines, liver, spleen",yes,no,,,ND,4,,,,NA,,NA,,,,,,,,NA,NA,NA,NA,NA,NA,NA,NA,Moderate,2
Cizek et al.,1994,Cizek et al. 1994,yes,review,"Czech Republic, reed growths",no,Europe,"Biochemical, serotyping, culture broth plate",Conventional,NA,NA,,variable swab/tissue sample,Animal,Bird,Passeriformes,Sturnidae,Sturnus,European starling,Sturnus vulgaris,,free,Salmonella spp.,Salmonella,Salmonella,"Cloacal swab,  small intestines content, small intestines, liver, spleen",yes,no,,,ND,4,,,,NA,,NA,,,,,,,,NA,NA,NA,NA,NA,NA,NA,NA,Moderate,2
Cizek et al.,1994,Cizek et al. 1994,yes,review,"Czech Republic, farms with no salmonellosis",no,Europe,"Biochemical, serotyping, culture broth plate",Conventional,NA,NA,,variable swab/tissue sample,Animal,Bird,Columbiformes,Columbidae,Streptopelia,European turtle dove,Streptopelia turtur,,free,Salmonella spp.,Salmonella,Salmonella,"Cloacal swab,  small intestines content, small intestines, liver, spleen",yes,no,,,ND,6,,,,NA,,NA,,,,,,,,NA,NA,NA,NA,NA,NA,NA,NA,Moderate,2
Cizek et al.,1994,Cizek et al. 1994,yes,review,"Czech Republic, militrary training area",no,Europe,"Biochemical, serotyping, culture broth plate",Conventional,NA,NA,,variable swab/tissue sample,Animal,Bird,Columbiformes,Columbidae,Streptopelia,European turtle dove,Streptopelia turtur,,free,Salmonella spp.,Salmonella,Salmonella,"Cloacal swab,  small intestines content, small intestines, liver, spleen",yes,no,,,ND,4,,,,NA,,NA,,,,,,,,NA,NA,NA,NA,NA,NA,NA,NA,Moderate,2
Cizek et al.,1994,Cizek et al. 1994,yes,review,"Czech Republic, farms with no salmonellosis",no,Europe,"Biochemical, serotyping, culture broth plate",Conventional,NA,NA,,variable swab/tissue sample,Animal,Bird,Passeriformes,Turdidae,Turdus,Fieldfare,Turdus pilaris,,free,Salmonella spp.,Salmonella,Salmonella,"Cloacal swab,  small intestines content, small intestines, liver, spleen",yes,no,,,ND,5,,,,NA,,NA,,,,,,,,NA,NA,NA,NA,NA,NA,NA,NA,Moderate,2
Cizek et al.,1994,Cizek et al. 1994,yes,review,"Czech Republic, reed growths",no,Europe,"Biochemical, serotyping, culture broth plate",Conventional,NA,NA,,variable swab/tissue sample,Animal,Bird,Anseriformes,Anatidae,Mareca,Gadwall,Anas strepera,,free,Salmonella spp.,Salmonella,Salmonella,"Cloacal swab,  small intestines content, small intestines, liver, spleen",yes,no,,,ND,6,,,,NA,,NA,,,,,,,,NA,NA,NA,NA,NA,NA,NA,NA,Moderate,2
Cizek et al.,1994,Cizek et al. 1994,yes,review,"Czech Republic, militrary training area",no,Europe,"Biochemical, serotyping, culture broth plate",Conventional,NA,NA,,variable swab/tissue sample,Animal,Bird,Passeriformes,Laniidae,Lanius,Great grey shrike,Lanius excubitor,,free,Salmonella spp.,Salmonella,Salmonella,"Cloacal swab,  small intestines content, small intestines, liver, spleen",yes,no,,,ND,1,,,,NA,,NA,,,,,,,,NA,NA,NA,NA,NA,NA,NA,NA,Moderate,2
Cizek et al.,1994,Cizek et al. 1994,yes,review,"Czech Republic, reed growths",no,Europe,"Biochemical, serotyping, culture broth plate",Conventional,NA,NA,,variable swab/tissue sample,Animal,Bird,Passeriformes,Acrocephalidae,Acrocephalus,Great reed warbler,Acrocephalus arundinaceus,,free,Salmonella spp.,Salmonella,Salmonella,"Cloacal swab,  small intestines content, small intestines, liver, spleen",yes,no,,,ND,14,,,,NA,,NA,,,,,,,,NA,NA,NA,NA,NA,NA,NA,NA,Moderate,2
Cizek et al.,1994,Cizek et al. 1994,yes,review,"Czech Republic, farms with no salmonellosis",no,Europe,"Biochemical, serotyping, culture broth plate",Conventional,NA,NA,,variable swab/tissue sample,Animal,Bird,Passeriformes,Paridae,Parus,Great tit,Parus major,,free,Salmonella spp.,Salmonella,Salmonella,"Cloacal swab,  small intestines content, small intestines, liver, spleen",yes,no,,,ND,124,,,,NA,,NA,,,,,,,,NA,NA,NA,NA,NA,NA,NA,NA,Moderate,2
Cizek et al.,1994,Cizek et al. 1994,yes,review,"Czech Republic, militrary training area",no,Europe,"Biochemical, serotyping, culture broth plate",Conventional,NA,NA,,variable swab/tissue sample,Animal,Bird,Passeriformes,Paridae,Parus,Great tit,Parus major,,free,Salmonella spp.,Salmonella,Salmonella,"Cloacal swab,  small intestines content, small intestines, liver, spleen",yes,no,,,ND,17,,,,NA,,NA,,,,,,,,NA,NA,NA,NA,NA,NA,NA,NA,Moderate,2
Cizek et al.,1994,Cizek et al. 1994,yes,review,"Czech Republic, reed growths",no,Europe,"Biochemical, serotyping, culture broth plate",Conventional,NA,NA,,variable swab/tissue sample,Animal,Bird,Passeriformes,Paridae,Parus,Great tit,Parus major,,free,Salmonella spp.,Salmonella,Salmonella,"Cloacal swab,  small intestines content, small intestines, liver, spleen",yes,no,,,ND,1,,,,NA,,NA,,,,,,,,NA,NA,NA,NA,NA,NA,NA,NA,Moderate,2
Cizek et al.,1994,Cizek et al. 1994,yes,review,"Czech Republic, farms with no salmonellosis",no,Europe,"Biochemical, serotyping, culture broth plate",Conventional,NA,NA,,variable swab/tissue sample,Animal,Bird,Galliformes,Phasianidae,Perdix,Grey partridge,Perdix perdix,,free,Salmonella spp.,Salmonella,Salmonella,"Cloacal swab,  small intestines content, small intestines, liver, spleen",yes,no,,,ND,1,,,,NA,,NA,,,,,,,,NA,NA,NA,NA,NA,NA,NA,NA,Moderate,2
Cizek et al.,1994,Cizek et al. 1994,yes,review,"Czech Republic, militrary training area",no,Europe,"Biochemical, serotyping, culture broth plate",Conventional,NA,NA,,variable swab/tissue sample,Animal,Bird,Passeriformes,Motacillidae,Motacilla,Grey wagtail,Motacilla cinerea,,free,Salmonella spp.,Salmonella,Salmonella,"Cloacal swab,  small intestines content, small intestines, liver, spleen",yes,no,,,ND,1,,,,NA,,NA,,,,,,,,NA,NA,NA,NA,NA,NA,NA,NA,Moderate,2
Cizek et al.,1994,Cizek et al. 1994,yes,review,"Czech Republic, municipal waste dump",no,Europe,"Biochemical, serotyping, culture broth plate",Conventional,NA,NA,,variable swab/tissue sample,Animal,Bird,Charadriiformes,Laridae,Larus,Herring gull,Laws argentatus ,,free,Salmonella spp.,Salmonella,Salmonella,"Cloacal swab,  small intestines content, small intestines, liver, spleen",yes,no,,,ND,1,,,,NA,,NA,,,,,,,,NA,NA,NA,NA,NA,NA,NA,NA,Moderate,2
Cizek et al.,1994,Cizek et al. 1994,yes,review,"Czech Republic, farms with no salmonellosis",no,Europe,"Biochemical, serotyping, culture broth plate",Conventional,NA,NA,,variable swab/tissue sample,Animal,Bird,Passeriformes,Passeridae,Passer,House sparrow,Passer domesticus,,free,Salmonella spp.,Salmonella,Salmonella,"Cloacal swab,  small intestines content, small intestines, liver, spleen",yes,no,,,ND,1056,,,,NA,,NA,,,,,,,,NA,NA,NA,NA,NA,NA,NA,NA,Moderate,2
Cizek et al.,1994,Cizek et al. 1994,yes,review,"Czech Republic, militrary training area",no,Europe,"Biochemical, serotyping, culture broth plate",Conventional,NA,NA,,variable swab/tissue sample,Animal,Bird,Passeriformes,Passeridae,Passer,House sparrow,Passer domesticus,,free,Salmonella spp.,Salmonella,Salmonella,"Cloacal swab,  small intestines content, small intestines, liver, spleen",yes,no,,,ND,18,,,,NA,,NA,,,,,,,,NA,NA,NA,NA,NA,NA,NA,NA,Moderate,2
Cizek et al.,1994,Cizek et al. 1994,yes,review,"Czech Republic, farms with no salmonellosis",no,Europe,"Biochemical, serotyping, culture broth plate",Conventional,NA,NA,,variable swab/tissue sample,Animal,Bird,Passeriformes,Sylviidae,Sylvia,Lesser whitethroat,Sylvia curruca,,free,Salmonella spp.,Salmonella,Salmonella,"Cloacal swab,  small intestines content, small intestines, liver, spleen",yes,no,,,ND,6,,,,NA,,NA,,,,,,,,NA,NA,NA,NA,NA,NA,NA,NA,Moderate,2
Cizek et al.,1994,Cizek et al. 1994,yes,review,"Czech Republic, militrary training area",no,Europe,"Biochemical, serotyping, culture broth plate",Conventional,NA,NA,,variable swab/tissue sample,Animal,Bird,Anseriformes,Anatidae,Anas,Mallard,Anas platyrhynchos,,free,Salmonella spp.,Salmonella,Salmonella,"Cloacal swab,  small intestines content, small intestines, liver, spleen",yes,no,,,ND,4,,,,NA,,NA,,,,,,,,NA,NA,NA,NA,NA,NA,NA,NA,Moderate,2
Cizek et al.,1994,Cizek et al. 1994,yes,review,"Czech Republic, reed growths",no,Europe,"Biochemical, serotyping, culture broth plate",Conventional,NA,NA,,variable swab/tissue sample,Animal,Bird,Anseriformes,Anatidae,Anas,Mallard,Anas platyrhynchos,,free,Salmonella spp.,Salmonella,Salmonella,"Cloacal swab,  small intestines content, small intestines, liver, spleen",yes,no,,,ND,10,,,,NA,,NA,,,,,,,,NA,NA,NA,NA,NA,NA,NA,NA,Moderate,2
Cizek et al.,1994,Cizek et al. 1994,yes,review,"Czech Republic, reed growths",no,Europe,"Biochemical, serotyping, culture broth plate",Conventional,NA,NA,,variable swab/tissue sample,Animal,Bird,Passeriformes,Acrocephalidae,Acrocephalus,Marsh warbler,Acrocephalus palustris,,free,Salmonella spp.,Salmonella,Salmonella,"Cloacal swab,  small intestines content, small intestines, liver, spleen",yes,no,,,ND,12,,,,NA,,NA,,,,,,,,NA,NA,NA,NA,NA,NA,NA,NA,Moderate,2
Cizek et al.,1994,Cizek et al. 1994,yes,review,"Czech Republic, reed growths",no,Europe,"Biochemical, serotyping, culture broth plate",Conventional,NA,NA,,variable swab/tissue sample,Animal,Bird,Anseriformes,Anatidae,Cygnus,Mute swan,Cygnus olor,,free,Salmonella spp.,Salmonella,Salmonella,"Cloacal swab,  small intestines content, small intestines, liver, spleen",yes,no,,,ND,1,,,,NA,,NA,,,,,,,,NA,NA,NA,NA,NA,NA,NA,NA,Moderate,2
Cizek et al.,1994,Cizek et al. 1994,yes,review,"Czech Republic, farms with no salmonellosis",no,Europe,"Biochemical, serotyping, culture broth plate",Conventional,NA,NA,,variable swab/tissue sample,Animal,Bird,Passeriformes,Motacillidae,Motacilla,Pied wagtail,Motacilla alba,,free,Salmonella spp.,Salmonella,Salmonella,"Cloacal swab,  small intestines content, small intestines, liver, spleen",yes,no,,,ND,58,,,,NA,,NA,,,,,,,,NA,NA,NA,NA,NA,NA,NA,NA,Moderate,2
Cizek et al.,1994,Cizek et al. 1994,yes,review,"Czech Republic, militrary training area",no,Europe,"Biochemical, serotyping, culture broth plate",Conventional,NA,NA,,variable swab/tissue sample,Animal,Bird,Passeriformes,Corvidae,Corvus,Rook,Corvus frugilegus,,free,Salmonella spp.,Salmonella,Salmonella,"Cloacal swab,  small intestines content, small intestines, liver, spleen",yes,no,,,ND,4,,,,NA,,NA,,,,,,,,NA,NA,NA,NA,NA,NA,NA,NA,Moderate,2
Cizek et al.,1994,Cizek et al. 1994,yes,review,"Czech Republic, municipal waste dump",no,Europe,"Biochemical, serotyping, culture broth plate",Conventional,NA,NA,,variable swab/tissue sample,Animal,Bird,Passeriformes,Corvidae,Corvus,Rook,Corvus frugilegus,,free,Salmonella spp.,Salmonella,Salmonella,"Cloacal swab,  small intestines content, small intestines, liver, spleen",yes,no,,,ND,5,,,,NA,,NA,,,,,,,,NA,NA,NA,NA,NA,NA,NA,NA,Moderate,2
Cizek et al.,1994,Cizek et al. 1994,yes,review,"Czech Republic, reed growths",no,Europe,"Biochemical, serotyping, culture broth plate",Conventional,NA,NA,,variable swab/tissue sample,Animal,Bird,Passeriformes,Locustellidae,Locustella,Savi's warbler,Locustella luscinioides,,free,Salmonella spp.,Salmonella,Salmonella,"Cloacal swab,  small intestines content, small intestines, liver, spleen",yes,no,,,ND,5,,,,NA,,NA,,,,,,,,NA,NA,NA,NA,NA,NA,NA,NA,Moderate,2
Cizek et al.,1994,Cizek et al. 1994,yes,review,"Czech Republic, reed growths",no,Europe,"Biochemical, serotyping, culture broth plate",Conventional,NA,NA,,variable swab/tissue sample,Animal,Bird,Passeriformes,Acrocephalidae,Acrocephalus,Sedge warbler,Acrocephalusÿschoenobaenus,,free,Salmonella spp.,Salmonella,Salmonella,"Cloacal swab,  small intestines content, small intestines, liver, spleen",yes,no,,,ND,92,,,,NA,,NA,,,,,,,,NA,NA,NA,NA,NA,NA,NA,NA,Moderate,2
Cizek et al.,1994,Cizek et al. 1994,yes,review,"Czech Republic, farms with no salmonellosis",no,Europe,"Biochemical, serotyping, culture broth plate",Conventional,NA,NA,,variable swab/tissue sample,Animal,Bird,Passeriformes,Fringillidae,Serinus,European serin,Serinus serinus,,free,Salmonella spp.,Salmonella,Salmonella,"Cloacal swab,  small intestines content, small intestines, liver, spleen",yes,no,,,ND,11,,,,NA,,NA,,,,,,,,NA,NA,NA,NA,NA,NA,NA,NA,Moderate,2
Cizek et al.,1994,Cizek et al. 1994,yes,review,"Czech Republic, militrary training area",no,Europe,"Biochemical, serotyping, culture broth plate",Conventional,NA,NA,,variable swab/tissue sample,Animal,Bird,Passeriformes,Turdidae,Turdus,Song thrush,Turdus philomelos,,free,Salmonella spp.,Salmonella,Salmonella,"Cloacal swab,  small intestines content, small intestines, liver, spleen",yes,no,,,ND,3,,,,NA,,NA,,,,,,,,NA,NA,NA,NA,NA,NA,NA,NA,Moderate,2
Cizek et al.,1994,Cizek et al. 1994,yes,review,"Czech Republic, militrary training area",no,Europe,"Biochemical, serotyping, culture broth plate",Conventional,NA,NA,,variable swab/tissue sample,Animal,Bird,Passeriformes,Motacillidae,Anthus,Tree pipit,Anthus trivialis,,free,Salmonella spp.,Salmonella,Salmonella,"Cloacal swab,  small intestines content, small intestines, liver, spleen",yes,no,,,ND,4,,,,NA,,NA,,,,,,,,NA,NA,NA,NA,NA,NA,NA,NA,Moderate,2
Cizek et al.,1994,Cizek et al. 1994,yes,review,"Czech Republic, reed growths",no,Europe,"Biochemical, serotyping, culture broth plate",Conventional,NA,NA,,variable swab/tissue sample,Animal,Bird,Passeriformes,Motacillidae,Motacilla,Western yellow wagtail,Motacilla flava,,free,Salmonella spp.,Salmonella,Salmonella,"Cloacal swab,  small intestines content, small intestines, liver, spleen",yes,no,,,ND,17,,,,NA,,NA,,,,,,,,NA,NA,NA,NA,NA,NA,NA,NA,Moderate,2
Cizek et al.,1994,Cizek et al. 1994,yes,review,"Czech Republic, farms with no salmonellosis",no,Europe,"Biochemical, serotyping, culture broth plate",Conventional,NA,NA,,variable swab/tissue sample,Animal,Bird,Passeriformes,Phylloscopidae,Phylloscopus,Willow warbler,Phylloscopus trochilus,,free,Salmonella spp.,Salmonella,Salmonella,"Cloacal swab,  small intestines content, small intestines, liver, spleen",yes,no,,,ND,3,,,,NA,,NA,,,,,,,,NA,NA,NA,NA,NA,NA,NA,NA,Moderate,2
Cizek et al.,1994,Cizek et al. 1994,yes,review,"Czech Republic, militrary training area",no,Europe,"Biochemical, serotyping, culture broth plate",Conventional,NA,NA,,variable swab/tissue sample,Animal,Bird,Passeriformes,Phylloscopidae,Phylloscopus,Willow warbler,Phylloscopus trochilus,,free,Salmonella spp.,Salmonella,Salmonella,"Cloacal swab,  small intestines content, small intestines, liver, spleen",yes,no,,,ND,1,,,,NA,,NA,,,,,,,,NA,NA,NA,NA,NA,NA,NA,NA,Moderate,2
Cizek et al.,1994,Cizek et al. 1994,yes,review,"Czech Republic, farms with no salmonellosis",no,Europe,"Biochemical, serotyping, culture broth plate",Conventional,NA,NA,,variable swab/tissue sample,Animal,Bird,Passeriformes,Emberizidae,Emberiza,Yellowhammer,Emberiza citrinella,,free,Salmonella spp.,Salmonella,Salmonella,"Cloacal swab,  small intestines content, small intestines, liver, spleen",yes,no,,,ND,61,,,,NA,,NA,,,,,,,,NA,NA,NA,NA,NA,NA,NA,NA,Moderate,2
Cizek et al.,1994,Cizek et al. 1994,yes,review,"Czech Republic, militrary training area",no,Europe,"Biochemical, serotyping, culture broth plate",Conventional,NA,NA,,variable swab/tissue sample,Animal,Bird,Passeriformes,Emberizidae,Emberiza,Yellowhammer,Emberiza citrinella,,free,Salmonella spp.,Salmonella,Salmonella,"Cloacal swab,  small intestines content, small intestines, liver, spleen",yes,no,,,ND,1,,,,NA,,NA,,,,,,,,NA,NA,NA,NA,NA,NA,NA,NA,Moderate,2
Coulson et al.,1983,Coulson et al. 1983,? yes journal is no longer published,review,"UK, Eastern Scotland, Northeast England",no,Europe,"Microscope, Plate Culture",Conventional,NA,NA,,swab variable,Animal,Bird,Charadriiformes,Laridae,Chroicocephalus,Black-headed gull,Larus ribibundus,,free,Salmonella,Salmonella,Salmonella,Cloacal swab,yes,no,,,12,416,,,,NA,,NA,,,,,,Has Yearly data to show increase in S. Montevideo,,NA,NA,NA,NA,NA,NA,NA,NA,Moderate,2
Coulson et al.,1983,Coulson et al. 1983,? yes journal is no longer published,review,"UK, Eastern Scotland, Northeast England",no,Europe,"Microscope, Plate Culture",Conventional,NA,NA,,swab variable,Animal,Bird,Charadriiformes,Laridae,Larus,Great black-backed gull,Larus marinus,,free,Salmonella,Salmonella,Salmonella,Cloacal swab,yes,no,,,0,29,,,,NA,,NA,,,,,,Has Yearly data to show increase in S. Montevideo,,NA,NA,NA,NA,NA,NA,NA,NA,Moderate,2
Coulson et al.,1983,Coulson et al. 1983,? yes journal is no longer published,review,"UK, Eastern Scotland, Northeast England",no,Europe,"Microscope, Plate Culture",Conventional,NA,NA,,swab variable,Animal,Bird,Charadriiformes,Laridae,Larus,Herring gull,Larus argentatus,,free,Salmonella,Salmonella,Salmonella,Cloacal swab,yes,no,,,170,4036,,,,NA,,NA,,,,,,Has Yearly data to show increase in S. Montevideo,,NA,NA,NA,NA,NA,NA,NA,NA,Moderate,2
Coulson et al.,1983,Coulson et al. 1983,? yes journal is no longer published,review,"UK, Eastern Scotland, Northeast England",no,Europe,"Microscope, Plate Culture",Conventional,NA,NA,,swab variable,Animal,Bird,Charadriiformes,Laridae,Larus,Lesser black-backed gull,Larus fuscus,,free,Salmonella,Salmonella,Salmonella,Cloacal swab,yes,no,,,6,50,,,,NA,,NA,,,,,,Has Yearly data to show increase in S. Montevideo,,NA,NA,NA,NA,NA,NA,NA,NA,Moderate,2
Coulson et al.,1983,Coulson et al. 1983,? yes journal is no longer published,review,"UK, Eastern Scotland, Northeast England",no,Europe,"Microscope, Plate Culture",Conventional,NA,NA,,swab variable,Animal,Bird,Charadriiformes,Laridae,Larus,Common gull,Larus canus,,free,Salmonella,Salmonella,Salmonella,Cloacal swab,yes,no,,,0,33,,,,NA,,NA,,,,,,Has Yearly data to show increase in S. Montevideo,,NA,NA,NA,NA,NA,NA,NA,NA,Moderate,2
Craven et al.,2000,Craven et al. 2000,yes,review,"USA, Georgia, Athens near, 200 ft of chicken house",yes,North America,"confirm agglutination test, plate culture",Conventional,NA,NA,,NA,Animal,Bird,,,,,,Includes European starlings and House Sparrows,free,Salmonella spp.,Salmonella,Salmonella,cloacal swab,yes,no,,,ND,2,,,,NA,,NA,,,,,,,,NA,NA,NA,NA,NA,NA,NA,NA,Moderate,2
Craven et al.,2000,Craven et al. 2000,yes,review,"USA, Georgia, Athens near, 200 ft of chicken house",yes,North America,"confirm agglutination test, plate culture",Conventional,NA,NA,,NA,Animal,Bird,,,,,,Bird (class),free,Salmonella spp.,Salmonella,Salmonella,Intestines content,yes,no,,,3,5,,,,NA,,NA,,,,,,,,NA,NA,NA,NA,NA,NA,NA,NA,Moderate,2
Craven et al.,2000,Craven et al. 2000,yes,review,"USA, Georgia, Athens near, 200 ft of chicken house",yes,North America,"confirm agglutination test, plate culture",Conventional,NA,NA,,NA,Animal,Bird,,,,,,Bird (class),free,Salmonella spp.,Salmonella,Salmonella,feces dry/wet droppings,yes,no,,,10,117,,,,NA,,NA,,,,,,,,NA,NA,NA,NA,NA,NA,NA,NA,Moderate,2
Craven et al.,2000,Craven et al. 2000,yes,review,"USA, Georgia, Athens near, 200 ft of chicken house",yes,North America,"confirm agglutination test, plate culture",Conventional,NA,NA,,NA,Animal,Bird,,,,,,Bird (class),free,Salmonella spp.,Salmonella,Salmonella,"feces, cloacal swab, intestines",yes,no,,,12,124,0.1,,,NA,,NA,,,,,,,,NA,NA,NA,NA,NA,NA,NA,NA,Moderate,2
Cruickshank et al.,1949,Cruickshank et al. 1949,yes,review,"UK, England, London",no,Europe,Standard method? (Central Public Health Laboratory),Conventional,NA,NA,,NA,Animal,Bird,Columbiformes,Columbidae,Columba,Pigeon,,,domestic and stray,Salmonella,Salmonella,Salmonella,feces or rectal swab,yes,no,,,3,133,,,,NA,,NA,,,,,,,,NA,NA,NA,NA,NA,NA,NA,NA,Low,1
Cummings et al.,2021,Cummings et al. 2021,yes,Google Scholar,"USA, New York, Ithica, Janet L. Swanson Wildlife Hospital ",yes,North America,"confirm serotyping (outside lab National Veterinary Services Laboratories (Animal and Plant Health Inspection Service, US Department of Agriculture, Ames, Iowa, USA)), culture broth and plate",Conventional,NA,NA,,swab,Animal,Bird,Strigiformes,Strigidae,Megascops,Eastern screech-owl,Megascops asio,,free,Salmonella,Salmonella,Salmonella,feces or cloacal swab,yes,no,,,ND,15,,,,NA,,NA,,,,,,,,NA,NA,NA,NA,NA,NA,NA,NA,Low,1
Cummings et al.,2021,Cummings et al. 2021,yes,Google Scholar,"USA, New York, Ithica, Janet L. Swanson Wildlife Hospital ",yes,North America,"confirm serotyping (outside lab National Veterinary Services Laboratories (Animal and Plant Health Inspection Service, US Department of Agriculture, Ames, Iowa, USA)), culture broth and plate",Conventional,NA,NA,,swab,Animal,Bird,Columbiformes,Columbidae,Zenaida,Mourning dove,Zenaida macroura,,free,Salmonella,Salmonella,Salmonella,feces or cloacal swab,yes,no,,,ND,15,,,,NA,,NA,,,,,,,,NA,NA,NA,NA,NA,NA,NA,NA,Low,1
Cummings et al.,2021,Cummings et al. 2021,yes,Google Scholar,"USA, New York, Ithica, Janet L. Swanson Wildlife Hospital ",yes,North America,"confirm serotyping (outside lab National Veterinary Services Laboratories (Animal and Plant Health Inspection Service, US Department of Agriculture, Ames, Iowa, USA)), culture broth and plate",Conventional,NA,NA,,swab,Animal,Bird,Accipitriformes,Accipitridae,Buteo,Red-tailed hawk,Buteo jamaicensis,,free,Salmonella,Salmonella,Salmonella,feces or cloacal swab,yes,no,,,ND,25,,,,NA,,NA,,,,,,,,NA,NA,NA,NA,NA,NA,NA,NA,Low,1
Dadam et al.,2019,Dadam et al. 2019,yes,review,"UK, England, London",no,Europe,"Lab (government standard method?), biochemical, plate culture",Conventional,NA,NA,,swab,Animal,Bird,Passeriformes,Passeridae,Passer,House sparrow,Passer domesticus,,free,Salmonella,Salmonella,Salmonella,cloacal swab,yes,no,,,1,271,,,,NA,,NA,,,,,,epidemic,,NA,NA,NA,NA,NA,NA,NA,NA,High,3
Daoust et al. ,2000,Daoust et al.  2000,yes,review,"Canada, Prince Edward Isle, New Foundland, Nova Scotia, Labrador",no,Northa America,"Microscope, slide agglutination, culture broth and plate",Conventional,NA,NA,,NA,Animal,Bird,Passeriformes,Fringillidae,,,"Passer domesticus, Carduelis pinus, Coccothraustes vespertinus, Carpodacus purpureus, Carduelis tristis","common redpoll, pine siskins, purple finches, evening gosbeak, american gold finch",free,Salmonella spp.,Salmonella,Salmonella,"tissue, dead bird",yes,no,,,35,263,,,,NA,,NA,,,,,,epidemic,has break down by species but total numbers don't add up.,NA,NA,NA,NA,NA,NA,NA,NA,Very Low,0
de Sousa et al.,2010,de Sousa et al. 2010,yes,Web of Science,"Brazil, Jaboticabal",no,South America,"plate and tube culture, lab",Conventional,NA,NA,,0.1 ml,Animal,Bird,Columbiformes,Columbidae,Columba,Pigeon,Columba livia,,free,Salmonella spp.,Salmonella,Salmonella,lung,yes,no,,,2,10,,,,NA,,NA,,,,,,,,NA,NA,NA,NA,NA,NA,NA,NA,Low,1
de Sousa et al.,2010,de Sousa et al. 2010,yes,Web of Science,"Brazil, Jaboticabal",no,South America,plate count,Conventional,NA,NA,,0.1 ml,Animal,Bird,Columbiformes,Columbidae,Columba,Pigeon,Columba livia,,free,Salmonella spp.,Salmonella,Salmonella,feces from intestines,yes,no,,,10,126,,,,NA,,NA,,,,,,,,NA,NA,NA,NA,NA,NA,NA,NA,Low,1
"Dobeic, M.",2003,"Dobeic, M. 2003",yes,review,"Slovenia, Ljubljana",no,Europe,"agglutination test, plate culture",Conventional,NA,NA,,NA,Animal,Bird,Columbiformes,Columbidae,Columba,Pigeon,Columba livia domestica,,free,Salmonella ,Salmonella,Salmonella,cloacal swab,yes,no,,,6,293,,,,NA,,NA,,,,,,Birds treated with birth control,,NA,NA,NA,NA,NA,NA,NA,NA,High,3
Ebani et al.,2021,Ebani et al. 2021,yes,Web of Science,"Italy, Central Italy",no,Europe,"Biochemical, serotyping, culture broth plate",Conventional,NA,NA,,3 g,Animal,Bird,Falconiformes,Falconidae,Falco,Common kestrel,Falcoÿtinnunculus,,free,Salmonella spp.,Salmonella,Salmonella,feces,yes,no,,,0,3,,,,NA,,NA,,,,,,,,NA,NA,NA,NA,NA,NA,NA,NA,Low,1
Ebani et al.,2021,Ebani et al. 2021,yes,Web of Science,"Italy, Central Italy",no,Europe,"Biochemical, serotyping, culture broth plate",Conventional,NA,NA,,3 g,Animal,Bird,Anseriformes,Anatidae,Tadorna,Common shelduck,Tadorna tadorna,,free,Salmonella spp.,Salmonella,Salmonella,feces,yes,no,,,0,3,,,,NA,,NA,,,,,,,,NA,NA,NA,NA,NA,NA,NA,NA,Low,1
Ebani et al.,2021,Ebani et al. 2021,yes,Web of Science,"Italy, Central Italy",no,Europe,"Biochemical, serotyping, culture broth plate",Conventional,NA,NA,,3 g,Animal,Bird,Columbiformes,Columbinae,Columba,Common wood pigeon,Columba palumbus,,free,Salmonella spp.,Salmonella,Salmonella,feces,yes,no,,,0,1,,,,NA,,NA,,,,,,,,NA,NA,NA,NA,NA,NA,NA,NA,Low,1
Ebani et al.,2021,Ebani et al. 2021,yes,Web of Science,"Italy, Central Italy",no,Europe,"Biochemical, serotyping, culture broth plate",Conventional,NA,NA,,3 g,Animal,Bird,Gruiformes,Rallidae,Fulica,Eurasian coot ,Fulica atra,,free,Salmonella spp.,Salmonella,Salmonella,feces,yes,no,,,0,1,,,,NA,,NA,,,,,,,,NA,NA,NA,NA,NA,NA,NA,NA,Low,1
Ebani et al.,2021,Ebani et al. 2021,yes,Web of Science,"Italy, Central Italy",no,Europe,"Biochemical, serotyping, culture broth plate",Conventional,NA,NA,,3 g,Animal,Bird,Accipitriformes,Accipitridae,Accipiter,Eurasian sparrowhawk,Accipiter nisus,,free,Salmonella spp.,Salmonella,Salmonella,feces,yes,no,,,0,1,,,,NA,,NA,,,,,,,,NA,NA,NA,NA,NA,NA,NA,NA,Low,1
Ebani et al.,2021,Ebani et al. 2021,yes,Web of Science,"Italy, Central Italy",no,Europe,"Biochemical, serotyping, culture broth plate",Conventional,NA,NA,,3 g,Animal,Bird,Anseriformes,Anatidae,Anas,Eurasian teal,Anas crecca,,free,Salmonella spp.,Salmonella,Salmonella,feces,yes,no,,,0,22,,,,NA,,NA,,,,,,,,NA,NA,NA,NA,NA,NA,NA,NA,Low,1
Ebani et al.,2021,Ebani et al. 2021,yes,Web of Science,"Italy, Central Italy",no,Europe,"Biochemical, serotyping, culture broth plate",Conventional,NA,NA,,3 g,Animal,Bird,Anseriformes,Anatidae,Mareca,Eurasian wigeon ,Anas penelope,,free,Salmonella spp.,Salmonella,Salmonella,feces,yes,no,,,0,11,,,,NA,,NA,,,,,,,,NA,NA,NA,NA,NA,NA,NA,NA,Low,1
Ebani et al.,2021,Ebani et al. 2021,yes,Web of Science,"Italy, Central Italy",no,Europe,"Biochemical, serotyping, culture broth plate",Conventional,NA,NA,,3 g,Animal,Bird,Pelecaniformes,Ardeidae,Ardea,Grey heron,Ardea cinerea,,free,Salmonella spp.,Salmonella,Salmonella,feces,yes,no,,,0,2,,,,NA,,NA,,,,,,,,NA,NA,NA,NA,NA,NA,NA,NA,Low,1
Ebani et al.,2021,Ebani et al. 2021,yes,Web of Science,"Italy, Central Italy",no,Europe,"Biochemical, serotyping, culture broth plate",Conventional,NA,NA,,3 g,Animal,Bird,Strigiformes,Strigidae,Athene,Little owl ,Athene noctua ,,free,Salmonella spp.,Salmonella,Salmonella,feces,yes,no,,,0,1,,,,NA,,NA,,,,,,,,NA,NA,NA,NA,NA,NA,NA,NA,Low,1
Ebani et al.,2021,Ebani et al. 2021,yes,Web of Science,"Italy, Central Italy",no,Europe,"Biochemical, serotyping, culture broth plate",Conventional,NA,NA,,3 g,Animal,Bird,Anseriformes,Anatidae,Anas,Mallard,Anas platyrhynchos,,free,Salmonella spp.,Salmonella,Salmonella,feces,yes,no,,,0,15,,,,NA,,NA,,,,,,,,NA,NA,NA,NA,NA,NA,NA,NA,Low,1
Ebani et al.,2021,Ebani et al. 2021,yes,Web of Science,"Italy, Central Italy",no,Europe,"Biochemical, serotyping, culture broth plate",Conventional,NA,NA,,3 g,Animal,Bird,Anseriformes,Anatidae,Spatula,Northern shoveler,Anas clypeata,,free,Salmonella spp.,Salmonella,Salmonella,feces,yes,no,,,0,3,,,,NA,,NA,,,,,,,,NA,NA,NA,NA,NA,NA,NA,NA,Low,1
Ebani et al.,2021,Ebani et al. 2021,yes,Web of Science,"Italy, Central Italy",no,Europe,"Biochemical, serotyping, culture broth plate",Conventional,NA,NA,,3 g,Animal,Bird,Falconiformes,Falconidae,Falco,Peregrine falcons,Falco peregrinus,,free,Salmonella spp.,Salmonella,Salmonella,feces,yes,no,,,0,1,,,,NA,,NA,,,,,,,,NA,NA,NA,NA,NA,NA,NA,NA,Low,1
Ebani et al.,2021,Ebani et al. 2021,yes,Web of Science,"Italy, Central Italy",no,Europe,"Biochemical, serotyping, culture broth plate",Conventional,NA,NA,,3 g,Animal,Bird,Columbiformes,Columbidae,Columba,Pigeon,Columba livia,,free,Salmonella spp.,Salmonella,Salmonella,feces,yes,no,,,0,21,,,,NA,,NA,,,,,,,,NA,NA,NA,NA,NA,NA,NA,NA,Low,1
Ebani et al.,2021,Ebani et al. 2021,yes,Web of Science,"Italy, Central Italy",no,Europe,"Biochemical, serotyping, culture broth plate",Conventional,NA,NA,,3 g,Animal,Bird,Anseriformes,Anatidae,Anas,Northern pintail,Anas acuta,,free,Salmonella spp.,Salmonella,Salmonella,feces,yes,no,,,0,1,,,,NA,,NA,,,,,,,,NA,NA,NA,NA,NA,NA,NA,NA,Low,1
Ebani et al.,2021,Ebani et al. 2021,yes,Web of Science,"Italy, Central Italy",no,Europe,"Biochemical, serotyping, culture broth plate",Conventional,NA,NA,,3 g,Animal,Bird,Charadriiformes,Laridae,Larus,Yellow legged gull,Larus michahellis,,free,Salmonella spp.,Salmonella,Salmonella,feces,yes,no,,,1,35,,,,NA,,NA,,,,,,,,NA,NA,NA,NA,NA,NA,NA,NA,Low,1
Fallacara et al.,2001,Fallacara et al. 2001,yes,review,"USA,  Ohio, Battlle-Darby Creek, Hoover Dam, Antrim Park, Sharon Woods, Griggs Reservior, Scioto Park",yes,North America,"Culture, sub culture, biochemical test, lab species identify",Conventional,NA,NA,,variable swab,Animal,Bird,,,,,,Waterfowl Domestic/Hybrid species,free,Salmonella spp.,Salmonella,Salmonella,feces,yes,no,,,0,10,,,,NA,,NA,,,,,"One Salmonellla Java, animal species not specified.",,,NA,NA,NA,NA,NA,NA,NA,NA,Moderate,2
Fallacara et al.,2001,Fallacara et al. 2001,yes,review,"USA,  Ohio, Battlle-Darby Creek, Hoover Dam, Antrim Park, Sharon Woods, Griggs Reservior, Scioto Park",yes,North America,"Culture, sub culture, biochemical test, lab species identify",Conventional,NA,NA,,variable swab,Animal,Bird,Anseriformes,Anatidae,Branta,Canada goose,,,free,Salmonella spp.,Salmonella,Salmonella,feces,yes,no,,,0,357,,,,NA,,NA,,,,,"One Salmonellla Java, animal species not specified.",,,NA,NA,NA,NA,NA,NA,NA,NA,Moderate,2
Fallacara et al.,2001,Fallacara et al. 2001,yes,review,"USA,  Ohio, Battlle-Darby Creek, Hoover Dam, Antrim Park, Sharon Woods, Griggs Reservior, Scioto Park",yes,North America,"Culture, sub culture, biochemical test, lab species identify",Conventional,NA,NA,,variable swab,Animal,Bird,Anseriformes,Anatidae,Anas,Mallard,,,free,Salmonella spp.,Salmonella,Salmonella,feces,yes,no,,,1,82,,,,NA,,NA,,,,,"One Salmonellla Java, animal species not specified.",,,NA,NA,NA,NA,NA,NA,NA,NA,Moderate,2
Fallacara et al.,2004,Fallacara et al. 2004,yes,review,"USA, Ohio, Columbus Zoo",yes,North America,"outside lab (Veterinary Services Laboratory (Ames, IA), culture broth and plate",Conventional,NA,NA,,swab,Animal,Bird,Anseriformes,Anatidae,Branta,Canada goose,,,free,Salmonella spp.,Salmonella,Salmonella,feces,yes,no,,,8,342,,,,NA,,NA,,,,,,, (typhimurium),NA,NA,NA,NA,NA,NA,NA,NA,High,3
Fallacara et al.,2004,Fallacara et al. 2004,yes,review,"USA, Ohio, Columbus Zoo",yes,North America,"outside lab (Veterinary Services Laboratory (Ames, IA), culture broth and plate",Conventional,NA,NA,,swab,Animal,Bird,Anseriformes,Anatidae,Anas,Mallard,,,free,Salmonella spp.,Salmonella,Salmonella,feces,yes,no,,,40,100,,,,NA,,NA,,,,,,, (typhimurium),NA,NA,NA,NA,NA,NA,NA,NA,High,3
Fenlon et al.,1981,Fenlon et al. 1981,? yes journal is no longer published,review,"UK, Scotland, Aberdeen",no,Europe,"MPN, 5 tube, standard method",Conventional,NA,NA,,NA,Animal,Bird,Charadriiformes,Laridae,Larus,,Larus spp.,Gull (genus),free,Salmonella,Salmonella,Salmonella,feces,yes,no,,,160,1242,0.129,,,NA,,NA,,,,,,Has a lot of data on behavior,,NA,NA,NA,NA,NA,NA,NA,NA,Low,1
Fenlon et al.,1981,Fenlon et al. 1981,? yes journal is no longer published,review,"UK, Scotland, Aberdeen, Domestic waste dump",no,Europe,"MPN, 5 tube, standard method",Conventional,NA,NA,,NA,Animal,Bird,Charadriiformes,Laridae,Larus,,Larus spp.,Gull (genus),free,Salmonella,Salmonella,Salmonella,feces,yes,no,,,2,95,0.021,,,NA,,NA,,,,,,Has a lot of data on behavior,,NA,NA,NA,NA,NA,NA,NA,NA,Low,1
Fenlon et al.,1981,Fenlon et al. 1981,? yes journal is no longer published,review,"UK, Scotland, Aberdeen, Girdleness and Ness dump, sewage outfall",no,Europe,"MPN, 5 tube, standard method",Conventional,NA,NA,,NA,Animal,Bird,Charadriiformes,Laridae,Larus,,Larus spp.,Gull (genus),free,Salmonella,Salmonella,Salmonella,feces,yes,no,,,91,431,0.211,,,NA,,NA,,,,,,Has a lot of data on behavior,,NA,NA,NA,NA,NA,NA,NA,NA,Low,1
Fenlon et al.,1981,Fenlon et al. 1981,? yes journal is no longer published,review,"UK, Scotland, Aberdeen, River Dee",no,Europe,"MPN, 5 tube, standard method",Conventional,NA,NA,,NA,Animal,Bird,Charadriiformes,Laridae,Larus,,Larus spp.,Gull (genus),free,Salmonella,Salmonella,Salmonella,feces,yes,no,,,19,234,0.083,,,NA,,NA,,,,,,Has a lot of data on behavior,,NA,NA,NA,NA,NA,NA,NA,NA,Low,1
Fenlon et al.,1981,Fenlon et al. 1981,? yes journal is no longer published,review,"UK, Scotland, Aberdeen, River Don",no,Europe,"MPN, 5 tube, standard method",Conventional,NA,NA,,NA,Animal,Bird,Charadriiformes,Laridae,Larus,,Larus spp.,Gull (genus),free,Salmonella,Salmonella,Salmonella,feces,yes,no,,,19,299,0.065,,,NA,,NA,,,,,,Has a lot of data on behavior,,NA,NA,NA,NA,NA,NA,NA,NA,Low,1
Fenlon et al.,1981,Fenlon et al. 1981,? yes journal is no longer published,review,"UK, Scotland, Aberdeen, Sewage outfall",no,Europe,"MPN, 5 tube, standard method",Conventional,NA,NA,,NA,Animal,Bird,Charadriiformes,Laridae,Larus,,Larus spp.,Gull (genus),free,Salmonella,Salmonella,Salmonella,feces,yes,no,,,8,48,0.167,,,NA,,NA,,,,,,Has a lot of data on behavior,,NA,NA,NA,NA,NA,NA,NA,NA,Low,1
Fenlon et al.,1983,Fenlon et al. 1983,? yes journal is no longer published,review,"UK, Scotland, Aberdeen, sewage treatment plant.",no,Europe,"MPN, 5 tube, standard method",Conventional,NA,NA,,NA,Animal,Bird,Charadriiformes,Laridae,Larus,,Larus spp.,Gull (genus),free,Salmonella,Salmonella,Salmonella,feces,yes,no,,,11,20,0.55,,,NA,,NA,,,,,,Has more information on sewage.,,NA,NA,NA,NA,NA,NA,NA,NA,Very Low,0
Ferns et al. ,2000,Ferns et al.  2000,yes,review,"England, South England, South Wales, near sewer outfalls",no,Europe,"Sent to Lab Veterinary Investigation Centres, Bird counts",Conventional,NA,NA,,NA,Animal,Bird,Charadriiformes,Laridae,Chroicocephalus,Black-headed gull,Larus ribibundus,,free,Salmonella,Salmonella,Salmonella,feces,yes,no,,,49,780,0.063,,,NA,,NA,,,,,,Salmonella occurred more often during the breeding season than the winter.,Other gull types were counted but not sampled,NA,NA,NA,NA,NA,NA,NA,NA,High,3
"Fonseca, et al.",2020,"Fonseca, et al. 2020",yes,Google Scholar,"USA, Arizona, Yuma, near small ranches",yes,North America,"biochemical, culture broth and plate",Conventional,NA,NA,,swab,Animal,Bird,Passeriformes,Icteridae,Molothrus,Brown-headed cowbird,Molthrus ater,,free,Salmonella,Salmonella,Salmonella,cloacal swab,yes,no,,,ND,4,,,,NA,,NA,,,,,,also did study on survival of pathogens in feces,,NA,NA,NA,NA,NA,NA,NA,NA,Moderate,2
"Fonseca, et al.",2020,"Fonseca, et al. 2020",yes,Google Scholar,"USA, Arizona, Yuma, near small ranches",yes,North America,"biochemical, culture broth and plate",Conventional,NA,NA,,swab,Animal,Bird,Columbiformes,Columbidae,Columbina,Common ground dove,Columbina passerina,,free,Salmonella,Salmonella,Salmonella,cloacal swab,yes,no,,,ND,4,,,,NA,,NA,,,,,,also did study on survival of pathogens in feces,,NA,NA,NA,NA,NA,NA,NA,NA,Moderate,2
"Fonseca, et al.",2020,"Fonseca, et al. 2020",yes,Google Scholar,"USA, Arizona, Yuma, near small ranches",yes,North America,"biochemical, culture broth and plate",Conventional,NA,NA,,swab,Animal,Bird,Columbiformes,Columbidae,Streptopelia,Eurasian collared dove,Streptopelia decaocto,,free,Salmonella,Salmonella,Salmonella,cloacal swab,yes,no,,,ND,24,,,,NA,,NA,,,,,,also did study on survival of pathogens in feces,,NA,NA,NA,NA,NA,NA,NA,NA,Moderate,2
"Fonseca, et al.",2020,"Fonseca, et al. 2020",yes,Google Scholar,"USA, Arizona, Yuma, near small ranches",yes,North America,"biochemical, culture broth and plate",Conventional,NA,NA,,swab,Animal,Bird,Passeriformes,Icteridae,Quiscalus,Great-tailed grackle,Quiscalus mexicanus,,free,Salmonella,Salmonella,Salmonella,cloacal swab,yes,no,,,ND,7,,,,NA,,NA,,,,,,also did study on survival of pathogens in feces,,NA,NA,NA,NA,NA,NA,NA,NA,Moderate,2
"Fonseca, et al.",2020,"Fonseca, et al. 2020",yes,Google Scholar,"USA, Arizona, Yuma, near small ranches",yes,North America,"biochemical, culture broth and plate",Conventional,NA,NA,,swab,Animal,Bird,Passeriformes,Passeridae,Passer,House sparrow,Passer domesticus,,free,Salmonella,Salmonella,Salmonella,cloacal swab,yes,no,,,ND,1,,,,NA,,NA,,,,,,also did study on survival of pathogens in feces,,NA,NA,NA,NA,NA,NA,NA,NA,Moderate,2
"Fonseca, et al.",2020,"Fonseca, et al. 2020",yes,Google Scholar,"USA, Arizona, Yuma, near small ranches",yes,North America,"biochemical, culture broth and plate",Conventional,NA,NA,,swab,Animal,Bird,Columbiformes,Columbidae,Columbina,Inca dove,Scardafella inca,,free,Salmonella,Salmonella,Salmonella,cloacal swab,yes,no,,,ND,39,,,,NA,,NA,,,,,,also did study on survival of pathogens in feces,,NA,NA,NA,NA,NA,NA,NA,NA,Moderate,2
"Fonseca, et al.",2020,"Fonseca, et al. 2020",yes,Google Scholar,"USA, Arizona, Yuma, near small ranches",yes,North America,"biochemical, culture broth and plate",Conventional,NA,NA,,swab,Animal,Bird,Columbiformes,Columbidae,Zenaida,Mourning dove,Zenaida macroura,,free,Salmonella,Salmonella,Salmonella,cloacal swab,yes,no,,,ND,179,,,,NA,,NA,,,,,,also did study on survival of pathogens in feces,,NA,NA,NA,NA,NA,NA,NA,NA,Moderate,2
"Fonseca, et al.",2020,"Fonseca, et al. 2020",yes,Google Scholar,"USA, Arizona, Yuma, near small ranches",yes,North America,"biochemical, culture broth and plate",Conventional,NA,NA,,swab,Animal,Bird,Columbiformes,Columbidae,Columba,Pigeon,Columba livia,,free,Salmonella,Salmonella,Salmonella,cloacal swab,yes,no,,,ND,18,,,,NA,,NA,,,,,,also did study on survival of pathogens in feces,,NA,NA,NA,NA,NA,NA,NA,NA,Moderate,2
"Fonseca, et al.",2020,"Fonseca, et al. 2020",yes,Google Scholar,"USA, Arizona, Yuma, near small ranches",yes,North America,"biochemical, culture broth and plate",Conventional,NA,NA,,swab,Animal,Bird,Passeriformes,Icteridae,Agelaius,Red-winged blackbird,Agelaius phoeniceus,,free,Salmonella,Salmonella,Salmonella,cloacal swab,yes,no,,,ND,27,,,,NA,,NA,,,,,,also did study on survival of pathogens in feces,,NA,NA,NA,NA,NA,NA,NA,NA,Moderate,2
"Fonseca, et al.",2020,"Fonseca, et al. 2020",yes,Google Scholar,"USA, Arizona, Yuma, near small ranches",yes,North America,"biochemical, culture broth and plate",Conventional,NA,NA,,swab,Animal,Bird,Passeriformes,Icteridae,Xanthocephalus,Yellow-headed blackbird,Xanthocephalus xanthocephalus,,free,Salmonella,Salmonella,Salmonella,cloacal swab,yes,no,,,ND,1,,,,NA,,NA,,,,,,also did study on survival of pathogens in feces,,NA,NA,NA,NA,NA,NA,NA,NA,Moderate,2
Fricker,1984,Fricker 1984,yes,review,"UK, Scotland, Glasglow, sewage treatment plant",no,Europe,"Biochemical/serology, enrich centrifuge, culture tube/plate",Conventional,NA,NA,,NA,Animal,Bird,Charadriiformes,Laridae,Chroicocephalus,Black-headed gull,Larus ribibundus,,free,Salmonella,Salmonella,Salmonella,feces,yes,no,,,191,1080,0.177,,,NA,,NA,,,,,,,,NA,NA,NA,NA,NA,NA,NA,NA,Low,1
Fricker et al.,1983,Fricker et al. 1983,?yes no longer in print,review,"UK, Scotland",no,Europe,Culture (Tested 6 different methods),Conventional,NA,NA,,NA,Animal,Bird,Charadriiformes,Laridae,,,"Larus argentatus, Larus fuscus, Larus, marinus) ","herring, lesser balck-backed, great black-backed",free,Salmonella,Salmonella,Salmonella,cloacal swab,yes,no,,,60,560,,,,NA,,NA,,,,,,Tested isolations by multiple different methods 60 was the largest amount found by any culture method.,,NA,NA,NA,NA,NA,NA,NA,NA,High,3
Gaukler et al.,2008,Gaukler et al. 2008,conference,Google Scholar,"USA, Kansas, Great Bend",yes,North America,Outside lab (Department of Veterinary and Microbiological Sciences at North Dakota State University),Conventional,NA,NA,,swab,Animal,Bird,Passeriformes,Sturnidae,Sturnus,European starling,Sturnus vulgaris,,free,Salmonella spp.,Salmonella,Salmonella,cloacal swab,yes,no,,,ND,200,ND,,,NA,,NA,,,,,,,,NA,NA,NA,NA,NA,NA,NA,NA,Moderate,2
Gaukler et al.,2009,Gaukler et al. 2009,yes,Web of Science,"USA, Central Kansas",yes,North America,"Culture, Microscope, PCR",Conventional,NA,NA,,NA,Animal,Bird,Passeriformes,Sturnidae,Sturnus,European starling,,,free,Salmonella,Salmonella,Salmonella,"fecal swab, feces, gut feces",yes,no,,,3,434,,,,NA,,NA,,,,,,,,NA,NA,NA,NA,NA,NA,NA,NA,High,3
Georgiades and Iordanidis,2002,Georgiades and Iordanidis 2002,yes,review,"Greece, Thessalonica",no,Europe,"agglutination test, biochemical, plate culture",Conventional,NA,NA,,NA,Animal,Bird,Passeriformes,Fringillidae,,,,Canary (family),?,Salmonella ,Salmonella,Salmonella,"tissue (liver, spleen)",yes,no,,,33,182,,,,NA,,NA,,,,,,,,NA,NA,NA,NA,NA,NA,NA,NA,Moderate,2
Georgiades and Iordanidis,2002,Georgiades and Iordanidis 2002,yes,review,"Greece, Thessalonica",no,Europe,"agglutination test, biochemical, plate culture",Conventional,NA,NA,,NA,Animal,Bird,Psittaciformes,,,,,Pisittacines,?,Salmonella ,Salmonella,Salmonella,"tissue (liver, spleen)",yes,no,,,2,71,,,,NA,,NA,,,,,,,,NA,NA,NA,NA,NA,NA,NA,NA,Moderate,2
Georgiades and Iordanidis,2002,Georgiades and Iordanidis 2002,yes,review,"Greece, Thessalonica",no,Europe,"agglutination test, biochemical, plate culture",Conventional,NA,NA,,NA,Animal,Bird,Columbiformes,Columbidae,Columba,Pigeon,,,?,Salmonella,Salmonella,Salmonella,"tissue (liver, spleen)",yes,no,,,53,618,,,,NA,,NA,,,,,,,,NA,NA,NA,NA,NA,NA,NA,NA,Moderate,2
Girdwood et al.,1985,Girdwood et al. 1985,?yes no longer in print,review,"UK, Scotland",no,Europe,"Biochemical/serology, enrich centrifuge, culture plate",Conventional,NA,NA,,swab variable,Animal,Bird,Charadriiformes,Laridae,Chroicocephalus,Black-headed gull,Larus ridibundus,,free,Salmonella,Salmonella,Salmonella,Cloacal swab,yes,no,,,8,204,,,,NA,,NA,,,,,,"Difficult to tell but datay may be duplicate from (Monaghan et al. 1985, Fricker, Girdwood & Munro, 1983, Fricker & Girdwood, 1984, Fricker,
1983).",,NA,NA,NA,NA,NA,NA,NA,NA,High,3
Girdwood et al.,1985,Girdwood et al. 1985,?yes no longer in print,review,"UK, Scotland",no,Europe,"Culture, enrich, Test Clocal swab vs intestines",Conventional,NA,NA,,variable,Animal,Bird,Charadriiformes,Laridae,,,"Larus argentatus, Larus fuscus, Larus, marinus) ","herring, lesser balck-backed, great black-backed",free,Salmonella,Salmonella,Salmonella,cloacal swab,yes,no,,,44,456,,,,NA,,NA,,,,,,"Difficult to tell but datay may be duplicate from (Monaghan et al. 1985, Fricker, Girdwood & Munro, 1983, Fricker & Girdwood, 1984, Fricker,
1983).",,NA,NA,NA,NA,NA,NA,NA,NA,High,3
Girdwood et al.,1985,Girdwood et al. 1985,?yes no longer in print,review,"UK, Scotland",no,Europe,"Culture, enrich, Test Clocal swab vs intestines",Conventional,NA,NA,,variable,Animal,Bird,Charadriiformes,Laridae,,,"Larus argentatus, Larus fuscus, Larus, marinus) ","herring, lesser balck-backed, great black-backed",free,Salmonella,Salmonella,Salmonella,intestines content,yes,no,,,71,456,,,,NA,,NA,,,,,,"Difficult to tell but datay may be duplicate from (Monaghan et al. 1985, Fricker, Girdwood & Munro, 1983, Fricker & Girdwood, 1984, Fricker,
1983).",,NA,NA,NA,NA,NA,NA,NA,NA,High,3
Girdwood et al.,1985,Girdwood et al. 1985,?yes no longer in print,review,"UK, Scotland",no,Europe,"Culture, enrich, Test Clocal swab vs levage",Conventional,NA,NA,,variable,Animal,Bird,Charadriiformes,Laridae,,,"Larus argentatus, Larus fuscus, Larus, marinus) ","herring, lesser balck-backed, great black-backed",free,Salmonella,Salmonella,Salmonella,Cloacal lavage,yes,no,,,90,847,,,,NA,,NA,,,,,,"Difficult to tell but datay may be duplicate from (Monaghan et al. 1985, Fricker, Girdwood & Munro, 1983, Fricker & Girdwood, 1984, Fricker,
1983).",,NA,NA,NA,NA,NA,NA,NA,NA,High,3
Girdwood et al.,1985,Girdwood et al. 1985,?yes no longer in print,review,"UK, Scotland",no,Europe,"Culture, enrich, Test Clocal swab vs levage",Conventional,NA,NA,,variable,Animal,Bird,Charadriiformes,Laridae,,,"Larus argentatus, Larus fuscus, Larus, marinus) ","herring, lesser balck-backed, great black-backed",free,Salmonella,Salmonella,Salmonella,Cloacal swab,yes,no,,,69,847,,,,NA,,NA,,,,,,"Difficult to tell but datay may be duplicate from (Monaghan et al. 1985, Fricker, Girdwood & Munro, 1983, Fricker & Girdwood, 1984, Fricker,
1983).",,NA,NA,NA,NA,NA,NA,NA,NA,High,3
Girdwood et al.,1985,Girdwood et al. 1985,?yes no longer in print,review,"UK, Scotland",no,Europe,"Biochemical/serology, enrich centrifuge, culture plate",Conventional,NA,NA,,swab variable,Animal,Bird,Charadriiformes,Laridae,,,"Larus argentatus, Larus fuscus, Larus, marinus) ","herring, lesser balck-backed, great black-backed",free,Salmonella,Salmonella,Salmonella,Cloacal swab,yes,no,,,459,5888,,,,NA,,NA,,,,,,"Difficult to tell but datay may be duplicate from (Monaghan et al. 1985, Fricker, Girdwood & Munro, 1983, Fricker & Girdwood, 1984, Fricker,
1983).",,NA,NA,NA,NA,NA,NA,NA,NA,High,3
Girdwood et al.,1985,Girdwood et al. 1985,?yes no longer in print,review,"UK, Scotland, garbag dump",no,Europe,"MPN, 15 tube, standarda method",Conventional,NA,NA,,variable standardized by dilution,Animal,Bird,Charadriiformes,Laridae,,,"Larus argentatus, Larus fuscus, Larus, marinus) ","herring, lesser balck-backed, great black-backed",free,Salmonella,Salmonella,Salmonella,feces,yes,no,,,17,84,,,,NA,,NA,,,,,,"Difficult to tell but datay may be duplicate from (Monaghan et al. 1985, Fricker, Girdwood & Munro, 1983, Fricker & Girdwood, 1984, Fricker,
1983).",,NA,NA,NA,NA,NA,NA,NA,NA,High,3
Girdwood et al.,1985,Girdwood et al. 1985,?yes no longer in print,review,"UK, Scotland",no,Europe,"Biochemical/serology, enrich centrifuge, culture plate",Conventional,NA,NA,,swab variable,Animal,Bird,Charadriiformes,Laridae,Larus,Herring gull,Larus argentatus,,free,Salmonella,Salmonella,Salmonella,Cloacal swab,yes,no,,,410,5324,,,,NA,,NA,,,,,,"Difficult to tell but datay may be duplicate from (Monaghan et al. 1985, Fricker, Girdwood & Munro, 1983, Fricker & Girdwood, 1984, Fricker,
1983).",,NA,NA,NA,NA,NA,NA,NA,NA,High,3
Girdwood et al.,1985,Girdwood et al. 1985,?yes no longer in print,review,"UK, Scotland",no,Europe,"Biochemical/serology, enrich centrifuge, culture plate",Conventional,NA,NA,,swab variable,Animal,Bird,Charadriiformes,Laridae,Larus,Lesser black-backed gull,Larus fuscus,,free,Salmonella,Salmonella,Salmonella,Cloacal swab,yes,no,,,41,360,,,,NA,,NA,,,,,,"Difficult to tell but datay may be duplicate from (Monaghan et al. 1985, Fricker, Girdwood & Munro, 1983, Fricker & Girdwood, 1984, Fricker,
1983).",,NA,NA,NA,NA,NA,NA,NA,NA,High,3
Gonzalez-Acuna et al.,2007,Gonzalez-Acuna et al. 2007,? Journal in sapnish,review,"Chile, Chillian",no,South America,"ELISA, Culture",Conventional,NA,NA,,NA,Animal,Bird,Columbiformes,Columbidae,Columba,Pigeon,Columba livia,,free,Salmonella,Salmonella,Salmonella,"composite blood, organs, intestines content",yes,no,,,4,96,,,,NA,,NA,,,,,,domestic pigeon is a subspecies of pidgeon,,NA,NA,NA,NA,NA,NA,NA,NA,Low,1
Goodchild et al. ,1968,Goodchild et al.  1968,from review article,article not found,Review,no,?,Review,Conventional,Review,Review,,Review,Animal,Bird,,,,,,Bird (class),free,Salmonella,Salmonella,Salmonella,cloacal swab,yes,no,,,2,511,,,,NA,,NA,,,,,,from review Tizard 2014,,NA,NA,NA,NA,NA,NA,NA,NA,Low,1
Grigar et al. ,2016,Grigar et al.  2016,yes,review,"USA, Texas, Brazos County, College Station",yes,North America,"confirm PCR (invA), serotyped at outside lab, culture broth and plate",Conventional,NA,NA,,swab,Animal,Bird,Passeriformes,Icteridae,Molothrus,Brown-headed cowbird,Molothrus ater,,free,Salmonella,Salmonella,Salmonella,feces and cloacal swab,yes,no,,,ND,1,,,,NA,,NA,,,,,,,,NA,NA,NA,NA,NA,NA,NA,NA,Moderate,2
Grigar et al. ,2016,Grigar et al.  2016,yes,review,"USA, Texas, Brazos County, College Station",yes,North America,"confirm PCR (invA), serotyped at outside lab, culture broth and plate",Conventional,NA,NA,,swab,Animal,Bird,Passeriformes,Bombycillidae,Bombycilla,Cedar waxwing,Bombycilla cedrorum,,free,Salmonella,Salmonella,Salmonella,feces and cloacal swab,yes,no,,,ND,1,,,,NA,,NA,,,,,,,,NA,NA,NA,NA,NA,NA,NA,NA,Moderate,2
Grigar et al. ,2016,Grigar et al.  2016,yes,review,"USA, Texas, Brazos County, College Station",yes,North America,"confirm PCR (invA), serotyped at outside lab, culture broth and plate",Conventional,NA,NA,,swab,Animal,Bird,Columbiformes,Columbidae,Streptopelia,Eurasian collared dove,Streptopelia decaocto,,free,Salmonella,Salmonella,Salmonella,feces and cloacal swab,yes,no,,,ND,1,,,,NA,,NA,,,,,,,,NA,NA,NA,NA,NA,NA,NA,NA,Moderate,2
Grigar et al. ,2016,Grigar et al.  2016,yes,review,"USA, Texas, Brazos County, College Station",yes,North America,"confirm PCR (invA), serotyped at outside lab, culture broth and plate",Conventional,NA,NA,,swab,Animal,Bird,Passeriformes,Sturnidae,Sturnus,European starling,Sturnus vulgaris,,free,Salmonella,Salmonella,Salmonella,feces and cloacal swab,yes,no,,,ND,34,,,,NA,,NA,,,,,,,,NA,NA,NA,NA,NA,NA,NA,NA,Moderate,2
Grigar et al. ,2016,Grigar et al.  2016,yes,review,"USA, Texas, Brazos County, College Station",yes,North America,"confirm PCR (invA), serotyped at outside lab, culture broth and plate",Conventional,NA,NA,,swab,Animal,Bird,Passeriformes,Icteridae,Quiscalus,Great-tailed grackle,Quiscalus mexicanus,,free,Salmonella,Salmonella,Salmonella,feces and cloacal swab,yes,no,,,2,76,0.026,,,NA,,NA,,,,,,,,NA,NA,NA,NA,NA,NA,NA,NA,Moderate,2
Grigar et al. ,2016,Grigar et al.  2016,yes,review,"USA, Texas, Brazos County, College Station",yes,North America,"confirm PCR (invA), serotyped at outside lab, culture broth and plate",Conventional,NA,NA,,swab,Animal,Bird,Passeriformes,Passeridae,Passer,House sparrow,Passer domesticus,,free,Salmonella,Salmonella,Salmonella,feces and cloacal swab,yes,no,,,ND,4,,,,NA,,NA,,,,,,,,NA,NA,NA,NA,NA,NA,NA,NA,Moderate,2
Grigar et al. ,2017,Grigar et al.  2017,yes,review,"USA, Texas, Gulf Coast",yes,North America,"confirm PCR (invA), culture broth and plate",Conventional,NA,NA,,swab,Animal,Bird,Gruiformes,Rallidae,Fulica,American coot,Fulica americana,,free,Salmonella,Salmonella,Salmonella,cloacal swab,yes,no,,,ND,7,,,,NA,,NA,,,,,,,,NA,NA,NA,NA,NA,NA,NA,NA,Low,1
Grigar et al. ,2017,Grigar et al.  2017,yes,review,"USA, Texas, Gulf Coast",yes,North America,"confirm PCR (invA), culture broth and plate",Conventional,NA,NA,,swab,Animal,Bird,Anseriformes,Anatidae,Mareca,American wigeon,Anas americana,,free,Salmonella,Salmonella,Salmonella,cloacal swab,yes,no,,,ND,6,,,,NA,,NA,,,,,,,,NA,NA,NA,NA,NA,NA,NA,NA,Low,1
Grigar et al. ,2017,Grigar et al.  2017,yes,review,"USA, Texas, Gulf Coast",yes,North America,"confirm PCR (invA), culture broth and plate",Conventional,NA,NA,,swab,Animal,Bird,Anseriformes,Anatidae,Dendrocygna,Black- bellied whistling duck,Dendrocygna autumnalis,,free,Salmonella,Salmonella,Salmonella,cloacal swab,yes,no,,,ND,17,,,,NA,,NA,,,,,,,,NA,NA,NA,NA,NA,NA,NA,NA,Low,1
Grigar et al. ,2017,Grigar et al.  2017,yes,review,"USA, Texas, Gulf Coast",yes,North America,"confirm PCR (invA), culture broth and plate",Conventional,NA,NA,,swab,Animal,Bird,Anseriformes,Anatidae,Spatula,Blue-winged teal ,Anas discors,,free,Salmonella,Salmonella,Salmonella,cloacal swab,yes,no,,,1,260,,,,NA,,NA,,,,,,,,NA,NA,NA,NA,NA,NA,NA,NA,Low,1
Grigar et al. ,2017,Grigar et al.  2017,yes,review,"USA, Texas, Gulf Coast",yes,North America,"confirm PCR (invA), culture broth and plate",Conventional,NA,NA,,swab,Animal,Bird,Anseriformes,Anatidae,Spatula,Cinnamon teal,Anas cyanoptera,,free,Salmonella,Salmonella,Salmonella,cloacal swab,yes,no,,,ND,1,,,,NA,,NA,,,,,,,,NA,NA,NA,NA,NA,NA,NA,NA,Low,1
Grigar et al. ,2017,Grigar et al.  2017,yes,review,"USA, Texas, Gulf Coast",yes,North America,"confirm PCR (invA), culture broth and plate",Conventional,NA,NA,,swab,Animal,Bird,Anseriformes,Anatidae,Anas,Eurasian teal,Anas crecca,,free,Salmonella,Salmonella,Salmonella,cloacal swab,yes,no,,,ND,25,,,,NA,,NA,,,,,,,,NA,NA,NA,NA,NA,NA,NA,NA,Low,1
Grigar et al. ,2017,Grigar et al.  2017,yes,review,"USA, Texas, Gulf Coast",yes,North America,"confirm PCR (invA), culture broth and plate",Conventional,NA,NA,,swab,Animal,Bird,Anseriformes,Anatidae,Mareca,Gadwall,Anas strepera,,free,Salmonella,Salmonella,Salmonella,cloacal swab,yes,no,,,ND,26,,,,NA,,NA,,,,,,,,NA,NA,NA,NA,NA,NA,NA,NA,Low,1
Grigar et al. ,2017,Grigar et al.  2017,yes,review,"USA, Texas, Gulf Coast",yes,North America,"confirm PCR (invA), culture broth and plate",Conventional,NA,NA,,swab,Animal,Bird,Anseriformes,Anatidae,Anas,Mottled duck,Anas fulvigula,,free,Salmonella,Salmonella,Salmonella,cloacal swab,yes,no,,,ND,1,,,,NA,,NA,,,,,,,,NA,NA,NA,NA,NA,NA,NA,NA,Low,1
Grigar et al. ,2017,Grigar et al.  2017,yes,review,"USA, Texas, Gulf Coast",yes,North America,"confirm PCR (invA), culture broth and plate",Conventional,NA,NA,,swab,Animal,Bird,Anseriformes,Anatidae,Anas,Northern pintail ,Anas acuta,,free,Salmonella,Salmonella,Salmonella,cloacal swab,yes,no,,,ND,8,,,,NA,,NA,,,,,,,,NA,NA,NA,NA,NA,NA,NA,NA,Low,1
Grigar et al. ,2017,Grigar et al.  2017,yes,review,"USA, Texas, Gulf Coast",yes,North America,"confirm PCR (invA), culture broth and plate",Conventional,NA,NA,,swab,Animal,Bird,Anseriformes,Anatidae,Spatula,Northern shoveler,Anas clypeata,,free,Salmonella,Salmonella,Salmonella,cloacal swab,yes,no,,,ND,18,,,,NA,,NA,,,,,,,,NA,NA,NA,NA,NA,NA,NA,NA,Low,1
Grigar et al. ,2017,Grigar et al.  2017,yes,review,"USA, Texas, Gulf Coast",yes,North America,"confirm PCR (invA), culture broth and plate",Conventional,NA,NA,,swab,Animal,Bird,Anseriformes,Anatidae,Aythya,Redhead,Aythya americana,,free,Salmonella,Salmonella,Salmonella,cloacal swab,yes,no,,,1,3,,,,NA,,NA,,,,,,,,NA,NA,NA,NA,NA,NA,NA,NA,Low,1
Grigar et al. ,2017,Grigar et al.  2017,yes,review,"USA, Texas, Gulf Coast",yes,North America,"confirm PCR (invA), culture broth and plate",Conventional,NA,NA,,swab,Animal,Bird,Anseriformes,Anatidae,Aythya,Ring-necked duck,Aythya collaris,,free,Salmonella,Salmonella,Salmonella,cloacal swab,yes,no,,,ND,2,,,,NA,,NA,,,,,,,,NA,NA,NA,NA,NA,NA,NA,NA,Low,1
Grigar et al. ,2017,Grigar et al.  2017,yes,review,"USA, Texas, Gulf Coast",yes,North America,"confirm PCR (invA), culture broth and plate",Conventional,NA,NA,,swab,Animal,Bird,Anseriformes,Anatidae,Oxyura,Ruddy duck ,Oxyura jamaicensis,,free,Salmonella,Salmonella,Salmonella,cloacal swab,yes,no,,,ND,1,,,,NA,,NA,,,,,,,,NA,NA,NA,NA,NA,NA,NA,NA,Low,1
"Grigar, M. K.",2018,"Grigar, M. K. 2018",yes,review,"USA, Texas, Brazos County, College Station",yes,North America,"confirm PCR (invA), serotyped at outside lab, culture broth and plate",Conventional,NA,NA,,swab,Animal,Bird,Passeriformes,Icteridae,Quiscalus,Great-tailed grackle,,,free,Salmonella,Salmonella,Salmonella,feces,yes,no,,,2,76,,,,NA,,NA,,,,,,,,NA,NA,NA,NA,NA,NA,NA,NA,Moderate,2
Hernandez et al.,2003,Hernandez et al. 2003,yes,review,"Sweden, Oland",no,Europe,"biochemical, culture broth plate, standard methods",Conventional,NA,NA,,NA,Animal,Bird,,,,,,Bird (class),Free,Salmonella,Salmonella,Salmonella,feces,yes,no,,,236,2377,,,,NA,,NA,,,,,,,,NA,NA,NA,NA,NA,NA,NA,NA,Low,1
Hernandez et al.,2016,Hernandez et al. 2016,yes,Google Scholar,"USA, Florida, South",yes,North America,"confirm Pulsed-FieldGel Electrophoresis, biochemical, culture broth and plate",Conventional,NA,NA,,1 g ,Animal,Bird,Pelecaniformes,Threskiornithidae,Eudocimus,American white ibis,Eudocimus albus,,Free,Salmonella,Salmonella,Salmonella,feces,yes,no,,,55,333,,,,NA,,NA,,,,,,also seperated by location and age,,NA,NA,NA,NA,NA,NA,NA,NA,High,3
Hussong et al. ,1979,Hussong et al.  1979,yes,review,"USA, Chesapeake Bay",yes,North America,"Plate count, liquid MPN",Conventional,NA,NA,,1g,Animal,Bird,Anseriformes,Anatidae,Branta,Canada goose,,,free,Salmonella spp.,Salmonella,Salmonella,feces,yes,no,,,ND,20,,,,NA,,NA,,,,,,From Weiskel et. al. 1962,,NA,NA,NA,NA,NA,NA,NA,NA,Moderate,2
Hussong et al. ,1979,Hussong et al.  1979,yes,review,"USA, Chesapeake Bay",yes,North America,"Plate count, liquid MPN",Conventional,NA,NA,,1g,Animal,Bird,Anseriformes,Anatidae,Cygnus,Whistling swan,,,free,Salmonella spp.,Salmonella,Salmonella,feces,yes,no,,,ND,24,,,,NA,,NA,,,,,,From Weiskel et. al. 1962,,NA,NA,NA,NA,NA,NA,NA,NA,Moderate,2
Janecko et al.,2015,Janecko et al. 2015,yes,review,"Canada, British Columbia, Dawson Creek",no,Northa America,"biochemical, culture plate and broth",Conventional,NA,NA,,NA,Animal,Bird,Passeriformes,Corvidae,Corvus,Common raven,Corvus corax,,free,Salmonella spp.,Salmonella,Salmonella,feces,yes,no,,,1,49,,,,NA,,NA,,,,,,,,NA,NA,NA,NA,NA,NA,NA,NA,High,3
Janecko et al.,2015,Janecko et al. 2015,yes,review,"Czech Republic, Usti nad Labem",no,Europe,"biochemical, culture plate and broth",Conventional,NA,NA,,NA,Animal,Bird,Passeriformes,Corvidae,Corvus,Common raven,Corvus corax,,free,Salmonella spp.,Salmonella,Salmonella,feces,yes,no,,,2,375,0.0053,,,NA,,NA,,,,,,,,NA,NA,NA,NA,NA,NA,NA,NA,High,3
Janecko et al.,2015,Janecko et al. 2015,yes,review,"Slovakia, Presov",no,Europe,"biochemical, culture plate and broth",Conventional,NA,NA,,NA,Animal,Bird,Passeriformes,Corvidae,Corvus,Common raven,Corvus corax,,free,Salmonella spp.,Salmonella,Salmonella,feces,yes,no,,,9,286,0.0315,,,NA,,NA,,,,,,,,NA,NA,NA,NA,NA,NA,NA,NA,High,3
Janecko et al.,2015,Janecko et al. 2015,yes,review,"Europe, USA, Canada",no,Europe/North America,"biochemical, culture plate and broth",Conventional,NA,NA,,NA,Animal,Bird,Passeriformes,Corvidae,Corvus,,"Corvus brachyrhynchos, Corvus frugilegus, Corvus corax","North American crows, rooks, common ravens",free,Salmonella spp.,Salmonella,Salmonella,feces,yes,no,,,39,2778,0.014,,,NA,,NA,,,,,,,,NA,NA,NA,NA,NA,NA,NA,NA,High,3
Janecko et al.,2015,Janecko et al. 2015,yes,review,"Canada, Ontario, Waterloo/Prince Edward Island, Charlottetown/Nova Scotia New Minas",no,Northa America,"biochemical, culture plate and broth",Conventional,NA,NA,,NA,Animal,Bird,Passeriformes,Corvidae,Corvus,American crow,Corvus brachyrhynchos,,free,Salmonella spp.,Salmonella,Salmonella,feces,yes,no,,,7,400,0.0204,,,NA,,NA,,,,,,,,NA,NA,NA,NA,NA,NA,NA,NA,High,3
Janecko et al.,2015,Janecko et al. 2015,yes,review,"USA, California, Davis/Kansas, Manhattan/New York, Auburn/Massachusetts,  Worcester",yes,North America,"biochemical, culture plate and broth",Conventional,NA,NA,,NA,Animal,Bird,Passeriformes,Corvidae,Corvus,American crow,Corvus brachyrhynchos,,free,Salmonella spp.,Salmonella,Salmonella,feces,yes,no,,,10,590,0.0169,,,NA,,NA,,,,,,,,NA,NA,NA,NA,NA,NA,NA,NA,High,3
Janecko et al.,2015,Janecko et al. 2015,yes,review,"Czech Republic, Prerov",no,Europe,"biochemical, culture plate and broth",Conventional,NA,NA,,NA,Animal,Bird,Passeriformes,Corvidae,Corvus,Rook,Corvus frugilegus,,free,Salmonella spp.,Salmonella,Salmonella,feces,yes,no,,,2,150,0.0133,,,NA,,NA,,,,,,,,NA,NA,NA,NA,NA,NA,NA,NA,High,3
Janecko et al.,2015,Janecko et al. 2015,yes,review,"France, Pire sur Seiche",no,Europe,"biochemical, culture plate and broth",Conventional,NA,NA,,NA,Animal,Bird,Passeriformes,Corvidae,Corvus,Rook,Corvus frugilegus,,free,Salmonella spp.,Salmonella,Salmonella,feces,yes,no,,,3,31,0.0968,,,NA,,NA,,,,,,,,NA,NA,NA,NA,NA,NA,NA,NA,High,3
Janecko et al.,2015,Janecko et al. 2015,yes,review,"Germany, Wilhelmshaven",no,Europe,"biochemical, culture plate and broth",Conventional,NA,NA,,NA,Animal,Bird,Passeriformes,Corvidae,Corvus,Rook,Corvus frugilegus,,free,Salmonella spp.,Salmonella,Salmonella,feces,yes,no,,,1,100,0.01,,,NA,,NA,,,,,,,,NA,NA,NA,NA,NA,NA,NA,NA,High,3
Janecko et al.,2015,Janecko et al. 2015,yes,review,"Italy, San Benedetto",no,Europe,"biochemical, culture plate and broth",Conventional,NA,NA,,NA,Animal,Bird,Passeriformes,Corvidae,Corvus,Rook,Corvus frugilegus,,free,Salmonella spp.,Salmonella,Salmonella,feces,yes,no,,,ND,150,0,,,NA,,NA,,,,,,,,NA,NA,NA,NA,NA,NA,NA,NA,High,3
Janecko et al.,2015,Janecko et al. 2015,yes,review,"Poland, Gdansk area",no,Europe,"biochemical, culture plate and broth",Conventional,NA,NA,,NA,Animal,Bird,Passeriformes,Corvidae,Corvus,Rook,Corvus frugilegus,,free,Salmonella spp.,Salmonella,Salmonella,feces,yes,no,,,2,150,,,,NA,,NA,,,,,,,,NA,NA,NA,NA,NA,NA,NA,NA,High,3
Janecko et al.,2015,Janecko et al. 2015,yes,review,"Poland, Gdansk area and Jaroslaw",no,Europe,"biochemical, culture plate and broth",Conventional,NA,NA,,NA,Animal,Bird,Passeriformes,Corvidae,Corvus,Rook,Corvus frugilegus,,free,Salmonella spp.,Salmonella,Salmonella,feces,yes,no,,,2,298,0.0067,,,NA,,NA,,,,,,,,NA,NA,NA,NA,NA,NA,NA,NA,High,3
Janecko et al.,2015,Janecko et al. 2015,yes,review,"Poland, Jaroslaw",no,Europe,"biochemical, culture plate and broth",Conventional,NA,NA,,NA,Animal,Bird,Passeriformes,Corvidae,Corvus,Rook,Corvus frugilegus,,free,Salmonella spp.,Salmonella,Salmonella,feces,yes,no,,,ND,148,,,,NA,,NA,,,,,,,,NA,NA,NA,NA,NA,NA,NA,NA,High,3
Janecko et al.,2015,Janecko et al. 2015,yes,review,"Serbia, Novi Sad",no,Europe,"biochemical, culture plate and broth",Conventional,NA,NA,,NA,Animal,Bird,Passeriformes,Corvidae,Corvus,Rook,Corvus frugilegus,,free,Salmonella spp.,Salmonella,Salmonella,feces,yes,no,,,ND,150,0,,,NA,,NA,,,,,,,,NA,NA,NA,NA,NA,NA,NA,NA,High,3
Janecko et al.,2015,Janecko et al. 2015,yes,review,"Spain, La Baneza",no,Europe,"biochemical, culture plate and broth",Conventional,NA,NA,,NA,Animal,Bird,Passeriformes,Corvidae,Corvus,Rook,Corvus frugilegus,,free,Salmonella spp.,Salmonella,Salmonella,feces,yes,no,,,2,150,0.0133,,,NA,,NA,,,,,,,,NA,NA,NA,NA,NA,NA,NA,NA,High,3
Janecko et al.,2015,Janecko et al. 2015,yes,review,"Switzerland, Bern",no,Europe,"biochemical, culture plate and broth",Conventional,NA,NA,,NA,Animal,Bird,Passeriformes,Corvidae,Corvus,Rook,Corvus frugilegus,,free,Salmonella spp.,Salmonella,Salmonella,feces,yes,no,,,ND,49,0,,,NA,,NA,,,,,,,,NA,NA,NA,NA,NA,NA,NA,NA,High,3
Jay-Russell and Justice-Allen,2014,Jay-Russell and Justice-Allen 2014,grey literature,Google Scholar,"USA, California, Southern/Arizona, southern",yes,North America,"confirm PCR (invA), culture broth and plate",Conventional,NA,NA,,swab,Animal,Bird,Passeriformes,Tyrannidae,Sayornis,Black phoebe,,,free,Salmonella,Salmonella,Salmonella,feces,yes,no,,,ND,1,,,,NA,,NA,,,,,,,,NA,NA,NA,NA,NA,NA,NA,NA,High,3
Jay-Russell and Justice-Allen,2014,Jay-Russell and Justice-Allen 2014,grey literature,Google Scholar,"USA, California, Southern/Arizona, southern",yes,North America,"confirm PCR (invA), culture broth and plate",Conventional,NA,NA,,swab,Animal,Bird,Passeriformes,Icteridae,Molothrus,Brown-headed cowbird,,,free,Salmonella,Salmonella,Salmonella,feces,yes,no,,,1,92,,,,NA,,NA,,,,,,,,NA,NA,NA,NA,NA,NA,NA,NA,High,3
Jay-Russell and Justice-Allen,2014,Jay-Russell and Justice-Allen 2014,grey literature,Google Scholar,"USA, California, Southern/Arizona, southern",yes,North America,"confirm PCR (invA), culture broth and plate",Conventional,NA,NA,,swab,Animal,Bird,Passeriformes,Passerellidae,Spizella,Chipping sparrow,,,free,Salmonella,Salmonella,Salmonella,feces,yes,no,,,ND,1,,,,NA,,NA,,,,,,,,NA,NA,NA,NA,NA,NA,NA,NA,High,3
Jay-Russell and Justice-Allen,2014,Jay-Russell and Justice-Allen 2014,grey literature,Google Scholar,"USA, California, Southern/Arizona, southern",yes,North America,"confirm PCR (invA), culture broth and plate",Conventional,NA,NA,,swab,Animal,Bird,Passeriformes,Icteridae,Quiscalus,Common grackle,,,free,Salmonella,Salmonella,Salmonella,feces,yes,no,,,ND,1,,,,NA,,NA,,,,,,,,NA,NA,NA,NA,NA,NA,NA,NA,High,3
Jay-Russell and Justice-Allen,2014,Jay-Russell and Justice-Allen 2014,grey literature,Google Scholar,"USA, California, Southern/Arizona, southern",yes,North America,"confirm PCR (invA), culture broth and plate",Conventional,NA,NA,,swab,Animal,Bird,Columbiformes,Columbidae,Columbina,Common ground dove,,,free,Salmonella,Salmonella,Salmonella,feces,yes,no,,,ND,5,,,,NA,,NA,,,,,,,,NA,NA,NA,NA,NA,NA,NA,NA,High,3
Jay-Russell and Justice-Allen,2014,Jay-Russell and Justice-Allen 2014,grey literature,Google Scholar,"USA, California, Southern/Arizona, southern",yes,North America,"confirm PCR (invA), culture broth and plate",Conventional,NA,NA,,swab,Animal,Bird,Passeriformes,Corvidae,Corvus,Common raven,Corvus corax,,free,Salmonella,Salmonella,Salmonella,rectal swab,yes,no,,,1,4,,,,NA,,NA,,,,,,,,NA,NA,NA,NA,NA,NA,NA,NA,High,3
Jay-Russell and Justice-Allen,2014,Jay-Russell and Justice-Allen 2014,grey literature,Google Scholar,"USA, California, Southern/Arizona, southern",yes,North America,"confirm PCR (invA), culture broth and plate",Conventional,NA,NA,,swab,Animal,Bird,Passeriformes,Parulidae,Geothlypis,Common yellowthroat,,,free,Salmonella,Salmonella,Salmonella,feces,yes,no,,,ND,1,,,,NA,,NA,,,,,,,,NA,NA,NA,NA,NA,NA,NA,NA,High,3
Jay-Russell and Justice-Allen,2014,Jay-Russell and Justice-Allen 2014,grey literature,Google Scholar,"USA, California, Southern/Arizona, southern",yes,North America,"confirm PCR (invA), culture broth and plate",Conventional,NA,NA,,swab,Animal,Bird,Columbiformes,Columbidae,Streptopelia,Eurasian collared dove,,,free,Salmonella,Salmonella,Salmonella,feces,yes,no,,,ND,31,,,,NA,,NA,,,,,,,,NA,NA,NA,NA,NA,NA,NA,NA,High,3
Jay-Russell and Justice-Allen,2014,Jay-Russell and Justice-Allen 2014,grey literature,Google Scholar,"USA, California, Southern/Arizona, southern",yes,North America,"confirm PCR (invA), culture broth and plate",Conventional,NA,NA,,swab,Animal,Bird,Passeriformes,Sturnidae,Sturnus,European starling,,,free,Salmonella,Salmonella,Salmonella,feces,yes,no,,,ND,2,,,,NA,,NA,,,,,,,,NA,NA,NA,NA,NA,NA,NA,NA,High,3
Jay-Russell and Justice-Allen,2014,Jay-Russell and Justice-Allen 2014,grey literature,Google Scholar,"USA, California, Southern/Arizona, southern",yes,North America,"confirm PCR (invA), culture broth and plate",Conventional,NA,NA,,swab,Animal,Bird,Galliformes,Odontophoridae,Callipepla,Gambel's quail,,,free,Salmonella,Salmonella,Salmonella,feces,yes,no,,,ND,8,,,,NA,,NA,,,,,,,,NA,NA,NA,NA,NA,NA,NA,NA,High,3
Jay-Russell and Justice-Allen,2014,Jay-Russell and Justice-Allen 2014,grey literature,Google Scholar,"USA, California, Southern/Arizona, southern",yes,North America,"confirm PCR (invA), culture broth and plate",Conventional,NA,NA,,swab,Animal,Bird,Passeriformes,Icteridae,Quiscalus,Great-tailed grackle,,,free,Salmonella,Salmonella,Salmonella,feces,yes,no,,,2,21,,,,NA,,NA,,,,,,,,NA,NA,NA,NA,NA,NA,NA,NA,High,3
Jay-Russell and Justice-Allen,2014,Jay-Russell and Justice-Allen 2014,grey literature,Google Scholar,"USA, California, Southern/Arizona, southern",yes,North America,"confirm PCR (invA), culture broth and plate",Conventional,NA,NA,,swab,Animal,Bird,Pelecaniformes,Ardeidae,Butorides,Green heron,,,free,Salmonella,Salmonella,Salmonella,feces,yes,no,,,ND,1,,,,NA,,NA,,,,,,,,NA,NA,NA,NA,NA,NA,NA,NA,High,3
Jay-Russell and Justice-Allen,2014,Jay-Russell and Justice-Allen 2014,grey literature,Google Scholar,"USA, California, Southern/Arizona, southern",yes,North America,"confirm PCR (invA), culture broth and plate",Conventional,NA,NA,,swab,Animal,Bird,Passeriformes,Passeridae,Passer,House sparrow,,,free,Salmonella,Salmonella,Salmonella,feces,yes,no,,,ND,5,,,,NA,,NA,,,,,,,,NA,NA,NA,NA,NA,NA,NA,NA,High,3
Jay-Russell and Justice-Allen,2014,Jay-Russell and Justice-Allen 2014,grey literature,Google Scholar,"USA, California, Southern/Arizona, southern",yes,North America,"confirm PCR (invA), culture broth and plate",Conventional,NA,NA,,swab,Animal,Bird,Passeriformes,Laniidae,Lanius,Loggerhead shrike,,,free,Salmonella,Salmonella,Salmonella,feces,yes,no,,,ND,3,,,,NA,,NA,,,,,,,,NA,NA,NA,NA,NA,NA,NA,NA,High,3
Jay-Russell and Justice-Allen,2014,Jay-Russell and Justice-Allen 2014,grey literature,Google Scholar,"USA, California, Southern/Arizona, southern",yes,North America,"confirm PCR (invA), culture broth and plate",Conventional,NA,NA,,swab,Animal,Bird,Columbiformes,Columbidae,Zenaida,Mourning dove,Zenaida macroura,,free,Salmonella,Salmonella,Salmonella,feces,yes,no,,,ND,5,,,,NA,,NA,,,,,,,,NA,NA,NA,NA,NA,NA,NA,NA,High,3
Jay-Russell and Justice-Allen,2014,Jay-Russell and Justice-Allen 2014,grey literature,Google Scholar,"USA, California, Southern/Arizona, southern",yes,North America,"confirm PCR (invA), culture broth and plate",Conventional,NA,NA,,swab,Animal,Bird,Passeriformes,Tyrannidae,Empidonax,Pacific-slope flycatcher,,,free,Salmonella,Salmonella,Salmonella,feces,yes,no,,,ND,1,,,,NA,,NA,,,,,,,,NA,NA,NA,NA,NA,NA,NA,NA,High,3
Jay-Russell and Justice-Allen,2014,Jay-Russell and Justice-Allen 2014,grey literature,Google Scholar,"USA, California, Southern/Arizona, southern",yes,North America,"confirm PCR (invA), culture broth and plate",Conventional,NA,NA,,swab,Animal,Bird,Passeriformes,Icteridae,Agelaius,Red-winged blackbird,,,free,Salmonella,Salmonella,Salmonella,feces,yes,no,,,1,157,,,,NA,,NA,,,,,,,,NA,NA,NA,NA,NA,NA,NA,NA,High,3
Jay-Russell and Justice-Allen,2014,Jay-Russell and Justice-Allen 2014,grey literature,Google Scholar,"USA, California, Southern/Arizona, southern",yes,North America,"confirm PCR (invA), culture broth and plate",Conventional,NA,NA,,swab,Animal,Bird,Passeriformes,Passerellidae,Pooecetes,Vesper sparrow,,,free,Salmonella,Salmonella,Salmonella,feces,yes,no,,,ND,4,,,,NA,,NA,,,,,,,,NA,NA,NA,NA,NA,NA,NA,NA,High,3
Jay-Russell and Justice-Allen,2014,Jay-Russell and Justice-Allen 2014,grey literature,Google Scholar,"USA, California, Southern/Arizona, southern",yes,North America,"confirm PCR (invA), culture broth and plate",Conventional,NA,NA,,swab,Animal,Bird,Passeriformes,Tyrannidae,Tyrannus,Western kingbird,,,free,Salmonella,Salmonella,Salmonella,feces,yes,no,,,ND,2,,,,NA,,NA,,,,,,,,NA,NA,NA,NA,NA,NA,NA,NA,High,3
Jay-Russell and Justice-Allen,2014,Jay-Russell and Justice-Allen 2014,grey literature,Google Scholar,"USA, California, Southern/Arizona, southern",yes,North America,"confirm PCR (invA), culture broth and plate",Conventional,NA,NA,,swab,Animal,Bird,Passeriformes,Passerellidae,Zonotrichia,White-crowned sparrow,,,free,Salmonella,Salmonella,Salmonella,feces,yes,no,,,1,16,,,,NA,,NA,,,,,,,,NA,NA,NA,NA,NA,NA,NA,NA,High,3
Jay-Russell and Justice-Allen,2014,Jay-Russell and Justice-Allen 2014,grey literature,Google Scholar,"USA, California, Southern/Arizona, southern",yes,North America,"confirm PCR (invA), culture broth and plate",Conventional,NA,NA,,swab,Animal,Bird,Columbiformes,Columbidae,Zenaida,White-winged dove,,,free,Salmonella,Salmonella,Salmonella,feces,yes,no,,,ND,3,,,,NA,,NA,,,,,,,,NA,NA,NA,NA,NA,NA,NA,NA,High,3
Jay-Russell and Justice-Allen,2014,Jay-Russell and Justice-Allen 2014,grey literature,Google Scholar,"USA, California, Southern/Arizona, southern",yes,North America,"confirm PCR (invA), culture broth and plate",Conventional,NA,NA,,swab,Animal,Bird,Passeriformes,Parulidae,Cardellina,Wilson's warbler,,,free,Salmonella,Salmonella,Salmonella,feces,yes,no,,,ND,2,,,,NA,,NA,,,,,,,,NA,NA,NA,NA,NA,NA,NA,NA,High,3
Jay-Russell and Justice-Allen,2014,Jay-Russell and Justice-Allen 2014,grey literature,Google Scholar,"USA, California, Southern/Arizona, southern",yes,North America,"confirm PCR (invA), culture broth and plate",Conventional,NA,NA,,swab,Animal,Bird,Passeriformes,Icteridae,Xanthocephalus,Yellow-headed blackbird,,,free,Salmonella,Salmonella,Salmonella,feces,yes,no,,,1,3,,,,NA,,NA,,,,,,,,NA,NA,NA,NA,NA,NA,NA,NA,High,3
Jay-Russell and Justice-Allen,2014,Jay-Russell and Justice-Allen 2014,grey literature,Google Scholar,"USA, California, Southern/Arizona, southern",yes,North America,"confirm PCR (invA), culture broth and plate",Conventional,NA,NA,,swab,Animal,Bird,Passeriformes,Parulidae,Setophaga,Yellow-rumped warbler,,,free,Salmonella,Salmonella,Salmonella,feces,yes,no,,,1,11,,,,NA,,NA,,,,,,,,NA,NA,NA,NA,NA,NA,NA,NA,High,3
Kapperud and Rosef,1983,Kapperud and Rosef 1983,yes,review,"Norway, rural",no,Europe,"Standard method, broth and plate culture",Conventional,NA,NA,,swab variable,Animal,Bird,Passeriformes,Hirundinidae,Hirundo,Barn swallow,Hirundo rustica,,free,Salmonella spp.,Salmonella,Salmonella,Cloacal swab,yes,no,,,0,2,,,,NA,,NA,,,,,,,,NA,NA,NA,NA,NA,NA,NA,NA,Low,1
Kapperud and Rosef,1983,Kapperud and Rosef 1983,yes,review,"Norway, Oslo and suburbs",no,Europe,"Standard method, broth and plate culture",Conventional,NA,NA,,swab variable,Animal,Bird,Charadriiformes,Laridae,Chroicocephalus,Black-headed gull,Larus ridibundus,,free,Salmonella spp.,Salmonella,Salmonella,Cloacal swab,yes,no,,,2,35,,,,NA,,NA,,,,,,,,NA,NA,NA,NA,NA,NA,NA,NA,Low,1
Kapperud and Rosef,1983,Kapperud and Rosef 1983,yes,review,"Norway, rural",no,Europe,"Standard method, broth and plate culture",Conventional,NA,NA,,swab variable,Animal,Bird,Charadriiformes,Laridae,Chroicocephalus,Black-headed gull,Larus ridibundus,,free,Salmonella spp.,Salmonella,Salmonella,Cloacal swab,yes,no,,,0,53,,,,NA,,NA,,,,,,,,NA,NA,NA,NA,NA,NA,NA,NA,Low,1
Kapperud and Rosef,1983,Kapperud and Rosef 1983,yes,review,"Norway, rural",no,Europe,"Standard method, broth and plate culture",Conventional,NA,NA,,swab variable,Animal,Bird,Passeriformes,Paridae,Cyanistes,Blue tit,Cyanistes caeruleus,,free,Salmonella spp.,Salmonella,Salmonella,Cloacal swab,yes,no,,,0,1,,,,NA,,NA,,,,,,,,NA,NA,NA,NA,NA,NA,NA,NA,Low,1
Kapperud and Rosef,1983,Kapperud and Rosef 1983,yes,review,"Norway, rural",no,Europe,"Standard method, broth and plate culture",Conventional,NA,NA,,swab variable,Animal,Bird,Strigiformes,Strigidae,Aegolius,Boreal owl,Aegolius funereus,,free,Salmonella spp.,Salmonella,Salmonella,Cloacal swab,yes,no,,,0,12,,,,NA,,NA,,,,,,,,NA,NA,NA,NA,NA,NA,NA,NA,Low,1
Kapperud and Rosef,1983,Kapperud and Rosef 1983,yes,review,"Norway, rural",no,Europe,"Standard method, broth and plate culture",Conventional,NA,NA,,swab variable,Animal,Bird,Passeriformes,Fringillidae,Fringilla,Common chaffinch,Fringilla coelebs,,free,Salmonella spp.,Salmonella,Salmonella,Cloacal swab,yes,no,,,0,2,,,,NA,,NA,,,,,,,,NA,NA,NA,NA,NA,NA,NA,NA,Low,1
Kapperud and Rosef,1983,Kapperud and Rosef 1983,yes,review,"Norway, rural",no,Europe,"Standard method, broth and plate culture",Conventional,NA,NA,,swab variable,Animal,Bird,Passeriformes,Hirundinidae,Delichon,Common house martin,Delichon urbica,,free,Salmonella spp.,Salmonella,Salmonella,Cloacal swab,yes,no,,,0,9,,,,NA,,NA,,,,,,,,NA,NA,NA,NA,NA,NA,NA,NA,Low,1
Kapperud and Rosef,1983,Kapperud and Rosef 1983,yes,review,"Norway, rural",no,Europe,"Standard method, broth and plate culture",Conventional,NA,NA,,swab variable,Animal,Bird,Passeriformes,Muscicapidae,Phoenicurus,Common redstart ,Phoenicurus phoenicurus,,free,Salmonella spp.,Salmonella,Salmonella,Cloacal swab,yes,no,,,0,1,,,,NA,,NA,,,,,,,,NA,NA,NA,NA,NA,NA,NA,NA,Low,1
Kapperud and Rosef,1983,Kapperud and Rosef 1983,yes,review,"Norway, rural",no,Europe,"Standard method, broth and plate culture",Conventional,NA,NA,,swab variable,Animal,Bird,Passeriformes,Emberizidae,Emberiza,Common reed bunting,Emberiza schoeniclus,,free,Salmonella spp.,Salmonella,Salmonella,Cloacal swab,yes,no,,,0,5,,,,NA,,NA,,,,,,,,NA,NA,NA,NA,NA,NA,NA,NA,Low,1
Kapperud and Rosef,1983,Kapperud and Rosef 1983,yes,review,"Norway, rural",no,Europe,"Standard method, broth and plate culture",Conventional,NA,NA,,swab variable,Animal,Bird,Passeriformes,Fringillidae,Carpodacus,Common rosefinch,Carpodacus erythrinus,,free,Salmonella spp.,Salmonella,Salmonella,Cloacal swab,yes,no,,,0,1,,,,NA,,NA,,,,,,,,NA,NA,NA,NA,NA,NA,NA,NA,Low,1
Kapperud and Rosef,1983,Kapperud and Rosef 1983,yes,review,"Norway, rural",no,Europe,"Standard method, broth and plate culture",Conventional,NA,NA,,swab variable,Animal,Bird,Charadriiformes,Laridae,Sterna,Common tern ,Sterna hirundo,,free,Salmonella spp.,Salmonella,Salmonella,Cloacal swab,yes,no,,,0,36,,,,NA,,NA,,,,,,,,NA,NA,NA,NA,NA,NA,NA,NA,Low,1
Kapperud and Rosef,1983,Kapperud and Rosef 1983,yes,review,"Norway, rural",no,Europe,"Standard method, broth and plate culture",Conventional,NA,NA,,swab variable,Animal,Bird,Passeriformes,Sylviidae,Sylvia,Common whitethroat,Sylvia communis,,free,Salmonella spp.,Salmonella,Salmonella,Cloacal swab,yes,no,,,0,8,,,,NA,,NA,,,,,,,,NA,NA,NA,NA,NA,NA,NA,NA,Low,1
Kapperud and Rosef,1983,Kapperud and Rosef 1983,yes,review,"Norway, rural",no,Europe,"Standard method, broth and plate culture",Conventional,NA,NA,,swab variable,Animal,Bird,Passeriformes,Sylviidae,Sylvia,Eurasian blackcap,Sylvia atricapilla,,free,Salmonella spp.,Salmonella,Salmonella,Cloacal swab,yes,no,,,0,1,,,,NA,,NA,,,,,,,,NA,NA,NA,NA,NA,NA,NA,NA,Low,1
Kapperud and Rosef,1983,Kapperud and Rosef 1983,yes,review,"Norway, rural",no,Europe,"Standard method, broth and plate culture",Conventional,NA,NA,,swab variable,Animal,Bird,Passeriformes,Passeridae,Passer,Eurasian tree sparrow,Passer montanus,,free,Salmonella spp.,Salmonella,Salmonella,Cloacal swab,yes,no,,,0,2,,,,NA,,NA,,,,,,,,NA,NA,NA,NA,NA,NA,NA,NA,Low,1
Kapperud and Rosef,1983,Kapperud and Rosef 1983,yes,review,"Norway, rural",no,Europe,"Standard method, broth and plate culture",Conventional,NA,NA,,swab variable,Animal,Bird,Piciformes,Picidae,Jynx,Eurasian wryneck ,Jynx torquilla,,free,Salmonella spp.,Salmonella,Salmonella,Cloacal swab,yes,no,,,0,3,,,,NA,,NA,,,,,,,,NA,NA,NA,NA,NA,NA,NA,NA,Low,1
Kapperud and Rosef,1983,Kapperud and Rosef 1983,yes,review,"Norway, rural",no,Europe,"Standard method, broth and plate culture",Conventional,NA,NA,,swab variable,Animal,Bird,Piciformes,Picidae,Picus,European green woodpecker,Picus viridis,,free,Salmonella spp.,Salmonella,Salmonella,Cloacal swab,yes,no,,,0,1,,,,NA,,NA,,,,,,,,NA,NA,NA,NA,NA,NA,NA,NA,Low,1
Kapperud and Rosef,1983,Kapperud and Rosef 1983,yes,review,"Norway, rural",no,Europe,"Standard method, broth and plate culture",Conventional,NA,NA,,swab variable,Animal,Bird,Passeriformes,Sturnidae,Sturnus,European starling,Sturnus vulgaris,,free,Salmonella spp.,Salmonella,Salmonella,Cloacal swab,yes,no,,,0,2,,,,NA,,NA,,,,,,,,NA,NA,NA,NA,NA,NA,NA,NA,Low,1
Kapperud and Rosef,1983,Kapperud and Rosef 1983,yes,review,"Norway, rural",no,Europe,"Standard method, broth and plate culture",Conventional,NA,NA,,swab variable,Animal,Bird,Passeriformes,Turdidae,Turdus,Fieldfare,Turdus pilaris,,free,Salmonella spp.,Salmonella,Salmonella,Cloacal swab,yes,no,,,0,3,,,,NA,,NA,,,,,,,,NA,NA,NA,NA,NA,NA,NA,NA,Low,1
Kapperud and Rosef,1983,Kapperud and Rosef 1983,yes,review,"Norway, rural",no,Europe,"Standard method, broth and plate culture",Conventional,NA,NA,,swab variable,Animal,Bird,Passeriformes,Sylviidae,Sylvia,Garden warbler,Sylvia borin,,free,Salmonella spp.,Salmonella,Salmonella,Cloacal swab,yes,no,,,0,12,,,,NA,,NA,,,,,,,,NA,NA,NA,NA,NA,NA,NA,NA,Low,1
Kapperud and Rosef,1983,Kapperud and Rosef 1983,yes,review,"Norway, rural",no,Europe,"Standard method, broth and plate culture",Conventional,NA,NA,,swab variable,Animal,Bird,Anseriformes,Anatidae,Bucephala,Common goldeneyeÿ,Bucephala clangula,,free,Salmonella spp.,Salmonella,Salmonella,Cloacal swab,yes,no,,,0,1,,,,NA,,NA,,,,,,,,NA,NA,NA,NA,NA,NA,NA,NA,Low,1
Kapperud and Rosef,1983,Kapperud and Rosef 1983,yes,review,"Norway, rural",no,Europe,"Standard method, broth and plate culture",Conventional,NA,NA,,swab variable,Animal,Bird,Charadriiformes,Laridae,Larus,Great black-backed gull,Larus marinus,,free,Salmonella spp.,Salmonella,Salmonella,Cloacal swab,yes,no,,,1,4,,,,NA,,NA,,,,,,,,NA,NA,NA,NA,NA,NA,NA,NA,Low,1
Kapperud and Rosef,1983,Kapperud and Rosef 1983,yes,review,"Norway, rural",no,Europe,"Standard method, broth and plate culture",Conventional,NA,NA,,swab variable,Animal,Bird,Passeriformes,Paridae,Parus,Great tit,Parus major,,free,Salmonella spp.,Salmonella,Salmonella,Cloacal swab,yes,no,,,0,1,,,,NA,,NA,,,,,,,,NA,NA,NA,NA,NA,NA,NA,NA,Low,1
Kapperud and Rosef,1983,Kapperud and Rosef 1983,yes,review,"Norway, Oslo and suburbs",no,Europe,"Standard method, broth and plate culture",Conventional,NA,NA,,swab variable,Animal,Bird,Charadriiformes,Laridae,Larus,Herring gull,Larus argentatus,,free,Salmonella spp.,Salmonella,Salmonella,Cloacal swab,yes,no,,,0,19,,,,NA,,NA,,,,,,,,NA,NA,NA,NA,NA,NA,NA,NA,Low,1
Kapperud and Rosef,1983,Kapperud and Rosef 1983,yes,review,"Norway, rural",no,Europe,"Standard method, broth and plate culture",Conventional,NA,NA,,swab variable,Animal,Bird,Charadriiformes,Laridae,Larus,Herring gull,Larus argentatus,,free,Salmonella spp.,Salmonella,Salmonella,Cloacal swab,yes,no,,,1,24,,,,NA,,NA,,,,,,,,NA,NA,NA,NA,NA,NA,NA,NA,Low,1
Kapperud and Rosef,1983,Kapperud and Rosef 1983,yes,review,"Norway, Oslo and suburbs",no,Europe,"Standard method, broth and plate culture",Conventional,NA,NA,,swab variable,Animal,Bird,Passeriformes,Corvidae,Corvus,Hooded crow,Corvus cornix,,free,Salmonella spp.,Salmonella,Salmonella,Cloacal swab,yes,no,,,ND,45,,,,NA,,NA,,,,,,,,NA,NA,NA,NA,NA,NA,NA,NA,Low,1
Kapperud and Rosef,1983,Kapperud and Rosef 1983,yes,review,"Norway, rural",no,Europe,"Standard method, broth and plate culture",Conventional,NA,NA,,swab variable,Animal,Bird,Passeriformes,Corvidae,Corvus,Hooded crow,Corvus cornix,,free,Salmonella spp.,Salmonella,Salmonella,Cloacal swab,yes,no,,,0,1,,,,NA,,NA,,,,,,,,NA,NA,NA,NA,NA,NA,NA,NA,Low,1
Kapperud and Rosef,1983,Kapperud and Rosef 1983,yes,review,"Norway, rural",no,Europe,"Standard method, broth and plate culture",Conventional,NA,NA,,swab variable,Animal,Bird,Passeriformes,Passeridae,Passer,House sparrow,Passer domesticus,,free,Salmonella spp.,Salmonella,Salmonella,Cloacal swab,yes,no,,,0,7,,,,NA,,NA,,,,,,,,NA,NA,NA,NA,NA,NA,NA,NA,Low,1
Kapperud and Rosef,1983,Kapperud and Rosef 1983,yes,review,"Norway, rural",no,Europe,"Standard method, broth and plate culture",Conventional,NA,NA,,swab variable,Animal,Bird,Passeriformes,Acrocephalidae,Hippolais,Icterine warbler,Hippolais icterina,,free,Salmonella spp.,Salmonella,Salmonella,Cloacal swab,yes,no,,,0,2,,,,NA,,NA,,,,,,,,NA,NA,NA,NA,NA,NA,NA,NA,Low,1
Kapperud and Rosef,1983,Kapperud and Rosef 1983,yes,review,"Norway, rural",no,Europe,"Standard method, broth and plate culture",Conventional,NA,NA,,swab variable,Animal,Bird,Charadriiformes,Laridae,Larus,Lesser black-backed gull,Larus fuscus,,free,Salmonella spp.,Salmonella,Salmonella,Cloacal swab,yes,no,,,0,8,,,,NA,,NA,,,,,,,,NA,NA,NA,NA,NA,NA,NA,NA,Low,1
Kapperud and Rosef,1983,Kapperud and Rosef 1983,yes,review,"Norway, rural",no,Europe,"Standard method, broth and plate culture",Conventional,NA,NA,,swab variable,Animal,Bird,Passeriformes,Motacillidae,Anthus,Meadow pipit,Anthus pratensis,,free,Salmonella spp.,Salmonella,Salmonella,Cloacal swab,yes,no,,,0,1,,,,NA,,NA,,,,,,,,NA,NA,NA,NA,NA,NA,NA,NA,Low,1
Kapperud and Rosef,1983,Kapperud and Rosef 1983,yes,review,"Norway, rural",no,Europe,"Standard method, broth and plate culture",Conventional,NA,NA,,swab variable,Animal,Bird,Charadriiformes,Laridae,Larus,Common gull,Larus canus,,free,Salmonella spp.,Salmonella,Salmonella,Cloacal swab,yes,no,,,0,37,,,,NA,,NA,,,,,,,,NA,NA,NA,NA,NA,NA,NA,NA,Low,1
Kapperud and Rosef,1983,Kapperud and Rosef 1983,yes,review,"Norway, rural",no,Europe,"Standard method, broth and plate culture",Conventional,NA,NA,,swab variable,Animal,Bird,Strigiformes,Strigidae,Surnia,Northern hawk owl,Surnia ulula,,free,Salmonella spp.,Salmonella,Salmonella,Cloacal swab,yes,no,,,0,1,,,,NA,,NA,,,,,,,,NA,NA,NA,NA,NA,NA,NA,NA,Low,1
Kapperud and Rosef,1983,Kapperud and Rosef 1983,yes,review,"Norway, rural",no,Europe,"Standard method, broth and plate culture",Conventional,NA,NA,,swab variable,Animal,Bird,Passeriformes,Muscicapidae,Oenanthe,Northern wheatear,Oenanthe oenanthe,,free,Salmonella spp.,Salmonella,Salmonella,Cloacal swab,yes,no,,,0,1,,,,NA,,NA,,,,,,,,NA,NA,NA,NA,NA,NA,NA,NA,Low,1
Kapperud and Rosef,1983,Kapperud and Rosef 1983,yes,review,"Norway, rural",no,Europe,"Standard method, broth and plate culture",Conventional,NA,NA,,swab variable,Animal,Bird,Passeriformes,Muscicapidae,Ficedula,Pied flycatcher,Ficedula hypoleuca,,free,Salmonella spp.,Salmonella,Salmonella,Cloacal swab,yes,no,,,0,2,,,,NA,,NA,,,,,,,,NA,NA,NA,NA,NA,NA,NA,NA,Low,1
Kapperud and Rosef,1983,Kapperud and Rosef 1983,yes,review,"Norway, Oslo and suburbs",no,Europe,"Standard method, broth and plate culture",Conventional,NA,NA,,swab variable,Animal,Bird,Columbiformes,Columbidae,Columba,Pigeon,Columba livia,,free,Salmonella spp.,Salmonella,Salmonella,Cloacal swab,yes,no,,,0,71,,,,NA,,NA,,,,,,,,NA,NA,NA,NA,NA,NA,NA,NA,Low,1
Kapperud and Rosef,1983,Kapperud and Rosef 1983,yes,review,"Norway, rural",no,Europe,"Standard method, broth and plate culture",Conventional,NA,NA,,swab variable,Animal,Bird,Galliformes,Phasianidae,Lagopus,,Lagopus spp.,willow grouse and ptarmigan ,free,Salmonella spp.,Salmonella,Salmonella,Cloacal swab,yes,no,,,0,37,,,,NA,,NA,,,,,,,,NA,NA,NA,NA,NA,NA,NA,NA,Low,1
Kapperud and Rosef,1983,Kapperud and Rosef 1983,yes,review,"Norway, rural",no,Europe,"Standard method, broth and plate culture",Conventional,NA,NA,,swab variable,Animal,Bird,Charadriiformes,Alcidae,Fratercula,Atlantic puffin,Fratercula arctica,,free,Salmonella spp.,Salmonella,Salmonella,Cloacal swab,yes,no,,,0,76,,,,NA,,NA,,,,,,,,NA,NA,NA,NA,NA,NA,NA,NA,Low,1
Kapperud and Rosef,1983,Kapperud and Rosef 1983,yes,review,"Norway, rural",no,Europe,"Standard method, broth and plate culture",Conventional,NA,NA,,swab variable,Animal,Bird,Passeriformes,Muscicapidae,Muscicapa,Spotted flycatcher,Muscicapa striata,,free,Salmonella spp.,Salmonella,Salmonella,Cloacal swab,yes,no,,,0,1,,,,NA,,NA,,,,,,,,NA,NA,NA,NA,NA,NA,NA,NA,Low,1
Kapperud and Rosef,1983,Kapperud and Rosef 1983,yes,review,"Norway, rural",no,Europe,"Standard method, broth and plate culture",Conventional,NA,NA,,swab variable,Animal,Bird,Accipitriformes,Cathartidae,Cathartes,Ural owl ,Strix uralensis,,free,Salmonella spp.,Salmonella,Salmonella,Cloacal swab,yes,no,,,0,2,,,,NA,,NA,,,,,,,,NA,NA,NA,NA,NA,NA,NA,NA,Low,1
Kapperud and Rosef,1983,Kapperud and Rosef 1983,yes,review,"Norway, rural",no,Europe,"Standard method, broth and plate culture",Conventional,NA,NA,,swab variable,Animal,Bird,Passeriformes,Muscicapidae,Saxicola,Whinchat,Saxicola rubetra,,free,Salmonella spp.,Salmonella,Salmonella,Cloacal swab,yes,no,,,0,2,,,,NA,,NA,,,,,,,,NA,NA,NA,NA,NA,NA,NA,NA,Low,1
Kapperud and Rosef,1983,Kapperud and Rosef 1983,yes,review,"Norway, rural",no,Europe,"Standard method, broth and plate culture",Conventional,NA,NA,,swab variable,Animal,Bird,Passeriformes,Phylloscopidae,Phylloscopus,Willow warbler,Phylloscopus trochilus,,free,Salmonella spp.,Salmonella,Salmonella,Cloacal swab,yes,no,,,0,3,,,,NA,,NA,,,,,,,,NA,NA,NA,NA,NA,NA,NA,NA,Low,1
Kapperud and Rosef,1983,Kapperud and Rosef 1983,yes,review,"Norway, rural",no,Europe,"Standard method, broth and plate culture",Conventional,NA,NA,,swab variable,Animal,Bird,Passeriformes,Emberizidae,Emberiza,Yellowhammer,Emberiza citrinella,,free,Salmonella spp.,Salmonella,Salmonella,Cloacal swab,yes,no,,,0,1,,,,NA,,NA,,,,,,,,NA,NA,NA,NA,NA,NA,NA,NA,Low,1
Kinzleman et al.,2008,Kinzleman et al. 2008,yes,Web of Science,"USA, Racine, Wisconsin",yes,North America,"Culture and Plate, Agglutination tests",Conventional,NA,NA,,NA,Animal,Bird,Charadriiformes,Laridae,Larus,,,Gull (genus),free,Salmonella,Salmonella,Salmonella,feces,yes,no,,,0,100,,,,NA,,NA,,,,,,I'm not sure since there was a lot of differet types of data.,,NA,NA,NA,NA,NA,NA,NA,NA,Moderate,2
Kinzleman et al.,2008,Kinzleman et al. 2008,yes,Web of Science,"USA, Racine, Wisconsin, ",yes,North America,"Culture and Plate, Agglutination tests",Conventional,NA,NA,,NA,Animal,Bird,Charadriiformes,Laridae,Larus,,,Gull (genus),free,Salmonella,Salmonella,Salmonella,feces,yes,no,,,5,313,,,,NA,,NA,,,,,,I'm not sure since there was a lot of differet types of data.,,NA,NA,NA,NA,NA,NA,NA,NA,Moderate,2
Kirk et al.,2002,Kirk et al. 2002,yes,review,"USA, California, Kings and Tulare County",yes,North America,Culture broth and plate,Conventional,1 colony,NA,,NA,Animal,Bird,Passeriformes,Icteridae,Euphagus,Brewer's blackbird,,,free,Salmonella spp.,Salmonella,Salmonella,"intestines content, trapped and killed birds",yes,no,,,1,44,0.021,,,NA,,NA,,,,,,,,NA,NA,NA,NA,NA,NA,NA,NA,Low,1
Kirk et al.,2002,Kirk et al. 2002,yes,review,"USA, California, Kings and Tulare County",yes,North America,Culture broth and plate,Conventional,1 colony,NA,,NA,Animal,Bird,Passeriformes,Icteridae,Molothrus,,,Cowbird (genus),free,Salmonella spp.,Salmonella,Salmonella,"intestines content, trapped and killed birds",yes,no,,,3,95,0.032,,,NA,,NA,,,,,,,,NA,NA,NA,NA,NA,NA,NA,NA,Low,1
Kirk et al.,2002,Kirk et al. 2002,yes,review,"USA, California, Kings and Tulare County",yes,North America,Culture broth and plate,Conventional,1 colony,NA,,NA,Animal,Bird,Passeriformes,Sturnidae,Sturnus,European starling,,,free,Salmonella spp.,Salmonella,Salmonella,"intestines content, trapped and killed birds",yes,no,,,1,80,0.013,,,NA,,NA,,,,,,,,NA,NA,NA,NA,NA,NA,NA,NA,Low,1
Kirk et al.,2002,Kirk et al. 2002,yes,review,"USA, California, Kings and Tulare County",yes,North America,Culture broth and plate,Conventional,1 colony,NA,,NA,Animal,Bird,Passeriformes,Fringillidae,Haemorhous,House finch,,,free,Salmonella spp.,Salmonella,Salmonella,"intestines content, trapped and killed birds",yes,no,,,1,61,0.016,,,NA,,NA,,,,,,,,NA,NA,NA,NA,NA,NA,NA,NA,Low,1
Kirk et al.,2002,Kirk et al. 2002,yes,review,"USA, California, Kings and Tulare County",yes,North America,Culture broth and plate,Conventional,1 colony,NA,,NA,Animal,Bird,Passeriformes,Passeridae,Passer,House sparrow,,,free,Salmonella spp.,Salmonella,Salmonella,"intestines content, trapped and killed birds",yes,no,,,14,451,0.031,,,NA,,NA,,,,,,,,NA,NA,NA,NA,NA,NA,NA,NA,Low,1
Kirk et al.,2002,Kirk et al. 2002,yes,review,"USA, California, Kings and Tulare County",yes,North America,Culture broth and plate,Conventional,1 colony,NA,,NA,Animal,Bird,Columbiformes,Columbidae,Columba,Pigeon,,,free,Salmonella spp.,Salmonella,Salmonella,"intestines content, trapped and killed birds",yes,no,,,1,83,0.012,,,NA,,NA,,,,,,,,NA,NA,NA,NA,NA,NA,NA,NA,Low,1
Kirk et al.,2002,Kirk et al. 2002,yes,review,"USA, California, Kings and Tulare County",yes,North America,Culture broth and plate,Conventional,1 colony,NA,,NA,Animal,Bird,Passeriformes,Icteridae,Agelaius,Red-winged blackbird,,,free,Salmonella spp.,Salmonella,Salmonella,"intestines content, trapped and killed birds",yes,no,,,1,78,0.013,,,NA,,NA,,,,,,,,NA,NA,NA,NA,NA,NA,NA,NA,Low,1
Kirkpatrick and Colvin,1986,Kirkpatrick and Colvin 1986,yes,review,"USA, New Jersey, southwestern",yes,North America,"biochemical testing, broth and plate culture",Conventional,NA,NA,,swab (variable),Animal,Bird,Strigiformes,Tytonidae,Tyto,Common barn-owl,Tyto alba,,free,Salmonella spp.,Salmonella,Salmonella,cloacal swab,yes,no,,,8,94,,,,NA,,NA,,,,,,,,NA,NA,NA,NA,NA,NA,NA,NA,Low,1
Lawson et al.,2010,Lawson et al. 2010,yes,review,"UK, England/Wales",no,Europe,"agglutination, plate and tissue culture, examination",Conventional,NA,NA,,dead bird,Animal,Bird,Passeriformes,Paridae,Cyanistes,Blue tit,Cyanistes caeruleus,,free,Salmonella spp.,Salmonella,Salmonella,"Tissue (liver, small intestines, crop, esophagus, lesions) , dead bird",yes,no,,,1,63,,,,NA,,NA,,,,,,,,NA,NA,NA,NA,NA,NA,NA,NA,Very Low,0
Lawson et al.,2010,Lawson et al. 2010,yes,review,"UK, England/Wales",no,Europe,"agglutination, plate and tissue culture, examination",Conventional,NA,NA,,dead bird,Animal,Bird,Passeriformes,Corvidae,Corvus,Carrion crow,Corvus corone,,free,Salmonella spp.,Salmonella,Salmonella,"Tissue (liver, small intestines, crop, esophagus, lesions) , dead bird",yes,no,,,ND,3,,,,NA,,NA,,,,,,,,NA,NA,NA,NA,NA,NA,NA,NA,Very Low,0
Lawson et al.,2010,Lawson et al. 2010,yes,review,"UK, England/Wales",no,Europe,"agglutination, plate and tissue culture, examination",Conventional,NA,NA,,dead bird,Animal,Bird,Passeriformes,Paridae,Periparus,Coal tit,Periparus ater,,free,Salmonella spp.,Salmonella,Salmonella,"Tissue (liver, small intestines, crop, esophagus, lesions) , dead bird",yes,no,,,ND,6,,,,NA,,NA,,,,,,,,NA,NA,NA,NA,NA,NA,NA,NA,Very Low,0
Lawson et al.,2010,Lawson et al. 2010,yes,review,"UK, England/Wales",no,Europe,"agglutination, plate and tissue culture, examination",Conventional,NA,NA,,dead bird,Animal,Bird,Passeriformes,Turdidae,Turdus,Common blackbird,Turdus merula,,free,Salmonella spp.,Salmonella,Salmonella,"Tissue (liver, small intestines, crop, esophagus, lesions) , dead bird",yes,no,,,ND,66,,,,NA,,NA,,,,,,,,NA,NA,NA,NA,NA,NA,NA,NA,Very Low,0
Lawson et al.,2010,Lawson et al. 2010,yes,review,"UK, England/Wales",no,Europe,"agglutination, plate and tissue culture, examination",Conventional,NA,NA,,dead bird,Animal,Bird,Passeriformes,Fringillidae,Fringilla,Common chaffinch,Fringilla coelebs,,free,Salmonella spp.,Salmonella,Salmonella,"Tissue (liver, small intestines, crop, esophagus, lesions) , dead bird",yes,no,,,7,18,,,,NA,,NA,,,,,,,,NA,NA,NA,NA,NA,NA,NA,NA,Very Low,0
Lawson et al.,2010,Lawson et al. 2010,yes,review,"UK, England/Wales",no,Europe,"agglutination, plate and tissue culture, examination",Conventional,NA,NA,,dead bird,Animal,Bird,Columbiformes,Columbinae,Columba,Common wood pigeon,Columba palumbus,,free,Salmonella spp.,Salmonella,Salmonella,"Tissue (liver, small intestines, crop, esophagus, lesions) , dead bird",yes,no,,,ND,3,,,,NA,,NA,,,,,,,,NA,NA,NA,NA,NA,NA,NA,NA,Very Low,0
Lawson et al.,2010,Lawson et al. 2010,yes,review,"UK, England/Wales",no,Europe,"agglutination, plate and tissue culture, examination",Conventional,NA,NA,,dead bird,Animal,Bird,Passeriformes,Prunellidae,Prunella,Dunnock,Prunella modularis,,free,Salmonella spp.,Salmonella,Salmonella,"Tissue (liver, small intestines, crop, esophagus, lesions) , dead bird",yes,no,,,ND,10,,,,NA,,NA,,,,,,,,NA,NA,NA,NA,NA,NA,NA,NA,Very Low,0
Lawson et al.,2010,Lawson et al. 2010,yes,review,"UK, England/Wales",no,Europe,"agglutination, plate and tissue culture, examination",Conventional,NA,NA,,dead bird,Animal,Bird,Passeriformes,Fringillidae,Pyrrhula,Eurasian bullfinch,Pyrrhula pyrrhula,,free,Salmonella spp.,Salmonella,Salmonella,"Tissue (liver, small intestines, crop, esophagus, lesions) , dead bird",yes,no,,,2,5,,,,NA,,NA,,,,,,,,NA,NA,NA,NA,NA,NA,NA,NA,Very Low,0
Lawson et al.,2010,Lawson et al. 2010,yes,review,"UK, England/Wales",no,Europe,"agglutination, plate and tissue culture, examination",Conventional,NA,NA,,dead bird,Animal,Bird,Columbiformes,Columbidae,Streptopelia,Eurasian collared dove,Streptopelia decaoacto,,free,Salmonella spp.,Salmonella,Salmonella,"Tissue (liver, small intestines, crop, esophagus, lesions) , dead bird",yes,no,,,ND,16,,,,NA,,NA,,,,,,,,NA,NA,NA,NA,NA,NA,NA,NA,Very Low,0
Lawson et al.,2010,Lawson et al. 2010,yes,review,"UK, England/Wales",no,Europe,"agglutination, plate and tissue culture, examination",Conventional,NA,NA,,dead bird,Animal,Bird,Passeriformes,Corvidae,Pica,Eurasian magpie,Pica pica,,free,Salmonella spp.,Salmonella,Salmonella,"Tissue (liver, small intestines, crop, esophagus, lesions) , dead bird",yes,no,,,ND,4,,,,NA,,NA,,,,,,,,NA,NA,NA,NA,NA,NA,NA,NA,Very Low,0
Lawson et al.,2010,Lawson et al. 2010,yes,review,"UK, England/Wales",no,Europe,"agglutination, plate and tissue culture, examination",Conventional,NA,NA,,dead bird,Animal,Bird,Passeriformes,Fringillidae,Spinus,Eurasian siskin,Carduelis spinus,,free,Salmonella spp.,Salmonella,Salmonella,"Tissue (liver, small intestines, crop, esophagus, lesions) , dead bird",yes,no,,,2,25,,,,NA,,NA,,,,,,,,NA,NA,NA,NA,NA,NA,NA,NA,Very Low,0
Lawson et al.,2010,Lawson et al. 2010,yes,review,"UK, England/Wales",no,Europe,"agglutination, plate and tissue culture, examination",Conventional,NA,NA,,dead bird,Animal,Bird,Passeriformes,Fringillidae,Carduelis,European goldfinch ,Carduelis carduelis,,free,Salmonella spp.,Salmonella,Salmonella,"Tissue (liver, small intestines, crop, esophagus, lesions) , dead bird",yes,no,,,1,2,,,,NA,,NA,,,,,,,,NA,NA,NA,NA,NA,NA,NA,NA,Very Low,0
Lawson et al.,2010,Lawson et al. 2010,yes,review,"UK, England/Wales",no,Europe,"agglutination, plate and tissue culture, examination",Conventional,NA,NA,,dead bird,Animal,Bird,Passeriformes,Fringillidae,Chloris,European greenfinch,Carduelis chloris,,free,Salmonella spp.,Salmonella,Salmonella,"Tissue (liver, small intestines, crop, esophagus, lesions) , dead bird",yes,no,,,118,195,,,,NA,,NA,,,,,,,,NA,NA,NA,NA,NA,NA,NA,NA,Very Low,0
Lawson et al.,2010,Lawson et al. 2010,yes,review,"UK, England/Wales",no,Europe,"agglutination, plate and tissue culture, examination",Conventional,NA,NA,,dead bird,Animal,Bird,Passeriformes,Muscicapidae,Erithacus,European robin,Erithacus rubecula,,free,Salmonella spp.,Salmonella,Salmonella,"Tissue (liver, small intestines, crop, esophagus, lesions) , dead bird",yes,no,,,ND,8,,,,NA,,NA,,,,,,,,NA,NA,NA,NA,NA,NA,NA,NA,Very Low,0
Lawson et al.,2010,Lawson et al. 2010,yes,review,"UK, England/Wales",no,Europe,"agglutination, plate and tissue culture, examination",Conventional,NA,NA,,dead bird,Animal,Bird,Passeriformes,Sturnidae,Sturnus,European starling,Sturnus vulgaris,,free,Salmonella spp.,Salmonella,Salmonella,"Tissue (liver, small intestines, crop, esophagus, lesions) , dead bird",yes,no,,,ND,16,,,,NA,,NA,,,,,,,,NA,NA,NA,NA,NA,NA,NA,NA,Very Low,0
Lawson et al.,2010,Lawson et al. 2010,yes,review,"UK, England/Wales",no,Europe,"agglutination, plate and tissue culture, examination",Conventional,NA,NA,,dead bird,Animal,Bird,Piciformes,Picidae,Dendrocopos,Great spotted woodpecker,Dendrocopus major,,free,Salmonella spp.,Salmonella,Salmonella,"Tissue (liver, small intestines, crop, esophagus, lesions) , dead bird",yes,no,,,ND,3,,,,NA,,NA,,,,,,,,NA,NA,NA,NA,NA,NA,NA,NA,Very Low,0
Lawson et al.,2010,Lawson et al. 2010,yes,review,"UK, England/Wales",no,Europe,"agglutination, plate and tissue culture, examination",Conventional,NA,NA,,dead bird,Animal,Bird,Passeriformes,Paridae,Parus,Great tit,Parus major,,free,Salmonella spp.,Salmonella,Salmonella,"Tissue (liver, small intestines, crop, esophagus, lesions) , dead bird",yes,no,,,ND,6,,,,NA,,NA,,,,,,,,NA,NA,NA,NA,NA,NA,NA,NA,Very Low,0
Lawson et al.,2010,Lawson et al. 2010,yes,review,"UK, England/Wales",no,Europe,"agglutination, plate and tissue culture, examination",Conventional,NA,NA,,dead bird,Animal,Bird,Passeriformes,Passeridae,Passer,House sparrow,Passer domesticus,,free,Salmonella spp.,Salmonella,Salmonella,"Tissue (liver, small intestines, crop, esophagus, lesions) , dead bird",yes,no,,,30,99,,,,NA,,NA,,,,,,,,NA,NA,NA,NA,NA,NA,NA,NA,Very Low,0
Lawson et al.,2010,Lawson et al. 2010,yes,review,"UK, England/Wales",no,Europe,"agglutination, plate and tissue culture, examination",Conventional,NA,NA,,dead bird,Animal,Bird,Passeriformes,Aegithalidae,Aegithalos,Long-tailed tit,Aegithalos caudatus,,free,Salmonella spp.,Salmonella,Salmonella,"Tissue (liver, small intestines, crop, esophagus, lesions) , dead bird",yes,no,,,ND,4,,,,NA,,NA,,,,,,,,NA,NA,NA,NA,NA,NA,NA,NA,Very Low,0
Lawson et al.,2010,Lawson et al. 2010,yes,review,"UK, England/Wales",no,Europe,"agglutination, plate and tissue culture, examination",Conventional,NA,NA,,dead bird,Animal,Bird,Passeriformes,Turdidae,Turdus,Song thrush,Turdus philomelos,,free,Salmonella spp.,Salmonella,Salmonella,"Tissue (liver, small intestines, crop, esophagus, lesions) , dead bird",yes,no,,,ND,86,,,,NA,,NA,,,,,,,,NA,NA,NA,NA,NA,NA,NA,NA,Very Low,0
Lawson et al.,2010,Lawson et al. 2010,yes,review,"UK, England/Wales",no,Europe,"agglutination, plate and tissue culture, examination",Conventional,NA,NA,,dead bird,Animal,Bird,Passeriformes,Troglodytidae,Troglodytes,Wren,Troglodytes troglodytes,,free,Salmonella spp.,Salmonella,Salmonella,"Tissue (liver, small intestines, crop, esophagus, lesions) , dead bird",yes,no,,,ND,1,,,,NA,,NA,,,,,,,,NA,NA,NA,NA,NA,NA,NA,NA,Very Low,0
Maeda et al.,2001,Maeda et al. 2001,yes,review,"Japan, Kagoshima prefecture, Izumi Plain",no,Western Pacific,"Biochemical, agglutination, DNA, culture plate, chicken innoculation",Conventional,NA,NA,,0.1 g,Animal,Bird,Gruiformes,Gruidae,Grus,,"Gusmonacha, Gusmonacha vipio, Gusmonacha grus, Gusmonacha leucogeranus, Anthropoides virgo, Gusmonacha canadensis","Hooded, White-naped, Common, Siberian White, Demoiselle, Sandhill",free,Salmonella,Salmonella,Salmonella,feces,yes,no,,,29,420,,,,NA,,NA,,,,,,Also broken down by year and month,,NA,NA,NA,NA,NA,NA,NA,NA,High,3
Medhanie et al.,2014,Medhanie et al. 2014,yes,Google Scholar,"USA, Ohio, Wayne and Holms counties, dairy farms.",yes,North America,culture broth and plate,Conventional,NA,NA,,5 g pooled sample,Animal,Bird,Passeriformes,Sturnidae,Sturnus,European starling,,,free,Salmonella,Salmonella,Salmonella,feces pooled,yes,no,,,1,179,,,,NA,,NA,,,,,,also seperated by time of year and location,,NA,NA,NA,NA,NA,NA,NA,NA,Low,1
Mitchell and Ridgewell,1971,Mitchell and Ridgewell 1971,yes,review,"UK, England, London, Barn Elms Reservior",no,Europe,"biochemical, serotyping, culture broth plate, standard method",Conventional,NA,NA,,1:20 dilution,Animal,Bird,Anseriformes,Anatidae,Mareca,Gadwall,,,free,Salmonella spp.,Salmonella,Salmonella,feces,yes,no,,,ND,15,,,,NA,,NA,,,,,,,,NA,NA,NA,NA,NA,NA,NA,NA,Moderate,2
Mitchell and Ridgewell,1971,Mitchell and Ridgewell 1971,yes,review,"UK, England, London, Barn Elms Reservior",no,Europe,"biochemical, serotyping, culture broth plate, standard method",Conventional,NA,NA,,1:20 dilution,Animal,Bird,Anseriformes,Anatidae,,Pochard,,,free,Salmonella spp.,Salmonella,Salmonella,feces,yes,no,,,4,140,,,,NA,,NA,,,,,,While some of the salmonella species were identified as that type the number of each serotype was not mentioned., (typhimurium),NA,NA,NA,NA,NA,NA,NA,NA,Moderate,2
Mitchell and Ridgewell,1971,Mitchell and Ridgewell 1971,yes,review,"UK, England, London, Barn Elms Reservior",no,Europe,"biochemical, serotyping, culture broth plate, standard method",Conventional,NA,NA,,1:20 dilution,Animal,Bird,Anseriformes,Anatidae,,,,Teal,free,Salmonella spp.,Salmonella,Salmonella,feces,yes,no,,,3,88,,,,NA,,NA,,,,,,While some of the salmonella species were identified as that type the number of each serotype was not mentioned., (typhimurium),NA,NA,NA,NA,NA,NA,NA,NA,Moderate,2
Mitchell and Ridgewell,1971,Mitchell and Ridgewell 1971,yes,review,"UK, England, London, Barn Elms Reservior",no,Europe,"biochemical, serotyping, culture broth plate, standard method",Conventional,NA,NA,,1:20 dilution,Animal,Bird,Anseriformes,Anatidae,Aythya,Tufted duck,,,free,Salmonella spp.,Salmonella,Salmonella,feces,yes,no,,,10,198,,,,NA,,NA,,,,,,While some of the salmonella species were identified as that type the number of each serotype was not mentioned.," (typhimurium, paratyphi B, emek)",NA,NA,NA,NA,NA,NA,NA,NA,Moderate,2
Mitchell and Ridgewell,1971,Mitchell and Ridgewell 1971,yes,review,"UK, England, London, Barn Elms Reservior",no,Europe,"biochemical, serotyping, culture broth plate, standard method",Conventional,NA,NA,,1:20 dilution,Animal,Bird,Anseriformes,Anatidae,,,,Widgeon (family),free,Salmonella spp.,Salmonella,Salmonella,feces,yes,no,,,ND,12,,,,NA,,NA,,,,,,,,NA,NA,NA,NA,NA,NA,NA,NA,Moderate,2
Monaghan et al.,1985,Monaghan et al. 1985,yes,review,"UK, Scotland, Glasglow",no,Europe,Culture plate,Conventional,NA,NA,,swab variable,Animal,Bird,Charadriiformes,Laridae,Larus,Herring gull,Larus argentatus Pontoppi,,free,Salmonella,Salmonella,Salmonella,feces,yes,no,,,140,1433,0.098,,,NA,,NA,,,,,,non-breeding season,,NA,NA,NA,NA,NA,NA,NA,NA,High,3
Monaghan et al.,1985,Monaghan et al. 1985,yes,review,"UK, Scotland, Glasglow",no,Europe,Culture plate,Conventional,NA,NA,,swab variable,Animal,Bird,Charadriiformes,Laridae,Larus,Herring gull,Larus argentatus Pontoppi,,free,Salmonella,Salmonella,Salmonella,"feces and (clocal swab, instestines content, hunted birds)",yes,no,,,317,3148,,,,NA,,NA,,,,,,total,,NA,NA,NA,NA,NA,NA,NA,NA,High,3
Monaghan et al.,1985,Monaghan et al. 1985,yes,review,"UK, Scotland, Glasglow",no,Europe,Culture plate,Conventional,NA,NA,,swab variable,Animal,Bird,Charadriiformes,Laridae,Larus,Herring gull,Larus argentatus Pontoppi,,free,Salmonella,Salmonella,Salmonella,feces,yes,no,,,54,588,0.092,,,NA,,NA,,,,,,breeding season,,NA,NA,NA,NA,NA,NA,NA,NA,High,3
Moriarty et al.,2011,Moriarty et al. 2011,yes,Web of Science,"New Zealand, Auckland, Hamilton, Farewell Spit and Christchurch",no,Western Pacific,"MPN Culture test tube, Plate streak",Conventional,4 to 1.1*10^3 MPN/g,NA,,1-25 g,Animal,Bird,Anseriformes,Anatidae,Cygnus,Black swan,,,free,Salmonella spp.,Salmonella,Salmonella,feces,yes,no,,,0,80,ND,,,NA,,NA,,,,,count/g wet weight.,mean based on all 80 samples,,NA,NA,NA,NA,NA,NA,NA,NA,Moderate,2
Moriarty et al.,2011,Moriarty et al. 2011,yes,Web of Science,"New Zealand, Auckland, Hamilton, Farewell Spit and Christchurch",no,Western Pacific,"MPN Culture test tube, Plate streak",Conventional,4 to 1.1*10^3 MPN/g,NA,,1-25 g,Animal,Bird,Anseriformes,Anatidae,Branta,Canada goose,,,free,Salmonella spp.,Salmonella,Salmonella,feces,yes,no,,,0,80,ND,,,NA,,NA,,,,,count/g wet weight.,mean based on all 80 samples,,NA,NA,NA,NA,NA,NA,NA,NA,Moderate,2
Moriarty et al.,2011,Moriarty et al. 2011,yes,Web of Science,"New Zealand, Auckland, Hamilton, Farewell Spit and Christchurch",no,Western Pacific,"MPN Culture test tube, Plate streak",Conventional,4 to 1.1*10^3 MPN/g,NA,,1-25 g,Animal,Bird,Anseriformes,Anatidae,Anas,,,Duck (genus),free,Salmonella spp.,Salmonella,Salmonella,feces,yes,no,,,0,80,ND,,,NA,,NA,,,,,count/g wet weight.,mean based on all 80 samples,,NA,NA,NA,NA,NA,NA,NA,NA,Moderate,2
Moriarty et al.,2011,Moriarty et al. 2011,yes,Web of Science,"New Zealand, Auckland, Hamilton, Farewell Spit and Christchurch",no,Western Pacific,"MPN Culture test tube, Plate streak",Conventional,4 to 1.1*10^3 MPN/g,NA,,1-25 g,Animal,Bird,Charadriiformes,Laridae,Larus,,,Gull (genus),free,Salmonella spp.,Salmonella,Salmonella,feces,yes,no,,,0,80,ND,,,NA,,NA,,,,,count/g wet weight.,mean based on all 80 samples,,NA,NA,NA,NA,NA,NA,NA,NA,Moderate,2
Morishita et al.,1999,Morishita et al. 1999,yes,review,"USA, Ohio, within 1 mile of agricultural fields or urban area",yes,North America,"biochemical, culture broth and plate",Conventional,NA,NA,,NA,Animal,Bird,Passeriformes,Fringillidae,Spinus,American goldfinch,Carduelis tristis,,free,Salmonella spp.,Salmonella,Salmonella,cloacal swab,yes,no,,,ND,11,,,,NA,,NA,,,,,,,,NA,NA,NA,NA,NA,NA,NA,NA,Moderate,2
Morishita et al.,1999,Morishita et al. 1999,yes,review,"USA, Ohio, within 1 mile of agricultural fields or urban area",yes,North America,"biochemical, culture broth and plate",Conventional,NA,NA,,NA,Animal,Bird,Passeriformes,Turdidae,Turdus,American robin,Turdus migratorius,,free,Salmonella spp.,Salmonella,Salmonella,cloacal swab,yes,no,,,ND,1,,,,NA,,NA,,,,,,,,NA,NA,NA,NA,NA,NA,NA,NA,Moderate,2
Morishita et al.,1999,Morishita et al. 1999,yes,review,"USA, Ohio, within 1 mile of agricultural fields or urban area",yes,North America,"biochemical, culture broth and plate",Conventional,NA,NA,,NA,Animal,Bird,Passeriformes,Sturnidae,Sturnus,European starling,Sturnus vulgaris,,free,Salmonella spp.,Salmonella,Salmonella,cloacal swab,yes,no,,,62,868,,,,NA,,NA,,,,,,,,NA,NA,NA,NA,NA,NA,NA,NA,Moderate,2
Morishita et al.,1999,Morishita et al. 1999,yes,review,"USA, Ohio, within 1 mile of agricultural fields or urban area",yes,North America,"biochemical, culture broth and plate",Conventional,NA,NA,,NA,Animal,Bird,Passeriformes,Fringillidae,Haemorhous,House finch,Carpodacus mexicanus,,free,Salmonella spp.,Salmonella,Salmonella,cloacal swab,yes,no,,,ND,416,,,,NA,,NA,,,,,,,,NA,NA,NA,NA,NA,NA,NA,NA,Moderate,2
Morishita et al.,1999,Morishita et al. 1999,yes,review,"USA, Ohio, within 1 mile of agricultural fields or urban area",yes,North America,"biochemical, culture broth and plate",Conventional,NA,NA,,NA,Animal,Bird,Passeriformes,Passeridae,Passer,House sparrow,Passer domesticus,,free,Salmonella spp.,Salmonella,Salmonella,cloacal swab,yes,no,,,4,373,,,,NA,,NA,,,,,,,,NA,NA,NA,NA,NA,NA,NA,NA,Moderate,2
Morishita et al.,1999,Morishita et al. 1999,yes,review,"USA, Ohio, within 1 mile of agricultural fields or urban area",yes,North America,"biochemical, culture broth and plate",Conventional,NA,NA,,NA,Animal,Bird,Passeriformes,Fringillidae,Haemorhous,Purple finch,Carpodacus purpureus,,free,Salmonella spp.,Salmonella,Salmonella,cloacal swab,yes,no,,,ND,9,,,,NA,,NA,,,,,,,,NA,NA,NA,NA,NA,NA,NA,NA,Moderate,2
Morishita et al.,1999,Morishita et al. 1999,yes,review,"USA, Ohio, within 1 mile of agricultural fields or urban area",yes,North America,"biochemical, culture broth and plate",Conventional,NA,NA,,NA,Animal,Bird,Passeriformes,Passerellidae,Melospiza,Song sparrow,Melospiza melodia,,free,Salmonella spp.,Salmonella,Salmonella,cloacal swab,yes,no,,,ND,31,,,,NA,,NA,,,,,,,,NA,NA,NA,NA,NA,NA,NA,NA,Moderate,2
Murray et al.,2021,Murray et al. 2021,yes,Web of Science,"USA, Florida, near Palm Beach",yes,North America,"confirm PCR, Enriched, plate streak",Conventional,NA,NA,,1g,Animal,Bird,Pelecaniformes,Threskiornithidae,Eudocimus,American white ibis,Eudocimus albus,,free,Salmonella,Salmonella,Salmonella,feces,yes,no,,,62,233,,,,NA,,NA,,,,,,More data on location and seasonal variability.,,NA,NA,NA,NA,NA,NA,NA,NA,High,3
Navarro-Gonzalez et al.,2020,Navarro-Gonzalez et al. 2020,yes,Web of Science,"USA, California, San Benito County, Sacramento County, Stone Lakes National Wildlife Refuge",yes,North America,"Plate Culture, PCR confirm",Conventional,NA,NA,,NA,Animal,Bird,Passeriformes,Fringillidae,Spinus,American goldfinch,Spinus tristis,,free,Salmonella spp.,Salmonella,Salmonella,feces,yes,no,,,0,6,,,,NA,,NA,,,,,,,,NA,NA,NA,NA,NA,NA,NA,NA,Low,1
Navarro-Gonzalez et al.,2020,Navarro-Gonzalez et al. 2020,yes,Web of Science,"USA, California, San Benito County, Sacramento County, Stone Lakes National Wildlife Refuge",yes,North America,"Plate Culture, PCR confirm",Conventional,NA,NA,,NA,Animal,Bird,Passeriformes,Tyrannidae,Myiarchus,Ash-throated flycatcher,Myiarchus cinerascens,,free,Salmonella spp.,Salmonella,Salmonella,feces,yes,no,,,0,8,,,,NA,,NA,,,,,,,,NA,NA,NA,NA,NA,NA,NA,NA,Low,1
Navarro-Gonzalez et al.,2020,Navarro-Gonzalez et al. 2020,yes,Web of Science,"USA, California, San Benito County, Sacramento County, Stone Lakes National Wildlife Refuge",yes,North America,"Plate Culture, PCR confirm",Conventional,NA,NA,,NA,Animal,Bird,Coraciiformes,Alcedinidae,Megaceryle,Belted kingfisher,Megaceryle alcyon,,free,Salmonella spp.,Salmonella,Salmonella,feces,yes,no,,,0,1,,,,NA,,NA,,,,,,,,NA,NA,NA,NA,NA,NA,NA,NA,Low,1
Navarro-Gonzalez et al.,2020,Navarro-Gonzalez et al. 2020,yes,Web of Science,"USA, California, San Benito County, Sacramento County, Stone Lakes National Wildlife Refuge",yes,North America,"Plate Culture, PCR confirm",Conventional,NA,NA,,NA,Animal,Bird,Passeriformes,Troglodytidae,Thryomanes,Bewick's wren,Thryomanes bewickii,,free,Salmonella spp.,Salmonella,Salmonella,feces,yes,no,,,0,4,,,,NA,,NA,,,,,,,,NA,NA,NA,NA,NA,NA,NA,NA,Low,1
Navarro-Gonzalez et al.,2020,Navarro-Gonzalez et al. 2020,yes,Web of Science,"USA, California, San Benito County, Sacramento County, Stone Lakes National Wildlife Refuge",yes,North America,"Plate Culture, PCR confirm",Conventional,NA,NA,,NA,Animal,Bird,Passeriformes,Cardinalidae,Pheucticus,Black-headed grosbeak,Pheucticus melanocephalus,,free,Salmonella spp.,Salmonella,Salmonella,feces,yes,no,,,0,10,,,,NA,,NA,,,,,,"Birds broken down by weather at a commercial ranch, or National wildife reserve",,NA,NA,NA,NA,NA,NA,NA,NA,Low,1
Navarro-Gonzalez et al.,2020,Navarro-Gonzalez et al. 2020,yes,Web of Science,"USA, California, San Benito County, Sacramento County, Stone Lakes National Wildlife Refuge",yes,North America,"Plate Culture, PCR confirm",Conventional,NA,NA,,NA,Animal,Bird,Passeriformes,Icteridae,Euphagus,Brewer's blackbird,Euphagus cyanocephalus,,free,Salmonella spp.,Salmonella,Salmonella,feces,yes,no,,,0,5,,,,NA,,NA,,,,,,,,NA,NA,NA,NA,NA,NA,NA,NA,Low,1
Navarro-Gonzalez et al.,2020,Navarro-Gonzalez et al. 2020,yes,Web of Science,"USA, California, San Benito County, Sacramento County, Stone Lakes National Wildlife Refuge",yes,North America,"Plate Culture, PCR confirm",Conventional,NA,NA,,NA,Animal,Bird,Passeriformes,Icteridae,Molothrus,Brown-headed cowbird,Molothrus ater,,free,Salmonella spp.,Salmonella,Salmonella,feces,yes,no,,,0,24,,,,NA,,NA,,,,,,,,NA,NA,NA,NA,NA,NA,NA,NA,Low,1
Navarro-Gonzalez et al.,2020,Navarro-Gonzalez et al. 2020,yes,Web of Science,"USA, California, San Benito County, Sacramento County, Stone Lakes National Wildlife Refuge",yes,North America,"Plate Culture, PCR confirm",Conventional,NA,NA,,NA,Animal,Bird,Passeriformes,Icteridae,Icterus,Bullock's oriole,Icterus bullockii,,free,Salmonella spp.,Salmonella,Salmonella,feces,yes,no,,,0,2,,,,NA,,NA,,,,,,,,NA,NA,NA,NA,NA,NA,NA,NA,Low,1
Navarro-Gonzalez et al.,2020,Navarro-Gonzalez et al. 2020,yes,Web of Science,"USA, California, San Benito County, Sacramento County, Stone Lakes National Wildlife Refuge",yes,North America,"Plate Culture, PCR confirm",Conventional,NA,NA,,NA,Animal,Bird,Passeriformes,Aegithalidae,Psaltriparus,Bushtit,Psaltriparus minimus,,free,Salmonella spp.,Salmonella,Salmonella,feces,yes,no,,,0,10,,,,NA,,NA,,,,,,,,NA,NA,NA,NA,NA,NA,NA,NA,Low,1
Navarro-Gonzalez et al.,2020,Navarro-Gonzalez et al. 2020,yes,Web of Science,"USA, California, San Benito County, Sacramento County, Stone Lakes National Wildlife Refuge",yes,North America,"Plate Culture, PCR confirm",Conventional,NA,NA,,NA,Animal,Bird,Galliformes,Odontophoridae,Callipepla,California quail,Callipepla californica,,free,Salmonella spp.,Salmonella,Salmonella,feces,yes,no,,,0,11,,,,NA,,NA,,,,,,,,NA,NA,NA,NA,NA,NA,NA,NA,Low,1
Navarro-Gonzalez et al.,2020,Navarro-Gonzalez et al. 2020,yes,Web of Science,"USA, California, San Benito County, Sacramento County, Stone Lakes National Wildlife Refuge",yes,North America,"Plate Culture, PCR confirm",Conventional,NA,NA,,NA,Animal,Bird,Passeriformes,Corvidae,Aphelocoma,Western scrub-jay,Aphelocoma californica,,free,Salmonella spp.,Salmonella,Salmonella,feces,yes,no,,,0,4,,,,NA,,NA,,,,,,,,NA,NA,NA,NA,NA,NA,NA,NA,Low,1
Navarro-Gonzalez et al.,2020,Navarro-Gonzalez et al. 2020,yes,Web of Science,"USA, California, San Benito County, Sacramento County, Stone Lakes National Wildlife Refuge",yes,North America,"Plate Culture, PCR confirm",Conventional,NA,NA,,NA,Animal,Bird,Passeriformes,Mimidae,Toxostoma,California thrasher,Toxostoma redivivum,,free,Salmonella spp.,Salmonella,Salmonella,feces,yes,no,,,0,1,,,,NA,,NA,,,,,,,,NA,NA,NA,NA,NA,NA,NA,NA,Low,1
Navarro-Gonzalez et al.,2020,Navarro-Gonzalez et al. 2020,yes,Web of Science,"USA, California, San Benito County, Sacramento County, Stone Lakes National Wildlife Refuge",yes,North America,"Plate Culture, PCR confirm",Conventional,NA,NA,,NA,Animal,Bird,Passeriformes,Passerellidae,Melozone,California towhee,Melozoneÿcrissalis,,free,Salmonella spp.,Salmonella,Salmonella,feces,yes,no,,,0,6,,,,NA,,NA,,,,,,,,NA,NA,NA,NA,NA,NA,NA,NA,Low,1
Navarro-Gonzalez et al.,2020,Navarro-Gonzalez et al. 2020,yes,Web of Science,"USA, California, San Benito County, Sacramento County, Stone Lakes National Wildlife Refuge",yes,North America,"Plate Culture, PCR confirm",Conventional,NA,NA,,NA,Animal,Bird,Anseriformes,Anatidae,Branta,Canada goose,,,free,Salmonella spp.,Salmonella,Salmonella,feces pooled,yes,no,,,0,16,,,,NA,,NA,,,,,,,,NA,NA,NA,NA,NA,NA,NA,NA,Low,1
Navarro-Gonzalez et al.,2020,Navarro-Gonzalez et al. 2020,yes,Web of Science,"USA, California, San Benito County, Sacramento County, Stone Lakes National Wildlife Refuge",yes,North America,"Plate Culture, PCR confirm",Conventional,NA,NA,,NA,Animal,Bird,Passeriformes,Parulidae,Geothlypis,Common yellowthroat,Geothlypi strichas,,free,Salmonella spp.,Salmonella,Salmonella,feces,yes,no,,,0,3,,,,NA,,NA,,,,,,"Birds broken down by weather at a commercial ranch, or National wildife reserve",,NA,NA,NA,NA,NA,NA,NA,NA,Low,1
Navarro-Gonzalez et al.,2020,Navarro-Gonzalez et al. 2020,yes,Web of Science,"USA, California, San Benito County, Sacramento County, Stone Lakes National Wildlife Refuge",yes,North America,"Plate Culture, PCR confirm",Conventional,NA,NA,,NA,Animal,Bird,Passeriformes,Passerellidae,Junco,Dark-eyed junco,Junco hyemalis,,free,Salmonella spp.,Salmonella,Salmonella,feces,yes,no,,,0,20,,,,NA,,NA,,,,,,,,NA,NA,NA,NA,NA,NA,NA,NA,Low,1
Navarro-Gonzalez et al.,2020,Navarro-Gonzalez et al. 2020,yes,Web of Science,"USA, California, San Benito County, Sacramento County, Stone Lakes National Wildlife Refuge",yes,North America,"Plate Culture, PCR confirm",Conventional,NA,NA,,NA,Animal,Bird,Piciformes,Picidae,Dryobates,Downy woodpecker,Picoides pubescens,,free,Salmonella spp.,Salmonella,Salmonella,feces,yes,no,,,0,1,,,,NA,,NA,,,,,,"Birds broken down by weather at a commercial ranch, or National wildife reserve",,NA,NA,NA,NA,NA,NA,NA,NA,Low,1
Navarro-Gonzalez et al.,2020,Navarro-Gonzalez et al. 2020,yes,Web of Science,"USA, California, San Benito County, Sacramento County, Stone Lakes National Wildlife Refuge",yes,North America,"Plate Culture, PCR confirm",Conventional,NA,NA,,NA,Animal,Bird,Passeriformes,Passerellidae,Passerella,Fox sparrow,Passerella iliaca,,free,Salmonella spp.,Salmonella,Salmonella,feces,yes,no,,,0,12,,,,NA,,NA,,,,,,,,NA,NA,NA,NA,NA,NA,NA,NA,Low,1
Navarro-Gonzalez et al.,2020,Navarro-Gonzalez et al. 2020,yes,Web of Science,"USA, California, San Benito County, Sacramento County, Stone Lakes National Wildlife Refuge",yes,North America,"Plate Culture, PCR confirm",Conventional,NA,NA,,NA,Animal,Bird,Passeriformes,Passerellidae,Zonotrichia,Golden-crowned sparrow,Zonotrichia atricapilla,,free,Salmonella spp.,Salmonella,Salmonella,feces,yes,no,,,0,57,,,,NA,,NA,,,,,,,,NA,NA,NA,NA,NA,NA,NA,NA,Low,1
Navarro-Gonzalez et al.,2020,Navarro-Gonzalez et al. 2020,yes,Web of Science,"USA, California, San Benito County, Sacramento County, Stone Lakes National Wildlife Refuge",yes,North America,"Plate Culture, PCR confirm",Conventional,NA,NA,,NA,Animal,Bird,Passeriformes,Icteridae,Quiscalus,Great tailed grackle,Quiscalus mexicanus,,free,Salmonella spp.,Salmonella,Salmonella,feces,yes,no,,,0,3,,,,NA,,NA,,,,,,,,NA,NA,NA,NA,NA,NA,NA,NA,Low,1
Navarro-Gonzalez et al.,2020,Navarro-Gonzalez et al. 2020,yes,Web of Science,"USA, California, San Benito County, Sacramento County, Stone Lakes National Wildlife Refuge",yes,North America,"Plate Culture, PCR confirm",Conventional,NA,NA,,NA,Animal,Bird,Anseriformes,Anatidae,Anser,Greater white-fronted goose,,,free,Salmonella spp.,Salmonella,Salmonella,feces pooled,yes,no,,,0,10,,,,NA,,NA,,,,,,,,NA,NA,NA,NA,NA,NA,NA,NA,Low,1
Navarro-Gonzalez et al.,2020,Navarro-Gonzalez et al. 2020,yes,Web of Science,"USA, California, San Benito County, Sacramento County, Stone Lakes National Wildlife Refuge",yes,North America,"Plate Culture, PCR confirm",Conventional,NA,NA,,NA,Animal,Bird,Pelecaniformes,Ardeidae,Butorides,Green heron,Butorides virescens,,free,Salmonella spp.,Salmonella,Salmonella,feces,yes,no,,,0,1,,,,NA,,NA,,,,,,"Birds broken down by weather at a commercial ranch, or National wildife reserve",,NA,NA,NA,NA,NA,NA,NA,NA,Low,1
Navarro-Gonzalez et al.,2020,Navarro-Gonzalez et al. 2020,yes,Web of Science,"USA, California, San Benito County, Sacramento County, Stone Lakes National Wildlife Refuge",yes,North America,"Plate Culture, PCR confirm",Conventional,NA,NA,,NA,Animal,Bird,Passeriformes,Turdidae,Catharus,Hermit thrush,Catharus guttatus,,free,Salmonella spp.,Salmonella,Salmonella,feces,yes,no,,,0,21,,,,NA,,NA,,,,,,"Birds broken down by weather at a commercial ranch, or National wildife reserve",,NA,NA,NA,NA,NA,NA,NA,NA,Low,1
Navarro-Gonzalez et al.,2020,Navarro-Gonzalez et al. 2020,yes,Web of Science,"USA, California, San Benito County, Sacramento County, Stone Lakes National Wildlife Refuge",yes,North America,"Plate Culture, PCR confirm",Conventional,NA,NA,,NA,Animal,Bird,Passeriformes,Fringillidae,Haemorhous,House finch,Haemorhous mexicanus,,free,Salmonella spp.,Salmonella,Salmonella,feces,yes,no,,,0,8,,,,NA,,NA,,,,,,,,NA,NA,NA,NA,NA,NA,NA,NA,Low,1
Navarro-Gonzalez et al.,2020,Navarro-Gonzalez et al. 2020,yes,Web of Science,"USA, California, San Benito County, Sacramento County, Stone Lakes National Wildlife Refuge",yes,North America,"Plate Culture, PCR confirm",Conventional,NA,NA,,NA,Animal,Bird,Passeriformes,Troglodytidae,Troglodytes,House wren,Troglodytes aedon,,free,Salmonella spp.,Salmonella,Salmonella,feces,yes,no,,,0,2,,,,NA,,NA,,,,,,,,NA,NA,NA,NA,NA,NA,NA,NA,Low,1
Navarro-Gonzalez et al.,2020,Navarro-Gonzalez et al. 2020,yes,Web of Science,"USA, California, San Benito County, Sacramento County, Stone Lakes National Wildlife Refuge",yes,North America,"Plate Culture, PCR confirm",Conventional,NA,NA,,NA,Animal,Bird,Passeriformes,Passerellidae,Chondestes,Lark sparrow,Chondestes grammacus,,free,Salmonella spp.,Salmonella,Salmonella,feces,yes,no,,,0,1,,,,NA,,NA,,,,,,,,NA,NA,NA,NA,NA,NA,NA,NA,Low,1
Navarro-Gonzalez et al.,2020,Navarro-Gonzalez et al. 2020,yes,Web of Science,"USA, California, San Benito County, Sacramento County, Stone Lakes National Wildlife Refuge",yes,North America,"Plate Culture, PCR confirm",Conventional,NA,NA,,NA,Animal,Bird,Passeriformes,Fringillidae,Spinus,Lawrence's goldfinch,Spinus lawrencei,,free,Salmonella spp.,Salmonella,Salmonella,feces,yes,no,,,0,2,,,,NA,,NA,,,,,,,,NA,NA,NA,NA,NA,NA,NA,NA,Low,1
Navarro-Gonzalez et al.,2020,Navarro-Gonzalez et al. 2020,yes,Web of Science,"USA, California, San Benito County, Sacramento County, Stone Lakes National Wildlife Refuge",yes,North America,"Plate Culture, PCR confirm",Conventional,NA,NA,,NA,Animal,Bird,Passeriformes,Cardinalidae,Passerina,Lazuli bunting,Passerina amoena,,free,Salmonella spp.,Salmonella,Salmonella,feces,yes,no,,,0,1,,,,NA,,NA,,,,,,,,NA,NA,NA,NA,NA,NA,NA,NA,Low,1
Navarro-Gonzalez et al.,2020,Navarro-Gonzalez et al. 2020,yes,Web of Science,"USA, California, San Benito County, Sacramento County, Stone Lakes National Wildlife Refuge",yes,North America,"Plate Culture, PCR confirm",Conventional,NA,NA,,NA,Animal,Bird,Passeriformes,Passerellidae,Melospiza,Lincoln's sparrow,Melospiza lincolnii,,free,Salmonella spp.,Salmonella,Salmonella,feces,yes,no,,,0,14,,,,NA,,NA,,,,,,,,NA,NA,NA,NA,NA,NA,NA,NA,Low,1
Navarro-Gonzalez et al.,2020,Navarro-Gonzalez et al. 2020,yes,Web of Science,"USA, California, San Benito County, Sacramento County, Stone Lakes National Wildlife Refuge",yes,North America,"Plate Culture, PCR confirm",Conventional,NA,NA,,NA,Animal,Bird,Columbiformes,Columbidae,Zenaida,Mourning dove,Zenaida macroura,,free,Salmonella spp.,Salmonella,Salmonella,feces,yes,no,,,0,3,,,,NA,,NA,,,,,,"Birds broken down by weather at a commercial ranch, or National wildife reserve",,NA,NA,NA,NA,NA,NA,NA,NA,Low,1
Navarro-Gonzalez et al.,2020,Navarro-Gonzalez et al. 2020,yes,Web of Science,"USA, California, San Benito County, Sacramento County, Stone Lakes National Wildlife Refuge",yes,North America,"Plate Culture, PCR confirm",Conventional,NA,NA,,NA,Animal,Bird,Piciformes,Picidae,Colaptes,Northern flicker,Colaptes auratus,,free,Salmonella spp.,Salmonella,Salmonella,feces,yes,no,,,0,2,,,,NA,,NA,,,,,,"Birds broken down by weather at a commercial ranch, or National wildife reserve",,NA,NA,NA,NA,NA,NA,NA,NA,Low,1
Navarro-Gonzalez et al.,2020,Navarro-Gonzalez et al. 2020,yes,Web of Science,"USA, California, San Benito County, Sacramento County, Stone Lakes National Wildlife Refuge",yes,North America,"Plate Culture, PCR confirm",Conventional,NA,NA,,NA,Animal,Bird,Passeriformes,Mimidae,Mimus,Northern mockingbird,Mimus polyglottos,,free,Salmonella spp.,Salmonella,Salmonella,feces,yes,no,,,0,13,,,,NA,,NA,,,,,,,,NA,NA,NA,NA,NA,NA,NA,NA,Low,1
Navarro-Gonzalez et al.,2020,Navarro-Gonzalez et al. 2020,yes,Web of Science,"USA, California, San Benito County, Sacramento County, Stone Lakes National Wildlife Refuge",yes,North America,"Plate Culture, PCR confirm",Conventional,NA,NA,,NA,Animal,Bird,Passeriformes,Hirundinidae,Stelgidopteryx,Northern rough-winged swallow,Stelgidopteryx serripennis,,free,Salmonella spp.,Salmonella,Salmonella,feces,yes,no,,,0,3,,,,NA,,NA,,,,,,,,NA,NA,NA,NA,NA,NA,NA,NA,Low,1
Navarro-Gonzalez et al.,2020,Navarro-Gonzalez et al. 2020,yes,Web of Science,"USA, California, San Benito County, Sacramento County, Stone Lakes National Wildlife Refuge",yes,North America,"Plate Culture, PCR confirm",Conventional,NA,NA,,NA,Animal,Bird,Piciformes,Picidae,Dryobates,Nuttall's woodpecker,Picoides nuttallii,,free,Salmonella spp.,Salmonella,Salmonella,feces,yes,no,,,0,3,,,,NA,,NA,,,,,,"Birds broken down by weather at a commercial ranch, or National wildife reserve",,NA,NA,NA,NA,NA,NA,NA,NA,Low,1
Navarro-Gonzalez et al.,2020,Navarro-Gonzalez et al. 2020,yes,Web of Science,"USA, California, San Benito County, Sacramento County, Stone Lakes National Wildlife Refuge",yes,North America,"Plate Culture, PCR confirm",Conventional,NA,NA,,NA,Animal,Bird,Passeriformes,Paridae,Baeolophus,Oak titmouse,Baeolophus inornatus,,free,Salmonella spp.,Salmonella,Salmonella,feces,yes,no,,,0,3,,,,NA,,NA,,,,,,,,NA,NA,NA,NA,NA,NA,NA,NA,Low,1
Navarro-Gonzalez et al.,2020,Navarro-Gonzalez et al. 2020,yes,Web of Science,"USA, California, San Benito County, Sacramento County, Stone Lakes National Wildlife Refuge",yes,North America,"Plate Culture, PCR confirm",Conventional,NA,NA,,NA,Animal,Bird,Passeriformes,Parulidae,Leiothlypis,Orange crowned warbler,Oreothlypi scelata,,free,Salmonella spp.,Salmonella,Salmonella,feces,yes,no,,,0,5,,,,NA,,NA,,,,,,"Birds broken down by weather at a commercial ranch, or National wildife reserve",,NA,NA,NA,NA,NA,NA,NA,NA,Low,1
Navarro-Gonzalez et al.,2020,Navarro-Gonzalez et al. 2020,yes,Web of Science,"USA, California, San Benito County, Sacramento County, Stone Lakes National Wildlife Refuge",yes,North America,"Plate Culture, PCR confirm",Conventional,NA,NA,,NA,Animal,Bird,Passeriformes,Tyrannidae,Empidonax,Pacific-slope flycatcher,Empidonax difficilis,,free,Salmonella spp.,Salmonella,Salmonella,feces,yes,no,,,0,16,,,,NA,,NA,,,,,,,,NA,NA,NA,NA,NA,NA,NA,NA,Low,1
Navarro-Gonzalez et al.,2020,Navarro-Gonzalez et al. 2020,yes,Web of Science,"USA, California, San Benito County, Sacramento County, Stone Lakes National Wildlife Refuge",yes,North America,"Plate Culture, PCR confirm",Conventional,NA,NA,,NA,Animal,Bird,Passeriformes,Fringillidae,Haemorhous,Purple finch,Haemorhous purpureus,,free,Salmonella spp.,Salmonella,Salmonella,feces,yes,no,,,0,1,,,,NA,,NA,,,,,,,,NA,NA,NA,NA,NA,NA,NA,NA,Low,1
Navarro-Gonzalez et al.,2020,Navarro-Gonzalez et al. 2020,yes,Web of Science,"USA, California, San Benito County, Sacramento County, Stone Lakes National Wildlife Refuge",yes,North America,"Plate Culture, PCR confirm",Conventional,NA,NA,,NA,Animal,Bird,Passeriformes,Icteridae,Agelaius,Red-winged blackbird,Agelaius phoeniceus,,free,Salmonella spp.,Salmonella,Salmonella,feces,yes,no,,,1,30,,,,NA,,NA,,,,,,,,NA,NA,NA,NA,NA,NA,NA,NA,Low,1
Navarro-Gonzalez et al.,2020,Navarro-Gonzalez et al. 2020,yes,Web of Science,"USA, California, San Benito County, Sacramento County, Stone Lakes National Wildlife Refuge",yes,North America,"Plate Culture, PCR confirm",Conventional,NA,NA,,NA,Animal,Bird,Passeriformes,Regulidae,Regulus,Ruby-crowned kinglet,Regulus calendula,,free,Salmonella spp.,Salmonella,Salmonella,feces,yes,no,,,0,24,,,,NA,,NA,,,,,,,,NA,NA,NA,NA,NA,NA,NA,NA,Low,1
Navarro-Gonzalez et al.,2020,Navarro-Gonzalez et al. 2020,yes,Web of Science,"USA, California, San Benito County, Sacramento County, Stone Lakes National Wildlife Refuge",yes,North America,"Plate Culture, PCR confirm",Conventional,NA,NA,,NA,Animal,Bird,Passeriformes,Passerellidae,Passerculus,Savannah sparrow,Passerculus sandwichensis,,free,Salmonella spp. ,Salmonella,Salmonella,feces,yes,no,,,1,15,,,,NA,,NA,,,,,,,,NA,NA,NA,NA,NA,NA,NA,NA,Low,1
Navarro-Gonzalez et al.,2020,Navarro-Gonzalez et al. 2020,yes,Web of Science,"USA, California, San Benito County, Sacramento County, Stone Lakes National Wildlife Refuge",yes,North America,"Plate Culture, PCR confirm",Conventional,NA,NA,,NA,Animal,Bird,Accipitriformes,Accipitridae,Accipiter,Sharp-shinned hawk,Accipiter striatus,,free,Salmonella spp.,Salmonella,Salmonella,feces,yes,no,,,0,1,,,,NA,,NA,,,,,,,,NA,NA,NA,NA,NA,NA,NA,NA,Low,1
Navarro-Gonzalez et al.,2020,Navarro-Gonzalez et al. 2020,yes,Web of Science,"USA, California, San Benito County, Sacramento County, Stone Lakes National Wildlife Refuge",yes,North America,"Plate Culture, PCR confirm",Conventional,NA,NA,,NA,Animal,Bird,Passeriformes,Passerellidae,Melospiza,Song sparrow,Melospiza melodia,,free,Salmonella spp. ,Salmonella,Salmonella,feces,yes,no,,,1,41,,,,NA,,NA,,,,,,,,NA,NA,NA,NA,NA,NA,NA,NA,Low,1
Navarro-Gonzalez et al.,2020,Navarro-Gonzalez et al. 2020,yes,Web of Science,"USA, California, San Benito County, Sacramento County, Stone Lakes National Wildlife Refuge",yes,North America,"Plate Culture, PCR confirm",Conventional,NA,NA,,NA,Animal,Bird,Passeriformes,Passerellidae,Pipilo,Spotted towhee,Pipiloma culatus,,free,Salmonella spp.,Salmonella,Salmonella,feces,yes,no,,,0,17,,,,NA,,NA,,,,,,,,NA,NA,NA,NA,NA,NA,NA,NA,Low,1
Navarro-Gonzalez et al.,2020,Navarro-Gonzalez et al. 2020,yes,Web of Science,"USA, California, San Benito County, Sacramento County, Stone Lakes National Wildlife Refuge",yes,North America,"Plate Culture, PCR confirm",Conventional,NA,NA,,NA,Animal,Bird,Passeriformes,Parulidae,Setophaga,Townsend's warbler,Setophaga townsendi,,free,Salmonella spp.,Salmonella,Salmonella,feces,yes,no,,,0,1,,,,NA,,NA,,,,,,"Birds broken down by weather at a commercial ranch, or National wildife reserve",,NA,NA,NA,NA,NA,NA,NA,NA,Low,1
Navarro-Gonzalez et al.,2020,Navarro-Gonzalez et al. 2020,yes,Web of Science,"USA, California, San Benito County, Sacramento County, Stone Lakes National Wildlife Refuge",yes,North America,"Plate Culture, PCR confirm",Conventional,NA,NA,,NA,Animal,Bird,Passeriformes,Hirundinidae,Tachycineta,Tree swallow,Tachycineta bicolor,,free,Salmonella spp.,Salmonella,Salmonella,feces,yes,no,,,0,3,,,,NA,,NA,,,,,,,,NA,NA,NA,NA,NA,NA,NA,NA,Low,1
Navarro-Gonzalez et al.,2020,Navarro-Gonzalez et al. 2020,yes,Web of Science,"USA, California, San Benito County, Sacramento County, Stone Lakes National Wildlife Refuge",yes,North America,"Plate Culture, PCR confirm",Conventional,NA,NA,,NA,Animal,Bird,Passeriformes,Vireonidae,Vireo,Warbling vireo,Vireo gilvus,,free,Salmonella spp.,Salmonella,Salmonella,feces,yes,no,,,0,1,,,,NA,,NA,,,,,,,,NA,NA,NA,NA,NA,NA,NA,NA,Low,1
Navarro-Gonzalez et al.,2020,Navarro-Gonzalez et al. 2020,yes,Web of Science,"USA, California, San Benito County, Sacramento County, Stone Lakes National Wildlife Refuge",yes,North America,"Plate Culture, PCR confirm",Conventional,NA,NA,,NA,Animal,Bird,Passeriformes,Tyrannidae,Tyrannus,Western kingbird,Tyrannus verticalis,,free,Salmonella spp.,Salmonella,Salmonella,feces,yes,no,,,0,1,,,,NA,,NA,,,,,,,,NA,NA,NA,NA,NA,NA,NA,NA,Low,1
Navarro-Gonzalez et al.,2020,Navarro-Gonzalez et al. 2020,yes,Web of Science,"USA, California, San Benito County, Sacramento County, Stone Lakes National Wildlife Refuge",yes,North America,"Plate Culture, PCR confirm",Conventional,NA,NA,,NA,Animal,Bird,Passeriformes,Sittidae,Sitta,White-breasted nuthatch,Sitta carolinensis,,free,Salmonella spp.,Salmonella,Salmonella,feces,yes,no,,,0,1,,,,NA,,NA,,,,,,,,NA,NA,NA,NA,NA,NA,NA,NA,Low,1
Navarro-Gonzalez et al.,2020,Navarro-Gonzalez et al. 2020,yes,Web of Science,"USA, California, San Benito County, Sacramento County, Stone Lakes National Wildlife Refuge",yes,North America,"Plate Culture, PCR confirm",Conventional,NA,NA,,NA,Animal,Bird,Passeriformes,Passerellidae,Zonotrichia,White-crowned sparrow,Zonotrichia leucophrys,,free,Salmonella spp.,Salmonella,Salmonella,feces,yes,no,,,0,90,,,,NA,,NA,,,,,,,,NA,NA,NA,NA,NA,NA,NA,NA,Low,1
Navarro-Gonzalez et al.,2020,Navarro-Gonzalez et al. 2020,yes,Web of Science,"USA, California, San Benito County, Sacramento County, Stone Lakes National Wildlife Refuge",yes,North America,"Plate Culture, PCR confirm",Conventional,NA,NA,,NA,Animal,Bird,Passeriformes,Tyrannidae,Empidonax,Willow flycatcher,Empidonax traillii,,free,Salmonella spp.,Salmonella,Salmonella,feces,yes,no,,,0,3,,,,NA,,NA,,,,,,,,NA,NA,NA,NA,NA,NA,NA,NA,Low,1
Navarro-Gonzalez et al.,2020,Navarro-Gonzalez et al. 2020,yes,Web of Science,"USA, California, San Benito County, Sacramento County, Stone Lakes National Wildlife Refuge",yes,North America,"Plate Culture, PCR confirm",Conventional,NA,NA,,NA,Animal,Bird,Passeriformes,Parulidae,Cardellina,Wilson's warbler,Cardellina pusilla,,free,Salmonella spp.,Salmonella,Salmonella,feces,yes,no,,,0,1,,,,NA,,NA,,,,,,"Birds broken down by weather at a commercial ranch, or National wildife reserve",,NA,NA,NA,NA,NA,NA,NA,NA,Low,1
Navarro-Gonzalez et al.,2020,Navarro-Gonzalez et al. 2020,yes,Web of Science,"USA, California, San Benito County, Sacramento County, Stone Lakes National Wildlife Refuge",yes,North America,"Plate Culture, PCR confirm",Conventional,NA,NA,,NA,Animal,Bird,Passeriformes,Sylviidae,Chamaea,Wrentit,Chamaea fasciata,,free,Salmonella spp.,Salmonella,Salmonella,feces,yes,no,,,0,6,,,,NA,,NA,,,,,,"Birds broken down by weather at a commercial ranch, or National wildife reserve",,NA,NA,NA,NA,NA,NA,NA,NA,Low,1
Navarro-Gonzalez et al.,2020,Navarro-Gonzalez et al. 2020,yes,Web of Science,"USA, California, San Benito County, Sacramento County, Stone Lakes National Wildlife Refuge",yes,North America,"Plate Culture, PCR confirm",Conventional,NA,NA,,NA,Animal,Bird,Passeriformes,Parulidae,Setophaga,Yellow warbler,Setophaga petechia,,free,Salmonella spp.,Salmonella,Salmonella,feces,yes,no,,,0,1,,,,NA,,NA,,,,,,"Birds broken down by weather at a commercial ranch, or National wildife reserve",,NA,NA,NA,NA,NA,NA,NA,NA,Low,1
Navarro-Gonzalez et al.,2020,Navarro-Gonzalez et al. 2020,yes,Web of Science,"USA, California, San Benito County, Sacramento County, Stone Lakes National Wildlife Refuge",yes,North America,"Plate Culture, PCR confirm",Conventional,NA,NA,,NA,Animal,Bird,Passeriformes,Parulidae,Setophaga,Yellow-rumped warbler,Setophaga coronata,,free,Salmonella spp.,Salmonella,Salmonella,feces,yes,no,,,0,47,,,,NA,,NA,,,,,,"Birds broken down by weather at a commercial ranch, or National wildife reserve",,NA,NA,NA,NA,NA,NA,NA,NA,Low,1
Oates et al.,2012,Oates et al. 2012,yes,Web of Science,"USA, Monteray Bay, California",yes,North America,"PCR (confirm), biochemical, Culture, Pulsed field gel electrophoresis ",Conventional,NA,NA,,NA,Animal,Bird,Charadriiformes,Laridae,Larus,,Larus spp.,Gull (genus),free,Salmonella,Salmonella,Salmonella,feces,yes,no,,,10,149,0.067,,,NA,,NA,,,,,,,,NA,NA,NA,NA,NA,NA,NA,NA,Low,1
Oosterom,1987,Oosterom 1987,from review article,article not found,Netherlands,no,Europe,Review of work,Conventional,NA,NA,,NA,Animal,Bird,Charadriiformes,Laridae,Larus,,,Gull (genus),?,Salmonella spp.,Salmonella,Salmonella,feces,yes,no,,,16,60,0.267,,,NA,,NA,,,,,,Edel et al,1976/1978,NA,NA,NA,NA,NA,NA,NA,NA,Low,1
Palmgren et al.,1997,Palmgren et al. 1997,yes,review,"Sweden, Malmo/Falsterbo/Nidingen",no,Europe,"biochemical/microscope, culture plate",Conventional,NA,NA,,variable swab,Animal,Bird,Charadriiformes,Laridae,Chroicocephalus,Black-headed gull,Larus ridibundus,,free,Salmonella,Salmonella,Salmonella,cloacal swab,yes,no,,,ND,41,,,,NA,,NA,,,,,,,,NA,NA,NA,NA,NA,NA,NA,NA,Low,1
Palmgren et al.,1997,Palmgren et al. 1997,yes,review,"Sweden, Malmo/Falsterbo/Nidingen",no,Europe,"biochemical/microscope, culture plate",Conventional,NA,NA,,NA,Animal,Bird,Passeriformes,Turdidae,Turdus,Common blackbird,Turdus merula,,free,Salmonella,Salmonella,Salmonella,feces,yes,no,,,2,32,,,,NA,,NA,,,,,,,,NA,NA,NA,NA,NA,NA,NA,NA,Low,1
Palmgren et al.,1997,Palmgren et al. 1997,yes,review,"Sweden, Malmo/Falsterbo/Nidingen",no,Europe,"biochemical/microscope, culture plate",Conventional,NA,NA,,NA,Animal,Bird,Passeriformes,Sturnidae,Sturnus,European starling,Sturnus vulgaris,,free,Salmonella,Salmonella,Salmonella,feces,yes,no,,,1,31,,,,NA,,NA,,,,,,,,NA,NA,NA,NA,NA,NA,NA,NA,Low,1
Palmgren et al.,1997,Palmgren et al. 1997,yes,review,"Sweden, Malmo/Falsterbo/Nidingen",no,Europe,"biochemical/microscope, culture plate",Conventional,NA,NA,,NA,Animal,Bird,Passeriformes,Turdidae,Turdus,Fieldfare,Turdus pilaris,,free,Salmonella,Salmonella,Salmonella,feces,yes,no,,,ND,5,,,,NA,,NA,,,,,,,,NA,NA,NA,NA,NA,NA,NA,NA,Low,1
Palmgren et al.,1997,Palmgren et al. 1997,yes,review,"Sweden, Malmo/Falsterbo/Nidingen",no,Europe,"biochemical/microscope, culture plate",Conventional,NA,NA,,variable swab,Animal,Bird,Charadriiformes,Laridae,Larus,Common gull,Larus canus,,free,Salmonella,Salmonella,Salmonella,cloacal swab,yes,no,,,ND,9,,,,NA,,NA,,,,,,,,NA,NA,NA,NA,NA,NA,NA,NA,Low,1
Palmgren et al.,1997,Palmgren et al. 1997,yes,review,"Sweden, Malmo/Falsterbo/Nidingen",no,Europe,"biochemical/microscope, culture plate",Conventional,NA,NA,,NA,Animal,Bird,Passeriformes,Turdidae,Turdus,Redwing,Turdus iliacus,,free,Salmonella,Salmonella,Salmonella,feces,yes,no,,,ND,4,,,,NA,,NA,,,,,,,,NA,NA,NA,NA,NA,NA,NA,NA,Low,1
Palmgren et al.,1997,Palmgren et al. 1997,yes,review,"Sweden, Malmo/Falsterbo/Nidingen",no,Europe,"biochemical/microscope, culture plate",Conventional,NA,NA,,NA,Animal,Bird,Anseriformes,Anatidae,Aythya,Ring ouzel,Turdus torquatus,,free,Salmonella,Salmonella,Salmonella,feces,yes,no,,,ND,2,,,,NA,,NA,,,,,,,,NA,NA,NA,NA,NA,NA,NA,NA,Low,1
Palmgren et al.,1997,Palmgren et al. 1997,yes,review,"Sweden, Malmo/Falsterbo/Nidingen",no,Europe,"biochemical/microscope, culture plate",Conventional,NA,NA,,NA,Animal,Bird,Passeriformes,Turdidae,Turdus,Song thrush,Turdus philomelos,,free,Salmonella,Salmonella,Salmonella,feces,yes,no,,,ND,27,,,,NA,,NA,,,,,,,,NA,NA,NA,NA,NA,NA,NA,NA,Low,1
Palmgren et al.,2004,Palmgren et al. 2004,yes,review,Sweden,no,Europe,"(Outside accredited lab Standard Method?), culture broth and plate.",Conventional,NA,NA,,NA,Animal,Bird,Falconiformes,Falconidae,Falco,Peregrine falcons,Falco peregrinus,,free,Salmonella,Salmonella,Salmonella,cloacal swab,yes,no,,,2,69,,,,NA,,NA,,,,,,,,NA,NA,NA,NA,NA,NA,NA,NA,Low,1
Palmgren et al.,2006,Palmgren et al. 2006,yes,review,"Sweden, Malmo, central park",no,Europe,"Culture, Method from accredited lab",Conventional,NA,NA,,NA,Animal,Bird,Charadriiformes,Laridae,Chroicocephalus,Black-headed gull,Larus ridibundus,,free,Salmonella,Salmonella,Salmonella,Cloacal swab,yes,no,,,28,1047,,,,NA,,NA,,,,,,,,NA,NA,NA,NA,NA,NA,NA,NA,High,3
Pao et al.,2014,Pao et al. 2014,yes,Google Scholar,"USA, Virginia, Petersburg, Virginia State University",yes,North America,"biochemical, culture broth and plate, standard method (AOAC approved method (998.09))",Conventional,NA,NA,,<=1g,Animal,Bird,Passeriformes,Icteridae,Molothrus,Brown-headed cowbird,Molothrus ater,,free,Salmonella,Salmonella,Salmonella,feces,yes,no,,,ND,16,,,,NA,,NA,,,,,,,,NA,NA,NA,NA,NA,NA,NA,NA,Moderate,2
Pao et al.,2014,Pao et al. 2014,yes,Google Scholar,"USA, Virginia, Petersburg, Virginia State University",yes,North America,"biochemical, culture broth and plate, standard method (AOAC approved method (998.09))",Conventional,NA,NA,,<=1g,Animal,Bird,Passeriformes,Passerellidae,Spizella,Chipping sparrow,Spizellaÿpasserinaÿ,,free,Salmonella,Salmonella,Salmonella,feces,yes,no,,,ND,1,,,,NA,,NA,,,,,,,,NA,NA,NA,NA,NA,NA,NA,NA,Moderate,2
Pao et al.,2014,Pao et al. 2014,yes,Google Scholar,"USA, Virginia, Petersburg, Virginia State University",yes,North America,"biochemical, culture broth and plate, standard method (AOAC approved method (998.09))",Conventional,NA,NA,,<=1g,Animal,Bird,Passeriformes,Passerellidae,Junco,Dark-eyed junco,Junco hyemalis,,free,Salmonella,Salmonella,Salmonella,feces,yes,no,,,ND,1,,,,NA,,NA,,,,,,,,NA,NA,NA,NA,NA,NA,NA,NA,Moderate,2
Pao et al.,2014,Pao et al. 2014,yes,Google Scholar,"USA, Virginia, Petersburg, Virginia State University",yes,North America,"biochemical, culture broth and plate, standard method (AOAC approved method (998.09))",Conventional,NA,NA,,<=1g,Animal,Bird,Passeriformes,Sturnidae,Sturnus,European starling,Sturnus vulgaris,,free,Salmonella,Salmonella,Salmonella,feces,yes,no,,,1,174,,,,NA,,NA,,,,,,,,NA,NA,NA,NA,NA,NA,NA,NA,Moderate,2
Pao et al.,2014,Pao et al. 2014,yes,Google Scholar,"USA, Virginia, Petersburg, Virginia State University",yes,North America,"biochemical, culture broth and plate, standard method (AOAC approved method (998.09))",Conventional,NA,NA,,<=1g,Animal,Bird,Passeriformes,Passeridae,Passer,House sparrow,Passer domesticus,,free,Salmonella,Salmonella,Salmonella,feces,yes,no,,,ND,40,,,,NA,,NA,,,,,,,,NA,NA,NA,NA,NA,NA,NA,NA,Moderate,2
Pao et al.,2014,Pao et al. 2014,yes,Google Scholar,"USA, Virginia, Petersburg, Virginia State University",yes,North America,"biochemical, culture broth and plate, standard method (AOAC approved method (998.09))",Conventional,NA,NA,,<=1g,Animal,Bird,Columbiformes,Columbidae,Zenaida,Mourning dove,Zenaida macroura,,free,Salmonella,Salmonella,Salmonella,feces,yes,no,,,ND,39,,,,NA,,NA,,,,,,,,NA,NA,NA,NA,NA,NA,NA,NA,Moderate,2
Pao et al.,2014,Pao et al. 2014,yes,Google Scholar,"USA, Virginia, Petersburg, Virginia State University",yes,North America,"biochemical, culture broth and plate, standard method (AOAC approved method (998.09))",Conventional,NA,NA,,<=1g,Animal,Bird,Passeriformes,Parulidae,Setophaga,Myrtle warbler,Setophaga coronata coronata,,free,Salmonella,Salmonella,Salmonella,feces,yes,no,,,ND,1,,,,NA,,NA,,,,,,,,NA,NA,NA,NA,NA,NA,NA,NA,Moderate,2
Pao et al.,2014,Pao et al. 2014,yes,Google Scholar,"USA, Virginia, Petersburg, Virginia State University",yes,North America,"biochemical, culture broth and plate, standard method (AOAC approved method (998.09))",Conventional,NA,NA,,<=1g,Animal,Bird,Passeriformes,Cardinalidae,Cardinalis,Northern cardinal,Cardinalis cardinalis,,free,Salmonella,Salmonella,Salmonella,feces,yes,no,,,ND,2,,,,NA,,NA,,,,,,,,NA,NA,NA,NA,NA,NA,NA,NA,Moderate,2
Pao et al.,2014,Pao et al. 2014,yes,Google Scholar,"USA, Virginia, Petersburg, Virginia State University",yes,North America,"biochemical, culture broth and plate, standard method (AOAC approved method (998.09))",Conventional,NA,NA,,<=1g,Animal,Bird,Passeriformes,Mimidae,Mimus,Northern mockingbird,Mimus polyglottos,,free,Salmonella,Salmonella,Salmonella,feces,yes,no,,,ND,1,,,,NA,,NA,,,,,,,,NA,NA,NA,NA,NA,NA,NA,NA,Moderate,2
Pao et al.,2014,Pao et al. 2014,yes,Google Scholar,"USA, Virginia, Petersburg, Virginia State University",yes,North America,"biochemical, culture broth and plate, standard method (AOAC approved method (998.09))",Conventional,NA,NA,,<=1g,Animal,Bird,Passeriformes,Parulidae,Setophaga,Palm warbler,Dendroica palmarum palmarum,,free,Salmonella,Salmonella,Salmonella,feces,yes,no,,,ND,1,,,,NA,,NA,,,,,,,,NA,NA,NA,NA,NA,NA,NA,NA,Moderate,2
Pao et al.,2014,Pao et al. 2014,yes,Google Scholar,"USA, Virginia, Petersburg, Virginia State University",yes,North America,"biochemical, culture broth and plate, standard method (AOAC approved method (998.09))",Conventional,NA,NA,,<=1g,Animal,Bird,Columbiformes,Columbidae,Columba,Pigeon,Columba livi,,free,Salmonella,Salmonella,Salmonella,feces,yes,no,,,ND,144,,,,NA,,NA,,,,,,,,NA,NA,NA,NA,NA,NA,NA,NA,Moderate,2
Pao et al.,2014,Pao et al. 2014,yes,Google Scholar,"USA, Virginia, Petersburg, Virginia State University",yes,North America,"biochemical, culture broth and plate, standard method (AOAC approved method (998.09))",Conventional,NA,NA,,<=1g,Animal,Bird,Passeriformes,Passerellidae,Passerculus,Savannah sparrow,Passerculus sandwichensis,,free,Salmonella,Salmonella,Salmonella,feces,yes,no,,,ND,8,,,,NA,,NA,,,,,,,,NA,NA,NA,NA,NA,NA,NA,NA,Moderate,2
Pao et al.,2014,Pao et al. 2014,yes,Google Scholar,"USA, Virginia, Petersburg, Virginia State University",yes,North America,"biochemical, culture broth and plate, standard method (AOAC approved method (998.09))",Conventional,NA,NA,,<=1g,Animal,Bird,Passeriformes,Passerellidae,Melospiza,Song sparrow,Melospiza melodia,,free,Salmonella,Salmonella,Salmonella,feces,yes,no,,,ND,14,,,,NA,,NA,,,,,,,,NA,NA,NA,NA,NA,NA,NA,NA,Moderate,2
Pao et al.,2014,Pao et al. 2014,yes,Google Scholar,"USA, Virginia, Petersburg, Virginia State University",yes,North America,"biochemical, culture broth and plate, standard method (AOAC approved method (998.09))",Conventional,NA,NA,,<=1g,Animal,Bird,Passeriformes,Passerellidae,Melospiza,Swamp sparrow,Melospiza georgiana,,free,Salmonella,Salmonella,Salmonella,feces,yes,no,,,ND,3,,,,NA,,NA,,,,,,,,NA,NA,NA,NA,NA,NA,NA,NA,Moderate,2
Pao et al.,2014,Pao et al. 2014,yes,Google Scholar,"USA, Virginia, Petersburg, Virginia State University",yes,North America,"biochemical, culture broth and plate, standard method (AOAC approved method (998.09))",Conventional,NA,NA,,<=1g,Animal,Bird,Passeriformes,Passerellidae,Zonotrichia,White-throated sparrow,Zonotrichia albicollis,,free,Salmonella,Salmonella,Salmonella,feces,yes,no,,,ND,1,,,,NA,,NA,,,,,,,,NA,NA,NA,NA,NA,NA,NA,NA,Moderate,2
Pearson et al.,2016,Pearson et al. 2016,yes,Google Scholar,"Australia, Southern, piggery",no,Western Pacific,"biochemical, culture broth and plate",Conventional,NA,NA,,swab,Animal,Bird,Passeriformes,Sturnidae,Sturnus,European starling,Sturnus vulgaris,,free,Salmonella spp.,Salmonella,Salmonella,cloacal swab,yes,no,,,6,473,,,,NA,,NA,,,,,,,,NA,NA,NA,NA,NA,NA,NA,NA,High,3
"Plant, C. W.",1978,"Plant, C. W. 1978",? Yes journal no longer published,review,"UK, England, East London, Wanstead/Epping,sewage treatment",no,Europe,"Biochemical/seriology, broth, tube culture, confirm at reference lab",Conventional,NA,NA,,NA,Animal,Bird,Passeriformes,Hirundinidae,Hirundo,Barn swallow,Hirundo rustica,,free,Salmonella,Salmonella,Salmonella,feces,yes,no,,,0,1,,,,NA,,NA,,,,,,,,NA,NA,NA,NA,NA,NA,NA,NA,Moderate,2
"Plant, C. W.",1978,"Plant, C. W. 1978",? Yes journal no longer published,review,"UK, England, East London, Wanstead/Epping,sewage treatment",no,Europe,"Biochemical/seriology, broth, tube culture, confirm at reference lab",Conventional,NA,NA,,NA,Animal,Bird,Passeriformes,Paridae,Cyanistes,Blue tit,Cyanistes caeruleus,,free,Salmonella,Salmonella,Salmonella,feces,yes,no,,,0,26,,,,NA,,NA,,,,,,,,NA,NA,NA,NA,NA,NA,NA,NA,Moderate,2
"Plant, C. W.",1978,"Plant, C. W. 1978",? Yes journal no longer published,review,"UK, England, East London, Wanstead/Epping,sewage treatment",no,Europe,"Biochemical/seriology, broth, tube culture, confirm at reference lab",Conventional,NA,NA,,NA,Animal,Bird,Passeriformes,Paridae,Periparus,Coal tit,Pants ater,,free,Salmonella,Salmonella,Salmonella,feces,yes,no,,,0,1,,,,NA,,NA,,,,,,,,NA,NA,NA,NA,NA,NA,NA,NA,Moderate,2
"Plant, C. W.",1978,"Plant, C. W. 1978",? Yes journal no longer published,review,"UK, England, East London, Wanstead/Epping,sewage treatment",no,Europe,"Biochemical/seriology, broth, tube culture, confirm at reference lab",Conventional,NA,NA,,NA,Animal,Bird,Passeriformes,Turdidae,Turdus,Common blackbird,Turdus merula,,free,Salmonella,Salmonella,Salmonella,feces,yes,no,,,0,41,,,,NA,,NA,,,,,,,,NA,NA,NA,NA,NA,NA,NA,NA,Moderate,2
"Plant, C. W.",1978,"Plant, C. W. 1978",? Yes journal no longer published,review,"UK, England, East London, Wanstead/Epping,sewage treatment",no,Europe,"Biochemical/seriology, broth, tube culture, confirm at reference lab",Conventional,NA,NA,,NA,Animal,Bird,Passeriformes,Fringillidae,Fringilla,Common chaffinch,Fringilla coelebs,,free,Salmonella,Salmonella,Salmonella,feces,yes,no,,,0,16,,,,NA,,NA,,,,,,,,NA,NA,NA,NA,NA,NA,NA,NA,Moderate,2
"Plant, C. W.",1978,"Plant, C. W. 1978",? Yes journal no longer published,review,"UK, England, East London, Wanstead/Epping,sewage treatment",no,Europe,"Biochemical/seriology, broth, tube culture, confirm at reference lab",Conventional,NA,NA,,NA,Animal,Bird,Passeriformes,Hirundinidae,Delichon,Common house martin,Delichon urbica,,free,Salmonella,Salmonella,Salmonella,feces,yes,no,,,0,14,,,,NA,,NA,,,,,,,,NA,NA,NA,NA,NA,NA,NA,NA,Moderate,2
"Plant, C. W.",1978,"Plant, C. W. 1978",? Yes journal no longer published,review,"UK, England, East London, Wanstead/Epping,sewage treatment",no,Europe,"Biochemical/seriology, broth, tube culture, confirm at reference lab",Conventional,NA,NA,,NA,Animal,Bird,Falconiformes,Falconidae,Falco,Common kestrel,Falco tinnunculus,,free,Salmonella,Salmonella,Salmonella,feces,yes,no,,,0,1,,,,NA,,NA,,,,,,,,NA,NA,NA,NA,NA,NA,NA,NA,Moderate,2
"Plant, C. W.",1978,"Plant, C. W. 1978",? Yes journal no longer published,review,"UK, England, East London, Wanstead/Epping,sewage treatment",no,Europe,"Biochemical/seriology, broth, tube culture, confirm at reference lab",Conventional,NA,NA,,NA,Animal,Bird,Passeriformes,Fringillidae,Linaria,Common linnet,Acanthis cannabina,,free,Salmonella,Salmonella,Salmonella,feces,yes,no,,,0,3,,,,NA,,NA,,,,,,,,NA,NA,NA,NA,NA,NA,NA,NA,Moderate,2
"Plant, C. W.",1978,"Plant, C. W. 1978",? Yes journal no longer published,review,"UK, England, East London, Wanstead/Epping,sewage treatment",no,Europe,"Biochemical/seriology, broth, tube culture, confirm at reference lab",Conventional,NA,NA,,NA,Animal,Bird,Passeriformes,Fringillidae,Acanthis,Common redpoll ,Acanthis flammea,,free,Salmonella,Salmonella,Salmonella,feces,yes,no,,,0,14,,,,NA,,NA,,,,,,,,NA,NA,NA,NA,NA,NA,NA,NA,Moderate,2
"Plant, C. W.",1978,"Plant, C. W. 1978",? Yes journal no longer published,review,"UK, England, East London, Wanstead/Epping,sewage treatment",no,Europe,"Biochemical/seriology, broth, tube culture, confirm at reference lab",Conventional,NA,NA,,NA,Animal,Bird,Passeriformes,Emberizidae,Emberiza,Common reed bunting,Emberiza schoeniclu,,free,Salmonella,Salmonella,Salmonella,feces,yes,no,,,0,5,,,,NA,,NA,,,,,,,,NA,NA,NA,NA,NA,NA,NA,NA,Moderate,2
"Plant, C. W.",1978,"Plant, C. W. 1978",? Yes journal no longer published,review,"UK, England, East London, Wanstead/Epping,sewage treatment",no,Europe,"Biochemical/seriology, broth, tube culture, confirm at reference lab",Conventional,NA,NA,,NA,Animal,Bird,Passeriformes,Sylviidae,Sylvia,Common whitethroat,Sylvia communis,,free,Salmonella,Salmonella,Salmonella,feces,yes,no,,,0,4,,,,NA,,NA,,,,,,,,NA,NA,NA,NA,NA,NA,NA,NA,Moderate,2
"Plant, C. W.",1978,"Plant, C. W. 1978",? Yes journal no longer published,review,"UK, England, East London, Wanstead/Epping,sewage treatment",no,Europe,"Biochemical/seriology, broth, tube culture, confirm at reference lab",Conventional,NA,NA,,NA,Animal,Bird,Columbiformes,Columbinae,Columba,Common wood pigeon,Columba palumbu,,free,Salmonella,Salmonella,Salmonella,feces,yes,no,,,0,2,,,,NA,,NA,,,,,,,,NA,NA,NA,NA,NA,NA,NA,NA,Moderate,2
"Plant, C. W.",1978,"Plant, C. W. 1978",? Yes journal no longer published,review,"UK, England, East London, Wanstead/Epping,sewage treatment",no,Europe,"Biochemical/seriology, broth, tube culture, confirm at reference lab",Conventional,NA,NA,,NA,Animal,Bird,Passeriformes,Prunellidae,Prunella,Dunnock,Prunella modularis,,free,Salmonella,Salmonella,Salmonella,feces,yes,no,,,1,31,,,,NA,,NA,,,,,,,,NA,NA,NA,NA,NA,NA,NA,NA,Moderate,2
"Plant, C. W.",1978,"Plant, C. W. 1978",? Yes journal no longer published,review,"UK, England, East London, Wanstead/Epping,sewage treatment",no,Europe,"Biochemical/seriology, broth, tube culture, confirm at reference lab",Conventional,NA,NA,,NA,Animal,Bird,Passeriformes,Sylviidae,Sylvia,Eurasian blackcap,Sylvia atricapilla,,free,Salmonella,Salmonella,Salmonella,feces,yes,no,,,0,11,,,,NA,,NA,,,,,,,,NA,NA,NA,NA,NA,NA,NA,NA,Moderate,2
"Plant, C. W.",1978,"Plant, C. W. 1978",? Yes journal no longer published,review,"UK, England, East London, Wanstead/Epping,sewage treatment",no,Europe,"Biochemical/seriology, broth, tube culture, confirm at reference lab",Conventional,NA,NA,,NA,Animal,Bird,Passeriformes,Fringillidae,Pyrrhula,Eurasian bullfinch,Pyrrhula pyrrhula,,free,Salmonella,Salmonella,Salmonella,feces,yes,no,,,0,7,,,,NA,,NA,,,,,,,,NA,NA,NA,NA,NA,NA,NA,NA,Moderate,2
"Plant, C. W.",1978,"Plant, C. W. 1978",? Yes journal no longer published,review,"UK, England, East London, Wanstead/Epping,sewage treatment",no,Europe,"Biochemical/seriology, broth, tube culture, confirm at reference lab",Conventional,NA,NA,,NA,Animal,Bird,Passeriformes,Corvidae,Garrulus,Eurasian jay,Garrulus glandarius,,free,Salmonella,Salmonella,Salmonella,feces,yes,no,,,0,1,,,,NA,,NA,,,,,,,,NA,NA,NA,NA,NA,NA,NA,NA,Moderate,2
"Plant, C. W.",1978,"Plant, C. W. 1978",? Yes journal no longer published,review,"UK, England, East London, Wanstead/Epping,sewage treatment",no,Europe,"Biochemical/seriology, broth, tube culture, confirm at reference lab",Conventional,NA,NA,,NA,Animal,Bird,Coraciiformes,Alcedinidae,Alcedo,Eurasian kingfisher,Alcedo atthis,,free,Salmonella,Salmonella,Salmonella,feces,yes,no,,,0,2,,,,NA,,NA,,,,,,,,NA,NA,NA,NA,NA,NA,NA,NA,Moderate,2
"Plant, C. W.",1978,"Plant, C. W. 1978",? Yes journal no longer published,review,"UK, England, East London, Wanstead/Epping,sewage treatment",no,Europe,"Biochemical/seriology, broth, tube culture, confirm at reference lab",Conventional,NA,NA,,NA,Animal,Bird,Passeriformes,Corvidae,Pica,Eurasian magpie,Pica pica,,free,Salmonella,Salmonella,Salmonella,feces,yes,no,,,0,1,,,,NA,,NA,,,,,,,,NA,NA,NA,NA,NA,NA,NA,NA,Moderate,2
"Plant, C. W.",1978,"Plant, C. W. 1978",? Yes journal no longer published,review,"UK, England, East London, Wanstead/Epping,sewage treatment",no,Europe,"Biochemical/seriology, broth, tube culture, confirm at reference lab",Conventional,NA,NA,,NA,Animal,Bird,Passeriformes,Acrocephalidae,Acrocephalus,Eurasian reed warbler,Acroceph. scirpaceus,,free,Salmonella,Salmonella,Salmonella,feces,yes,no,,,0,10,,,,NA,,NA,,,,,,,,NA,NA,NA,NA,NA,NA,NA,NA,Moderate,2
"Plant, C. W.",1978,"Plant, C. W. 1978",? Yes journal no longer published,review,"UK, England, East London, Wanstead/Epping,sewage treatment",no,Europe,"Biochemical/seriology, broth, tube culture, confirm at reference lab",Conventional,NA,NA,,NA,Animal,Bird,Passeriformes,Passeridae,Passer,Eurasian tree sparrow,Passer montanus,,free,Salmonella,Salmonella,Salmonella,feces,yes,no,,,0,43,,,,NA,,NA,,,,,,,,NA,NA,NA,NA,NA,NA,NA,NA,Moderate,2
"Plant, C. W.",1978,"Plant, C. W. 1978",? Yes journal no longer published,review,"UK, England, East London, Wanstead/Epping,sewage treatment",no,Europe,"Biochemical/seriology, broth, tube culture, confirm at reference lab",Conventional,NA,NA,,NA,Animal,Bird,Passeriformes,Fringillidae,Carduelis,European goldfinch ,Carduelis carduelis,,free,Salmonella,Salmonella,Salmonella,feces,yes,no,,,0,61,,,,NA,,NA,,,,,,,,NA,NA,NA,NA,NA,NA,NA,NA,Moderate,2
"Plant, C. W.",1978,"Plant, C. W. 1978",? Yes journal no longer published,review,"UK, England, East London, Wanstead/Epping,sewage treatment",no,Europe,"Biochemical/seriology, broth, tube culture, confirm at reference lab",Conventional,NA,NA,,NA,Animal,Bird,Passeriformes,Fringillidae,Chloris,European greenfinch,Carduelis chloris,,free,Salmonella,Salmonella,Salmonella,feces,yes,no,,,0,20,,,,NA,,NA,,,,,,,,NA,NA,NA,NA,NA,NA,NA,NA,Moderate,2
"Plant, C. W.",1978,"Plant, C. W. 1978",? Yes journal no longer published,review,"UK, England, East London, Wanstead/Epping,sewage treatment",no,Europe,"Biochemical/seriology, broth, tube culture, confirm at reference lab",Conventional,NA,NA,,NA,Animal,Bird,Passeriformes,Muscicapidae,Erithacus,European robin,Erithacus rubecula,,free,Salmonella,Salmonella,Salmonella,feces,yes,no,,,0,13,,,,NA,,NA,,,,,,,,NA,NA,NA,NA,NA,NA,NA,NA,Moderate,2
"Plant, C. W.",1978,"Plant, C. W. 1978",? Yes journal no longer published,review,"UK, England, East London, Wanstead/Epping,sewage treatment",no,Europe,"Biochemical/seriology, broth, tube culture, confirm at reference lab",Conventional,NA,NA,,NA,Animal,Bird,Passeriformes,Sturnidae,Sturnus,European starling,Sturnus vulgaris,,free,Salmonella,Salmonella,Salmonella,feces,yes,no,,,0,40,,,,NA,,NA,,,,,,,,NA,NA,NA,NA,NA,NA,NA,NA,Moderate,2
"Plant, C. W.",1978,"Plant, C. W. 1978",? Yes journal no longer published,review,"UK, England, East London, Wanstead/Epping,sewage treatment",no,Europe,"Biochemical/seriology, broth, tube culture, confirm at reference lab",Conventional,NA,NA,,NA,Animal,Bird,Passeriformes,Paridae,Parus,Great tit,Pants major,,free,Salmonella,Salmonella,Salmonella,feces,yes,no,,,0,7,,,,NA,,NA,,,,,,,,NA,NA,NA,NA,NA,NA,NA,NA,Moderate,2
"Plant, C. W.",1978,"Plant, C. W. 1978",? Yes journal no longer published,review,"UK, England, East London, Wanstead/Epping,sewage treatment",no,Europe,"Biochemical/seriology, broth, tube culture, confirm at reference lab",Conventional,NA,NA,,NA,Animal,Bird,Passeriformes,Passeridae,Passer,House sparrow,Passer domesticu,,free,Salmonella,Salmonella,Salmonella,feces,yes,no,,,0,153,,,,NA,,NA,,,,,,,,NA,NA,NA,NA,NA,NA,NA,NA,Moderate,2
"Plant, C. W.",1978,"Plant, C. W. 1978",? Yes journal no longer published,review,"UK, England, East London, Wanstead/Epping,sewage treatment",no,Europe,"Biochemical/seriology, broth, tube culture, confirm at reference lab",Conventional,NA,NA,,NA,Animal,Bird,Piciformes,Picidae,Dryobates,Lesser spotted woodpecker,Dendrocopos minor,,free,Salmonella,Salmonella,Salmonella,feces,yes,no,,,0,1,,,,NA,,NA,,,,,,,,NA,NA,NA,NA,NA,NA,NA,NA,Moderate,2
"Plant, C. W.",1978,"Plant, C. W. 1978",? Yes journal no longer published,review,"UK, England, East London, Wanstead/Epping,sewage treatment",no,Europe,"Biochemical/seriology, broth, tube culture, confirm at reference lab",Conventional,NA,NA,,NA,Animal,Bird,Passeriformes,Sylviidae,Sylvia,Lesser whitethroat,Sylvia curruca,,free,Salmonella,Salmonella,Salmonella,feces,yes,no,,,0,5,,,,NA,,NA,,,,,,,,NA,NA,NA,NA,NA,NA,NA,NA,Moderate,2
"Plant, C. W.",1978,"Plant, C. W. 1978",? Yes journal no longer published,review,"UK, England, East London, Wanstead/Epping,sewage treatment",no,Europe,"Biochemical/seriology, broth, tube culture, confirm at reference lab",Conventional,NA,NA,,NA,Animal,Bird,Passeriformes,Motacillidae,Anthus,Meadow pipit,Anthus pratensis,,free,Salmonella,Salmonella,Salmonella,feces,yes,no,,,0,1,,,,NA,,NA,,,,,,,,NA,NA,NA,NA,NA,NA,NA,NA,Moderate,2
"Plant, C. W.",1978,"Plant, C. W. 1978",? Yes journal no longer published,review,"UK, England, East London, Wanstead/Epping,sewage treatment",no,Europe,"Biochemical/seriology, broth, tube culture, confirm at reference lab",Conventional,NA,NA,,NA,Animal,Bird,Passeriformes,Motacillidae,Motacilla,Pied wagtail,Motacilla alba,,free,Salmonella,Salmonella,Salmonella,feces,yes,no,,,0,10,,,,NA,,NA,,,,,,,,NA,NA,NA,NA,NA,NA,NA,NA,Moderate,2
"Plant, C. W.",1978,"Plant, C. W. 1978",? Yes journal no longer published,review,"UK, England, East London, Wanstead/Epping,sewage treatment",no,Europe,"Biochemical/seriology, broth, tube culture, confirm at reference lab",Conventional,NA,NA,,NA,Animal,Bird,Galliformes,Phasianidae,Alectoris,Red-legged partridge,Alectoris rufa,,free,Salmonella,Salmonella,Salmonella,feces,yes,no,,,0,1,,,,NA,,NA,,,,,,,,NA,NA,NA,NA,NA,NA,NA,NA,Moderate,2
"Plant, C. W.",1978,"Plant, C. W. 1978",? Yes journal no longer published,review,"UK, England, East London, Wanstead/Epping,sewage treatment",no,Europe,"Biochemical/seriology, broth, tube culture, confirm at reference lab",Conventional,NA,NA,,NA,Animal,Bird,Passeriformes,Acrocephalidae,Acrocephalus,Sedge warbler,Acrocephalusÿschoenobaenus,,free,Salmonella,Salmonella,Salmonella,feces,yes,no,,,0,3,,,,NA,,NA,,,,,,,,NA,NA,NA,NA,NA,NA,NA,NA,Moderate,2
"Plant, C. W.",1978,"Plant, C. W. 1978",? Yes journal no longer published,review,"UK, England, East London, Wanstead/Epping,sewage treatment",no,Europe,"Biochemical/seriology, broth, tube culture, confirm at reference lab",Conventional,NA,NA,,NA,Animal,Bird,Passeriformes,Turdidae,Turdus,Song thrush,Turdus philomelos,,free,Salmonella,Salmonella,Salmonella,feces,yes,no,,,0,14,,,,NA,,NA,,,,,,,,NA,NA,NA,NA,NA,NA,NA,NA,Moderate,2
"Plant, C. W.",1978,"Plant, C. W. 1978",? Yes journal no longer published,review,"UK, England, East London, Wanstead/Epping,sewage treatment",no,Europe,"Biochemical/seriology, broth, tube culture, confirm at reference lab",Conventional,NA,NA,,NA,Animal,Bird,Passeriformes,Muscicapidae,Muscicapa,Spotted flycatcher,Muscicapa striata,,free,Salmonella,Salmonella,Salmonella,feces,yes,no,,,0,3,,,,NA,,NA,,,,,,,,NA,NA,NA,NA,NA,NA,NA,NA,Moderate,2
"Plant, C. W.",1978,"Plant, C. W. 1978",? Yes journal no longer published,review,"UK, England, East London, Wanstead/Epping,sewage treatment",no,Europe,"Biochemical/seriology, broth, tube culture, confirm at reference lab",Conventional,NA,NA,,NA,Animal,Bird,Passeriformes,Paridae,Poecile,Willow tit,Pants monianus,,free,Salmonella,Salmonella,Salmonella,feces,yes,no,,,0,2,,,,NA,,NA,,,,,,,,NA,NA,NA,NA,NA,NA,NA,NA,Moderate,2
"Plant, C. W.",1978,"Plant, C. W. 1978",? Yes journal no longer published,review,"UK, England, East London, Wanstead/Epping,sewage treatment",no,Europe,"Biochemical/seriology, broth, tube culture, confirm at reference lab",Conventional,NA,NA,,NA,Animal,Bird,Passeriformes,Phylloscopidae,Phylloscopus,Willow warbler,Phylloscopus trochilus,,free,Salmonella,Salmonella,Salmonella,feces,yes,no,,,0,4,,,,NA,,NA,,,,,,,,NA,NA,NA,NA,NA,NA,NA,NA,Moderate,2
"Plant, C. W.",1978,"Plant, C. W. 1978",? Yes journal no longer published,review,"UK, England, East London, Wanstead/Epping,sewage treatment",no,Europe,"Biochemical/seriology, broth, tube culture, confirm at reference lab",Conventional,NA,NA,,NA,Animal,Bird,Passeriformes,Troglodytidae,Troglodytes,Wren,Troglodytes troglodytes,,free,Salmonella,Salmonella,Salmonella,feces,yes,no,,,0,8,,,,NA,,NA,,,,,,,,NA,NA,NA,NA,NA,NA,NA,NA,Moderate,2
"Plant, C. W.",1978,"Plant, C. W. 1978",? Yes journal no longer published,review,"UK, England, East London, Wanstead/Epping,sewage treatment",no,Europe,"Biochemical/seriology, broth, tube culture, confirm at reference lab",Conventional,NA,NA,,NA,Animal,Bird,Passeriformes,Emberizidae,Emberiza,Yellowhammer,Emberiza citrinella,,free,Salmonella,Salmonella,Salmonella,feces,yes,no,,,0,5,,,,NA,,NA,,,,,,,,NA,NA,NA,NA,NA,NA,NA,NA,Moderate,2
Plaza-Rodriguez et al.,2021,Plaza-Rodriguez et al. 2021,yes ,Google Scholar,Germany,no,Europe,Standard emthods (ISO 6579:2002),Conventional,NA,NA,,NA,Animal,Bird,Anseriformes,Anatidae,,,,Duck and Geese,free,Salmonella spp.,Salmonella,Salmonella,"feces, hunted animal",yes,no,,,ND,101,,,,NA,,NA,,,,,,,,NA,NA,NA,NA,NA,NA,NA,NA,Very Low,0
Quessy and Messier,1992,Quessy and Messier 1992,yes,review,"Canada, Garbage Dump 80 km SE Montreal",no,Northa America,"Biochemical, agglutination, broth and plate culture",Conventional,NA,NA,,swab variable,Animal,Bird,Charadriiformes,Laridae,Larus,Ring-billed gull,Larus delawarensis,,free,Salmonella spp.,Salmonella,Salmonella,Cloacal swab,yes,no,,,6,46,,,,NA,,NA,,,,,,,,NA,NA,NA,NA,NA,NA,NA,NA,High,3
Quessy and Messier,1992,Quessy and Messier 1992,yes,review,"Canada, Montreal, Ile de la Couvee",no,Northa America,"Biochemical, agglutination, broth and plate culture",Conventional,NA,NA,,swab variable,Animal,Bird,Charadriiformes,Laridae,Larus,Ring-billed gull,Larus delawarensis,,free,Salmonella spp.,Salmonella,Salmonella,Cloacal swab,yes,no,,,5,79,,,,NA,,NA,,,,,,,,NA,NA,NA,NA,NA,NA,NA,NA,High,3
Quessy and Messier,1992,Quessy and Messier 1992,yes,review,"Canada, Montreal, Ile St-Ours",no,Northa America,"Biochemical, agglutination, broth and plate culture",Conventional,NA,NA,,swab variable,Animal,Bird,Charadriiformes,Laridae,Larus,Ring-billed gull,Larus delawarensis,,free,Salmonella spp.,Salmonella,Salmonella,Cloacal swab,yes,no,,,9,83,,,,NA,,NA,,,,,,,,NA,NA,NA,NA,NA,NA,NA,NA,High,3
Quessy and Messier,1992,Quessy and Messier 1992,yes,review,"Canada, Montreal, St. Lawerence River",no,Northa America,"Biochemical, agglutination, broth and plate culture",Conventional,NA,NA,,swab variable,Animal,Bird,Charadriiformes,Laridae,Larus,Ring-billed gull,Larus delawarensis,,free,Salmonella spp.,Salmonella,Salmonella,Cloacal swab,yes,no,,,23,264,,,,NA,,NA,,,,,,,,NA,NA,NA,NA,NA,NA,NA,NA,High,3
Quessy and Messier,1992,Quessy and Messier 1992,yes,review,"Canada, Shoreline 50 km E Montreal",no,Northa America,"Biochemical, agglutination, broth and plate culture",Conventional,NA,NA,,swab variable,Animal,Bird,Charadriiformes,Laridae,Larus,Ring-billed gull,Larus delawarensis,,free,Salmonella spp.,Salmonella,Salmonella,Cloacal swab,yes,no,,,3,56,,,,NA,,NA,,,,,,,,NA,NA,NA,NA,NA,NA,NA,NA,High,3
Reche et al.,2003,Reche et al. 2003,yes,review,Spain,no,Europe,"biochemical, culture broth and plate",Conventional,NA,NA,,NA,Animal,Bird,Strigiformes,Tytonidae,Tyto,Barn owl,Tyto alba,,captive,Salmonella,Salmonella,Salmonella,cloacal swab,yes,no,,,ND,2,,,,NA,,NA,,,,,,Serotype data only exists for captive birds,,NA,NA,NA,NA,NA,NA,NA,NA,Low,1
Reche et al.,2003,Reche et al. 2003,yes,review,Spain,no,Europe,"biochemical, culture broth and plate",Conventional,NA,NA,,NA,Animal,Bird,Strigiformes,Tytonidae,Tyto,Barn owl,Tyto alba,,free,Salmonella,Salmonella,Salmonella,cloacal swab,yes,no,,,2,13,,,,NA,,NA,,,,,,,,NA,NA,NA,NA,NA,NA,NA,NA,Low,1
Reche et al.,2003,Reche et al. 2003,yes,review,Spain,no,Europe,"biochemical, culture broth and plate",Conventional,NA,NA,,NA,Animal,Bird,Accipitriformes,Accipitridae,Milvus,Black kite,Milvus migrans,,free,Salmonella,Salmonella,Salmonella,cloacal swab,yes,no,,,ND,3,,,,NA,,NA,,,,,,,,NA,NA,NA,NA,NA,NA,NA,NA,Low,1
Reche et al.,2003,Reche et al. 2003,yes,review,Spain,no,Europe,"biochemical, culture broth and plate",Conventional,NA,NA,,NA,Animal,Bird,Accipitriformes,Accipitridae,Milvus,Black kite,Milvus migrans,,captive,Salmonella,Salmonella,Salmonella,cloacal swab,yes,no,,,ND,5,,,,NA,,NA,,,,,,Serotype data only exists for captive birds,,NA,NA,NA,NA,NA,NA,NA,NA,Low,1
Reche et al.,2003,Reche et al. 2003,yes,review,Spain,no,Europe,"biochemical, culture broth and plate",Conventional,NA,NA,,NA,Animal,Bird,Accipitriformes,Accipitridae,Elanus,Black-winged kite,Elanus caeruleus,,free,Salmonella,Salmonella,Salmonella,cloacal swab,yes,no,,,ND,2,,,,NA,,NA,,,,,,,,NA,NA,NA,NA,NA,NA,NA,NA,Low,1
Reche et al.,2003,Reche et al. 2003,yes,review,Spain,no,Europe,"biochemical, culture broth and plate",Conventional,NA,NA,,NA,Animal,Bird,Accipitriformes,Accipitridae,Aquila,Bonelli's eagle,Hieraaetus fasciatus,,captive,Salmonella,Salmonella,Salmonella,cloacal swab,yes,no,,,ND,6,,,,NA,,NA,,,,,,Serotype data only exists for captive birds,,NA,NA,NA,NA,NA,NA,NA,NA,Low,1
Reche et al.,2003,Reche et al. 2003,yes,review,Spain,no,Europe,"biochemical, culture broth and plate",Conventional,NA,NA,,NA,Animal,Bird,Accipitriformes,Accipitridae,Aquila,Bonelli's eagle,Hieraaetus fasciatus,,free,Salmonella,Salmonella,Salmonella,cloacal swab,yes,no,,,ND,7,,,,NA,,NA,,,,,,,,NA,NA,NA,NA,NA,NA,NA,NA,Low,1
Reche et al.,2003,Reche et al. 2003,yes,review,Spain,no,Europe,"biochemical, culture broth and plate",Conventional,NA,NA,,NA,Animal,Bird,Accipitriformes,Accipitridae,Hieraaetus,Booted eagle,Hieraaetus pennatus,,captive,Salmonella,Salmonella,Salmonella,cloacal swab,yes,no,,,ND,2,,,,NA,,NA,,,,,,Serotype data only exists for captive birds,,NA,NA,NA,NA,NA,NA,NA,NA,Low,1
Reche et al.,2003,Reche et al. 2003,yes,review,Spain,no,Europe,"biochemical, culture broth and plate",Conventional,NA,NA,,NA,Animal,Bird,Accipitriformes,Accipitridae,Hieraaetus,Booted eagle,Hieraaetus pennatus,,free,Salmonella,Salmonella,Salmonella,cloacal swab,yes,no,,,ND,6,,,,NA,,NA,,,,,,,,NA,NA,NA,NA,NA,NA,NA,NA,Low,1
Reche et al.,2003,Reche et al. 2003,yes,review,Spain,no,Europe,"biochemical, culture broth and plate",Conventional,NA,NA,,NA,Animal,Bird,Accipitriformes,Accipitridae,Aegypius,Cinereous vulture,Aegypiusÿmonachus,,captive,Salmonella,Salmonella,Salmonella,cloacal swab,yes,no,,,1,3,,,,NA,,NA,,,,,,Serotype data only exists for captive birds,,NA,NA,NA,NA,NA,NA,NA,NA,Low,1
Reche et al.,2003,Reche et al. 2003,yes,review,Spain,no,Europe,"biochemical, culture broth and plate",Conventional,NA,NA,,NA,Animal,Bird,Accipitriformes,Accipitridae,Aegypius,Cinereous vulture,Aegypiusÿmonachus,,free,Salmonella,Salmonella,Salmonella,cloacal swab,yes,no,,,ND,8,,,,NA,,NA,,,,,,,,NA,NA,NA,NA,NA,NA,NA,NA,Low,1
Reche et al.,2003,Reche et al. 2003,yes,review,Spain,no,Europe,"biochemical, culture broth and plate",Conventional,NA,NA,,NA,Animal,Bird,Accipitriformes,Accipitridae,Buteo,Common buzzard,Buteo buteo,,captive,Salmonella,Salmonella,Salmonella,cloacal swab,yes,no,,,1,15,,,,NA,,NA,,,,,,Serotype data only exists for captive birds,,NA,NA,NA,NA,NA,NA,NA,NA,Low,1
Reche et al.,2003,Reche et al. 2003,yes,review,Spain,no,Europe,"biochemical, culture broth and plate",Conventional,NA,NA,,NA,Animal,Bird,Accipitriformes,Accipitridae,Buteo,Common buzzard,Buteo buteo,,free,Salmonella,Salmonella,Salmonella,cloacal swab,yes,no,,,1,17,,,,NA,,NA,,,,,,,,NA,NA,NA,NA,NA,NA,NA,NA,Low,1
Reche et al.,2003,Reche et al. 2003,yes,review,Spain,no,Europe,"biochemical, culture broth and plate",Conventional,NA,NA,,NA,Animal,Bird,Falconiformes,Falconidae,Falco,Common kestrel,Falco tinnunculus,,captive,Salmonella,Salmonella,Salmonella,cloacal swab,yes,no,,,3,41,,,,NA,,NA,,,,,,Serotype data only exists for captive birds,,NA,NA,NA,NA,NA,NA,NA,NA,Low,1
Reche et al.,2003,Reche et al. 2003,yes,review,Spain,no,Europe,"biochemical, culture broth and plate",Conventional,NA,NA,,NA,Animal,Bird,Falconiformes,Falconidae,Falco,Common kestrel,Falco tinnunculus,,free,Salmonella,Salmonella,Salmonella,cloacal swab,yes,no,,,ND,44,,,,NA,,NA,,,,,,,,NA,NA,NA,NA,NA,NA,NA,NA,Low,1
Reche et al.,2003,Reche et al. 2003,yes,review,Spain,no,Europe,"biochemical, culture broth and plate",Conventional,NA,NA,,NA,Animal,Bird,Accipitriformes,Accipitridae,Aquila,Eastern imperial eagle,Aquila heliaca,,free,Salmonella,Salmonella,Salmonella,cloacal swab,yes,no,,,1,1,,,,NA,,NA,,,,,,,,NA,NA,NA,NA,NA,NA,NA,NA,Low,1
Reche et al.,2003,Reche et al. 2003,yes,review,Spain,no,Europe,"biochemical, culture broth and plate",Conventional,NA,NA,,NA,Animal,Bird,Strigiformes,Striginae,Bubo,Eurasian eagle-owl,Bubo bubo,,captive,Salmonella,Salmonella,Salmonella,cloacal swab,yes,no,,,ND,6,,,,NA,,NA,,,,,,Serotype data only exists for captive birds,,NA,NA,NA,NA,NA,NA,NA,NA,Low,1
Reche et al.,2003,Reche et al. 2003,yes,review,Spain,no,Europe,"biochemical, culture broth and plate",Conventional,NA,NA,,NA,Animal,Bird,Strigiformes,Striginae,Bubo,Eurasian eagle-owl,Bubo bubo,,free,Salmonella,Salmonella,Salmonella,cloacal swab,yes,no,,,ND,16,,,,NA,,NA,,,,,,,,NA,NA,NA,NA,NA,NA,NA,NA,Low,1
Reche et al.,2003,Reche et al. 2003,yes,review,Spain,no,Europe,"biochemical, culture broth and plate",Conventional,NA,NA,,NA,Animal,Bird,Falconiformes,Falconidae,Falco,Eurasian hobby,Falco subbteo,,free,Salmonella,Salmonella,Salmonella,cloacal swab,yes,no,,,ND,3,,,,NA,,NA,,,,,,,,NA,NA,NA,NA,NA,NA,NA,NA,Low,1
Reche et al.,2003,Reche et al. 2003,yes,review,Spain,no,Europe,"biochemical, culture broth and plate",Conventional,NA,NA,,NA,Animal,Bird,Strigiformes,Strigidae,Otus,Eurasian scops owl,Otus scops,,captive,Salmonella,Salmonella,Salmonella,cloacal swab,yes,no,,,1,1,,,,NA,,NA,,,,,,Serotype data only exists for captive birds,,NA,NA,NA,NA,NA,NA,NA,NA,Low,1
Reche et al.,2003,Reche et al. 2003,yes,review,Spain,no,Europe,"biochemical, culture broth and plate",Conventional,NA,NA,,NA,Animal,Bird,Strigiformes,Strigidae,Otus,Eurasian scops owl,Otus scops,,free,Salmonella,Salmonella,Salmonella,cloacal swab,yes,no,,,ND,8,,,,NA,,NA,,,,,,,,NA,NA,NA,NA,NA,NA,NA,NA,Low,1
Reche et al.,2003,Reche et al. 2003,yes,review,Spain,no,Europe,"biochemical, culture broth and plate",Conventional,NA,NA,,NA,Animal,Bird,Accipitriformes,Accipitridae,Accipiter,Eurasian sparrowhawk,Accipiter nisus,,captive,Salmonella,Salmonella,Salmonella,cloacal swab,yes,no,,,ND,2,,,,NA,,NA,,,,,,Serotype data only exists for captive birds,,NA,NA,NA,NA,NA,NA,NA,NA,Low,1
Reche et al.,2003,Reche et al. 2003,yes,review,Spain,no,Europe,"biochemical, culture broth and plate",Conventional,NA,NA,,NA,Animal,Bird,Accipitriformes,Accipitridae,Accipiter,Eurasian sparrowhawk,Accipiter nisus,,free,Salmonella,Salmonella,Salmonella,cloacal swab,yes,no,,,1,15,,,,NA,,NA,,,,,,,,NA,NA,NA,NA,NA,NA,NA,NA,Low,1
Reche et al.,2003,Reche et al. 2003,yes,review,Spain,no,Europe,"biochemical, culture broth and plate",Conventional,NA,NA,,NA,Animal,Bird,Accipitriformes,Accipitridae,Pernis,European honey buzzard,Pernis apivorus,,free,Salmonella,Salmonella,Salmonella,cloacal swab,yes,no,,,ND,1,,,,NA,,NA,,,,,,,,NA,NA,NA,NA,NA,NA,NA,NA,Low,1
Reche et al.,2003,Reche et al. 2003,yes,review,Spain,no,Europe,"biochemical, culture broth and plate",Conventional,NA,NA,,NA,Animal,Bird,Accipitriformes,Accipitridae,Aquila,Golden eagle,Aquila chrysaetos,,free,Salmonella,Salmonella,Salmonella,cloacal swab,yes,no,,,ND,2,,,,NA,,NA,,,,,,,,NA,NA,NA,NA,NA,NA,NA,NA,Low,1
Reche et al.,2003,Reche et al. 2003,yes,review,Spain,no,Europe,"biochemical, culture broth and plate",Conventional,NA,NA,,NA,Animal,Bird,Accipitriformes,Accipitridae,Aquila,Golden eagle,Aquila chrysaetos,,captive,Salmonella,Salmonella,Salmonella,cloacal swab,yes,no,,,ND,6,,,,NA,,NA,,,,,,Serotype data only exists for captive birds,,NA,NA,NA,NA,NA,NA,NA,NA,Low,1
Reche et al.,2003,Reche et al. 2003,yes,review,Spain,no,Europe,"biochemical, culture broth and plate",Conventional,NA,NA,,NA,Animal,Bird,Accipitriformes,Accipitridae,Gyps,Griffon vulture,Gyps fulvus,,free,Salmonella,Salmonella,Salmonella,cloacal swab,yes,no,,,1,13,,,,NA,,NA,,,,,,,,NA,NA,NA,NA,NA,NA,NA,NA,Low,1
Reche et al.,2003,Reche et al. 2003,yes,review,Spain,no,Europe,"biochemical, culture broth and plate",Conventional,NA,NA,,NA,Animal,Bird,Accipitriformes,Accipitridae,Gyps,Griffon vulture,Gyps fulvus,,captive,Salmonella,Salmonella,Salmonella,cloacal swab,yes,no,,,1,24,,,,NA,,NA,,,,,,Serotype data only exists for captive birds,,NA,NA,NA,NA,NA,NA,NA,NA,Low,1
Reche et al.,2003,Reche et al. 2003,yes,review,Spain,no,Europe,"biochemical, culture broth and plate",Conventional,NA,NA,,NA,Animal,Bird,Falconiformes,Falconidae,Falco,Lesser kestrel,Falco naumanni,,free,Salmonella,Salmonella,Salmonella,cloacal swab,yes,no,,,3,59,,,,NA,,NA,,,,,,,,NA,NA,NA,NA,NA,NA,NA,NA,Low,1
Reche et al.,2003,Reche et al. 2003,yes,review,Spain,no,Europe,"biochemical, culture broth and plate",Conventional,NA,NA,,NA,Animal,Bird,Falconiformes,Falconidae,Falco,Lesser kestrel,Falco naumanni,,captive,Salmonella,Salmonella,Salmonella,cloacal swab,yes,no,,,7,139,,,,NA,,NA,,,,,,Serotype data only exists for captive birds,,NA,NA,NA,NA,NA,NA,NA,NA,Low,1
Reche et al.,2003,Reche et al. 2003,yes,review,Spain,no,Europe,"biochemical, culture broth and plate",Conventional,NA,NA,,NA,Animal,Bird,Strigiformes,Strigidae,Athene,Little owl ,Athene noctua,,captive,Salmonella,Salmonella,Salmonella,cloacal swab,yes,no,,,5,15,,,,NA,,NA,,,,,,Serotype data only exists for captive birds,,NA,NA,NA,NA,NA,NA,NA,NA,Low,1
Reche et al.,2003,Reche et al. 2003,yes,review,Spain,no,Europe,"biochemical, culture broth and plate",Conventional,NA,NA,,NA,Animal,Bird,Strigiformes,Strigidae,Athene,Little owl ,Athene noctua,,free,Salmonella,Salmonella,Salmonella,cloacal swab,yes,no,,,3,29,,,,NA,,NA,,,,,,,,NA,NA,NA,NA,NA,NA,NA,NA,Low,1
Reche et al.,2003,Reche et al. 2003,yes,review,Spain,no,Europe,"biochemical, culture broth and plate",Conventional,NA,NA,,NA,Animal,Bird,Strigiformes,Strigidae,Asio,Long-eared owl ,Asio otus,,captive,Salmonella,Salmonella,Salmonella,cloacal swab,yes,no,,,ND,1,,,,NA,,NA,,,,,,Serotype data only exists for captive birds,,NA,NA,NA,NA,NA,NA,NA,NA,Low,1
Reche et al.,2003,Reche et al. 2003,yes,review,Spain,no,Europe,"biochemical, culture broth and plate",Conventional,NA,NA,,NA,Animal,Bird,Strigiformes,Strigidae,Asio,Long-eared owl ,Asio otus,,free,Salmonella,Salmonella,Salmonella,cloacal swab,yes,no,,,1,7,,,,NA,,NA,,,,,,,,NA,NA,NA,NA,NA,NA,NA,NA,Low,1
Reche et al.,2003,Reche et al. 2003,yes,review,Spain,no,Europe,"biochemical, culture broth and plate",Conventional,NA,NA,,NA,Animal,Bird,Falconiformes,Falconidae,Falco,Merlin,Falco columbarius,,free,Salmonella,Salmonella,Salmonella,cloacal swab,yes,no,,,ND,2,,,,NA,,NA,,,,,,,,NA,NA,NA,NA,NA,NA,NA,NA,Low,1
Reche et al.,2003,Reche et al. 2003,yes,review,Spain,no,Europe,"biochemical, culture broth and plate",Conventional,NA,NA,,NA,Animal,Bird,Accipitriformes,Accipitridae,Circus,Montagu's harrier,Circus pygargus,,captive,Salmonella,Salmonella,Salmonella,cloacal swab,yes,no,,,1,3,,,,NA,,NA,,,,,,Serotype data only exists for captive birds,,NA,NA,NA,NA,NA,NA,NA,NA,Low,1
Reche et al.,2003,Reche et al. 2003,yes,review,Spain,no,Europe,"biochemical, culture broth and plate",Conventional,NA,NA,,NA,Animal,Bird,Accipitriformes,Accipitridae,Circus,Montagu's harrier,Circus pygargus,,free,Salmonella,Salmonella,Salmonella,cloacal swab,yes,no,,,ND,6,,,,NA,,NA,,,,,,,,NA,NA,NA,NA,NA,NA,NA,NA,Low,1
Reche et al.,2003,Reche et al. 2003,yes,review,Spain,no,Europe,"biochemical, culture broth and plate",Conventional,NA,NA,,NA,Animal,Bird,Accipitriformes,Accipitridae,Accipiter,Northern goshawk,Accipiter gentilis,,captive,Salmonella,Salmonella,Salmonella,cloacal swab,yes,no,,,2,7,,,,NA,,NA,,,,,,Serotype data only exists for captive birds,,NA,NA,NA,NA,NA,NA,NA,NA,Low,1
Reche et al.,2003,Reche et al. 2003,yes,review,Spain,no,Europe,"biochemical, culture broth and plate",Conventional,NA,NA,,NA,Animal,Bird,Accipitriformes,Accipitridae,Accipiter,Northern goshawk,Accipiter gentilis,,free,Salmonella,Salmonella,Salmonella,cloacal swab,yes,no,,,ND,8,,,,NA,,NA,,,,,,,,NA,NA,NA,NA,NA,NA,NA,NA,Low,1
Reche et al.,2003,Reche et al. 2003,yes,review,Spain,no,Europe,"biochemical, culture broth and plate",Conventional,NA,NA,,NA,Animal,Bird,Accipitriformes,Accipitridae,Circus,Northern harrier,Circus cyaneus,,free,Salmonella,Salmonella,Salmonella,cloacal swab,yes,no,,,ND,2,,,,NA,,NA,,,,,,,,NA,NA,NA,NA,NA,NA,NA,NA,Low,1
Reche et al.,2003,Reche et al. 2003,yes,review,Spain,no,Europe,"biochemical, culture broth and plate",Conventional,NA,NA,,NA,Animal,Bird,Accipitriformes,Pandionidae,Pandion,Osprey,Pandion haliaetus,,free,Salmonella,Salmonella,Salmonella,cloacal swab,yes,no,,,ND,5,,,,NA,,NA,,,,,,,,NA,NA,NA,NA,NA,NA,NA,NA,Low,1
Reche et al.,2003,Reche et al. 2003,yes,review,Spain,no,Europe,"biochemical, culture broth and plate",Conventional,NA,NA,,NA,Animal,Bird,Falconiformes,Falconidae,Falco,Peregrine falcons,Falco peregrinus,,captive,Salmonella,Salmonella,Salmonella,cloacal swab,yes,no,,,ND,4,,,,NA,,NA,,,,,,Serotype data only exists for captive birds,,NA,NA,NA,NA,NA,NA,NA,NA,Low,1
Reche et al.,2003,Reche et al. 2003,yes,review,Spain,no,Europe,"biochemical, culture broth and plate",Conventional,NA,NA,,NA,Animal,Bird,Falconiformes,Falconidae,Falco,Peregrine falcons,Falco peregrinus,,free,Salmonella,Salmonella,Salmonella,cloacal swab,yes,no,,,ND,8,,,,NA,,NA,,,,,,,,NA,NA,NA,NA,NA,NA,NA,NA,Low,1
Reche et al.,2003,Reche et al. 2003,yes,review,Spain,no,Europe,"biochemical, culture broth and plate",Conventional,NA,NA,,NA,Animal,Bird,Accipitriformes,Accipitridae,Milvus,Red kite,Milvus milvus,,free,Salmonella,Salmonella,Salmonella,cloacal swab,yes,no,,,ND,3,,,,NA,,NA,,,,,,,,NA,NA,NA,NA,NA,NA,NA,NA,Low,1
Reche et al.,2003,Reche et al. 2003,yes,review,Spain,no,Europe,"biochemical, culture broth and plate",Conventional,NA,NA,,NA,Animal,Bird,Strigiformes,Strigidae,Asio,Short-eared owl,Asio flammeus,,captive,Salmonella,Salmonella,Salmonella,cloacal swab,yes,no,,,ND,2,,,,NA,,NA,,,,,,Serotype data only exists for captive birds,,NA,NA,NA,NA,NA,NA,NA,NA,Low,1
Reche et al.,2003,Reche et al. 2003,yes,review,Spain,no,Europe,"biochemical, culture broth and plate",Conventional,NA,NA,,NA,Animal,Bird,Strigiformes,Strigidae,Asio,Short-eared owl,Asio flammeus,,free,Salmonella,Salmonella,Salmonella,cloacal swab,yes,no,,,ND,8,,,,NA,,NA,,,,,,,,NA,NA,NA,NA,NA,NA,NA,NA,Low,1
Reche et al.,2003,Reche et al. 2003,yes,review,Spain,no,Europe,"biochemical, culture broth and plate",Conventional,NA,NA,,NA,Animal,Bird,Accipitriformes,Accipitridae,Circaetus,Short-toed snake eagle,Circaetus gallicus,,free,Salmonella,Salmonella,Salmonella,cloacal swab,yes,no,,,ND,3,,,,NA,,NA,,,,,,,,NA,NA,NA,NA,NA,NA,NA,NA,Low,1
Reche et al.,2003,Reche et al. 2003,yes,review,Spain,no,Europe,"biochemical, culture broth and plate",Conventional,NA,NA,,NA,Animal,Bird,Strigiformes,Strigidae,Strix,Tawny owl ,Strix aluco,,captive,Salmonella,Salmonella,Salmonella,cloacal swab,yes,no,,,ND,2,,,,NA,,NA,,,,,,Serotype data only exists for captive birds,,NA,NA,NA,NA,NA,NA,NA,NA,Low,1
Reche et al.,2003,Reche et al. 2003,yes,review,Spain,no,Europe,"biochemical, culture broth and plate",Conventional,NA,NA,,NA,Animal,Bird,Strigiformes,Strigidae,Strix,Tawny owl ,Strix aluco,,free,Salmonella,Salmonella,Salmonella,cloacal swab,yes,no,,,ND,10,,,,NA,,NA,,,,,,,,NA,NA,NA,NA,NA,NA,NA,NA,Low,1
Reche et al.,2003,Reche et al. 2003,yes,review,Spain,no,Europe,"biochemical, culture broth and plate",Conventional,NA,NA,,NA,Animal,Bird,Accipitriformes,Accipitridae,Circus,Western marsh harrier,Circus aeruginosus,,free,Salmonella,Salmonella,Salmonella,cloacal swab,yes,no,,,ND,1,,,,NA,,NA,,,,,,,,NA,NA,NA,NA,NA,NA,NA,NA,Low,1
"Refsum, et al.",2002,"Refsum, et al. 2002",yes,review,Norway,no,Europe,"confirm DNA, Culture, Standard Method Nordic Committee on Food Analysis",Conventional,NA,NA,,NA,Animal,Bird,Passeriformes,Paridae,Cyanistes,Blue tit,Cyanistes caeruleus,,free,Salmonella spp.,Salmonella,Salmonella,"Tissue, dead bird",yes,no,,,3,14,,,,NA,,NA,,,,,,,,NA,NA,NA,NA,NA,NA,NA,NA,Very Low,0
"Refsum, et al.",2002,"Refsum, et al. 2002",yes,review,Norway,no,Europe,"confirm DNA, Culture, Standard Method Nordic Committee on Food Analysis",Conventional,NA,NA,,NA,Animal,Bird,Passeriformes,Fringillidae,Fringilla,Brambling,Fringillaÿmontifringilla,,free,Salmonella spp.,Salmonella,Salmonella,"Tissue, dead bird",yes,no,,,1,16,,,,NA,,NA,,,,,,,,NA,NA,NA,NA,NA,NA,NA,NA,Very Low,0
"Refsum, et al.",2002,"Refsum, et al. 2002",yes,review,Norway,no,Europe,"confirm DNA, Culture, Standard Method Nordic Committee on Food Analysis",Conventional,NA,NA,,NA,Animal,Bird,Passeriformes,Fringillidae,Fringilla,Common chaffinch,Fringilla coelebs,,free,Salmonella spp.,Salmonella,Salmonella,"Tissue, dead bird",yes,no,,,2,21,,,,NA,,NA,,,,,,,,NA,NA,NA,NA,NA,NA,NA,NA,Very Low,0
"Refsum, et al.",2002,"Refsum, et al. 2002",yes,review,Norway,no,Europe,"confirm DNA, Culture, Standard Method Nordic Committee on Food Analysis",Conventional,NA,NA,,NA,Animal,Bird,Passeriformes,Fringillidae,Acanthis,Common redpoll,Carduelis flammea,,free,Salmonella spp.,Salmonella,Salmonella,"Tissue, dead bird",yes,no,,,32,41,,,,NA,,NA,,,,,,,,NA,NA,NA,NA,NA,NA,NA,NA,Very Low,0
"Refsum, et al.",2002,"Refsum, et al. 2002",yes,review,Norway,no,Europe,"confirm DNA, Culture, Standard Method Nordic Committee on Food Analysis",Conventional,NA,NA,,NA,Animal,Bird,Passeriformes,Fringillidae,Pyrrhula,Eurasian bullfinch,Pyrrhula pyrrhula,,free,Salmonella spp.,Salmonella,Salmonella,"Tissue, dead bird",yes,no,,,195,242,,,,NA,,NA,,,,,,,,NA,NA,NA,NA,NA,NA,NA,NA,Very Low,0
"Refsum, et al.",2002,"Refsum, et al. 2002",yes,review,Norway,no,Europe,"confirm DNA, Culture, Standard Method Nordic Committee on Food Analysis",Conventional,NA,NA,,NA,Animal,Bird,Passeriformes,Corvidae,Pica,Eurasian magpie,Pica pica,,free,Salmonella spp.,Salmonella,Salmonella,"Tissue, dead bird",yes,no,,,1,40,,,,NA,,NA,,,,,,,,NA,NA,NA,NA,NA,NA,NA,NA,Very Low,0
"Refsum, et al.",2002,"Refsum, et al. 2002",yes,review,Norway,no,Europe,"confirm DNA, Culture, Standard Method Nordic Committee on Food Analysis",Conventional,NA,NA,,NA,Animal,Bird,Passeriformes,Fringillidae,Spinus,Eurasian siskin,Carduelis spinus,,free,Salmonella spp.,Salmonella,Salmonella,"Tissue, dead bird",yes,no,,,52,69,,,,NA,,NA,,,,,,,,NA,NA,NA,NA,NA,NA,NA,NA,Very Low,0
"Refsum, et al.",2002,"Refsum, et al. 2002",yes,review,Norway,no,Europe,"confirm DNA, Culture, Standard Method Nordic Committee on Food Analysis",Conventional,NA,NA,,NA,Animal,Bird,Passeriformes,Passeridae,Passer,Eurasian tree sparrow,Passer montanus,,free,Salmonella spp.,Salmonella,Salmonella,"Tissue, dead bird",yes,no,,,3,6,,,,NA,,NA,,,,,,,,NA,NA,NA,NA,NA,NA,NA,NA,Very Low,0
"Refsum, et al.",2002,"Refsum, et al. 2002",yes,review,Norway,no,Europe,"confirm DNA, Culture, Standard Method Nordic Committee on Food Analysis",Conventional,NA,NA,,NA,Animal,Bird,Passeriformes,Fringillidae,Chloris,European greenfinch,Carduelis chloris,,free,Salmonella spp.,Salmonella,Salmonella,"Tissue, dead bird",yes,no,,,57,71,,,,NA,,NA,,,,,,,,NA,NA,NA,NA,NA,NA,NA,NA,Very Low,0
"Refsum, et al.",2002,"Refsum, et al. 2002",yes,review,Norway,no,Europe,"confirm DNA, Culture, Standard Method Nordic Committee on Food Analysis",Conventional,NA,NA,,NA,Animal,Bird,Passeriformes,Muscicapidae,Erithacus,European robin,Erithacus rubecula,,free,Salmonella spp.,Salmonella,Salmonella,"Tissue, dead bird",yes,no,,,ND,1,,,,NA,,NA,,,,,,,,NA,NA,NA,NA,NA,NA,NA,NA,Very Low,0
"Refsum, et al.",2002,"Refsum, et al. 2002",yes,review,Norway,no,Europe,"confirm DNA, Culture, Standard Method Nordic Committee on Food Analysis",Conventional,NA,NA,,NA,Animal,Bird,Passeriformes,Paridae,Parus,Great tit,Parus major,,free,Salmonella spp.,Salmonella,Salmonella,"Tissue, dead bird",yes,no,,,6,87,,,,NA,,NA,,,,,,,,NA,NA,NA,NA,NA,NA,NA,NA,Very Low,0
"Refsum, et al.",2002,"Refsum, et al. 2002",yes,review,Norway,no,Europe,"confirm DNA, Culture, Standard Method Nordic Committee on Food Analysis",Conventional,NA,NA,,NA,Animal,Bird,Passeriformes,Fringillidae,Coccothraustes,Hawfinch,Coccothraustes coccothraustes,,free,Salmonella spp.,Salmonella,Salmonella,"Tissue, dead bird",yes,no,,,1,2,,,,NA,,NA,,,,,,,,NA,NA,NA,NA,NA,NA,NA,NA,Very Low,0
"Refsum, et al.",2002,"Refsum, et al. 2002",yes,review,Norway,no,Europe,"confirm DNA, Culture, Standard Method Nordic Committee on Food Analysis",Conventional,NA,NA,,NA,Animal,Bird,Passeriformes,Corvidae,Corvus,Hooded crow,Corvus cornix,,free,Salmonella spp.,Salmonella,Salmonella,"Tissue, dead bird",yes,no,,,1,52,,,,NA,,NA,,,,,,,,NA,NA,NA,NA,NA,NA,NA,NA,Very Low,0
"Refsum, et al.",2002,"Refsum, et al. 2002",yes,review,Norway,no,Europe,"confirm DNA, Culture, Standard Method Nordic Committee on Food Analysis",Conventional,NA,NA,,NA,Animal,Bird,Passeriformes,Passeridae,Passer,House sparrow,Passer domesticus,,free,Salmonella spp.,Salmonella,Salmonella,"Tissue, dead bird",yes,no,,,7,31,,,,NA,,NA,,,,,,,,NA,NA,NA,NA,NA,NA,NA,NA,Very Low,0
"Refsum, et al.",2002,"Refsum, et al. 2002",yes,review,Norway,no,Europe,"confirm DNA, Culture, Standard Method Nordic Committee on Food Analysis",Conventional,NA,NA,,NA,Animal,Bird,Passeriformes,Muscicapidae,Ficedula,Pied flycatcher,Ficedula hypoleuca,,free,Salmonella spp.,Salmonella,Salmonella,"Tissue, dead bird",yes,no,,,ND,8,,,,NA,,NA,,,,,,,,NA,NA,NA,NA,NA,NA,NA,NA,Very Low,0
"Refsum, et al.",2002,"Refsum, et al. 2002",yes,review,Norway,no,Europe,"confirm DNA, Culture, Standard Method Nordic Committee on Food Analysis",Conventional,NA,NA,,NA,Animal,Bird,Columbiformes,Columbidae,Columba,Pigeon,Columba livia,,free,Salmonella spp.,Salmonella,Salmonella,"Tissue, dead bird",yes,no,,,3,72,,,,NA,,NA,,,,,,,,NA,NA,NA,NA,NA,NA,NA,NA,Very Low,0
"Refsum, et al.",2002,"Refsum, et al. 2002",yes,review,Norway,no,Europe,"confirm DNA, Culture, Standard Method Nordic Committee on Food Analysis",Conventional,NA,NA,,NA,Animal,Bird,Passeriformes,Paridae,Poecile,Willow tit,,,free,Salmonella spp.,Salmonella,Salmonella,"Tissue, dead bird",yes,no,,,1,8,,,,NA,,NA,,,,,,,,NA,NA,NA,NA,NA,NA,NA,NA,Very Low,0
"Refsum, et al.",2002,"Refsum, et al. 2002",yes,review,Norway,no,Europe,"confirm DNA, Culture, Standard Method Nordic Committee on Food Analysis",Conventional,NA,NA,,NA,Animal,Bird,Passeriformes,Emberizidae,Emberiza,Yellowhammer,Emberiza citrinella,,free,Salmonella spp.,Salmonella,Salmonella,"Tissue, dead bird",yes,no,,,2,15,,,,NA,,NA,,,,,,,,NA,NA,NA,NA,NA,NA,NA,NA,Very Low,0
Rivadeneira et al.,2016,Rivadeneira et al. 2016,conference,Google Scholar,"USA, Arizona, Southern, farms near cattle",yes,North America,culture broth and plate,Conventional,NA,NA,,NA,Animal,Bird,Passeriformes,Icteridae,Molothrus,Brown-headed cowbird,Molothrus ater,,free,Salmonella,Salmonella,Salmonella,feces,yes,no,,,ND,11,,,,NA,,NA,,,,,,,,NA,NA,NA,NA,NA,NA,NA,NA,Low,1
Rivadeneira et al.,2016,Rivadeneira et al. 2016,conference,Google Scholar,"USA, Arizona, Southern, farms near cattle",yes,North America,culture broth and plate,Conventional,NA,NA,,NA,Animal,Bird,Passeriformes,Corvidae,Corvus,Common raven,Corvus corax,,free,Salmonella,Salmonella,Salmonella,feces,yes,no,,,1,4,,,,NA,,NA,,,,,,,,NA,NA,NA,NA,NA,NA,NA,NA,Low,1
Rivadeneira et al.,2016,Rivadeneira et al. 2016,conference,Google Scholar,"USA, Arizona, Southern, farms near cattle",yes,North America,culture broth and plate,Conventional,NA,NA,,NA,Animal,Bird,Columbiformes,Columbidae,Streptopelia,Eurasian collared dove,Streptopelia decaocto,,free,Salmonella,Salmonella,Salmonella,feces,yes,no,,,ND,21,,,,NA,,NA,,,,,,,,NA,NA,NA,NA,NA,NA,NA,NA,Low,1
Rivadeneira et al.,2016,Rivadeneira et al. 2016,conference,Google Scholar,"USA, Arizona, Southern, farms near cattle",yes,North America,culture broth and plate,Conventional,NA,NA,,NA,Animal,Bird,Passeriformes,Sturnidae,Sturnus,European starling,Sturnus vulgaris,,free,Salmonella,Salmonella,Salmonella,feces,yes,no,,,ND,1,,,,NA,,NA,,,,,,,,NA,NA,NA,NA,NA,NA,NA,NA,Low,1
Rivadeneira et al.,2016,Rivadeneira et al. 2016,conference,Google Scholar,"USA, Arizona, Southern, farms near cattle",yes,North America,culture broth and plate,Conventional,NA,NA,,NA,Animal,Bird,Passeriformes,Icteridae,Agelaius,Red-winged blackbird,Agelaius phoeniceus,,free,Salmonella,Salmonella,Salmonella,feces,yes,no,,,1,66,,,,NA,,NA,,,,,,,,NA,NA,NA,NA,NA,NA,NA,NA,Low,1
Robinson and Daniel,1968,Robinson and Daniel 1968,yes,review,"New Zealand, Aukland, Mangere Sewage Ponds and Manukau Harbor",no,Western Pacific,standard method,Conventional,NA,NA,,NA,Animal,Bird,Charadriiformes,Scolopacidae,Limosa,Bar-tailed godwit,Limosa lapponica,,free,Salmonella spp.,Salmonella,Salmonella,"intestines tissue, intestines content",yes,no,,,ND,10,,,,NA,,NA,,,,,,,,NA,NA,NA,NA,NA,NA,NA,NA,Moderate,2
Robinson and Daniel,1968,Robinson and Daniel 1968,yes,review,"New Zealand, Aukland, Mangere Sewage Ponds and Manukau Harbor",no,Western Pacific,standard method,Conventional,NA,NA,,NA,Animal,Bird,Suliformes,Phalacrocoracidae,Phalacrocorax,,Phalacrocorax spp.,Cormorant (genus),free,Salmonella spp.,Salmonella,Salmonella,"intestines tissue, intestines content",yes,no,,,2,9,,,,NA,,NA,,,,,,,,NA,NA,NA,NA,NA,NA,NA,NA,Moderate,2
Robinson and Daniel,1968,Robinson and Daniel 1968,yes,review,"New Zealand, Auckland, near meatworks/abattoir/garbage dump",no,Western Pacific,standard method,Conventional,NA,NA,,NA,Animal,Bird,Charadriiformes,Laridae,Larus,Kelp gull,Larus dominicanus,,free,Salmonella spp.,Salmonella,Salmonella,"intestines tissue, intestines content",yes,no,,,2,14,,,,NA,,NA,,,,,,,,NA,NA,NA,NA,NA,NA,NA,NA,Moderate,2
Robinson and Daniel,1968,Robinson and Daniel 1968,yes,review,"New Zealand, Aukland, Mangere Sewage Ponds and Manukau Harbor",no,Western Pacific,standard method,Conventional,NA,NA,,NA,Animal,Bird,Charadriiformes,Laridae,Larus,Kelp gull,Larus dominicanus,,free,Salmonella spp.,Salmonella,Salmonella,"intestines tissue, intestines content",yes,no,,,ND,1,,,,NA,,NA,,,,,,,,NA,NA,NA,NA,NA,NA,NA,NA,Moderate,2
Robinson and Daniel,1968,Robinson and Daniel 1968,yes,review,"New Zealand,Northland, Minety Mile Beach",no,Western Pacific,standard method,Conventional,NA,NA,,NA,Animal,Bird,Charadriiformes,Laridae,Larus,Kelp gull,Larus dominicanus,,free,Salmonella spp.,Salmonella,Salmonella,"intestines tissue, intestines content",yes,no,,,ND,12,,,,NA,,NA,,,,,,,,NA,NA,NA,NA,NA,NA,NA,NA,Moderate,2
Robinson and Daniel,1968,Robinson and Daniel 1968,yes,review,"New Zealand, Auckland, near meatworks/abattoir/garbage dump",no,Western Pacific,standard method,Conventional,NA,NA,,NA,Animal,Bird,Anseriformes,Anatidae,Anas,Mallard,Anas platyrhynchos,,free,Salmonella spp.,Salmonella,Salmonella,"intestines tissue, intestines content",yes,no,,,ND,1,,,,NA,,NA,,,,,,,,NA,NA,NA,NA,NA,NA,NA,NA,Moderate,2
Robinson and Daniel,1968,Robinson and Daniel 1968,yes,review,"New Zealand, Aukland, Mangere Sewage Ponds and Manukau Harbor",no,Western Pacific,standard method,Conventional,NA,NA,,NA,Animal,Bird,Anseriformes,Anatidae,Anas,Mallard,Anas platyrhynchos,,free,Salmonella spp.,Salmonella,Salmonella,"intestines tissue, intestines content",yes,no,,,ND,1,,,,NA,,NA,,,,,,,,NA,NA,NA,NA,NA,NA,NA,NA,Moderate,2
Robinson and Daniel,1968,Robinson and Daniel 1968,yes,review,"New Zealand, Aukland, Mangere Sewage Ponds and Manukau Harbor",no,Western Pacific,standard method,Conventional,NA,NA,,NA,Animal,Bird,Charadriiformes,Recurvirostridae,Himantopus,Pied stilt,Himantopus himantopu,,free,Salmonella spp.,Salmonella,Salmonella,"intestines tissue, intestines content",yes,no,,,ND,9,,,,NA,,NA,,,,,,,,NA,NA,NA,NA,NA,NA,NA,NA,Moderate,2
Robinson and Daniel,1968,Robinson and Daniel 1968,yes,review,"New Zealand, Auckland, near meatworks/abattoir/garbage dump",no,Western Pacific,standard method,Conventional,NA,NA,,NA,Animal,Bird,Gruiformes,Rallidae,Porphyrio,Pukeko,Porphyria melanotus,,free,Salmonella spp.,Salmonella,Salmonella,"intestines tissue, intestines content",yes,no,,,ND,13,,,,NA,,NA,,,,,,,,NA,NA,NA,NA,NA,NA,NA,NA,Moderate,2
Robinson and Daniel,1968,Robinson and Daniel 1968,yes,review,"New Zealand, Auckland, near meatworks/abattoir/garbage dump",no,Western Pacific,standard method,Conventional,NA,NA,,NA,Animal,Bird,Charadriiformes,Laridae,Chroicocephalus,Red-billed gull ,Larus novaehollandiae,,free,Salmonella spp.,Salmonella,Salmonella,"intestines tissue, intestines content",yes,no,,,6,16,,,,NA,,NA,,,,,,,,NA,NA,NA,NA,NA,NA,NA,NA,Moderate,2
Robinson and Daniel,1968,Robinson and Daniel 1968,yes,review,"New Zealand, Aukland, Mangere Sewage Ponds and Manukau Harbor",no,Western Pacific,standard method,Conventional,NA,NA,,NA,Animal,Bird,Charadriiformes,Laridae,Chroicocephalus,Red-billed gull ,Larus novaehollandiae,,free,Salmonella spp.,Salmonella,Salmonella,"intestines tissue, intestines content",yes,no,,,ND,13,,,,NA,,NA,,,,,,,,NA,NA,NA,NA,NA,NA,NA,NA,Moderate,2
Robinson and Daniel,1968,Robinson and Daniel 1968,yes,review,"New Zealand,Northland, Minety Mile Beach",no,Western Pacific,standard method,Conventional,NA,NA,,NA,Animal,Bird,Charadriiformes,Laridae,Chroicocephalus,Red-billed gull ,Larus novaehollandiae,,free,Salmonella spp.,Salmonella,Salmonella,"intestines tissue, intestines content",yes,no,,,ND,12,,,,NA,,NA,,,,,,,,NA,NA,NA,NA,NA,NA,NA,NA,Moderate,2
Robinson et al.,2010,Robinson et al. 2010,yes,review,UK,no,Europe,Culture Plate and broth,Conventional,NA,NA,,NA,Animal,Bird,Passeriformes,Fringillidae,,,,Finch (undefined),free,Salmonella ,Salmonella,Salmonella,"liver, intestens content from dead bird",yes,no,,,2,241,,,,NA,,NA,,,,,,epidemic,,NA,NA,NA,NA,NA,NA,NA,NA,Low,1
Siembieda et al.,2011,Siembieda et al. 2011,yes,Google Scholar,"USA, California, San Francisco Bay",yes,North America,"Culture, Standard Method",Conventional,NA,NA,,<5 g,Animal,Bird,Gruiformes,Rallidae,Fulica,American coot,,,free,Salmonella spp.,Salmonella,Salmonella,feces,yes,no,,,ND,2,,,,NA,,NA,,,,,,response to oil spill,"(Arizonae III; serogroup B, strain III 53:z4,z23, and Typhimurium; serogroup C1, 6,7:1,5, Thompson, and Ohio; serogroup D, Enteritidis; and serogroup E, Liverpool)",NA,NA,NA,NA,NA,NA,NA,NA,Low,1
Siembieda et al.,2011,Siembieda et al. 2011,yes,Google Scholar,"USA, California, San Francisco Bay",yes,North America,"Culture, Standard Method",Conventional,NA,NA,,<5 g,Animal,Bird,Passeriformes,Corvidae,Corvus,American crow,Corvus brachyrhynchos,,free,Salmonella spp.,Salmonella,Salmonella,feces,yes,no,,,ND,12,,,,NA,,NA,,,,,,response to oil spill,"(Arizonae III; serogroup B, strain III 53:z4,z23, and Typhimurium; serogroup C1, 6,7:1,5, Thompson, and Ohio; serogroup D, Enteritidis; and serogroup E, Liverpool)",NA,NA,NA,NA,NA,NA,NA,NA,Low,1
Siembieda et al.,2011,Siembieda et al. 2011,yes,Google Scholar,"USA, California, San Francisco Bay",yes,North America,"Culture, Standard Method",Conventional,NA,NA,,<5 g,Animal,Bird,Falconiformes,Falconidae,Falco,American kestrel ,,,free,Salmonella spp.,Salmonella,Salmonella,feces,yes,no,,,ND,6,,,,NA,,NA,,,,,,response to oil spill,"(Arizonae III; serogroup B, strain III 53:z4,z23, and Typhimurium; serogroup C1, 6,7:1,5, Thompson, and Ohio; serogroup D, Enteritidis; and serogroup E, Liverpool)",NA,NA,NA,NA,NA,NA,NA,NA,Low,1
Siembieda et al.,2011,Siembieda et al. 2011,yes,Google Scholar,"USA, California, San Francisco Bay",yes,North America,"Culture, Standard Method",Conventional,NA,NA,,<5 g,Animal,Bird,Passeriformes,Turdidae,Turdus,American robin,Turdus migratorius,,free,Salmonella spp.,Salmonella,Salmonella,feces,yes,no,,,ND,13,,,,NA,,NA,,,,,,response to oil spill,"(Arizonae III; serogroup B, strain III 53:z4,z23, and Typhimurium; serogroup C1, 6,7:1,5, Thompson, and Ohio; serogroup D, Enteritidis; and serogroup E, Liverpool)",NA,NA,NA,NA,NA,NA,NA,NA,Low,1
Siembieda et al.,2011,Siembieda et al. 2011,yes,Google Scholar,"USA, California, San Francisco Bay",yes,North America,"Culture, Standard Method",Conventional,NA,NA,,<5 g,Animal,Bird,Columbiformes,Columbidae,Patagioenas,Band-tailed pigeon,,,free,Salmonella spp.,Salmonella,Salmonella,feces,yes,no,,,ND,2,,,,NA,,NA,,,,,,response to oil spill,"(Arizonae III; serogroup B, strain III 53:z4,z23, and Typhimurium; serogroup C1, 6,7:1,5, Thompson, and Ohio; serogroup D, Enteritidis; and serogroup E, Liverpool)",NA,NA,NA,NA,NA,NA,NA,NA,Low,1
Siembieda et al.,2011,Siembieda et al. 2011,yes,Google Scholar,"USA, California, San Francisco Bay",yes,North America,"Culture, Standard Method",Conventional,NA,NA,,<5 g,Animal,Bird,Strigiformes,Tytonidae,Tyto,Barn owl,Tyto alba,,free,Salmonella spp.,Salmonella,Salmonella,feces,yes,no,,,ND,5,,,,NA,,NA,,,,,,response to oil spill,"(Arizonae III; serogroup B, strain III 53:z4,z23, and Typhimurium; serogroup C1, 6,7:1,5, Thompson, and Ohio; serogroup D, Enteritidis; and serogroup E, Liverpool)",NA,NA,NA,NA,NA,NA,NA,NA,Low,1
Siembieda et al.,2011,Siembieda et al. 2011,yes,Google Scholar,"USA, California, San Francisco Bay",yes,North America,"Culture, Standard Method",Conventional,NA,NA,,<5 g,Animal,Bird,,,,,,Bird (class),free,Salmonella spp.,Salmonella,Salmonella,feces,yes,no,,,ND,2,,,,NA,,NA,,,,,,response to oil spill,"(Arizonae III; serogroup B, strain III 53:z4,z23, and Typhimurium; serogroup C1, 6,7:1,5, Thompson, and Ohio; serogroup D, Enteritidis; and serogroup E, Liverpool)",NA,NA,NA,NA,NA,NA,NA,NA,Low,1
Siembieda et al.,2011,Siembieda et al. 2011,yes,Google Scholar,"USA, California, San Francisco Bay",yes,North America,"Culture, Standard Method",Conventional,NA,NA,,<5 g,Animal,Bird,Pelecaniformes,Ardeida,Nycticorax,Black-crowned night heron ,,,free,Salmonella spp.,Salmonella,Salmonella,feces,yes,no,,,2,16,,,,NA,,NA,,,,,,response to oil spill,"(Arizonae III; serogroup B, strain III 53:z4,z23, and Typhimurium; serogroup C1, 6,7:1,5, Thompson, and Ohio; serogroup D, Enteritidis; and serogroup E, Liverpool)",NA,NA,NA,NA,NA,NA,NA,NA,Low,1
Siembieda et al.,2011,Siembieda et al. 2011,yes,Google Scholar,"USA, California, San Francisco Bay",yes,North America,"Culture, Standard Method",Conventional,NA,NA,,<5 g,Animal,Bird,Pelecaniformes,Pelecanidae,Pelecanus,Brown pelican ,,,free,Salmonella spp.,Salmonella,Salmonella,feces,yes,no,,,ND,6,,,,NA,,NA,,,,,,response to oil spill,"(Arizonae III; serogroup B, strain III 53:z4,z23, and Typhimurium; serogroup C1, 6,7:1,5, Thompson, and Ohio; serogroup D, Enteritidis; and serogroup E, Liverpool)",NA,NA,NA,NA,NA,NA,NA,NA,Low,1
Siembieda et al.,2011,Siembieda et al. 2011,yes,Google Scholar,"USA, California, San Francisco Bay",yes,North America,"Culture, Standard Method",Conventional,NA,NA,,<5 g,Animal,Bird,Anseriformes,Anatidae,Branta,Canada goose,,,free,Salmonella spp.,Salmonella,Salmonella,feces,yes,no,,,1,13,,,,NA,,NA,,,,,,response to oil spill,"(Arizonae III; serogroup B, strain III 53:z4,z23, and Typhimurium; serogroup C1, 6,7:1,5, Thompson, and Ohio; serogroup D, Enteritidis; and serogroup E, Liverpool)",NA,NA,NA,NA,NA,NA,NA,NA,Low,1
Siembieda et al.,2011,Siembieda et al. 2011,yes,Google Scholar,"USA, California, San Francisco Bay",yes,North America,"Culture, Standard Method",Conventional,NA,NA,,<5 g,Animal,Bird,Charadriiformes ,,,,Charadriiformes,Killdeer and willet ,free,Salmonella spp.,Salmonella,Salmonella,feces,yes,no,,,ND,2,,,,NA,,NA,,,,,,response to oil spill,"(Arizonae III; serogroup B, strain III 53:z4,z23, and Typhimurium; serogroup C1, 6,7:1,5, Thompson, and Ohio; serogroup D, Enteritidis; and serogroup E, Liverpool)",NA,NA,NA,NA,NA,NA,NA,NA,Low,1
Siembieda et al.,2011,Siembieda et al. 2011,yes,Google Scholar,"USA, California, San Francisco Bay",yes,North America,"Culture, Standard Method",Conventional,NA,NA,,<5 g,Animal,Bird,Podicipediformes,Podicipedidae,Aechmophorus,Clark's grebe,,,free,Salmonella spp.,Salmonella,Salmonella,feces,yes,no,,,ND,6,,,,NA,,NA,,,,,,response to oil spill,"(Arizonae III; serogroup B, strain III 53:z4,z23, and Typhimurium; serogroup C1, 6,7:1,5, Thompson, and Ohio; serogroup D, Enteritidis; and serogroup E, Liverpool)",NA,NA,NA,NA,NA,NA,NA,NA,Low,1
Siembieda et al.,2011,Siembieda et al. 2011,yes,Google Scholar,"USA, California, San Francisco Bay",yes,North America,"Culture, Standard Method",Conventional,NA,NA,,<5 g,Animal,Bird,Charadriiformes,Alcidae,Uria,Common murre,Uria aalge,,free,Salmonella spp.,Salmonella,Salmonella,feces,yes,no,,,ND,31,,,,NA,,NA,,,,,,response to oil spill,"(Arizonae III; serogroup B, strain III 53:z4,z23, and Typhimurium; serogroup C1, 6,7:1,5, Thompson, and Ohio; serogroup D, Enteritidis; and serogroup E, Liverpool)",NA,NA,NA,NA,NA,NA,NA,NA,Low,1
Siembieda et al.,2011,Siembieda et al. 2011,yes,Google Scholar,"USA, California, San Francisco Bay",yes,North America,"Culture, Standard Method",Conventional,NA,NA,,<5 g,Animal,Bird,Anseriformes,Anatidae,,,,Duck (family),free,Salmonella spp.,Salmonella,Salmonella,feces,yes,no,,,ND,6,,,,NA,,NA,,,,,,response to oil spill,"(Arizonae III; serogroup B, strain III 53:z4,z23, and Typhimurium; serogroup C1, 6,7:1,5, Thompson, and Ohio; serogroup D, Enteritidis; and serogroup E, Liverpool)",NA,NA,NA,NA,NA,NA,NA,NA,Low,1
Siembieda et al.,2011,Siembieda et al. 2011,yes,Google Scholar,"USA, California, San Francisco Bay",yes,North America,"Culture, Standard Method",Conventional,NA,NA,,<5 g,Animal,Bird,Charadriiformes,Laridae,Larus,Glaucous-winged gull,,,free,Salmonella spp.,Salmonella,Salmonella,feces,yes,no,,,ND,1,,,,NA,,NA,,,,,,"Data had to be compiled from all over the place in the article, serotypes numbers were not given","(Arizonae III; serogroup B, strain III 53:z4,z23, and Typhimurium; serogroup C1, 6,7:1,5, Thompson, and Ohio; serogroup D, Enteritidis; and serogroup E, Liverpool)",NA,NA,NA,NA,NA,NA,NA,NA,Low,1
Siembieda et al.,2011,Siembieda et al. 2011,yes,Google Scholar,"USA, California, San Francisco Bay",yes,North America,"Culture, Standard Method",Conventional,NA,NA,,<5 g,Animal,Bird,Strigiformes,Strigidae,Bubo,Great horned owl,,,free,Salmonella spp.,Salmonella,Salmonella,feces,yes,no,,,ND,6,,,,NA,,NA,,,,,,response to oil spill,"(Arizonae III; serogroup B, strain III 53:z4,z23, and Typhimurium; serogroup C1, 6,7:1,5, Thompson, and Ohio; serogroup D, Enteritidis; and serogroup E, Liverpool)",NA,NA,NA,NA,NA,NA,NA,NA,Low,1
Siembieda et al.,2011,Siembieda et al. 2011,yes,Google Scholar,"USA, California, San Francisco Bay",yes,North America,"Culture, Standard Method",Conventional,NA,NA,,<5 g,Animal,Bird,Podicipediformes,Podicipedidae,,,,Eared and western grebe ,free,Salmonella spp.,Salmonella,Salmonella,feces,yes,no,,,ND,3,,,,NA,,NA,,,,,,response to oil spill,"(Arizonae III; serogroup B, strain III 53:z4,z23, and Typhimurium; serogroup C1, 6,7:1,5, Thompson, and Ohio; serogroup D, Enteritidis; and serogroup E, Liverpool)",NA,NA,NA,NA,NA,NA,NA,NA,Low,1
Siembieda et al.,2011,Siembieda et al. 2011,yes,Google Scholar,"USA, California, San Francisco Bay",yes,North America,"Culture, Standard Method",Conventional,NA,NA,,<5 g,Animal,Bird,Pelecaniformes,Ardeidae,Butorides,Green heron,,,free,Salmonella spp.,Salmonella,Salmonella,feces,yes,no,,,ND,8,,,,NA,,NA,,,,,,response to oil spill,"(Arizonae III; serogroup B, strain III 53:z4,z23, and Typhimurium; serogroup C1, 6,7:1,5, Thompson, and Ohio; serogroup D, Enteritidis; and serogroup E, Liverpool)",NA,NA,NA,NA,NA,NA,NA,NA,Low,1
Siembieda et al.,2011,Siembieda et al. 2011,yes,Google Scholar,"USA, California, San Francisco Bay",yes,North America,"Culture, Standard Method",Conventional,NA,NA,,<5 g,Animal,Bird,Gaviiformes,Gaviidae,Gavia,,,"Common, Pacific, and red-throated loons ",free,Salmonella spp.,Salmonella,Salmonella,feces,yes,no,,,ND,9,,,`,NA,,NA,,,,,,response to oil spill,"(Arizonae III; serogroup B, strain III 53:z4,z23, and Typhimurium; serogroup C1, 6,7:1,5, Thompson, and Ohio; serogroup D, Enteritidis; and serogroup E, Liverpool)",NA,NA,NA,NA,NA,NA,NA,NA,Low,1
Siembieda et al.,2011,Siembieda et al. 2011,yes,Google Scholar,"USA, California, San Francisco Bay",yes,North America,"Culture, Standard Method",Conventional,NA,NA,,<5 g,Animal,Bird,Anseriformes,Anatidae,Anas,Mallard,,,free,Salmonella spp.,Salmonella,Salmonella,feces,yes,no,,,2,12,,,,NA,,NA,,,,,,response to oil spill,"(Arizonae III; serogroup B, strain III 53:z4,z23, and Typhimurium; serogroup C1, 6,7:1,5, Thompson, and Ohio; serogroup D, Enteritidis; and serogroup E, Liverpool)",NA,NA,NA,NA,NA,NA,NA,NA,Low,1
Siembieda et al.,2011,Siembieda et al. 2011,yes,Google Scholar,"USA, California, San Francisco Bay",yes,North America,"Culture, Standard Method",Conventional,NA,NA,,<5 g,Animal,Bird,Columbiformes,Columbidae,Zenaida,Mourning dove,Zenaida macroura,,free,Salmonella spp.,Salmonella,Salmonella,feces,yes,no,,,ND,14,,,,NA,,NA,,,,,,response to oil spill,"(Arizonae III; serogroup B, strain III 53:z4,z23, and Typhimurium; serogroup C1, 6,7:1,5, Thompson, and Ohio; serogroup D, Enteritidis; and serogroup E, Liverpool)",NA,NA,NA,NA,NA,NA,NA,NA,Low,1
Siembieda et al.,2011,Siembieda et al. 2011,yes,Google Scholar,"USA, California, San Francisco Bay",yes,North America,"Culture, Standard Method",Conventional,NA,NA,,<5 g,Animal,Bird,Accipitriformes,Accipitridae,Buteo,Red-tailed hawk,,,free,Salmonella spp.,Salmonella,Salmonella,feces,yes,no,,,ND,5,,,,NA,,NA,,,,,,response to oil spill,"(Arizonae III; serogroup B, strain III 53:z4,z23, and Typhimurium; serogroup C1, 6,7:1,5, Thompson, and Ohio; serogroup D, Enteritidis; and serogroup E, Liverpool)",NA,NA,NA,NA,NA,NA,NA,NA,Low,1
Siembieda et al.,2011,Siembieda et al. 2011,yes,Google Scholar,"USA, California, San Francisco Bay",yes,North America,"Culture, Standard Method",Conventional,NA,NA,,<5 g,Animal,Bird,Anseriformes,Anatidae,Oxyura,Ruddy duck ,,,free,Salmonella spp.,Salmonella,Salmonella,feces,yes,no,,,ND,5,,,,NA,,NA,,,,,,response to oil spill,"(Arizonae III; serogroup B, strain III 53:z4,z23, and Typhimurium; serogroup C1, 6,7:1,5, Thompson, and Ohio; serogroup D, Enteritidis; and serogroup E, Liverpool)",NA,NA,NA,NA,NA,NA,NA,NA,Low,1
Siembieda et al.,2011,Siembieda et al. 2011,yes,Google Scholar,"USA, California, San Francisco Bay",yes,North America,"Culture, Standard Method",Conventional,NA,NA,,<5 g,Animal,Bird,Pelecaniformes,Ardeidae,Egretta,Snowy egret,,,free,Salmonella spp.,Salmonella,Salmonella,feces,yes,no,,,ND,7,,,,NA,,NA,,,,,,response to oil spill,"(Arizonae III; serogroup B, strain III 53:z4,z23, and Typhimurium; serogroup C1, 6,7:1,5, Thompson, and Ohio; serogroup D, Enteritidis; and serogroup E, Liverpool)",NA,NA,NA,NA,NA,NA,NA,NA,Low,1
Siembieda et al.,2011,Siembieda et al. 2011,yes,Google Scholar,"USA, California, San Francisco Bay",yes,North America,"Culture, Standard Method",Conventional,NA,NA,,<5 g,Animal,Bird,Procellariiformes,Procellariidae,Puffinus,Sooty shearwater ,,,free,Salmonella spp.,Salmonella,Salmonella,feces,yes,no,,,ND,1,,,,NA,,NA,,,,,,"Data had to be compiled from all over the place in the article, serotypes numbers were not given","(Arizonae III; serogroup B, strain III 53:z4,z23, and Typhimurium; serogroup C1, 6,7:1,5, Thompson, and Ohio; serogroup D, Enteritidis; and serogroup E, Liverpool)",NA,NA,NA,NA,NA,NA,NA,NA,Low,1
Siembieda et al.,2011,Siembieda et al. 2011,yes,Google Scholar,"USA, California, San Francisco Bay",yes,North America,"Culture, Standard Method",Conventional,NA,NA,,<5 g,Animal,Bird,Anseriformes,Anatidae,Melanitta,Surf scoter,,,free,Salmonella spp.,Salmonella,Salmonella,feces,yes,no,,,ND,8,,,,NA,,NA,,,,,,response to oil spill,"(Arizonae III; serogroup B, strain III 53:z4,z23, and Typhimurium; serogroup C1, 6,7:1,5, Thompson, and Ohio; serogroup D, Enteritidis; and serogroup E, Liverpool)",NA,NA,NA,NA,NA,NA,NA,NA,Low,1
Siembieda et al.,2011,Siembieda et al. 2011,yes,Google Scholar,"USA, California, San Francisco Bay",yes,North America,"Culture, Standard Method",Conventional,NA,NA,,<5 g,Animal,Bird,Accipitriformes,Cathartidae,Cathartes,Turkey vulture,,,free,Salmonella spp.,Salmonella,Salmonella,feces,yes,no,,,2,3,,,,NA,,NA,,,,,,response to oil spill,"(Arizonae III; serogroup B, strain III 53:z4,z23, and Typhimurium; serogroup C1, 6,7:1,5, Thompson, and Ohio; serogroup D, Enteritidis; and serogroup E, Liverpool)",NA,NA,NA,NA,NA,NA,NA,NA,Low,1
Siembieda et al.,2011,Siembieda et al. 2011,yes,Google Scholar,"USA, California, San Francisco Bay",yes,North America,"Culture, Standard Method",Conventional,NA,NA,,<5 g,Animal,Bird,Gruiformes,Rallidae,Rallus,Virginia rail,,,free,Salmonella spp.,Salmonella,Salmonella,feces,yes,no,,,ND,1,,,,NA,,NA,,,,,,response to oil spill,"(Arizonae III; serogroup B, strain III 53:z4,z23, and Typhimurium; serogroup C1, 6,7:1,5, Thompson, and Ohio; serogroup D, Enteritidis; and serogroup E, Liverpool)",NA,NA,NA,NA,NA,NA,NA,NA,Low,1
Siembieda et al.,2011,Siembieda et al. 2011,yes,Google Scholar,"USA, California, San Francisco Bay",yes,North America,"Culture, Standard Method",Conventional,NA,NA,,<5 g,Animal,Bird,Podicipedidae,Aechmophorus,Aechmophoru,Western grebe,Aechmorphorus occidentalis,,free,Salmonella spp.,Salmonella,Salmonella,feces,yes,no,,,ND,11,,,,NA,,NA,,,,,,response to oil spill,"(Arizonae III; serogroup B, strain III 53:z4,z23, and Typhimurium; serogroup C1, 6,7:1,5, Thompson, and Ohio; serogroup D, Enteritidis; and serogroup E, Liverpool)",NA,NA,NA,NA,NA,NA,NA,NA,Low,1
Siembieda et al.,2011,Siembieda et al. 2011,yes,Google Scholar,"USA, California, San Francisco Bay",yes,North America,"Culture, Standard Method",Conventional,NA,NA,,<5 g,Animal,Bird,Charadriiformes,Laridae,Larus,Western gull,Larus occidentalis,,free,Salmonella spp.,Salmonella,Salmonella,feces,yes,no,,,ND,7,,,,NA,,NA,,,,,,response to oil spill,"(Arizonae III; serogroup B, strain III 53:z4,z23, and Typhimurium; serogroup C1, 6,7:1,5, Thompson, and Ohio; serogroup D, Enteritidis; and serogroup E, Liverpool)",NA,NA,NA,NA,NA,NA,NA,NA,Low,1
Siembieda et al.,2011,Siembieda et al. 2011,yes,Google Scholar,"USA, California, San Francisco Bay",yes,North America,"Culture, Standard Method",Conventional,NA,NA,,<5 g,Animal,Bird,Strigidae,Striginae,Megascops,Western screech owl,,,free,Salmonella spp.,Salmonella,Salmonella,feces,yes,no,,,ND,3,,,,NA,,NA,,,,,,response to oil spill,"(Arizonae III; serogroup B, strain III 53:z4,z23, and Typhimurium; serogroup C1, 6,7:1,5, Thompson, and Ohio; serogroup D, Enteritidis; and serogroup E, Liverpool)",NA,NA,NA,NA,NA,NA,NA,NA,Low,1
Siembieda et al.,2011,Siembieda et al. 2011,yes,Google Scholar,"USA, California, San Francisco Bay",yes,North America,"Culture, Standard Method",Conventional,NA,NA,,<5 g,Animal,Bird,Passeriformes,Corvidae,Aphelocoma,Western scrub jay,,,free,Salmonella spp.,Salmonella,Salmonella,feces,yes,no,,,ND,12,,,,NA,,NA,,,,,,response to oil spill,"(Arizonae III; serogroup B, strain III 53:z4,z23, and Typhimurium; serogroup C1, 6,7:1,5, Thompson, and Ohio; serogroup D, Enteritidis; and serogroup E, Liverpool)",NA,NA,NA,NA,NA,NA,NA,NA,Low,1
Silva et al.,2018,Silva et al. 2018,yes,review,"Brazil, Fernando de Noronha Archipelago",no,South America,"biochemical, culture plate and broth",Conventional,NA,NA,,=<10 swabs,Animal,Bird,Pelecaniformes,Ardeidae,Bubulcus,Cattle egret,Bubulcus ibis,,free,Salmonella,Salmonella,Salmonella,feces,yes,no,,,6,456,0.013900986,,,NA,,NA,,,,,,,51 composite samples (456 composite samples,NA,NA,NA,NA,NA,NA,NA,NA,Low,1
Smith et al. ,2002,Smith et al.  2002,yes,review,"USA, California, Davis, California Raptor Center",yes,North America,"biochemical, culture plate and broth",Conventional,NA,NA,,swab,Animal,Bird,Strigiformes,Tytonidae,Tyto,Barn owl,Tyto alba,,"originally free, in clinic for treatment",Salmonella,Salmonella,Salmonella,feces,yes,no,,,ND,17,,,,NA,,NA,,,,,,,,NA,NA,NA,NA,NA,NA,NA,NA,Low,1
Smith et al. ,2002,Smith et al.  2002,yes,review,"USA, California, Berkley,  International Bird Rescue Research Center",yes,North America,"biochemical, culture plate and broth",Conventional,NA,NA,,swab,Animal,Bird,Gaviiformes,Gaviidae,Gavia,Common loon,Gavia immer,,"originally free, in clinic for treatment",Salmonella,Salmonella,Salmonella,feces,yes,no,,,ND,2,,,,NA,,NA,,,,,,,,NA,NA,NA,NA,NA,NA,NA,NA,Low,1
Smith et al. ,2002,Smith et al.  2002,yes,review,"USA, California, Berkley,  International Bird Rescue Research Center",yes,North America,"biochemical, culture plate and broth",Conventional,NA,NA,,swab,Animal,Bird,Charadriiformes,Alcidae,Uria,Common murre,Uria aalge,,"originally free, in clinic for treatment",Salmonella,Salmonella,Salmonella,feces,yes,no,,,ND,14,,,,NA,,NA,,,,,,,,NA,NA,NA,NA,NA,NA,NA,NA,Low,1
Smith et al. ,2002,Smith et al.  2002,yes,review,"USA, California, Davis, California Raptor Center",yes,North America,"biochemical, culture plate and broth",Conventional,NA,NA,,swab,Animal,Bird,Accipitriformes,Accipitridae,Circus,Northern harrier,Circus cyaneus,,"originally free, in clinic for treatment",Salmonella,Salmonella,Salmonella,feces,yes,no,,,2,19,,,,NA,,NA,,,,,,,,NA,NA,NA,NA,NA,NA,NA,NA,Low,1
Smith et al. ,2002,Smith et al.  2002,yes,review,"USA, California, Berkley,  International Bird Rescue Research Center",yes,North America,"biochemical, culture plate and broth",Conventional,NA,NA,,swab,Animal,Bird,Anseriformes,Anatidae,Melanitta,Surf scoter,Melanitta perspicillata,,"originally free, in clinic for treatment",Salmonella,Salmonella,Salmonella,feces,yes,no,,,0,1,,,,NA,,NA,,,,,,,,NA,NA,NA,NA,NA,NA,NA,NA,Low,1
Smith et al. ,2002,Smith et al.  2002,yes,review,"USA, California, Berkley,  International Bird Rescue Research Center",yes,North America,"biochemical, culture plate and broth",Conventional,NA,NA,,swab,Animal,Bird,Podicipedidae,Aechmophorus,Aechmophoru,Western grebe,Aechmorphorus occidentalis,,"originally free, in clinic for treatment",Salmonella,Salmonella,Salmonella,feces,yes,no,,,ND,23,,,,NA,,NA,,,,,,,,NA,NA,NA,NA,NA,NA,NA,NA,Low,1
Smith et al. ,2002,Smith et al.  2002,yes,review,"USA, California, Farallon Islands",yes,North America,"biochemical, culture plate and broth",Conventional,NA,NA,,swab,Animal,Bird,Charadriiformes,Laridae,Larus,Western gull,Larus occidentalis,,free,Salmonella,Salmonella,Salmonella,feces,yes,no,,,1,27,,,,NA,,NA,,,,,,,,NA,NA,NA,NA,NA,NA,NA,NA,Low,1
Smith et al. ,2002,Smith et al.  2002,yes,review,"USA, California, Berkley,  International Bird Rescue Research Center",yes,North America,"biochemical, culture plate and broth",Conventional,NA,NA,,swab,Animal,Bird,Charadriiformes,Laridae,Larus,Western gull,Larus occidentalis,,"originally free, in clinic for treatment",Salmonella ,Salmonella,Salmonella,feces,yes,no,,,1,5,,,,NA,,NA,,,,,,,,NA,NA,NA,NA,NA,NA,NA,NA,Low,1
Snoeyenbos et al.,1967,Snoeyenbos et al. 1967,yes,review,"USA, Massachusetts, Agawam/New Salem/Amherst",yes,North America,"Identification (standard method), Culture broth/plate",Conventional,NA,NA,,variable tissue,Animal,Bird,Passeriformes,Icteridae,Molothrus,Brown-headed cowbird,Molothrus ater,,free,Salmonella,Salmonella,Salmonella,organ tissue,yes,no,,,11,299,,,,NA,,NA,,,,,,,,NA,NA,NA,NA,NA,NA,NA,NA,Moderate,2
Snoeyenbos et al.,1967,Snoeyenbos et al. 1967,yes,review,"USA, Massachusetts, Agawam/New Salem/Amherst",yes,North America,"Identification (standard method), Culture broth/plate",Conventional,NA,NA,,variable tissue,Animal,Bird,Passeriformes,Icteridae,Quiscalus,Common grackle,Quiscalus quiscula,,free,Salmonella,Salmonella,Salmonella,organ tissue,yes,no,,,2,108,,,,NA,,NA,,,,,,,,NA,NA,NA,NA,NA,NA,NA,NA,Moderate,2
Snoeyenbos et al.,1967,Snoeyenbos et al. 1967,yes,review,"USA, Massachusetts, Agawam/New Salem/Amherst",yes,North America,"Identification (standard method), Culture broth/plate",Conventional,NA,NA,,variable tissue,Animal,Bird,Passeriformes,Sturnidae,Sturnus,European starling,Sternus vulgaris,,free,Salmonella,Salmonella,Salmonella,organ tissue,yes,no,,,13,148,,,,NA,,NA,,,,,,,,NA,NA,NA,NA,NA,NA,NA,NA,Moderate,2
Snoeyenbos et al.,1967,Snoeyenbos et al. 1967,yes,review,"USA, Massachusetts, Muskeget Island, Revere garbage dump",yes,North America,"Identification (standard method), Culture broth/plate",Conventional,NA,NA,,variable swab,Animal,Bird,Charadriiformes,Laridae,Larus,Herring gull,Larus argentatus,,free,Salmonella,Salmonella,Salmonella,cloacal swab,yes,no,,,10,405,,,,NA,,NA,,,,,,,,NA,NA,NA,NA,NA,NA,NA,NA,Moderate,2
Snoeyenbos et al.,1967,Snoeyenbos et al. 1967,yes,review,"USA, Massachusetts, New Salem",yes,North America,"Identification (standard method), Culture broth/plate",Conventional,NA,NA,,variable tissue,Animal,Bird,Passeriformes,Icteridae,Agelaius,Red-winged blackbird,Agelaius phoeniceus,,free,Salmonella,Salmonella,Salmonella,organ tissue,yes,no,,,ND,42,,,,NA,,NA,,,,,,,,NA,NA,NA,NA,NA,NA,NA,NA,Moderate,2
"Strait, A.",2015,"Strait, A. 2015",thesis,Google Scholar,"USA, Ohio, Dairies",yes,North America,"agglutination, culture plate and broth",Conventional,NA,NA,,swab,Animal,Bird,Passeriformes,Tyrannida,Empidonax,Acadian flycatcher,Empidonax virescens ,,free,Salmonella,Salmonella,Salmonella,cloacal swab,yes,no,,,ND,1,,,,NA,,NA,,,,,,,,NA,NA,NA,NA,NA,NA,NA,NA,Low,1
"Strait, A.",2015,"Strait, A. 2015",thesis,Google Scholar,"USA, Ohio, Dairies",yes,North America,"agglutination, culture plate and broth",Conventional,NA,NA,,swab,Animal,Bird,Passeriformes,Fringillidae,Spinus,American goldfinch,,,free,Salmonella,Salmonella,Salmonella,cloacal swab,yes,no,,,ND,10,,,,NA,,NA,,,,,,,,NA,NA,NA,NA,NA,NA,NA,NA,Low,1
"Strait, A.",2015,"Strait, A. 2015",thesis,Google Scholar,"USA, Ohio, Dairies",yes,North America,"agglutination, culture plate and broth",Conventional,NA,NA,,swab,Animal,Bird,Passeriformes,Parulidae,Setophaga,American redstart,Setophaga ruticilla,,free,Salmonella,Salmonella,Salmonella,cloacal swab,yes,no,,,ND,2,,,,NA,,NA,,,,,,,,NA,NA,NA,NA,NA,NA,NA,NA,Low,1
"Strait, A.",2015,"Strait, A. 2015",thesis,Google Scholar,"USA, Ohio, Dairies",yes,North America,"agglutination, culture plate and broth",Conventional,NA,NA,,swab,Animal,Bird,Passeriformes,Turdidae,Turdus,American robin,Turdus migratorius,,free,Salmonella,Salmonella,Salmonella,cloacal swab,yes,no,,,ND,29,,,,NA,,NA,,,,,,,,NA,NA,NA,NA,NA,NA,NA,NA,Low,1
"Strait, A.",2015,"Strait, A. 2015",thesis,Google Scholar,"USA, Ohio, Dairies",yes,North America,"agglutination, culture plate and broth",Conventional,NA,NA,,swab,Animal,Bird,Passeriformes,Hirundinidae,Hirundo,Barn swallow,Hirundo rustica,,free,Salmonella,Salmonella,Salmonella,cloacal swab,yes,no,,,1,6,,,,NA,,NA,,,,,,,,NA,NA,NA,NA,NA,NA,NA,NA,Low,1
"Strait, A.",2015,"Strait, A. 2015",thesis,Google Scholar,"USA, Ohio, Dairies",yes,North America,"agglutination, culture plate and broth",Conventional,NA,NA,,swab,Animal,Bird,Passeriformes,Cardinalidae,Passerina,Blue grosbeak,Passerina caerulea ,,free,Salmonella,Salmonella,Salmonella,cloacal swab,yes,no,,,ND,1,,,,NA,,NA,,,,,,,,NA,NA,NA,NA,NA,NA,NA,NA,Low,1
"Strait, A.",2015,"Strait, A. 2015",thesis,Google Scholar,"USA, Ohio, Dairies",yes,North America,"agglutination, culture plate and broth",Conventional,NA,NA,,swab,Animal,Bird,Passeriformes,Mimidae,Toxostoma,Brown thrasher,Toxostoma rufum,,free,Salmonella,Salmonella,Salmonella,cloacal swab,yes,no,,,ND,2,,,,NA,,NA,,,,,,,,NA,NA,NA,NA,NA,NA,NA,NA,Low,1
"Strait, A.",2015,"Strait, A. 2015",thesis,Google Scholar,"USA, Ohio, Dairies",yes,North America,"agglutination, culture plate and broth",Conventional,NA,NA,,swab,Animal,Bird,Passeriformes,Icteridae,Molothrus,Brown-headed cowbird,,,free,Salmonella,Salmonella,Salmonella,cloacal swab,yes,no,,,ND,4,,,,NA,,NA,,,,,,,,NA,NA,NA,NA,NA,NA,NA,NA,Low,1
"Strait, A.",2015,"Strait, A. 2015",thesis,Google Scholar,"USA, Ohio, Dairies",yes,North America,"agglutination, culture plate and broth",Conventional,NA,NA,,swab,Animal,Bird,Passeriformes,Passerellidae,Spizella,Chipping sparrow,,,free,Salmonella,Salmonella,Salmonella,cloacal swab,yes,no,,,ND,8,,,,NA,,NA,,,,,,,,NA,NA,NA,NA,NA,NA,NA,NA,Low,1
"Strait, A.",2015,"Strait, A. 2015",thesis,Google Scholar,"USA, Ohio, Dairies",yes,North America,"agglutination, culture plate and broth",Conventional,NA,NA,,swab,Animal,Bird,Passeriformes,Parulidae,Geothlypis,Common yellowthroat,,,free,Salmonella,Salmonella,Salmonella,cloacal swab,yes,no,,,ND,2,,,,NA,,NA,,,,,,,,NA,NA,NA,NA,NA,NA,NA,NA,Low,1
"Strait, A.",2015,"Strait, A. 2015",thesis,Google Scholar,"USA, Ohio, Dairies",yes,North America,"agglutination, culture plate and broth",Conventional,NA,NA,,swab,Animal,Bird,Piciformes,Picidae,Dryobates,Downy woodpecker,,,free,Salmonella,Salmonella,Salmonella,cloacal swab,yes,no,,,ND,3,,,,NA,,NA,,,,,,,,NA,NA,NA,NA,NA,NA,NA,NA,Low,1
"Strait, A.",2015,"Strait, A. 2015",thesis,Google Scholar,"USA, Ohio, Dairies",yes,North America,"agglutination, culture plate and broth",Conventional,NA,NA,,swab,Animal,Bird,Passeriformes,Tyrannidae,Contopus,Eastern wood pewee,Contopus virens,,free,Salmonella,Salmonella,Salmonella,cloacal swab,yes,no,,,ND,1,,,,NA,,NA,,,,,,,,NA,NA,NA,NA,NA,NA,NA,NA,Low,1
"Strait, A.",2015,"Strait, A. 2015",thesis,Google Scholar,"USA, Ohio, Dairies",yes,North America,"agglutination, culture plate and broth",Conventional,NA,NA,,swab,Animal,Bird,Passeriformes,Tyrannidae,Empidonax,,Empidonax,Trail?s Flycatcher,free,Salmonella,Salmonella,Salmonella,cloacal swab,yes,no,,,ND,2,,,,NA,,NA,,,,,,,,NA,NA,NA,NA,NA,NA,NA,NA,Low,1
"Strait, A.",2015,"Strait, A. 2015",thesis,Google Scholar,"USA, Ohio, Dairies",yes,North America,"agglutination, culture plate and broth",Conventional,NA,NA,,swab,Animal,Bird,Passeriformes,Sturnidae,Sturnus,European starling,,,free,Salmonella,Salmonella,Salmonella,cloacal swab,yes,no,,,ND,14,,,,NA,,NA,,,,,,,,NA,NA,NA,NA,NA,NA,NA,NA,Low,1
"Strait, A.",2015,"Strait, A. 2015",thesis,Google Scholar,"USA, Ohio, Dairies",yes,North America,"agglutination, culture plate and broth",Conventional,NA,NA,,swab,Animal,Bird,Passeriformes,Mimidae,Dumetella,Grey catbird,Dumetella carolinensis,,free,Salmonella,Salmonella,Salmonella,cloacal swab,yes,no,,,ND,18,,,,NA,,NA,,,,,,,,NA,NA,NA,NA,NA,NA,NA,NA,Low,1
"Strait, A.",2015,"Strait, A. 2015",thesis,Google Scholar,"USA, Ohio, Dairies",yes,North America,"agglutination, culture plate and broth",Conventional,NA,NA,,swab,Animal,Bird,Passeriformes,Turdidae,Catharus,Grey-cheek thrush,Catharus minimus,,free,Salmonella,Salmonella,Salmonella,cloacal swab,yes,no,,,ND,2,,,,NA,,NA,,,,,,,,NA,NA,NA,NA,NA,NA,NA,NA,Low,1
"Strait, A.",2015,"Strait, A. 2015",thesis,Google Scholar,"USA, Ohio, Dairies",yes,North America,"agglutination, culture plate and broth",Conventional,NA,NA,,swab,Animal,Bird,Passeriformes,Passeridae,Passer,House sparrow,,,free,Salmonella,Salmonella,Salmonella,cloacal swab,yes,no,,,2,10,,,,NA,,NA,,,,,,,,NA,NA,NA,NA,NA,NA,NA,NA,Low,1
"Strait, A.",2015,"Strait, A. 2015",thesis,Google Scholar,"USA, Ohio, Dairies",yes,North America,"agglutination, culture plate and broth",Conventional,NA,NA,,swab,Animal,Bird,Passeriformes,Troglodytidae,Troglodytes,House wren,,,free,Salmonella,Salmonella,Salmonella,cloacal swab,yes,no,,,ND,2,,,,NA,,NA,,,,,,,,NA,NA,NA,NA,NA,NA,NA,NA,Low,1
"Strait, A.",2015,"Strait, A. 2015",thesis,Google Scholar,"USA, Ohio, Dairies",yes,North America,"agglutination, culture plate and broth",Conventional,NA,NA,,swab,Animal,Bird,Passeriformes,Cardinalidae,Passerina,Indigo bunting,,,free,Salmonella,Salmonella,Salmonella,cloacal swab,yes,no,,,ND,20,,,,NA,,NA,,,,,,,,NA,NA,NA,NA,NA,NA,NA,NA,Low,1
"Strait, A.",2015,"Strait, A. 2015",thesis,Google Scholar,"USA, Ohio, Dairies",yes,North America,"agglutination, culture plate and broth",Conventional,NA,NA,,swab,Animal,Bird,Passeriformes,Passerellidae,Melospiza,Lincoln's sparrow,,,free,Salmonella,Salmonella,Salmonella,cloacal swab,yes,no,,,ND,1,,,,NA,,NA,,,,,,,,NA,NA,NA,NA,NA,NA,NA,NA,Low,1
"Strait, A.",2015,"Strait, A. 2015",thesis,Google Scholar,"USA, Ohio, Dairies",yes,North America,"agglutination, culture plate and broth",Conventional,NA,NA,,swab,Animal,Bird,Passeriformes,Parulidae,Geothlypis,Mourning warbler,Geothlypis philadelphia,,free,Salmonella,Salmonella,Salmonella,cloacal swab,yes,no,,,ND,3,,,,NA,,NA,,,,,,,,NA,NA,NA,NA,NA,NA,NA,NA,Low,1
"Strait, A.",2015,"Strait, A. 2015",thesis,Google Scholar,"USA, Ohio, Dairies",yes,North America,"agglutination, culture plate and broth",Conventional,NA,NA,,swab,Animal,Bird,Passeriformes,Cardinalidae,Cardinalis,Northern cardinal,,,free,Salmonella,Salmonella,Salmonella,cloacal swab,yes,no,,,ND,7,,,,NA,,NA,,,,,,,,NA,NA,NA,NA,NA,NA,NA,NA,Low,1
"Strait, A.",2015,"Strait, A. 2015",thesis,Google Scholar,"USA, Ohio, Dairies",yes,North America,"agglutination, culture plate and broth",Conventional,NA,NA,,swab,Animal,Bird,Passeriformes,Parulidae,Parkesia,Northern waterthrush,,,free,Salmonella,Salmonella,Salmonella,cloacal swab,yes,no,,,ND,2,,,,NA,,NA,,,,,,,,NA,NA,NA,NA,NA,NA,NA,NA,Low,1
"Strait, A.",2015,"Strait, A. 2015",thesis,Google Scholar,"USA, Ohio, Dairies",yes,North America,"agglutination, culture plate and broth",Conventional,NA,NA,,swab,Animal,Bird,Passeriformes,Parulidae,Setophaga,Palm warbler,,,free,Salmonella,Salmonella,Salmonella,cloacal swab,yes,no,,,ND,1,,,,NA,,NA,,,,,,,,NA,NA,NA,NA,NA,NA,NA,NA,Low,1
"Strait, A.",2015,"Strait, A. 2015",thesis,Google Scholar,"USA, Ohio, Dairies",yes,North America,"agglutination, culture plate and broth",Conventional,NA,NA,,swab,Animal,Bird,Passeriformes,Passerellidae,,,,Unknown (Suspected Flycatcher),free,Salmonella,Salmonella,Salmonella,cloacal swab,yes,no,,,ND,1,,,,NA,,NA,,,,,,,,NA,NA,NA,NA,NA,NA,NA,NA,Low,1
"Strait, A.",2015,"Strait, A. 2015",thesis,Google Scholar,"USA, Ohio, Dairies",yes,North America,"agglutination, culture plate and broth",Conventional,NA,NA,,swab,Animal,Bird,Passeriformes,Icteridae,Agelaius,Red-winged blackbird,,,free,Salmonella,Salmonella,Salmonella,cloacal swab,yes,no,,,1,4,,,,NA,,NA,,,,,,,,NA,NA,NA,NA,NA,NA,NA,NA,Low,1
"Strait, A.",2015,"Strait, A. 2015",thesis,Google Scholar,"USA, Ohio, Dairies",yes,North America,"agglutination, culture plate and broth",Conventional,NA,NA,,swab,Animal,Bird,Passeriformes,Hirundinidae,Stelgidopteryx,,,Rough-winged swallow (genus),free,Salmonella,Salmonella,Salmonella,cloacal swab,yes,no,,,ND,4,,,,NA,,NA,,,,,,,,NA,NA,NA,NA,NA,NA,NA,NA,Low,1
"Strait, A.",2015,"Strait, A. 2015",thesis,Google Scholar,"USA, Ohio, Dairies",yes,North America,"agglutination, culture plate and broth",Conventional,NA,NA,,swab,Animal,Bird,Passeriformes,Passerellidae,Melospiza,Song sparrow,Melospiza melodia,,free,Salmonella,Salmonella,Salmonella,cloacal swab,yes,no,,,ND,12,,,,NA,,NA,,,,,,,,NA,NA,NA,NA,NA,NA,NA,NA,Low,1
"Strait, A.",2015,"Strait, A. 2015",thesis,Google Scholar,"USA, Ohio, Dairies",yes,North America,"agglutination, culture plate and broth",Conventional,NA,NA,,swab,Animal,Bird,Charadriiformes,Scolopacidae,Actitis,Spotted sandpiper,,,free,Salmonella,Salmonella,Salmonella,cloacal swab,yes,no,,,ND,1,,,,NA,,NA,,,,,,,,NA,NA,NA,NA,NA,NA,NA,NA,Low,1
"Strait, A.",2015,"Strait, A. 2015",thesis,Google Scholar,"USA, Ohio, Dairies",yes,North America,"agglutination, culture plate and broth",Conventional,NA,NA,,swab,Animal,Bird,Passeriformes,Turdidae,Catharus,Swainson's thrush,Catharus ustulatus,,free,Salmonella,Salmonella,Salmonella,cloacal swab,yes,no,,,ND,3,,,,NA,,NA,,,,,,,,NA,NA,NA,NA,NA,NA,NA,NA,Low,1
"Strait, A.",2015,"Strait, A. 2015",thesis,Google Scholar,"USA, Ohio, Dairies",yes,North America,"agglutination, culture plate and broth",Conventional,NA,NA,,swab,Animal,Bird,Passeriformes,Vireonidae,Vireo,Warbling vireo,,,free,Salmonella,Salmonella,Salmonella,cloacal swab,yes,no,,,ND,3,,,,NA,,NA,,,,,,,,NA,NA,NA,NA,NA,NA,NA,NA,Low,1
"Strait, A.",2015,"Strait, A. 2015",thesis,Google Scholar,"USA, Ohio, Dairies",yes,North America,"agglutination, culture plate and broth",Conventional,NA,NA,,swab,Animal,Bird,Passeriformes,Passerellidae,Zonotrichia,White-crowned sparrow,,,free,Salmonella,Salmonella,Salmonella,cloacal swab,yes,no,,,ND,2,,,,NA,,NA,,,,,,,,NA,NA,NA,NA,NA,NA,NA,NA,Low,1
"Strait, A.",2015,"Strait, A. 2015",thesis,Google Scholar,"USA, Ohio, Dairies",yes,North America,"agglutination, culture plate and broth",Conventional,NA,NA,,swab,Animal,Bird,Passeriformes,Passerellidae,Zonotrichia,White-throated sparrow,,,free,Salmonella,Salmonella,Salmonella,cloacal swab,yes,no,,,ND,1,,,,NA,,NA,,,,,,,,NA,NA,NA,NA,NA,NA,NA,NA,Low,1
"Strait, A.",2015,"Strait, A. 2015",thesis,Google Scholar,"USA, Ohio, Dairies",yes,North America,"agglutination, culture plate and broth",Conventional,NA,NA,,swab,Animal,Bird,Passeriformes,Parulidae,Cardellina,Wilson's warbler,,,free,Salmonella,Salmonella,Salmonella,cloacal swab,yes,no,,,ND,1,,,,NA,,NA,,,,,,,,NA,NA,NA,NA,NA,NA,NA,NA,Low,1
"Strait, A.",2015,"Strait, A. 2015",thesis,Google Scholar,"USA, Ohio, Dairies",yes,North America,"agglutination, culture plate and broth",Conventional,NA,NA,,swab,Animal,Bird,Passeriformes,Tyrannidae,Contopus,,,Wood pewee (genus),free,Salmonella,Salmonella,Salmonella,cloacal swab,yes,no,,,ND,1,,,,NA,,NA,,,,,,,,NA,NA,NA,NA,NA,NA,NA,NA,Low,1
"Strait, A.",2015,"Strait, A. 2015",thesis,Google Scholar,"USA, Ohio, Dairies",yes,North America,"agglutination, culture plate and broth",Conventional,NA,NA,,swab,Animal,Bird,Passeriformes,Turdidae,Hylocichla,Wood thrush,Hylocichla mustelina,,free,Salmonella,Salmonella,Salmonella,cloacal swab,yes,no,,,ND,1,,,,NA,,NA,,,,,,,,NA,NA,NA,NA,NA,NA,NA,NA,Low,1
"Strait, A.",2015,"Strait, A. 2015",thesis,Google Scholar,"USA, Ohio, Dairies",yes,North America,"agglutination, culture plate and broth",Conventional,NA,NA,,swab,Animal,Bird,Passeriformes,Parulidae,Setophaga,Yellow-rumped warbler,,,free,Salmonella,Salmonella,Salmonella,cloacal swab,yes,no,,,ND,2,,,,NA,,NA,,,,,,,,NA,NA,NA,NA,NA,NA,NA,NA,Low,1
Tanaka et al.,2005,Tanaka et al. 2005,yes,review,Japan,no,Western Pacific,"Culture, slide and tube agglutination",Conventional,NA,NA,,0.5-3 g,Animal,Bird,Columbiformes,Columbidae,Columba,Pigeon,Columba livia,,free,Salmonella spp.,Salmonella,Salmonella,feces (dry and wet),yes,no,,,17,436,,,,NA,,NA,,,,,,,,NA,NA,NA,NA,NA,NA,NA,NA,High,3
Tanaka et al.,2005,Tanaka et al. 2005,yes,review,"Japan, Aichi",no,Western Pacific,"Culture, slide and tube agglutination",Conventional,NA,NA,,0.5-3 g,Animal,Bird,Columbiformes,Columbidae,Columba,Pigeon,Columba livia,,free,Salmonella spp.,Salmonella,Salmonella,feces (dry and wet),yes,no,,,1,8,,,,NA,,NA,,,,,,, (Typhimurium),NA,NA,NA,NA,NA,NA,NA,NA,High,3
Tanaka et al.,2005,Tanaka et al. 2005,yes,review,"Japan, Hiroshima",no,Western Pacific,"Culture, slide and tube agglutination",Conventional,NA,NA,,0.5-3 g,Animal,Bird,Columbiformes,Columbidae,Columba,Pigeon,Columba livia,,free,Salmonella spp.,Salmonella,Salmonella,feces (dry and wet),yes,no,,,0,1,,,,NA,,NA,,,,,,,,NA,NA,NA,NA,NA,NA,NA,NA,High,3
Tanaka et al.,2005,Tanaka et al. 2005,yes,review,"Japan, Hokkaido",no,Western Pacific,"Culture, slide and tube agglutination",Conventional,NA,NA,,0.5-3 g,Animal,Bird,Columbiformes,Columbidae,Columba,Pigeon,Columba livia,,free,Salmonella spp.,Salmonella,Salmonella,feces (dry and wet),yes,no,,,6,30,,,,NA,,NA,,,,,,, (Typhimurium),NA,NA,NA,NA,NA,NA,NA,NA,High,3
Tanaka et al.,2005,Tanaka et al. 2005,yes,review,"Japan, Kanagawa",no,Western Pacific,"Culture, slide and tube agglutination",Conventional,NA,NA,,0.5-3 g,Animal,Bird,Columbiformes,Columbidae,Columba,Pigeon,Columba livia,,free,Salmonella spp.,Salmonella,Salmonella,feces (dry and wet),yes,no,,,0,3,,,,NA,,NA,,,,,,,,NA,NA,NA,NA,NA,NA,NA,NA,High,3
Tanaka et al.,2005,Tanaka et al. 2005,yes,review,"Japan, Osaka",no,Western Pacific,"Culture, slide and tube agglutination",Conventional,NA,NA,,0.5-3 g,Animal,Bird,Columbiformes,Columbidae,Columba,Pigeon,Columba livia,,free,Salmonella spp.,Salmonella,Salmonella,feces (dry and wet),yes,no,,,0,29,,,,NA,,NA,,,,,,,,NA,NA,NA,NA,NA,NA,NA,NA,High,3
Tanaka et al.,2005,Tanaka et al. 2005,yes,review,"Japan, Tokyo",no,Western Pacific,"Culture, slide and tube agglutination",Conventional,NA,NA,,0.5-3 g,Animal,Bird,Columbiformes,Columbidae,Columba,Pigeon,Columba livia,,free,Salmonella spp.,Salmonella,Salmonella,feces (dry and wet),yes,no,,,1,16,,,,NA,,NA,,,,,,, (Typhimurium),NA,NA,NA,NA,NA,NA,NA,NA,High,3
Tanaka et al.,2005,Tanaka et al. 2005,yes,review,"Japan, Gifu",no,Western Pacific,"Culture, slide and tube agglutination",Conventional,NA,NA,,0.5-3 g,Animal,Bird,Columbiformes,Columbidae,Columba,Pigeon,Columba livia,,free,Salmonella spp. ,Salmonella,Salmonella,feces (dry and wet),yes,no,,,9,276,,,,NA,,NA,,,,,,,"(Cerro, untyped O4, O8)",NA,NA,NA,NA,NA,NA,NA,NA,High,3
Tizard et al.,2004,Tizard et al. 2004,from review article,article not found,UK,no,Europe,Review Tizard 2006,Conventional,Review,Review,,Review,Animal,Bird,Charadriiformes,Laridae,Larus,,,Gull (genus),free,Salmonella,Salmonella,Salmonella,gulls submitted for diagnosis,yes,no,,,5,83,,,,NA,,NA,,,,,,MacDonald and Brown,1974,NA,NA,NA,NA,NA,NA,NA,NA,Low,1
Wahlstrom et al.,2003,Wahlstrom et al. 2003,yes,review,"Sweden, Oland, Oteby Bird Observatory",no,Europe,"biochemical, Standard Method",Conventional,NA,NA,,1-5g,Animal,Bird,Anseriformes,Anatidae,Branta,Canada goose,,,free,Salmonella,Salmonella,Salmonella,feces (squeezed out of hunted animals),yes,no,,,ND,105,0,,,NA,,NA,,,,,,calculated percentages for individual includes formulas),23 pools (105 individual),NA,NA,NA,NA,NA,NA,NA,NA,Low,1
Wahlstrom et al.,2003,Wahlstrom et al. 2003,yes,review,"Sweden, Oland, Oteby Bird Observatory",no,Europe,"biochemical, Standard Method",Conventional,NA,NA,,1-5g,Animal,Bird,Charadriiformes,Laridae,Larus,,"Larus argentatus, Larus canus, Larus marinus","90 herring, 6 black backed, 15 common",free,Salmonella,Salmonella,Salmonella,feces (squeezed out of hunted animals),yes,no,,,4,111,0.03825147,,,NA,,NA,,,,,,calculated percentages for individual includes formulas)," (Oranienburg, Livingstone, Agona, Typhimurium DT195)",NA,NA,NA,NA,NA,NA,NA,NA,Low,1
Wilson and MacDonald,1967,Wilson and MacDonald 1967,yes,review,"UK, England",no,Europe,"(outside lab Salmonella Reference Laboratory) standard methods?, culture broth and plate",Conventional,NA,NA,,NA,Animal,Bird,,,,,,Bird (class),free,Salmonella ,Salmonella,Salmonella,"intestines content, tissue (liver, lung, lesions), dead bird",yes,no,,,9,1573,,,,NA,,NA,,,,,,,,NA,NA,NA,NA,NA,NA,NA,NA,Very Low,0
Winsor et al.,1981,Winsor et al. 1981,yes,review,"USA, Texas, Tom Green/Irion county",yes,North America,"biochemical testing, broth and plate culture",Conventional,NA,NA,,swab (variable),Animal,Bird,Accipitriformes,Cathartidae,Cathartes,Turkey vulture,Cathartes aura,,free,Salmonella sp.,Salmonella,Salmonella,"intestines tissue, hunted",yes,no,,,3,20,,,,NA,,NA,,,,,,,,NA,NA,NA,NA,NA,NA,NA,NA,Low,1
Franklin et al.,2015,Franklin et al. 2015,grey literature,Google Scholar,"USA, Colorado, Saguache county, San Luis Valley, fields",yes,North America,"visual, culture broth and plate",Conventional,NA,NA,,swab,Animal,Bird,Passeriformes,Corvidae,Pica,Black-billed magpie,Pica hudsonia,,free,Salmonella enterica,Salmonella enterica,Salmonella enterica (non-typhoid),feces,yes,no,,,ND,1,,,,NA,,NA,,,,,,,,NA,NA,NA,NA,NA,NA,NA,NA,Low,1
Franklin et al.,2015,Franklin et al. 2015,grey literature,Google Scholar,"USA, Colorado, Saguache county, San Luis Valley, fields",yes,North America,"visual, culture broth and plate",Conventional,NA,NA,,swab,Animal,Bird,Passeriformes,Motacillidae,Anthus,American pipit ,Anthus rubescens,,free,Salmonella enterica,Salmonella enterica,Salmonella enterica (non-typhoid),feces,yes,no,,,ND,12,,,,NA,,NA,,,,,,,,NA,NA,NA,NA,NA,NA,NA,NA,Low,1
Franklin et al.,2015,Franklin et al. 2015,grey literature,Google Scholar,"USA, Colorado, Saguache county, San Luis Valley, fields",yes,North America,"visual, culture broth and plate",Conventional,NA,NA,,swab,Animal,Bird,Passeriformes,Passerellidae,Spizella,Brewer's sparrow,Spizella breweri,,free,Salmonella enterica,Salmonella enterica,Salmonella enterica (non-typhoid),feces,yes,no,,,ND,2,,,,NA,,NA,,,,,,,,NA,NA,NA,NA,NA,NA,NA,NA,Low,1
Franklin et al.,2015,Franklin et al. 2015,grey literature,Google Scholar,"USA, Colorado, Saguache county, San Luis Valley, fields",yes,North America,"visual, culture broth and plate",Conventional,NA,NA,,swab,Animal,Bird,Strigiformes,Strigidae,Athene,Burrowing owl,Athene cunicularia,,free,Salmonella enterica,Salmonella enterica,Salmonella enterica (non-typhoid),feces,yes,no,,,ND,2,,,,NA,,NA,,,,,,,,NA,NA,NA,NA,NA,NA,NA,NA,Low,1
Franklin et al.,2015,Franklin et al. 2015,grey literature,Google Scholar,"USA, Colorado, Saguache county, San Luis Valley, fields",yes,North America,"visual, culture broth and plate",Conventional,NA,NA,,swab,Animal,Bird,Passeriformes,Sturnidae,Sturnus,European starling,Sturnus vulgaris,,free,Salmonella enterica,Salmonella enterica,Salmonella enterica (non-typhoid),feces,yes,no,,,ND,3,,,,NA,,NA,,,,,,,,NA,NA,NA,NA,NA,NA,NA,NA,Low,1
Franklin et al.,2015,Franklin et al. 2015,grey literature,Google Scholar,"USA, Colorado, Saguache county, San Luis Valley, fields",yes,North America,"visual, culture broth and plate",Conventional,NA,NA,,swab,Animal,Bird,Passeriformes,Alaudidae,Eremophila,Horned lark ,Eremophila alpestris,,free,Salmonella enterica,Salmonella enterica,Salmonella enterica (non-typhoid),feces,yes,no,,,ND,41,,,,NA,,NA,,,,,,,,NA,NA,NA,NA,NA,NA,NA,NA,Low,1
Franklin et al.,2015,Franklin et al. 2015,grey literature,Google Scholar,"USA, Colorado, Saguache county, San Luis Valley, fields",yes,North America,"visual, culture broth and plate",Conventional,NA,NA,,swab,Animal,Bird,Passeriformes,Passeridae,Passer,House sparrow,Passer domesticus,,free,Salmonella enterica,Salmonella enterica,Salmonella enterica (non-typhoid),feces,yes,no,,,ND,1,,,,NA,,NA,,,,,,,,NA,NA,NA,NA,NA,NA,NA,NA,Low,1
Franklin et al.,2015,Franklin et al. 2015,grey literature,Google Scholar,"USA, Colorado, Saguache county, San Luis Valley, fields",yes,North America,"visual, culture broth and plate",Conventional,NA,NA,,swab,Animal,Bird,Passeriformes,Turdidae,Sialia,Mountain bluebird,Sialia currucoides,,free,Salmonella enterica,Salmonella enterica,Salmonella enterica (non-typhoid),feces,yes,no,,,ND,1,,,,NA,,NA,,,,,,,,NA,NA,NA,NA,NA,NA,NA,NA,Low,1
Franklin et al.,2015,Franklin et al. 2015,grey literature,Google Scholar,"USA, Colorado, Saguache county, San Luis Valley, fields",yes,North America,"visual, culture broth and plate",Conventional,NA,NA,,swab,Animal,Bird,Columbiformes,Columbidae,Zenaida,Mourning dove,Zenaida macroura,,free,Salmonella enterica,Salmonella enterica,Salmonella enterica (non-typhoid),feces,yes,no,,,ND,2,,,,NA,,NA,,,,,,,,NA,NA,NA,NA,NA,NA,NA,NA,Low,1
Franklin et al.,2015,Franklin et al. 2015,grey literature,Google Scholar,"USA, Colorado, Saguache county, San Luis Valley, fields",yes,North America,"visual, culture broth and plate",Conventional,NA,NA,,swab,Animal,Bird,Columbiformes,Columbidae,Columba,Pigeon,Columba livia,,free,Salmonella enterica,Salmonella enterica,Salmonella enterica (non-typhoid),feces,yes,no,,,ND,3,,,,NA,,NA,,,,,,,,NA,NA,NA,NA,NA,NA,NA,NA,Low,1
Franklin et al.,2015,Franklin et al. 2015,grey literature,Google Scholar,"USA, Colorado, Saguache county, San Luis Valley, fields",yes,North America,"visual, culture broth and plate",Conventional,NA,NA,,swab,Animal,Bird,Passeriformes,Icteridae,Agelaius,Red-winged blackbird,Agelaius phoeniceus,,free,Salmonella enterica,Salmonella enterica,Salmonella enterica (non-typhoid),feces,yes,no,,,ND,10,,,,NA,,NA,,,,,,,,NA,NA,NA,NA,NA,NA,NA,NA,Low,1
Franklin et al.,2015,Franklin et al. 2015,grey literature,Google Scholar,"USA, Colorado, Saguache county, San Luis Valley, fields",yes,North America,"visual, culture broth and plate",Conventional,NA,NA,,swab,Animal,Bird,Passeriformes,Mimidae,Oreoscoptes,Sage thrasher,Oreoscoptes montanus,,free,Salmonella enterica,Salmonella enterica,Salmonella enterica (non-typhoid),feces,yes,no,,,ND,1,,,,NA,,NA,,,,,,,,NA,NA,NA,NA,NA,NA,NA,NA,Low,1
Franklin et al.,2015,Franklin et al. 2015,grey literature,Google Scholar,"USA, Colorado, Saguache county, San Luis Valley, fields",yes,North America,"visual, culture broth and plate",Conventional,NA,NA,,swab,Animal,Bird,Passeriformes,Passerellidae,Passerculus,Savannah sparrow,Passerculus sandwichensis,,free,Salmonella enterica,Salmonella enterica,Salmonella enterica (non-typhoid),feces,yes,no,,,ND,2,,,,NA,,NA,,,,,,,,NA,NA,NA,NA,NA,NA,NA,NA,Low,1
Franklin et al.,2015,Franklin et al. 2015,grey literature,Google Scholar,"USA, Colorado, Saguache county, San Luis Valley, fields",yes,North America,"visual, culture broth and plate",Conventional,NA,NA,,swab,Animal,Bird,Accipitriformes,Accipitridae,Buteo,Swainson's hawk ,Buteo swainsoni,,free,Salmonella enterica,Salmonella enterica,Salmonella enterica (non-typhoid),feces,yes,no,,,ND,1,,,,NA,,NA,,,,,,,,NA,NA,NA,NA,NA,NA,NA,NA,Low,1
Franklin et al.,2015,Franklin et al. 2015,grey literature,Google Scholar,"USA, Colorado, Saguache county, San Luis Valley, fields",yes,North America,"visual, culture broth and plate",Conventional,NA,NA,,swab,Animal,Bird,Passeriformes,Passerellidae,Pooecetes,Vesper sparrow,Pooecetes gramineus,,free,Salmonella enterica,Salmonella enterica,Salmonella enterica (non-typhoid),feces,yes,no,,,ND,1,,,,NA,,NA,,,,,,,,NA,NA,NA,NA,NA,NA,NA,NA,Low,1
Franklin et al.,2015,Franklin et al. 2015,grey literature,Google Scholar,"USA, Colorado, Saguache county, San Luis Valley, fields",yes,North America,"visual, culture broth and plate",Conventional,NA,NA,,swab,Animal,Bird,Passeriformes,Tyrannidae,Tyrannus,Western kingbird,Tyrannus verticalis,,free,Salmonella enterica,Salmonella enterica,Salmonella enterica (non-typhoid),feces,yes,no,,,ND,1,,,,NA,,NA,,,,,,,,NA,NA,NA,NA,NA,NA,NA,NA,Low,1
Franklin et al.,2015,Franklin et al. 2015,grey literature,Google Scholar,"USA, Colorado, Saguache county, San Luis Valley, fields",yes,North America,"visual, culture broth and plate",Conventional,NA,NA,,swab,Animal,Bird,Passeriformes,Passerellidae,Zonotrichia,White-crowned sparrow,Zonotrichia leucophrys,,free,Salmonella enterica,Salmonella enterica,Salmonella enterica (non-typhoid),feces,yes,no,,,ND,1,,,,NA,,NA,,,,,,,,NA,NA,NA,NA,NA,NA,NA,NA,Low,1
Robinson and Daniel,1968,Robinson and Daniel 1968,yes,review,"New Zealand, Aukland, Mangere Sewage Ponds and Manukau Harbor",no,Western Pacific,standard method,Conventional,NA,NA,,NA,Animal,Bird,Suliformes,Phalacrocoracidae,Phalacrocorax,,Phalacrocorax spp.,Cormorant (genus),free,Salmonella bovis-morbificans,Salmonella enterica subsp. enterica serovar Bovis-morbifican,Salmonella enterica (non-typhoid),"intestines tissue, intestines content",yes,no,,,1,9,,,,NA,,NA,,,,,,,,NA,NA,NA,NA,NA,NA,NA,NA,Moderate,2
Robinson and Daniel,1968,Robinson and Daniel 1968,yes,review,"New Zealand, Auckland, near meatworks/abattoir/garbage dump",no,Western Pacific,standard method,Conventional,NA,NA,,NA,Animal,Bird,Charadriiformes,Laridae,Larus,Kelp gull,Larus dominicanus,,free,Salmonella bovis-morbificans,Salmonella enterica subsp. enterica serovar Bovis-morbifican,Salmonella enterica (non-typhoid),"intestines tissue, intestines content",yes,no,,,1,14,,,,NA,,NA,,,,,,,,NA,NA,NA,NA,NA,NA,NA,NA,Moderate,2
Robinson and Daniel,1968,Robinson and Daniel 1968,yes,review,"New Zealand, Auckland, near meatworks/abattoir/garbage dump",no,Western Pacific,standard method,Conventional,NA,NA,,NA,Animal,Bird,Charadriiformes,Laridae,Chroicocephalus,Red-billed gull ,Larus novaehollandiae,,free,Salmonella bovis-morbificans,Salmonella enterica subsp. enterica serovar Bovis-morbifican,Salmonella enterica (non-typhoid),"intestines tissue, intestines content",yes,no,,,5,16,,,,NA,,NA,,,,,,,,NA,NA,NA,NA,NA,NA,NA,NA,Moderate,2
Dadam et al.,2019,Dadam et al. 2019,yes,review,"UK, England, London",no,Europe,"Lab (government standard method?), biochemical, plate culture",Conventional,NA,NA,,swab,Animal,Bird,Passeriformes,Passeridae,Passer,House sparrow,Passer domesticus,,free,Salmonella typhimurium DT56,Salmonella enterica subsp. enterica serovar Typhimurium str. DT53,Salmonella enterica (typhoid),cloacal swab,yes,no,,,1,271,,,,NA,,NA,,,,,,epidemic,,NA,NA,NA,NA,NA,NA,NA,NA,High,3
Mikaelian et al.,1997,Mikaelian et al. 1997,yes,review,"Canada, Quebec, Canadian Cooperative Wildlife Health Centre",no,Northa America,Laboratory isolation (plate culture?),Conventional,NA,NA,,NA,Animal,Bird,,,,,,Bird (class),free,Salmonella typhimurium,Salmonella enterica subsp. enterica serovar Typhimurium,Salmonella enterica (typhoid),infraorbital sinuses;,yes,no,,,ND,3,,,,NA,,NA,,,,,,,,NA,NA,NA,NA,NA,NA,NA,NA,Very Low,0
Pennycott et al.,1998,Pennycott et al. 1998,yes,review,"UK, Scotland, Grampian",no,Europe,"Microscope, culture plate",Conventional,NA,NA,,NA,Animal,Bird,Passeriformes,Fringillidae,Fringilla,Common chaffinch,Fringilla coelebs,,free,Salmonella typhimurium DT40,Salmonella enterica subsp. enterica serovar Typhimurium str. DT40,Salmonella enterica (typhoid),"dead bird, tissue instestines and liver",yes,no,,,1,2,,,,NA,,NA,,,,,,,,NA,NA,NA,NA,NA,NA,NA,NA,Low,1
Pennycott et al.,1998,Pennycott et al. 1998,yes,review,"UK, Scotland, Grampian",no,Europe,"Microscope, culture plate",Conventional,NA,NA,,NA,Animal,Bird,Passeriformes,Fringillidae,Pyrrhula,Eurasian bullfinch,Pyrrhula pyrrhula,,free,Salmonella typhimurium DT40,Salmonella enterica subsp. enterica serovar Typhimurium str. DT41,Salmonella enterica (typhoid),"dead bird, tissue instestines and liver",yes,no,,,ND,2,,,,NA,,NA,,,,,,,,NA,NA,NA,NA,NA,NA,NA,NA,Low,1
Pennycott et al.,1998,Pennycott et al. 1998,yes,review,"UK, Scotland, Grampian",no,Europe,"Microscope, culture plate",Conventional,NA,NA,,NA,Animal,Bird,Passeriformes,Fringillidae,Chloris,European greenfinch,Carduelis chloris,,free,Salmonella typhimurium DT40,Salmonella enterica subsp. enterica serovar Typhimurium str. DT42,Salmonella enterica (typhoid),"dead bird, tissue instestines and liver",yes,no,,,49,71,,,,NA,,NA,,,,,,,,NA,NA,NA,NA,NA,NA,NA,NA,Low,1
Pennycott et al.,1998,Pennycott et al. 1998,yes,review,"UK, Scotland, Highland",no,Europe,"Microscope, culture plate",Conventional,NA,NA,,NA,Animal,Bird,Passeriformes,Fringillidae,Fringilla,Common chaffinch,Fringilla coelebs,,free,Salmonella typhimurium DT40,Salmonella enterica subsp. enterica serovar Typhimurium str. DT43,Salmonella enterica (typhoid),"dead bird, tissue instestines and liver",yes,no,,,ND,1,,,,NA,,NA,,,,,,,,NA,NA,NA,NA,NA,NA,NA,NA,Low,1
Pennycott et al.,1998,Pennycott et al. 1998,yes,review,"UK, Scotland, Highland",no,Europe,"Microscope, culture plate",Conventional,NA,NA,,NA,Animal,Bird,Passeriformes,Fringillidae,Chloris,European greenfinch,Carduelis chloris,,free,Salmonella typhimurium DT40,Salmonella enterica subsp. enterica serovar Typhimurium str. DT44,Salmonella enterica (typhoid),"dead bird, tissue instestines and liver",yes,no,,,ND,2,,,,NA,,NA,,,,,,,,NA,NA,NA,NA,NA,NA,NA,NA,Low,1
Pennycott et al.,1998,Pennycott et al. 1998,yes,review,"UK, Scotland, Highland",no,Europe,"Microscope, culture plate",Conventional,NA,NA,,NA,Animal,Bird,Passeriformes,Fringillidae,Fringilla,Common chaffinch,Fringilla coelebs,,free,Salmonella typhimurium DT40,Salmonella enterica subsp. enterica serovar Typhimurium str. DT45,Salmonella enterica (typhoid),"dead bird, tissue instestines and liver",yes,no,,,ND,4,,,,NA,,NA,,,,,,,,NA,NA,NA,NA,NA,NA,NA,NA,Low,1
Pennycott et al.,1998,Pennycott et al. 1998,yes,review,"UK, Scotland, Highland",no,Europe,"Microscope, culture plate",Conventional,NA,NA,,NA,Animal,Bird,Passeriformes,Fringillidae,Chloris,European greenfinch,Carduelis chloris,,free,Salmonella typhimurium DT40,Salmonella enterica subsp. enterica serovar Typhimurium str. DT46,Salmonella enterica (typhoid),"dead bird, tissue instestines and liver",yes,no,,,ND,12,,,,NA,,NA,,,,,,,,NA,NA,NA,NA,NA,NA,NA,NA,Low,1
Pennycott et al.,1998,Pennycott et al. 1998,yes,review,"UK, Scotland, Highland",no,Europe,"Microscope, culture plate",Conventional,NA,NA,,NA,Animal,Bird,Passeriformes,Fringillidae,Spinus,Eurasian siskin,Carduelis spinus,,free,Salmonella typhimurium DT40,Salmonella enterica subsp. enterica serovar Typhimurium str. DT47,Salmonella enterica (typhoid),"dead bird, tissue instestines and liver",yes,no,,,ND,12,,,,NA,,NA,,,,,,,,NA,NA,NA,NA,NA,NA,NA,NA,Low,1
Pennycott et al.,1998,Pennycott et al. 1998,yes,review,"UK, Scotland, Highland",no,Europe,"Microscope, culture plate",Conventional,NA,NA,,NA,Animal,Bird,Passeriformes,Fringillidae,Spinus,Eurasian siskin,Carduelis spinus,,free,Salmonella typhimurium DT40,Salmonella enterica subsp. enterica serovar Typhimurium str. DT48,Salmonella enterica (typhoid),"dead bird, tissue instestines and liver",yes,no,,,ND,18,,,,NA,,NA,,,,,,,,NA,NA,NA,NA,NA,NA,NA,NA,Low,1
Pennycott et al.,1998,Pennycott et al. 1998,yes,review,"UK, Scotland, Strathclyde",no,Europe,"Microscope, culture plate",Conventional,NA,NA,,NA,Animal,Bird,Passeriformes,Fringillidae,Pyrrhula,Eurasian bullfinch,Pyrrhula pyrrhula,,free,Salmonella typhimurium DT40,Salmonella enterica subsp. enterica serovar Typhimurium str. DT49,Salmonella enterica (typhoid),"dead bird, tissue instestines and liver",yes,no,,,ND,2,,,,NA,,NA,,,,,,,,NA,NA,NA,NA,NA,NA,NA,NA,Low,1
Pennycott et al.,1998,Pennycott et al. 1998,yes,review,"UK, Scotland, Strathclyde",no,Europe,"Microscope, culture plate",Conventional,NA,NA,,NA,Animal,Bird,Passeriformes,Fringillidae,Carduelis,European goldfinch ,Carduelis carduelis,,free,Salmonella typhimurium DT40,Salmonella enterica subsp. enterica serovar Typhimurium str. DT50,Salmonella enterica (typhoid),"dead bird, tissue instestines and liver",yes,no,,,ND,4,,,,NA,,NA,,,,,,,,NA,NA,NA,NA,NA,NA,NA,NA,Low,1
Pennycott et al.,1998,Pennycott et al. 1998,yes,review,"UK, Scotland, Strathclyde",no,Europe,"Microscope, culture plate",Conventional,NA,NA,,NA,Animal,Bird,Passeriformes,Fringillidae,Fringilla,Common chaffinch,Fringilla coelebs,,free,Salmonella typhimurium DT40,Salmonella enterica subsp. enterica serovar Typhimurium str. DT51,Salmonella enterica (typhoid),"dead bird, tissue instestines and liver",yes,no,,,ND,6,,,,NA,,NA,,,,,,,,NA,NA,NA,NA,NA,NA,NA,NA,Low,1
Pennycott et al.,1998,Pennycott et al. 1998,yes,review,"UK, Scotland, Strathclyde",no,Europe,"Microscope, culture plate",Conventional,NA,NA,,NA,Animal,Bird,Passeriformes,Fringillidae,Chloris,European greenfinch,Carduelis chloris,,free,Salmonella typhimurium DT40,Salmonella enterica subsp. enterica serovar Typhimurium str. DT52,Salmonella enterica (typhoid),"dead bird, tissue instestines and liver",yes,no,,,ND,7,,,,NA,,NA,,,,,,,,NA,NA,NA,NA,NA,NA,NA,NA,Low,1
Robinson and Daniel,1968,Robinson and Daniel 1968,yes,review,"New Zealand, Aukland, Mangere Sewage Ponds and Manukau Harbor",no,Western Pacific,standard method,Conventional,NA,NA,,NA,Animal,Bird,Suliformes,Phalacrocoracidae,Phalacrocorax,,Phalacrocorax spp.,Cormorant (genus),free,Salmonella typhimurium,Salmonella enterica subsp. enterica serovar Typhimurium,Salmonella enterica (typhoid),"intestines tissue, intestines content",yes,no,,,1,9,,,,NA,,NA,,,,,,,,NA,NA,NA,NA,NA,NA,NA,NA,Moderate,2
Robinson and Daniel,1968,Robinson and Daniel 1968,yes,review,"New Zealand, Auckland, near meatworks/abattoir/garbage dump",no,Western Pacific,standard method,Conventional,NA,NA,,NA,Animal,Bird,Charadriiformes,Laridae,Larus,Kelp gull,Larus dominicanus,,free,Salmonella typhimurium,Salmonella enterica subsp. enterica serovar Typhimurium,Salmonella enterica (typhoid),"intestines tissue, intestines content",yes,no,,,1,14,,,,NA,,NA,,,,,,,,NA,NA,NA,NA,NA,NA,NA,NA,Moderate,2
Robinson and Daniel,1968,Robinson and Daniel 1968,yes,review,"New Zealand, Auckland, near meatworks/abattoir/garbage dump",no,Western Pacific,standard method,Conventional,NA,NA,,NA,Animal,Bird,Charadriiformes,Laridae,Chroicocephalus,Red-billed gull ,Larus novaehollandiae,,free,Salmonella typhimurium,Salmonella enterica subsp. enterica serovar Typhimurium,Salmonella enterica (typhoid),"intestines tissue, intestines content",yes,no,,,1,16,,,,NA,,NA,,,,,,,,NA,NA,NA,NA,NA,NA,NA,NA,Moderate,2
Cizek et al.,1994,Cizek et al. 1994,yes,review,"Czech Republic, Brno-Modrice, waste water treatment plant",no,Europe,"serotyping, biochemical, culture broth plate",Immunologic,NA,NA,,variable swab/tissue sample,Animal,Bird,Charadriiformes,Laridae,Chroicocephalus,Black-headed gull,Larus ribibundus,,free,Salmonella spp.,Salmonella,Salmonella,"Cloacal swab, feces",yes,no,,,5,17,,,,NA,,NA,,,,,,Adult," (typhimurium, agona, isangi, enteritidis, thompson)",NA,NA,NA,NA,NA,NA,NA,NA,Moderate,2
Cizek et al.,1994,Cizek et al. 1994,yes,review,"Czech Republic, Chropyne, agriculture pond",no,Europe,"serotyping, biochemical, culture broth plate",Immunologic,NA,NA,,variable swab/tissue sample,Animal,Bird,Charadriiformes,Laridae,Chroicocephalus,Black-headed gull,Larus ribibundus,,free,Salmonella spp.,Salmonella,Salmonella,"Cloacal swab, feces",yes,no,,,57,377,,,,NA,,NA,,,,,,Young,". (typhimurium, derby, agona, enteritidis, berta, hadar, monevideo, infantis abony)",NA,NA,NA,NA,NA,NA,NA,NA,Moderate,2
Cizek et al.,1994,Cizek et al. 1994,yes,review,"Czech Republic, Nove Mlyny, reservior (recieves waste water)",no,Europe,"serotyping, biochemical, culture broth plate",Immunologic,NA,NA,,variable swab/tissue sample,Animal,Bird,Charadriiformes,Laridae,Chroicocephalus,Black-headed gull,Larus ribibundus,,free,Salmonella spp.,Salmonella,Salmonella,"Cloacal swab, feces",yes,no,,,83,267,,,,NA,,NA,,,,,,Young," (typhimurium, agona, hadar, schwarzengrund, enteritidis, panama, isangi)",NA,NA,NA,NA,NA,NA,NA,NA,Moderate,2
Cizek et al.,1994,Cizek et al. 1994,yes,review,"Czech Republic, Nove Mlyny, reservior (recieves waste water)",no,Europe,"serotyping, biochemical, culture broth plate",Immunologic,NA,NA,,variable swab/tissue sample,Animal,Bird,Charadriiformes,Laridae,Chroicocephalus,Black-headed gull,Larus ribibundus,,free,Salmonella spp.,Salmonella,Salmonella,"Cloacal swab, feces",yes,no,,,3,134,,,,NA,,NA,,,,,,Adult," (typhimurium, enteritidis)",NA,NA,NA,NA,NA,NA,NA,NA,Moderate,2
Cummings et al.,2021,Cummings et al. 2021,yes,Google Scholar,"USA, New York, Ithica, Janet L. Swanson Wildlife Hospital ",yes,North America,"confirm serotyping (outside lab National Veterinary Services Laboratories (Animal and Plant Health Inspection Service, US Department of Agriculture, Ames, Iowa, USA)), culture broth and plate",Immunologic,NA,NA,,swab,Animal,Bird,Columbiformes,Columbidae,Columba,Pigeon,Columba livia,,free,Salmonella,Salmonella,Salmonella,feces or cloacal swab,yes,no,,,2,35,,,,NA,,NA,,,,,,,  (Cerro and Kentucky),NA,NA,NA,NA,NA,NA,NA,NA,Low,1
Kirk et al.,2002,Kirk et al. 2002,yes,review,"USA, California, Kings and Tulare County",yes,North America,"serology, culture, outside lab, standard methods",Immunologic,1 colony,NA,,NA,Animal,Bird,Passeriformes,Icteridae,Euphagus,Brewer's blackbird,,,free,Salmonella untyped,Salmonella,Salmonella,"intestines content, trapped and killed birds",yes,no,,,ND,44,,,,NA,,NA,,,,,,,,NA,NA,NA,NA,NA,NA,NA,NA,Low,1
Kirk et al.,2002,Kirk et al. 2002,yes,review,"USA, California, Kings and Tulare County",yes,North America,"serology, culture, outside lab, standard methods",Immunologic,1 colony,NA,,NA,Animal,Bird,Passeriformes,Icteridae,Molothrus,,,Cowbird (genus),free,Salmonella untyped,Salmonella,Salmonella,"intestines content, trapped and killed birds",yes,no,,,ND,95,,,,NA,,NA,,,,,,,,NA,NA,NA,NA,NA,NA,NA,NA,Low,1
Kirk et al.,2002,Kirk et al. 2002,yes,review,"USA, California, Kings and Tulare County",yes,North America,"serology, culture, outside lab, standard methods",Immunologic,1 colony,NA,,NA,Animal,Bird,Passeriformes,Sturnidae,Sturnus,European starling,,,free,Salmonella untyped,Salmonella,Salmonella,"intestines content, trapped and killed birds",yes,no,,,ND,80,,,,NA,,NA,,,,,,,,NA,NA,NA,NA,NA,NA,NA,NA,Low,1
Kirk et al.,2002,Kirk et al. 2002,yes,review,"USA, California, Kings and Tulare County",yes,North America,"serology, culture, outside lab, standard methods",Immunologic,1 colony,NA,,NA,Animal,Bird,Passeriformes,Fringillidae,Haemorhous,House finch,,,free,Salmonella untyped,Salmonella,Salmonella,"intestines content, trapped and killed birds",yes,no,,,1,61,,,,NA,,NA,,,,,,,,NA,NA,NA,NA,NA,NA,NA,NA,Low,1
Kirk et al.,2002,Kirk et al. 2002,yes,review,"USA, California, Kings and Tulare County",yes,North America,"serology, culture, outside lab, standard methods",Immunologic,1 colony,NA,,NA,Animal,Bird,Passeriformes,Passeridae,Passer,House sparrow,,,free,Salmonella untyped,Salmonella,Salmonella,"intestines content, trapped and killed birds",yes,no,,,1,451,,,,NA,,NA,,,,,,,,NA,NA,NA,NA,NA,NA,NA,NA,Low,1
Kirk et al.,2002,Kirk et al. 2002,yes,review,"USA, California, Kings and Tulare County",yes,North America,"serology, culture, outside lab, standard methods",Immunologic,1 colony,NA,,NA,Animal,Bird,Columbiformes,Columbidae,Columba,Pigeon,,,free,Salmonella untyped,Salmonella,Salmonella,"intestines content, trapped and killed birds",yes,no,,,ND,83,,,,NA,,NA,,,,,,,,NA,NA,NA,NA,NA,NA,NA,NA,Low,1
Kirk et al.,2002,Kirk et al. 2002,yes,review,"USA, California, Kings and Tulare County",yes,North America,"serology, culture, outside lab, standard methods",Immunologic,1 colony,NA,,NA,Animal,Bird,Passeriformes,Icteridae,Agelaius,Red-winged blackbird,,,free,Salmonella untyped,Salmonella,Salmonella,"intestines content, trapped and killed birds",yes,no,,,ND,78,,,,NA,,NA,,,,,,,,NA,NA,NA,NA,NA,NA,NA,NA,Low,1
Literak et al. ,1992,Literak et al.  1992,yes,review,"Czech Republic, Breclav district, Nove Mlyny waterworks",no,Europe,"Serotyped, culture broth and plate",Immunologic,NA,NA,,variable swab,Animal,Bird,Charadriiformes,Laridae,Chroicocephalus,Black-headed gull,Larus ridibundus,,free,Salmonella,Salmonella,Salmonella,cloacal swab,yes,no,,,1,267,,,,NA,,NA,,,,,,young birds, (typhimurius and enteritidis),NA,NA,NA,NA,NA,NA,NA,NA,Low,1
Moriarty et al.,2011,Moriarty et al. 2011,from review article,article not found,Germany,no,Europe,Review Tizard 2004,Immunologic,Review,Review,,Review,Animal,Bird,Charadriiformes,Laridae,Chroicocephalus,Black-headed gull,Larus ribidundus,,free,Salmonella,Salmonella,Salmonella,?,yes,no,,,42,852,,,,NA,,NA,,,,,,Selbitz et al.,1991,NA,NA,NA,NA,NA,NA,NA,NA,Moderate,2
Palmgren et al.,2000,Palmgren et al. 2000,yes,review,"UK, South Georgia Islands, Bird Island, Jordan Cove/Johnson Cove",no,Antartica,"pulsed-field gel electrophoresis, 50?400 kb (SpeI and XbaI), 50?700 kb (BlnI) , culture broth and plate",Immunologic,NA,NA,,swab (variable),Animal,Bird,Procellariiformes,Diomedeidae,Thalassarche,Black-browed albatross,Thalassarche melanophris,,free,Salmonella spp.,Salmonella,Salmonella,cloacal swab,yes,no,,,ND,50,,,,NA,,NA,,,,,,,,NA,NA,NA,NA,NA,NA,NA,NA,Low,1
Palmgren et al.,2000,Palmgren et al. 2000,yes,review,"UK, South Georgia Islands, Bird Island, Jordan Cove/Johnson Cove",no,Antartica,"pulsed-field gel electrophoresis, 50?400 kb (SpeI and XbaI), 50?700 kb (BlnI) , culture broth and plate",Immunologic,NA,NA,,swab (variable),Animal,Bird,Procellariiformes,Diomedeidae,Thalassarche,Black-browed albatross,Thalassarche melanophris,,free,Salmonella spp. ,Salmonella,Salmonella,cloacal swab,yes,no,,,1,40,,,,NA,,NA,,,,,,,(newport),NA,NA,NA,NA,NA,NA,NA,NA,Low,1
Palmgren et al.,2000,Palmgren et al. 2000,yes,review,"UK, South Georgia Islands, Bird Island, Jordan Cove/Johnson Cove",no,Antartica,"pulsed-field gel electrophoresis, 50?400 kb (SpeI and XbaI), 50?700 kb (BlnI) , culture broth and plate",Immunologic,NA,NA,,swab (variable),Animal,Bird,Procellariiformes,Diomedeidae,Thalassarche,Grey-headed albatross,Diomedea chrysostoma,,free,Salmonella spp.,Salmonella,Salmonella,cloacal swab,yes,no,,,ND,50,,,,NA,,NA,,,,,,,,NA,NA,NA,NA,NA,NA,NA,NA,Low,1
Palmgren et al.,2000,Palmgren et al. 2000,yes,review,"UK, South Georgia Islands, Bird Island, Jordan Cove/Johnson Cove",no,Antartica,"pulsed-field gel electrophoresis, 50?400 kb (SpeI and XbaI), 50?700 kb (BlnI) , culture broth and plate",Immunologic,NA,NA,,swab (variable),Animal,Bird,Procellariiformes,Diomedeidae,Thalassarche,Grey-headed albatross,Diomedea chrysostoma,,free,Salmonella spp.,Salmonella,Salmonella,cloacal swab,yes,no,,,ND,100,,,,NA,,NA,,,,,,,,NA,NA,NA,NA,NA,NA,NA,NA,Low,1
Phalen et al.,2010,Phalen et al. 2010,yes,review,"USA, Texas, College Station",yes,North America,"Serotype (outside lab National Veterinary Services Laboratories), culture plate",Immunologic,NA,NA,,swab,Animal,Bird,Pelecaniformes,Ardeidae,Bubulcus,Cattle egret,bubulcus ibis,,free,Salmonella ,Salmonella,Salmonella,"tissue (digestive tract,liver spleen)",yes,no,,,ND,10,,,,NA,,NA,,,,,,adult,percentages don't add up so I am only doing digestive tract,NA,NA,NA,NA,NA,NA,NA,NA,Low,1
Phalen et al.,2010,Phalen et al. 2010,yes,review,"USA, Texas, College Station",yes,North America,"Serotype (outside lab National Veterinary Services Laboratories), culture plate",Immunologic,NA,NA,,swab,Animal,Bird,Pelecaniformes,Ardeidae,Bubulcus,Cattle egret,bubulcus ibis,,free,Salmonella ,Salmonella,Salmonella,"tissue (digestive tract,liver spleen)",yes,no,,,22,49,,,,NA,,NA,,,,,,nestling,percentages don't add up so I am only doing digestive tract,NA,NA,NA,NA,NA,NA,NA,NA,Low,1
Phalen et al.,2010,Phalen et al. 2010,yes,review,"USA, Texas, Eagle Lake",yes,North America,"Serotype (outside lab National Veterinary Services Laboratories), culture plate",Immunologic,NA,NA,,swab,Animal,Bird,Pelecaniformes,Ardeidae,Bubulcus,Cattle egret,bubulcus ibis,,free,Salmonella ,Salmonella,Salmonella,"tissue (digestive tract,liver spleen)",yes,no,,,4,14,,,,NA,,NA,,,,,,nestling,percentages don't add up so I am only doing digestive tract,NA,NA,NA,NA,NA,NA,NA,NA,Low,1
Phalen et al.,2010,Phalen et al. 2010,yes,review,"USA, Texas, Hillsboro",yes,North America,"Serotype (outside lab National Veterinary Services Laboratories), culture plate",Immunologic,NA,NA,,swab,Animal,Bird,Pelecaniformes,Ardeidae,Bubulcus,Cattle egret,bubulcus ibis,,free,Salmonella ,Salmonella,Salmonella,"tissue (digestive tract,liver spleen)",yes,no,,,10,21,,,,NA,,NA,,,,,,nestling,percentages don't add up so I am only doing digestive tract,NA,NA,NA,NA,NA,NA,NA,NA,Low,1
Phalen et al.,2010,Phalen et al. 2010,yes,review,"USA, Texas, Quinlan",yes,North America,"Serotype (outside lab National Veterinary Services Laboratories), culture plate",Immunologic,NA,NA,,swab,Animal,Bird,Pelecaniformes,Ardeidae,Bubulcus,Cattle egret,bubulcus ibis,,free,Salmonella ,Salmonella,Salmonella,"tissue (digestive tract,liver spleen)",yes,no,,,20,22,,,,NA,,NA,,,,,,nestling,percentages don't add up so I am only doing digestive tract,NA,NA,NA,NA,NA,NA,NA,NA,Low,1
Phalen et al.,2010,Phalen et al. 2010,yes,review,"USA, Texas, Waco",yes,North America,"Serotype (outside lab National Veterinary Services Laboratories), agglutination,  culture plate",Immunologic,NA,NA,,swab,Animal,Bird,Pelecaniformes,Ardeidae,Bubulcus,Cattle egret,bubulcus ibis,,free,Salmonella ,Salmonella,Salmonella,tissue (digestive tract),yes,no,,,24,34,,,,NA,,NA,,,,,,nestling,percentages don't add up so I am only doing digestive tract,NA,NA,NA,NA,NA,NA,NA,NA,Low,1
Tizard et al.,2004,Tizard et al. 2004,from review article,article not found,"USA, New Jersey",yes,North America,Review Tizard 2004,Immunologic,Review,Review,,Review,Animal,Bird,,,,,Buteo jamaicensis,Raptors (red tailed hawk),free,Salmonella,Salmonella,Salmonella,fecal,yes,no,,,2,105,,,,NA,,NA,,,,,,Kirkpatrick and Trexler-Myren,1986,NA,NA,NA,NA,NA,NA,NA,NA,Low,1
Butterfield et al. ,1983,Butterfield et al.  1983,? yes journal is no longer published,review,"UK, Northumberland, Durham, North Yorkshire garbage dump",no,Europe,"agglutination, Culture, lense",Immunologic,NA,NA,,swab variable,Animal,Bird,Charadriiformes,Laridae,Larus,Herring gull,Larus argentatus,,free,Salmonella agona,Salmonella enterica subsp. enterica serovar Agona,Salmonella enterica (non-typhoid),cloacal swab,yes,no,,,5,1934,,,,NA,,NA,,,,,,,,NA,NA,NA,NA,NA,NA,NA,NA,High,3
Butterfield et al. ,1983,Butterfield et al.  1983,? yes journal is no longer published,review,"UK, Scarborough garbage dump",no,Europe,"agglutination, Culture, lense",Immunologic,NA,NA,,swab variable,Animal,Bird,Charadriiformes,Laridae,Larus,Herring gull,Larus argentatus,,free,Salmonella agona,Salmonella enterica subsp. enterica serovar Agona,Salmonella enterica (non-typhoid),cloacal swab,yes,no,,,0,124,,,,NA,,NA,,,,,,,,NA,NA,NA,NA,NA,NA,NA,NA,High,3
Butterfield et al. ,1983,Butterfield et al.  1983,? yes journal is no longer published,review,"UK, Scarborough Harbor/Whitby rooftops",no,Europe,"agglutination, Culture, lense",Immunologic,NA,NA,,swab variable,Animal,Bird,Charadriiformes,Laridae,Larus,Herring gull,Larus argentatus,,free,Salmonella agona,Salmonella enterica subsp. enterica serovar Agona,Salmonella enterica (non-typhoid),cloacal swab,yes,no,,,0,141,,,,NA,,NA,,,,,,,,NA,NA,NA,NA,NA,NA,NA,NA,High,3
Butterfield et al. ,1983,Butterfield et al.  1983,? yes journal is no longer published,review,"UK, Scarborough, Whitby and Staithes rooftop",no,Europe,"agglutination, Culture, lense",Immunologic,NA,NA,,swab variable,Animal,Bird,Charadriiformes,Laridae,Larus,Herring gull,Larus argentatus,,free,Salmonella agona,Salmonella enterica subsp. enterica serovar Agona,Salmonella enterica (non-typhoid),cloacal swab,yes,no,,,2,227,,,,NA,,NA,,,,,,,,NA,NA,NA,NA,NA,NA,NA,NA,High,3
Butterfield et al. ,1983,Butterfield et al.  1983,? yes journal is no longer published,review,"UK, Scarborough, Whitby and Staithes rooftop",no,Europe,"agglutination, Culture, lense",Immunologic,NA,NA,,swab variable,Animal,Bird,Charadriiformes,Laridae,Larus,Herring gull,Larus argentatus,,free,Salmonella agona,Salmonella enterica subsp. enterica serovar Agona,Salmonella enterica (non-typhoid),cloacal swab,yes,no,,,2,261,,,,NA,,NA,,,,,,,,NA,NA,NA,NA,NA,NA,NA,NA,High,3
Butterfield et al. ,1983,Butterfield et al.  1983,? yes journal is no longer published,review,"UK, Sunderland rooftop",no,Europe,"agglutination, Culture, lense",Immunologic,NA,NA,,swab variable,Animal,Bird,Charadriiformes,Laridae,Larus,Herring gull,Larus argentatus,,free,Salmonella agona,Salmonella enterica subsp. enterica serovar Agona,Salmonella enterica (non-typhoid),cloacal swab,yes,no,,,1,99,,,,NA,,NA,,,,,,,,NA,NA,NA,NA,NA,NA,NA,NA,High,3
Butterfield et al. ,1983,Butterfield et al.  1983,? yes journal is no longer published,review,"UK, Northumberland, Durham, North Yorkshire garbage dump",no,Europe,"agglutination, Culture, lense",Immunologic,NA,NA,,swab variable,Animal,Bird,Charadriiformes,Laridae,Larus,Herring gull,Larus argentatus,,free,Salmonella anatum,Salmonella enterica subsp. enterica serovar Anatum,Salmonella enterica (non-typhoid),cloacal swab,yes,no,,,0,1934,,,,NA,,NA,,,,,,,,NA,NA,NA,NA,NA,NA,NA,NA,High,3
Butterfield et al. ,1983,Butterfield et al.  1983,? yes journal is no longer published,review,"UK, Scarborough garbage dump",no,Europe,"agglutination, Culture, lense",Immunologic,NA,NA,,swab variable,Animal,Bird,Charadriiformes,Laridae,Larus,Herring gull,Larus argentatus,,free,Salmonella anatum,Salmonella enterica subsp. enterica serovar Anatum,Salmonella enterica (non-typhoid),cloacal swab,yes,no,,,0,124,,,,NA,,NA,,,,,,,,NA,NA,NA,NA,NA,NA,NA,NA,High,3
Butterfield et al. ,1983,Butterfield et al.  1983,? yes journal is no longer published,review,"UK, Scarborough Harbor/Whitby rooftops",no,Europe,"agglutination, Culture, lense",Immunologic,NA,NA,,swab variable,Animal,Bird,Charadriiformes,Laridae,Larus,Herring gull,Larus argentatus,,free,Salmonella anatum,Salmonella enterica subsp. enterica serovar Anatum,Salmonella enterica (non-typhoid),cloacal swab,yes,no,,,0,141,,,,NA,,NA,,,,,,,,NA,NA,NA,NA,NA,NA,NA,NA,High,3
Butterfield et al. ,1983,Butterfield et al.  1983,? yes journal is no longer published,review,"UK, Scarborough, Whitby and Staithes rooftop",no,Europe,"agglutination, Culture, lense",Immunologic,NA,NA,,swab variable,Animal,Bird,Charadriiformes,Laridae,Larus,Herring gull,Larus argentatus,,free,Salmonella anatum,Salmonella enterica subsp. enterica serovar Anatum,Salmonella enterica (non-typhoid),cloacal swab,yes,no,,,0,227,,,,NA,,NA,,,,,,,,NA,NA,NA,NA,NA,NA,NA,NA,High,3
Butterfield et al. ,1983,Butterfield et al.  1983,? yes journal is no longer published,review,"UK, Scarborough, Whitby and Staithes rooftop",no,Europe,"agglutination, Culture, lense",Immunologic,NA,NA,,swab variable,Animal,Bird,Charadriiformes,Laridae,Larus,Herring gull,Larus argentatus,,free,Salmonella anatum,Salmonella enterica subsp. enterica serovar Anatum,Salmonella enterica (non-typhoid),cloacal swab,yes,no,,,0,261,,,,NA,,NA,,,,,,,,NA,NA,NA,NA,NA,NA,NA,NA,High,3
Butterfield et al. ,1983,Butterfield et al.  1983,? yes journal is no longer published,review,"UK, Sunderland rooftop",no,Europe,"agglutination, Culture, lense",Immunologic,NA,NA,,swab variable,Animal,Bird,Charadriiformes,Laridae,Larus,Herring gull,Larus argentatus,,free,Salmonella anatum,Salmonella enterica subsp. enterica serovar Anatum,Salmonella enterica (non-typhoid),cloacal swab,yes,no,,,1,99,,,,NA,,NA,,,,,,,,NA,NA,NA,NA,NA,NA,NA,NA,High,3
Butterfield et al. ,1983,Butterfield et al.  1983,? yes journal is no longer published,review,"UK, Northumberland, Durham, North Yorkshire garbage dump",no,Europe,"agglutination, Culture, lense",Immunologic,NA,NA,,swab variable,Animal,Bird,Charadriiformes,Laridae,Larus,Herring gull,Larus argentatus,,free,Salmonella bovis-morbifican,Salmonella enterica subsp. enterica serovar Bovis-morbifican,Salmonella enterica (non-typhoid),cloacal swab,yes,no,,,0,1934,,,,NA,,NA,,,,,,,,NA,NA,NA,NA,NA,NA,NA,NA,High,3
Butterfield et al. ,1983,Butterfield et al.  1983,? yes journal is no longer published,review,"UK, Scarborough garbage dump",no,Europe,"agglutination, Culture, lense",Immunologic,NA,NA,,swab variable,Animal,Bird,Charadriiformes,Laridae,Larus,Herring gull,Larus argentatus,,free,Salmonella bovis-morbifican,Salmonella enterica subsp. enterica serovar Bovis-morbifican,Salmonella enterica (non-typhoid),cloacal swab,yes,no,,,0,124,,,,NA,,NA,,,,,,,,NA,NA,NA,NA,NA,NA,NA,NA,High,3
Butterfield et al. ,1983,Butterfield et al.  1983,? yes journal is no longer published,review,"UK, Scarborough Harbor/Whitby rooftops",no,Europe,"agglutination, Culture, lense",Immunologic,NA,NA,,swab variable,Animal,Bird,Charadriiformes,Laridae,Larus,Herring gull,Larus argentatus,,free,Salmonella bovis-morbifican,Salmonella enterica subsp. enterica serovar Bovis-morbifican,Salmonella enterica (non-typhoid),cloacal swab,yes,no,,,0,141,,,,NA,,NA,,,,,,,,NA,NA,NA,NA,NA,NA,NA,NA,High,3
Butterfield et al. ,1983,Butterfield et al.  1983,? yes journal is no longer published,review,"UK, Scarborough, Whitby and Staithes rooftop",no,Europe,"agglutination, Culture, lense",Immunologic,NA,NA,,swab variable,Animal,Bird,Charadriiformes,Laridae,Larus,Herring gull,Larus argentatus,,free,Salmonella bovis-morbifican,Salmonella enterica subsp. enterica serovar Bovis-morbifican,Salmonella enterica (non-typhoid),cloacal swab,yes,no,,,0,227,,,,NA,,NA,,,,,,,,NA,NA,NA,NA,NA,NA,NA,NA,High,3
Butterfield et al. ,1983,Butterfield et al.  1983,? yes journal is no longer published,review,"UK, Scarborough, Whitby and Staithes rooftop",no,Europe,"agglutination, Culture, lense",Immunologic,NA,NA,,swab variable,Animal,Bird,Charadriiformes,Laridae,Larus,Herring gull,Larus argentatus,,free,Salmonella bovis-morbifican,Salmonella enterica subsp. enterica serovar Bovis-morbifican,Salmonella enterica (non-typhoid),cloacal swab,yes,no,,,1,261,,,,NA,,NA,,,,,,,,NA,NA,NA,NA,NA,NA,NA,NA,High,3
Butterfield et al. ,1983,Butterfield et al.  1983,? yes journal is no longer published,review,"UK, Sunderland rooftop",no,Europe,"agglutination, Culture, lense",Immunologic,NA,NA,,swab variable,Animal,Bird,Charadriiformes,Laridae,Larus,Herring gull,Larus argentatus,,free,Salmonella bovis-morbifican,Salmonella enterica subsp. enterica serovar Bovis-morbifican,Salmonella enterica (non-typhoid),cloacal swab,yes,no,,,0,99,,,,NA,,NA,,,,,,,,NA,NA,NA,NA,NA,NA,NA,NA,High,3
Butterfield et al. ,1983,Butterfield et al.  1983,? yes journal is no longer published,review,"UK, Northumberland, Durham, North Yorkshire garbage dump",no,Europe,"agglutination, Culture, lense",Immunologic,NA,NA,,swab variable,Animal,Bird,Charadriiformes,Laridae,Larus,Herring gull,Larus argentatus,,free,Salmonella braenderup,Salmonella enterica subsp. enterica serovar Braenderup,Salmonella enterica (non-typhoid),cloacal swab,yes,no,,,1,1934,,,,NA,,NA,,,,,,,,NA,NA,NA,NA,NA,NA,NA,NA,High,3
Butterfield et al. ,1983,Butterfield et al.  1983,? yes journal is no longer published,review,"UK, Scarborough garbage dump",no,Europe,"agglutination, Culture, lense",Immunologic,NA,NA,,swab variable,Animal,Bird,Charadriiformes,Laridae,Larus,Herring gull,Larus argentatus,,free,Salmonella braenderup,Salmonella enterica subsp. enterica serovar Braenderup,Salmonella enterica (non-typhoid),cloacal swab,yes,no,,,0,124,,,,NA,,NA,,,,,,,,NA,NA,NA,NA,NA,NA,NA,NA,High,3
Butterfield et al. ,1983,Butterfield et al.  1983,? yes journal is no longer published,review,"UK, Scarborough Harbor/Whitby rooftops",no,Europe,"agglutination, Culture, lense",Immunologic,NA,NA,,swab variable,Animal,Bird,Charadriiformes,Laridae,Larus,Herring gull,Larus argentatus,,free,Salmonella braenderup,Salmonella enterica subsp. enterica serovar Braenderup,Salmonella enterica (non-typhoid),cloacal swab,yes,no,,,0,141,,,,NA,,NA,,,,,,,,NA,NA,NA,NA,NA,NA,NA,NA,High,3
Butterfield et al. ,1983,Butterfield et al.  1983,? yes journal is no longer published,review,"UK, Scarborough, Whitby and Staithes rooftop",no,Europe,"agglutination, Culture, lense",Immunologic,NA,NA,,swab variable,Animal,Bird,Charadriiformes,Laridae,Larus,Herring gull,Larus argentatus,,free,Salmonella braenderup,Salmonella enterica subsp. enterica serovar Braenderup,Salmonella enterica (non-typhoid),cloacal swab,yes,no,,,0,227,,,,NA,,NA,,,,,,,,NA,NA,NA,NA,NA,NA,NA,NA,High,3
Butterfield et al. ,1983,Butterfield et al.  1983,? yes journal is no longer published,review,"UK, Scarborough, Whitby and Staithes rooftop",no,Europe,"agglutination, Culture, lense",Immunologic,NA,NA,,swab variable,Animal,Bird,Charadriiformes,Laridae,Larus,Herring gull,Larus argentatus,,free,Salmonella braenderup,Salmonella enterica subsp. enterica serovar Braenderup,Salmonella enterica (non-typhoid),cloacal swab,yes,no,,,0,261,,,,NA,,NA,,,,,,,,NA,NA,NA,NA,NA,NA,NA,NA,High,3
Butterfield et al. ,1983,Butterfield et al.  1983,? yes journal is no longer published,review,"UK, Sunderland rooftop",no,Europe,"agglutination, Culture, lense",Immunologic,NA,NA,,swab variable,Animal,Bird,Charadriiformes,Laridae,Larus,Herring gull,Larus argentatus,,free,Salmonella braenderup,Salmonella enterica subsp. enterica serovar Braenderup,Salmonella enterica (non-typhoid),cloacal swab,yes,no,,,0,99,,,,NA,,NA,,,,,,,,NA,NA,NA,NA,NA,NA,NA,NA,High,3
Butterfield et al. ,1983,Butterfield et al.  1983,? yes journal is no longer published,review,"UK, Northumberland, Durham, North Yorkshire garbage dump",no,Europe,"agglutination, Culture, lense",Immunologic,NA,NA,,swab variable,Animal,Bird,Charadriiformes,Laridae,Larus,Herring gull,Larus argentatus,,free,Salmonella brandenburg,Salmonella enterica subsp. enterica serovar Brandenburg,Salmonella enterica (non-typhoid),cloacal swab,yes,no,,,0,1934,,,,NA,,NA,,,,,,,,NA,NA,NA,NA,NA,NA,NA,NA,High,3
Butterfield et al. ,1983,Butterfield et al.  1983,? yes journal is no longer published,review,"UK, Scarborough garbage dump",no,Europe,"agglutination, Culture, lense",Immunologic,NA,NA,,swab variable,Animal,Bird,Charadriiformes,Laridae,Larus,Herring gull,Larus argentatus,,free,Salmonella brandenburg,Salmonella enterica subsp. enterica serovar Brandenburg,Salmonella enterica (non-typhoid),cloacal swab,yes,no,,,1,124,,,,NA,,NA,,,,,,,,NA,NA,NA,NA,NA,NA,NA,NA,High,3
Butterfield et al. ,1983,Butterfield et al.  1983,? yes journal is no longer published,review,"UK, Scarborough Harbor/Whitby rooftops",no,Europe,"agglutination, Culture, lense",Immunologic,NA,NA,,swab variable,Animal,Bird,Charadriiformes,Laridae,Larus,Herring gull,Larus argentatus,,free,Salmonella brandenburg,Salmonella enterica subsp. enterica serovar Brandenburg,Salmonella enterica (non-typhoid),cloacal swab,yes,no,,,0,141,,,,NA,,NA,,,,,,,,NA,NA,NA,NA,NA,NA,NA,NA,High,3
Butterfield et al. ,1983,Butterfield et al.  1983,? yes journal is no longer published,review,"UK, Scarborough, Whitby and Staithes rooftop",no,Europe,"agglutination, Culture, lense",Immunologic,NA,NA,,swab variable,Animal,Bird,Charadriiformes,Laridae,Larus,Herring gull,Larus argentatus,,free,Salmonella brandenburg,Salmonella enterica subsp. enterica serovar Brandenburg,Salmonella enterica (non-typhoid),cloacal swab,yes,no,,,0,227,,,,NA,,NA,,,,,,,,NA,NA,NA,NA,NA,NA,NA,NA,High,3
Butterfield et al. ,1983,Butterfield et al.  1983,? yes journal is no longer published,review,"UK, Scarborough, Whitby and Staithes rooftop",no,Europe,"agglutination, Culture, lense",Immunologic,NA,NA,,swab variable,Animal,Bird,Charadriiformes,Laridae,Larus,Herring gull,Larus argentatus,,free,Salmonella brandenburg,Salmonella enterica subsp. enterica serovar Brandenburg,Salmonella enterica (non-typhoid),cloacal swab,yes,no,,,0,261,,,,NA,,NA,,,,,,,,NA,NA,NA,NA,NA,NA,NA,NA,High,3
Butterfield et al. ,1983,Butterfield et al.  1983,? yes journal is no longer published,review,"UK, Sunderland rooftop",no,Europe,"agglutination, Culture, lense",Immunologic,NA,NA,,swab variable,Animal,Bird,Charadriiformes,Laridae,Larus,Herring gull,Larus argentatus,,free,Salmonella brandenburg,Salmonella enterica subsp. enterica serovar Brandenburg,Salmonella enterica (non-typhoid),cloacal swab,yes,no,,,0,99,,,,NA,,NA,,,,,,,,NA,NA,NA,NA,NA,NA,NA,NA,High,3
Butterfield et al. ,1983,Butterfield et al.  1983,? yes journal is no longer published,review,"UK, Northumberland, Durham, North Yorkshire garbage dump",no,Europe,"agglutination, Culture, lense",Immunologic,NA,NA,,swab variable,Animal,Bird,Charadriiformes,Laridae,Larus,Herring gull,Larus argentatus,,free,Salmonella bredeney,Salmonella enterica subsp. enterica serovar Bredeney,Salmonella enterica (non-typhoid),cloacal swab,yes,no,,,1,1934,,,,NA,,NA,,,,,,,,NA,NA,NA,NA,NA,NA,NA,NA,High,3
Butterfield et al. ,1983,Butterfield et al.  1983,? yes journal is no longer published,review,"UK, Scarborough garbage dump",no,Europe,"agglutination, Culture, lense",Immunologic,NA,NA,,swab variable,Animal,Bird,Charadriiformes,Laridae,Larus,Herring gull,Larus argentatus,,free,Salmonella bredeney,Salmonella enterica subsp. enterica serovar Bredeney,Salmonella enterica (non-typhoid),cloacal swab,yes,no,,,0,124,,,,NA,,NA,,,,,,,,NA,NA,NA,NA,NA,NA,NA,NA,High,3
Butterfield et al. ,1983,Butterfield et al.  1983,? yes journal is no longer published,review,"UK, Scarborough Harbor/Whitby rooftops",no,Europe,"agglutination, Culture, lense",Immunologic,NA,NA,,swab variable,Animal,Bird,Charadriiformes,Laridae,Larus,Herring gull,Larus argentatus,,free,Salmonella bredeney,Salmonella enterica subsp. enterica serovar Bredeney,Salmonella enterica (non-typhoid),cloacal swab,yes,no,,,0,141,,,,NA,,NA,,,,,,,,NA,NA,NA,NA,NA,NA,NA,NA,High,3
Butterfield et al. ,1983,Butterfield et al.  1983,? yes journal is no longer published,review,"UK, Scarborough, Whitby and Staithes rooftop",no,Europe,"agglutination, Culture, lense",Immunologic,NA,NA,,swab variable,Animal,Bird,Charadriiformes,Laridae,Larus,Herring gull,Larus argentatus,,free,Salmonella bredeney,Salmonella enterica subsp. enterica serovar Bredeney,Salmonella enterica (non-typhoid),cloacal swab,yes,no,,,0,227,,,,NA,,NA,,,,,,,,NA,NA,NA,NA,NA,NA,NA,NA,High,3
Butterfield et al. ,1983,Butterfield et al.  1983,? yes journal is no longer published,review,"UK, Scarborough, Whitby and Staithes rooftop",no,Europe,"agglutination, Culture, lense",Immunologic,NA,NA,,swab variable,Animal,Bird,Charadriiformes,Laridae,Larus,Herring gull,Larus argentatus,,free,Salmonella bredeney,Salmonella enterica subsp. enterica serovar Bredeney,Salmonella enterica (non-typhoid),cloacal swab,yes,no,,,0,261,,,,NA,,NA,,,,,,,,NA,NA,NA,NA,NA,NA,NA,NA,High,3
Butterfield et al. ,1983,Butterfield et al.  1983,? yes journal is no longer published,review,"UK, Sunderland rooftop",no,Europe,"agglutination, Culture, lense",Immunologic,NA,NA,,swab variable,Animal,Bird,Charadriiformes,Laridae,Larus,Herring gull,Larus argentatus,,free,Salmonella bredeney,Salmonella enterica subsp. enterica serovar Bredeney,Salmonella enterica (non-typhoid),cloacal swab,yes,no,,,0,99,,,,NA,,NA,,,,,,,,NA,NA,NA,NA,NA,NA,NA,NA,High,3
Butterfield et al. ,1983,Butterfield et al.  1983,? yes journal is no longer published,review,"UK, Northumberland, Durham, North Yorkshire garbage dump",no,Europe,"agglutination, Culture, lense",Immunologic,NA,NA,,swab variable,Animal,Bird,Charadriiformes,Laridae,Larus,Herring gull,Larus argentatus,,free,Salmonella derby,Salmonella enterica subsp. enterica serovar Derby,Salmonella enterica (non-typhoid),cloacal swab,yes,no,,,4,1934,,,,NA,,NA,,,,,,,,NA,NA,NA,NA,NA,NA,NA,NA,High,3
Butterfield et al. ,1983,Butterfield et al.  1983,? yes journal is no longer published,review,"UK, Scarborough garbage dump",no,Europe,"agglutination, Culture, lense",Immunologic,NA,NA,,swab variable,Animal,Bird,Charadriiformes,Laridae,Larus,Herring gull,Larus argentatus,,free,Salmonella derby,Salmonella enterica subsp. enterica serovar Derby,Salmonella enterica (non-typhoid),cloacal swab,yes,no,,,0,124,,,,NA,,NA,,,,,,,,NA,NA,NA,NA,NA,NA,NA,NA,High,3
Butterfield et al. ,1983,Butterfield et al.  1983,? yes journal is no longer published,review,"UK, Scarborough Harbor/Whitby rooftops",no,Europe,"agglutination, Culture, lense",Immunologic,NA,NA,,swab variable,Animal,Bird,Charadriiformes,Laridae,Larus,Herring gull,Larus argentatus,,free,Salmonella derby,Salmonella enterica subsp. enterica serovar Derby,Salmonella enterica (non-typhoid),cloacal swab,yes,no,,,0,141,,,,NA,,NA,,,,,,,,NA,NA,NA,NA,NA,NA,NA,NA,High,3
Butterfield et al. ,1983,Butterfield et al.  1983,? yes journal is no longer published,review,"UK, Scarborough, Whitby and Staithes rooftop",no,Europe,"agglutination, Culture, lense",Immunologic,NA,NA,,swab variable,Animal,Bird,Charadriiformes,Laridae,Larus,Herring gull,Larus argentatus,,free,Salmonella derby,Salmonella enterica subsp. enterica serovar Derby,Salmonella enterica (non-typhoid),cloacal swab,yes,no,,,0,227,,,,NA,,NA,,,,,,,,NA,NA,NA,NA,NA,NA,NA,NA,High,3
Butterfield et al. ,1983,Butterfield et al.  1983,? yes journal is no longer published,review,"UK, Scarborough, Whitby and Staithes rooftop",no,Europe,"agglutination, Culture, lense",Immunologic,NA,NA,,swab variable,Animal,Bird,Charadriiformes,Laridae,Larus,Herring gull,Larus argentatus,,free,Salmonella derby,Salmonella enterica subsp. enterica serovar Derby,Salmonella enterica (non-typhoid),cloacal swab,yes,no,,,0,261,,,,NA,,NA,,,,,,,,NA,NA,NA,NA,NA,NA,NA,NA,High,3
Butterfield et al. ,1983,Butterfield et al.  1983,? yes journal is no longer published,review,"UK, Sunderland rooftop",no,Europe,"agglutination, Culture, lense",Immunologic,NA,NA,,swab variable,Animal,Bird,Charadriiformes,Laridae,Larus,Herring gull,Larus argentatus,,free,Salmonella derby,Salmonella enterica subsp. enterica serovar Derby,Salmonella enterica (non-typhoid),cloacal swab,yes,no,,,0,99,,,,NA,,NA,,,,,,,,NA,NA,NA,NA,NA,NA,NA,NA,High,3
Butterfield et al. ,1983,Butterfield et al.  1983,? yes journal is no longer published,review,"UK, Northumberland, Durham, North Yorkshire garbage dump",no,Europe,"agglutination, Culture, lense",Immunologic,NA,NA,,swab variable,Animal,Bird,Charadriiformes,Laridae,Larus,Herring gull,Larus argentatus,,free,Salmonella give,Salmonella enterica subsp. enterica serovar Give,Salmonella enterica (non-typhoid),cloacal swab,yes,no,,,0,1934,,,,NA,,NA,,,,,,,,NA,NA,NA,NA,NA,NA,NA,NA,High,3
Butterfield et al. ,1983,Butterfield et al.  1983,? yes journal is no longer published,review,"UK, Scarborough garbage dump",no,Europe,"agglutination, Culture, lense",Immunologic,NA,NA,,swab variable,Animal,Bird,Charadriiformes,Laridae,Larus,Herring gull,Larus argentatus,,free,Salmonella give,Salmonella enterica subsp. enterica serovar Give,Salmonella enterica (non-typhoid),cloacal swab,yes,no,,,1,124,,,,NA,,NA,,,,,,,,NA,NA,NA,NA,NA,NA,NA,NA,High,3
Butterfield et al. ,1983,Butterfield et al.  1983,? yes journal is no longer published,review,"UK, Scarborough Harbor/Whitby rooftops",no,Europe,"agglutination, Culture, lense",Immunologic,NA,NA,,swab variable,Animal,Bird,Charadriiformes,Laridae,Larus,Herring gull,Larus argentatus,,free,Salmonella give,Salmonella enterica subsp. enterica serovar Give,Salmonella enterica (non-typhoid),cloacal swab,yes,no,,,0,141,,,,NA,,NA,,,,,,,,NA,NA,NA,NA,NA,NA,NA,NA,High,3
Butterfield et al. ,1983,Butterfield et al.  1983,? yes journal is no longer published,review,"UK, Scarborough, Whitby and Staithes rooftop",no,Europe,"agglutination, Culture, lense",Immunologic,NA,NA,,swab variable,Animal,Bird,Charadriiformes,Laridae,Larus,Herring gull,Larus argentatus,,free,Salmonella give,Salmonella enterica subsp. enterica serovar Give,Salmonella enterica (non-typhoid),cloacal swab,yes,no,,,0,227,,,,NA,,NA,,,,,,,,NA,NA,NA,NA,NA,NA,NA,NA,High,3
Butterfield et al. ,1983,Butterfield et al.  1983,? yes journal is no longer published,review,"UK, Scarborough, Whitby and Staithes rooftop",no,Europe,"agglutination, Culture, lense",Immunologic,NA,NA,,swab variable,Animal,Bird,Charadriiformes,Laridae,Larus,Herring gull,Larus argentatus,,free,Salmonella give,Salmonella enterica subsp. enterica serovar Give,Salmonella enterica (non-typhoid),cloacal swab,yes,no,,,0,261,,,,NA,,NA,,,,,,,,NA,NA,NA,NA,NA,NA,NA,NA,High,3
Butterfield et al. ,1983,Butterfield et al.  1983,? yes journal is no longer published,review,"UK, Sunderland rooftop",no,Europe,"agglutination, Culture, lense",Immunologic,NA,NA,,swab variable,Animal,Bird,Charadriiformes,Laridae,Larus,Herring gull,Larus argentatus,,free,Salmonella give,Salmonella enterica subsp. enterica serovar Give,Salmonella enterica (non-typhoid),cloacal swab,yes,no,,,0,99,,,,NA,,NA,,,,,,,,NA,NA,NA,NA,NA,NA,NA,NA,High,3
Butterfield et al. ,1983,Butterfield et al.  1983,? yes journal is no longer published,review,"UK, Northumberland, Durham, North Yorkshire garbage dump",no,Europe,"agglutination, Culture, lense",Immunologic,NA,NA,,swab variable,Animal,Bird,Charadriiformes,Laridae,Larus,Herring gull,Larus argentatus,,free,Salmonella haardt,Salmonella enterica subsp. enterica serovar Haardt,Salmonella enterica (non-typhoid),cloacal swab,yes,no,,,1,1934,,,,NA,,NA,,,,,,,,NA,NA,NA,NA,NA,NA,NA,NA,High,3
Butterfield et al. ,1983,Butterfield et al.  1983,? yes journal is no longer published,review,"UK, Scarborough garbage dump",no,Europe,"agglutination, Culture, lense",Immunologic,NA,NA,,swab variable,Animal,Bird,Charadriiformes,Laridae,Larus,Herring gull,Larus argentatus,,free,Salmonella haardt,Salmonella enterica subsp. enterica serovar Haardt,Salmonella enterica (non-typhoid),cloacal swab,yes,no,,,0,124,,,,NA,,NA,,,,,,,,NA,NA,NA,NA,NA,NA,NA,NA,High,3
Butterfield et al. ,1983,Butterfield et al.  1983,? yes journal is no longer published,review,"UK, Scarborough Harbor/Whitby rooftops",no,Europe,"agglutination, Culture, lense",Immunologic,NA,NA,,swab variable,Animal,Bird,Charadriiformes,Laridae,Larus,Herring gull,Larus argentatus,,free,Salmonella haardt,Salmonella enterica subsp. enterica serovar Haardt,Salmonella enterica (non-typhoid),cloacal swab,yes,no,,,0,141,,,,NA,,NA,,,,,,,,NA,NA,NA,NA,NA,NA,NA,NA,High,3
Butterfield et al. ,1983,Butterfield et al.  1983,? yes journal is no longer published,review,"UK, Scarborough, Whitby and Staithes rooftop",no,Europe,"agglutination, Culture, lense",Immunologic,NA,NA,,swab variable,Animal,Bird,Charadriiformes,Laridae,Larus,Herring gull,Larus argentatus,,free,Salmonella haardt,Salmonella enterica subsp. enterica serovar Haardt,Salmonella enterica (non-typhoid),cloacal swab,yes,no,,,0,227,,,,NA,,NA,,,,,,,,NA,NA,NA,NA,NA,NA,NA,NA,High,3
Butterfield et al. ,1983,Butterfield et al.  1983,? yes journal is no longer published,review,"UK, Scarborough, Whitby and Staithes rooftop",no,Europe,"agglutination, Culture, lense",Immunologic,NA,NA,,swab variable,Animal,Bird,Charadriiformes,Laridae,Larus,Herring gull,Larus argentatus,,free,Salmonella haardt,Salmonella enterica subsp. enterica serovar Haardt,Salmonella enterica (non-typhoid),cloacal swab,yes,no,,,0,261,,,,NA,,NA,,,,,,,,NA,NA,NA,NA,NA,NA,NA,NA,High,3
Butterfield et al. ,1983,Butterfield et al.  1983,? yes journal is no longer published,review,"UK, Sunderland rooftop",no,Europe,"agglutination, Culture, lense",Immunologic,NA,NA,,swab variable,Animal,Bird,Charadriiformes,Laridae,Larus,Herring gull,Larus argentatus,,free,Salmonella haardt,Salmonella enterica subsp. enterica serovar Haardt,Salmonella enterica (non-typhoid),cloacal swab,yes,no,,,0,99,,,,NA,,NA,,,,,,,,NA,NA,NA,NA,NA,NA,NA,NA,High,3
Butterfield et al. ,1983,Butterfield et al.  1983,? yes journal is no longer published,review,"UK, Northumberland, Durham, North Yorkshire garbage dump",no,Europe,"agglutination, Culture, lense",Immunologic,NA,NA,,swab variable,Animal,Bird,Charadriiformes,Laridae,Larus,Herring gull,Larus argentatus,,free,Salmonella hadar,Salmonella enterica subsp. enterica serovar Hadar,Salmonella enterica (non-typhoid),cloacal swab,yes,no,,,10,1934,,,,NA,,NA,,,,,,,,NA,NA,NA,NA,NA,NA,NA,NA,High,3
Butterfield et al. ,1983,Butterfield et al.  1983,? yes journal is no longer published,review,"UK, Scarborough garbage dump",no,Europe,"agglutination, Culture, lense",Immunologic,NA,NA,,swab variable,Animal,Bird,Charadriiformes,Laridae,Larus,Herring gull,Larus argentatus,,free,Salmonella hadar,Salmonella enterica subsp. enterica serovar Hadar,Salmonella enterica (non-typhoid),cloacal swab,yes,no,,,0,124,,,,NA,,NA,,,,,,,,NA,NA,NA,NA,NA,NA,NA,NA,High,3
Butterfield et al. ,1983,Butterfield et al.  1983,? yes journal is no longer published,review,"UK, Scarborough Harbor/Whitby rooftops",no,Europe,"agglutination, Culture, lense",Immunologic,NA,NA,,swab variable,Animal,Bird,Charadriiformes,Laridae,Larus,Herring gull,Larus argentatus,,free,Salmonella hadar,Salmonella enterica subsp. enterica serovar Hadar,Salmonella enterica (non-typhoid),cloacal swab,yes,no,,,0,141,,,,NA,,NA,,,,,,,,NA,NA,NA,NA,NA,NA,NA,NA,High,3
Butterfield et al. ,1983,Butterfield et al.  1983,? yes journal is no longer published,review,"UK, Scarborough, Whitby and Staithes rooftop",no,Europe,"agglutination, Culture, lense",Immunologic,NA,NA,,swab variable,Animal,Bird,Charadriiformes,Laridae,Larus,Herring gull,Larus argentatus,,free,Salmonella hadar,Salmonella enterica subsp. enterica serovar Hadar,Salmonella enterica (non-typhoid),cloacal swab,yes,no,,,3,227,,,,NA,,NA,,,,,,,,NA,NA,NA,NA,NA,NA,NA,NA,High,3
Butterfield et al. ,1983,Butterfield et al.  1983,? yes journal is no longer published,review,"UK, Scarborough, Whitby and Staithes rooftop",no,Europe,"agglutination, Culture, lense",Immunologic,NA,NA,,swab variable,Animal,Bird,Charadriiformes,Laridae,Larus,Herring gull,Larus argentatus,,free,Salmonella hadar,Salmonella enterica subsp. enterica serovar Hadar,Salmonella enterica (non-typhoid),cloacal swab,yes,no,,,0,261,,,,NA,,NA,,,,,,,,NA,NA,NA,NA,NA,NA,NA,NA,High,3
Butterfield et al. ,1983,Butterfield et al.  1983,? yes journal is no longer published,review,"UK, Sunderland rooftop",no,Europe,"agglutination, Culture, lense",Immunologic,NA,NA,,swab variable,Animal,Bird,Charadriiformes,Laridae,Larus,Herring gull,Larus argentatus,,free,Salmonella hadar,Salmonella enterica subsp. enterica serovar Hadar,Salmonella enterica (non-typhoid),cloacal swab,yes,no,,,0,99,,,,NA,,NA,,,,,,,,NA,NA,NA,NA,NA,NA,NA,NA,High,3
Butterfield et al. ,1983,Butterfield et al.  1983,? yes journal is no longer published,review,"UK, Northumberland, Durham, North Yorkshire garbage dump",no,Europe,"agglutination, Culture, lense",Immunologic,NA,NA,,swab variable,Animal,Bird,Charadriiformes,Laridae,Larus,Herring gull,Larus argentatus,,free,Salmonella heidelber,Salmonella enterica subsp. enterica serovar Heidelberg,Salmonella enterica (non-typhoid),cloacal swab,yes,no,,,10,1934,,,,NA,,NA,,,,,,,,NA,NA,NA,NA,NA,NA,NA,NA,High,3
Butterfield et al. ,1983,Butterfield et al.  1983,? yes journal is no longer published,review,"UK, Scarborough garbage dump",no,Europe,"agglutination, Culture, lense",Immunologic,NA,NA,,swab variable,Animal,Bird,Charadriiformes,Laridae,Larus,Herring gull,Larus argentatus,,free,Salmonella heidelber,Salmonella enterica subsp. enterica serovar Heidelberg,Salmonella enterica (non-typhoid),cloacal swab,yes,no,,,0,124,,,,NA,,NA,,,,,,,,NA,NA,NA,NA,NA,NA,NA,NA,High,3
Butterfield et al. ,1983,Butterfield et al.  1983,? yes journal is no longer published,review,"UK, Scarborough Harbor/Whitby rooftops",no,Europe,"agglutination, Culture, lense",Immunologic,NA,NA,,swab variable,Animal,Bird,Charadriiformes,Laridae,Larus,Herring gull,Larus argentatus,,free,Salmonella heidelber,Salmonella enterica subsp. enterica serovar Heidelberg,Salmonella enterica (non-typhoid),cloacal swab,yes,no,,,0,141,,,,NA,,NA,,,,,,,,NA,NA,NA,NA,NA,NA,NA,NA,High,3
Butterfield et al. ,1983,Butterfield et al.  1983,? yes journal is no longer published,review,"UK, Scarborough, Whitby and Staithes rooftop",no,Europe,"agglutination, Culture, lense",Immunologic,NA,NA,,swab variable,Animal,Bird,Charadriiformes,Laridae,Larus,Herring gull,Larus argentatus,,free,Salmonella heidelber,Salmonella enterica subsp. enterica serovar Heidelberg,Salmonella enterica (non-typhoid),cloacal swab,yes,no,,,5,227,,,,NA,,NA,,,,,,,,NA,NA,NA,NA,NA,NA,NA,NA,High,3
Butterfield et al. ,1983,Butterfield et al.  1983,? yes journal is no longer published,review,"UK, Scarborough, Whitby and Staithes rooftop",no,Europe,"agglutination, Culture, lense",Immunologic,NA,NA,,swab variable,Animal,Bird,Charadriiformes,Laridae,Larus,Herring gull,Larus argentatus,,free,Salmonella heidelber,Salmonella enterica subsp. enterica serovar Heidelberg,Salmonella enterica (non-typhoid),cloacal swab,yes,no,,,8,261,,,,NA,,NA,,,,,,,,NA,NA,NA,NA,NA,NA,NA,NA,High,3
Butterfield et al. ,1983,Butterfield et al.  1983,? yes journal is no longer published,review,"UK, Sunderland rooftop",no,Europe,"agglutination, Culture, lense",Immunologic,NA,NA,,swab variable,Animal,Bird,Charadriiformes,Laridae,Larus,Herring gull,Larus argentatus,,free,Salmonella heidelber,Salmonella enterica subsp. enterica serovar Heidelberg,Salmonella enterica (non-typhoid),cloacal swab,yes,no,,,0,99,,,,NA,,NA,,,,,,,,NA,NA,NA,NA,NA,NA,NA,NA,High,3
Butterfield et al. ,1983,Butterfield et al.  1983,? yes journal is no longer published,review,"UK, Northumberland, Durham, North Yorkshire garbage dump",no,Europe,"agglutination, Culture, lense",Immunologic,NA,NA,,swab variable,Animal,Bird,Charadriiformes,Laridae,Larus,Herring gull,Larus argentatus,,free,Salmonella indiana,Salmonella enterica subsp. enterica serovar Indiana,Salmonella enterica (non-typhoid),cloacal swab,yes,no,,,1,1934,,,,NA,,NA,,,,,,,,NA,NA,NA,NA,NA,NA,NA,NA,High,3
Butterfield et al. ,1983,Butterfield et al.  1983,? yes journal is no longer published,review,"UK, Scarborough garbage dump",no,Europe,"agglutination, Culture, lense",Immunologic,NA,NA,,swab variable,Animal,Bird,Charadriiformes,Laridae,Larus,Herring gull,Larus argentatus,,free,Salmonella indiana,Salmonella enterica subsp. enterica serovar Indiana,Salmonella enterica (non-typhoid),cloacal swab,yes,no,,,1,124,,,,NA,,NA,,,,,,,,NA,NA,NA,NA,NA,NA,NA,NA,High,3
Butterfield et al. ,1983,Butterfield et al.  1983,? yes journal is no longer published,review,"UK, Scarborough Harbor/Whitby rooftops",no,Europe,"agglutination, Culture, lense",Immunologic,NA,NA,,swab variable,Animal,Bird,Charadriiformes,Laridae,Larus,Herring gull,Larus argentatus,,free,Salmonella indiana,Salmonella enterica subsp. enterica serovar Indiana,Salmonella enterica (non-typhoid),cloacal swab,yes,no,,,0,141,,,,NA,,NA,,,,,,,,NA,NA,NA,NA,NA,NA,NA,NA,High,3
Butterfield et al. ,1983,Butterfield et al.  1983,? yes journal is no longer published,review,"UK, Scarborough, Whitby and Staithes rooftop",no,Europe,"agglutination, Culture, lense",Immunologic,NA,NA,,swab variable,Animal,Bird,Charadriiformes,Laridae,Larus,Herring gull,Larus argentatus,,free,Salmonella indiana,Salmonella enterica subsp. enterica serovar Indiana,Salmonella enterica (non-typhoid),cloacal swab,yes,no,,,0,227,,,,NA,,NA,,,,,,,,NA,NA,NA,NA,NA,NA,NA,NA,High,3
Butterfield et al. ,1983,Butterfield et al.  1983,? yes journal is no longer published,review,"UK, Scarborough, Whitby and Staithes rooftop",no,Europe,"agglutination, Culture, lense",Immunologic,NA,NA,,swab variable,Animal,Bird,Charadriiformes,Laridae,Larus,Herring gull,Larus argentatus,,free,Salmonella indiana,Salmonella enterica subsp. enterica serovar Indiana,Salmonella enterica (non-typhoid),cloacal swab,yes,no,,,0,261,,,,NA,,NA,,,,,,,,NA,NA,NA,NA,NA,NA,NA,NA,High,3
Butterfield et al. ,1983,Butterfield et al.  1983,? yes journal is no longer published,review,"UK, Sunderland rooftop",no,Europe,"agglutination, Culture, lense",Immunologic,NA,NA,,swab variable,Animal,Bird,Charadriiformes,Laridae,Larus,Herring gull,Larus argentatus,,free,Salmonella indiana,Salmonella enterica subsp. enterica serovar Indiana,Salmonella enterica (non-typhoid),cloacal swab,yes,no,,,0,99,,,,NA,,NA,,,,,,,,NA,NA,NA,NA,NA,NA,NA,NA,High,3
Butterfield et al. ,1983,Butterfield et al.  1983,? yes journal is no longer published,review,"UK, Northumberland, Durham, North Yorkshire garbage dump",no,Europe,"agglutination, Culture, lense",Immunologic,NA,NA,,swab variable,Animal,Bird,Charadriiformes,Laridae,Larus,Herring gull,Larus argentatus,,free,Salmonella infantis,Salmonella enterica subsp. enterica serovar Infantis,Salmonella enterica (non-typhoid),cloacal swab,yes,no,,,2,1934,,,,NA,,NA,,,,,,,,NA,NA,NA,NA,NA,NA,NA,NA,High,3
Butterfield et al. ,1983,Butterfield et al.  1983,? yes journal is no longer published,review,"UK, Scarborough garbage dump",no,Europe,"agglutination, Culture, lense",Immunologic,NA,NA,,swab variable,Animal,Bird,Charadriiformes,Laridae,Larus,Herring gull,Larus argentatus,,free,Salmonella infantis,Salmonella enterica subsp. enterica serovar Infantis,Salmonella enterica (non-typhoid),cloacal swab,yes,no,,,0,124,,,,NA,,NA,,,,,,,,NA,NA,NA,NA,NA,NA,NA,NA,High,3
Butterfield et al. ,1983,Butterfield et al.  1983,? yes journal is no longer published,review,"UK, Scarborough Harbor/Whitby rooftops",no,Europe,"agglutination, Culture, lense",Immunologic,NA,NA,,swab variable,Animal,Bird,Charadriiformes,Laridae,Larus,Herring gull,Larus argentatus,,free,Salmonella infantis,Salmonella enterica subsp. enterica serovar Infantis,Salmonella enterica (non-typhoid),cloacal swab,yes,no,,,0,141,,,,NA,,NA,,,,,,,,NA,NA,NA,NA,NA,NA,NA,NA,High,3
Butterfield et al. ,1983,Butterfield et al.  1983,? yes journal is no longer published,review,"UK, Scarborough, Whitby and Staithes rooftop",no,Europe,"agglutination, Culture, lense",Immunologic,NA,NA,,swab variable,Animal,Bird,Charadriiformes,Laridae,Larus,Herring gull,Larus argentatus,,free,Salmonella infantis,Salmonella enterica subsp. enterica serovar Infantis,Salmonella enterica (non-typhoid),cloacal swab,yes,no,,,0,227,,,,NA,,NA,,,,,,,,NA,NA,NA,NA,NA,NA,NA,NA,High,3
Butterfield et al. ,1983,Butterfield et al.  1983,? yes journal is no longer published,review,"UK, Scarborough, Whitby and Staithes rooftop",no,Europe,"agglutination, Culture, lense",Immunologic,NA,NA,,swab variable,Animal,Bird,Charadriiformes,Laridae,Larus,Herring gull,Larus argentatus,,free,Salmonella infantis,Salmonella enterica subsp. enterica serovar Infantis,Salmonella enterica (non-typhoid),cloacal swab,yes,no,,,0,261,,,,NA,,NA,,,,,,,,NA,NA,NA,NA,NA,NA,NA,NA,High,3
Butterfield et al. ,1983,Butterfield et al.  1983,? yes journal is no longer published,review,"UK, Sunderland rooftop",no,Europe,"agglutination, Culture, lense",Immunologic,NA,NA,,swab variable,Animal,Bird,Charadriiformes,Laridae,Larus,Herring gull,Larus argentatus,,free,Salmonella infantis,Salmonella enterica subsp. enterica serovar Infantis,Salmonella enterica (non-typhoid),cloacal swab,yes,no,,,0,99,,,,NA,,NA,,,,,,,,NA,NA,NA,NA,NA,NA,NA,NA,High,3
Butterfield et al. ,1983,Butterfield et al.  1983,? yes journal is no longer published,review,"UK, Northumberland, Durham, North Yorkshire garbage dump",no,Europe,"agglutination, Culture, lense",Immunologic,NA,NA,,swab variable,Animal,Bird,Charadriiformes,Laridae,Larus,Herring gull,Larus argentatus,,free,Salmonella kedougou,Salmonella enterica subsp. enterica serovar Kedougou,Salmonella enterica (non-typhoid),cloacal swab,yes,no,,,1,1934,,,,NA,,NA,,,,,,,,NA,NA,NA,NA,NA,NA,NA,NA,High,3
Butterfield et al. ,1983,Butterfield et al.  1983,? yes journal is no longer published,review,"UK, Scarborough garbage dump",no,Europe,"agglutination, Culture, lense",Immunologic,NA,NA,,swab variable,Animal,Bird,Charadriiformes,Laridae,Larus,Herring gull,Larus argentatus,,free,Salmonella kedougou,Salmonella enterica subsp. enterica serovar Kedougou,Salmonella enterica (non-typhoid),cloacal swab,yes,no,,,0,124,,,,NA,,NA,,,,,,,,NA,NA,NA,NA,NA,NA,NA,NA,High,3
Butterfield et al. ,1983,Butterfield et al.  1983,? yes journal is no longer published,review,"UK, Scarborough Harbor/Whitby rooftops",no,Europe,"agglutination, Culture, lense",Immunologic,NA,NA,,swab variable,Animal,Bird,Charadriiformes,Laridae,Larus,Herring gull,Larus argentatus,,free,Salmonella kedougou,Salmonella enterica subsp. enterica serovar Kedougou,Salmonella enterica (non-typhoid),cloacal swab,yes,no,,,0,141,,,,NA,,NA,,,,,,,,NA,NA,NA,NA,NA,NA,NA,NA,High,3
Butterfield et al. ,1983,Butterfield et al.  1983,? yes journal is no longer published,review,"UK, Scarborough, Whitby and Staithes rooftop",no,Europe,"agglutination, Culture, lense",Immunologic,NA,NA,,swab variable,Animal,Bird,Charadriiformes,Laridae,Larus,Herring gull,Larus argentatus,,free,Salmonella kedougou,Salmonella enterica subsp. enterica serovar Kedougou,Salmonella enterica (non-typhoid),cloacal swab,yes,no,,,0,227,,,,NA,,NA,,,,,,,,NA,NA,NA,NA,NA,NA,NA,NA,High,3
Butterfield et al. ,1983,Butterfield et al.  1983,? yes journal is no longer published,review,"UK, Scarborough, Whitby and Staithes rooftop",no,Europe,"agglutination, Culture, lense",Immunologic,NA,NA,,swab variable,Animal,Bird,Charadriiformes,Laridae,Larus,Herring gull,Larus argentatus,,free,Salmonella kedougou,Salmonella enterica subsp. enterica serovar Kedougou,Salmonella enterica (non-typhoid),cloacal swab,yes,no,,,0,261,,,,NA,,NA,,,,,,,,NA,NA,NA,NA,NA,NA,NA,NA,High,3
Butterfield et al. ,1983,Butterfield et al.  1983,? yes journal is no longer published,review,"UK, Sunderland rooftop",no,Europe,"agglutination, Culture, lense",Immunologic,NA,NA,,swab variable,Animal,Bird,Charadriiformes,Laridae,Larus,Herring gull,Larus argentatus,,free,Salmonella kedougou,Salmonella enterica subsp. enterica serovar Kedougou,Salmonella enterica (non-typhoid),cloacal swab,yes,no,,,0,99,,,,NA,,NA,,,,,,,,NA,NA,NA,NA,NA,NA,NA,NA,High,3
Butterfield et al. ,1983,Butterfield et al.  1983,? yes journal is no longer published,review,"UK, Northumberland, Durham, North Yorkshire garbage dump",no,Europe,"agglutination, Culture, lense",Immunologic,NA,NA,,swab variable,Animal,Bird,Charadriiformes,Laridae,Larus,Herring gull,Larus argentatus,,free,Salmonella livingstone,Salmonella enterica subsp. enterica serovar Livingstone,Salmonella enterica (non-typhoid),cloacal swab,yes,no,,,0,1934,,,,NA,,NA,,,,,,,,NA,NA,NA,NA,NA,NA,NA,NA,High,3
Butterfield et al. ,1983,Butterfield et al.  1983,? yes journal is no longer published,review,"UK, Scarborough garbage dump",no,Europe,"agglutination, Culture, lense",Immunologic,NA,NA,,swab variable,Animal,Bird,Charadriiformes,Laridae,Larus,Herring gull,Larus argentatus,,free,Salmonella livingstone,Salmonella enterica subsp. enterica serovar Livingstone,Salmonella enterica (non-typhoid),cloacal swab,yes,no,,,1,124,,,,NA,,NA,,,,,,,,NA,NA,NA,NA,NA,NA,NA,NA,High,3
Butterfield et al. ,1983,Butterfield et al.  1983,? yes journal is no longer published,review,"UK, Scarborough Harbor/Whitby rooftops",no,Europe,"agglutination, Culture, lense",Immunologic,NA,NA,,swab variable,Animal,Bird,Charadriiformes,Laridae,Larus,Herring gull,Larus argentatus,,free,Salmonella livingstone,Salmonella enterica subsp. enterica serovar Livingstone,Salmonella enterica (non-typhoid),cloacal swab,yes,no,,,0,141,,,,NA,,NA,,,,,,,,NA,NA,NA,NA,NA,NA,NA,NA,High,3
Butterfield et al. ,1983,Butterfield et al.  1983,? yes journal is no longer published,review,"UK, Scarborough, Whitby and Staithes rooftop",no,Europe,"agglutination, Culture, lense",Immunologic,NA,NA,,swab variable,Animal,Bird,Charadriiformes,Laridae,Larus,Herring gull,Larus argentatus,,free,Salmonella livingstone,Salmonella enterica subsp. enterica serovar Livingstone,Salmonella enterica (non-typhoid),cloacal swab,yes,no,,,3,227,,,,NA,,NA,,,,,,,,NA,NA,NA,NA,NA,NA,NA,NA,High,3
Butterfield et al. ,1983,Butterfield et al.  1983,? yes journal is no longer published,review,"UK, Scarborough, Whitby and Staithes rooftop",no,Europe,"agglutination, Culture, lense",Immunologic,NA,NA,,swab variable,Animal,Bird,Charadriiformes,Laridae,Larus,Herring gull,Larus argentatus,,free,Salmonella livingstone,Salmonella enterica subsp. enterica serovar Livingstone,Salmonella enterica (non-typhoid),cloacal swab,yes,no,,,1,261,,,,NA,,NA,,,,,,,,NA,NA,NA,NA,NA,NA,NA,NA,High,3
Butterfield et al. ,1983,Butterfield et al.  1983,? yes journal is no longer published,review,"UK, Sunderland rooftop",no,Europe,"agglutination, Culture, lense",Immunologic,NA,NA,,swab variable,Animal,Bird,Charadriiformes,Laridae,Larus,Herring gull,Larus argentatus,,free,Salmonella livingstone,Salmonella enterica subsp. enterica serovar Livingstone,Salmonella enterica (non-typhoid),cloacal swab,yes,no,,,0,99,,,,NA,,NA,,,,,,,,NA,NA,NA,NA,NA,NA,NA,NA,High,3
Butterfield et al. ,1983,Butterfield et al.  1983,? yes journal is no longer published,review,"UK, Northumberland, Durham, North Yorkshire garbage dump",no,Europe,"agglutination, Culture, lense",Immunologic,NA,NA,,swab variable,Animal,Bird,Charadriiformes,Laridae,Larus,Herring gull,Larus argentatus,,free,Salmonella montevideo,Salmonella enterica subsp. enterica serovar Montevideo,Salmonella enterica (non-typhoid),cloacal swab,yes,no,,,0,1934,,,,NA,,NA,,,,,,,,NA,NA,NA,NA,NA,NA,NA,NA,High,3
Butterfield et al. ,1983,Butterfield et al.  1983,? yes journal is no longer published,review,"UK, Scarborough garbage dump",no,Europe,"agglutination, Culture, lense",Immunologic,NA,NA,,swab variable,Animal,Bird,Charadriiformes,Laridae,Larus,Herring gull,Larus argentatus,,free,Salmonella montevideo,Salmonella enterica subsp. enterica serovar Montevideo,Salmonella enterica (non-typhoid),cloacal swab,yes,no,,,0,124,,,,NA,,NA,,,,,,,,NA,NA,NA,NA,NA,NA,NA,NA,High,3
Butterfield et al. ,1983,Butterfield et al.  1983,? yes journal is no longer published,review,"UK, Scarborough Harbor/Whitby rooftops",no,Europe,"agglutination, Culture, lense",Immunologic,NA,NA,,swab variable,Animal,Bird,Charadriiformes,Laridae,Larus,Herring gull,Larus argentatus,,free,Salmonella montevideo,Salmonella enterica subsp. enterica serovar Montevideo,Salmonella enterica (non-typhoid),cloacal swab,yes,no,,,0,141,,,,NA,,NA,,,,,,,,NA,NA,NA,NA,NA,NA,NA,NA,High,3
Butterfield et al. ,1983,Butterfield et al.  1983,? yes journal is no longer published,review,"UK, Scarborough, Whitby and Staithes rooftop",no,Europe,"agglutination, Culture, lense",Immunologic,NA,NA,,swab variable,Animal,Bird,Charadriiformes,Laridae,Larus,Herring gull,Larus argentatus,,free,Salmonella montevideo,Salmonella enterica subsp. enterica serovar Montevideo,Salmonella enterica (non-typhoid),cloacal swab,yes,no,,,1,227,,,,NA,,NA,,,,,,,,NA,NA,NA,NA,NA,NA,NA,NA,High,3
Butterfield et al. ,1983,Butterfield et al.  1983,? yes journal is no longer published,review,"UK, Scarborough, Whitby and Staithes rooftop",no,Europe,"agglutination, Culture, lense",Immunologic,NA,NA,,swab variable,Animal,Bird,Charadriiformes,Laridae,Larus,Herring gull,Larus argentatus,,free,Salmonella montevideo,Salmonella enterica subsp. enterica serovar Montevideo,Salmonella enterica (non-typhoid),cloacal swab,yes,no,,,0,261,,,,NA,,NA,,,,,,,,NA,NA,NA,NA,NA,NA,NA,NA,High,3
Butterfield et al. ,1983,Butterfield et al.  1983,? yes journal is no longer published,review,"UK, Sunderland rooftop",no,Europe,"agglutination, Culture, lense",Immunologic,NA,NA,,swab variable,Animal,Bird,Charadriiformes,Laridae,Larus,Herring gull,Larus argentatus,,free,Salmonella montevideo,Salmonella enterica subsp. enterica serovar Montevideo,Salmonella enterica (non-typhoid),cloacal swab,yes,no,,,0,99,,,,NA,,NA,,,,,,,,NA,NA,NA,NA,NA,NA,NA,NA,High,3
Butterfield et al. ,1983,Butterfield et al.  1983,? yes journal is no longer published,review,"UK, Northumberland, Durham, North Yorkshire garbage dump",no,Europe,"agglutination, Culture, lense",Immunologic,NA,NA,,swab variable,Animal,Bird,Charadriiformes,Laridae,Larus,Herring gull,Larus argentatus,,free,Salmonella panama,Salmonella enterica subsp. enterica serovar Panama,Salmonella enterica (non-typhoid),cloacal swab,yes,no,,,1,1934,,,,NA,,NA,,,,,,,,NA,NA,NA,NA,NA,NA,NA,NA,High,3
Butterfield et al. ,1983,Butterfield et al.  1983,? yes journal is no longer published,review,"UK, Scarborough garbage dump",no,Europe,"agglutination, Culture, lense",Immunologic,NA,NA,,swab variable,Animal,Bird,Charadriiformes,Laridae,Larus,Herring gull,Larus argentatus,,free,Salmonella panama,Salmonella enterica subsp. enterica serovar Panama,Salmonella enterica (non-typhoid),cloacal swab,yes,no,,,0,124,,,,NA,,NA,,,,,,,,NA,NA,NA,NA,NA,NA,NA,NA,High,3
Butterfield et al. ,1983,Butterfield et al.  1983,? yes journal is no longer published,review,"UK, Scarborough Harbor/Whitby rooftops",no,Europe,"agglutination, Culture, lense",Immunologic,NA,NA,,swab variable,Animal,Bird,Charadriiformes,Laridae,Larus,Herring gull,Larus argentatus,,free,Salmonella panama,Salmonella enterica subsp. enterica serovar Panama,Salmonella enterica (non-typhoid),cloacal swab,yes,no,,,0,141,,,,NA,,NA,,,,,,,,NA,NA,NA,NA,NA,NA,NA,NA,High,3
Butterfield et al. ,1983,Butterfield et al.  1983,? yes journal is no longer published,review,"UK, Scarborough, Whitby and Staithes rooftop",no,Europe,"agglutination, Culture, lense",Immunologic,NA,NA,,swab variable,Animal,Bird,Charadriiformes,Laridae,Larus,Herring gull,Larus argentatus,,free,Salmonella panama,Salmonella enterica subsp. enterica serovar Panama,Salmonella enterica (non-typhoid),cloacal swab,yes,no,,,0,227,,,,NA,,NA,,,,,,,,NA,NA,NA,NA,NA,NA,NA,NA,High,3
Butterfield et al. ,1983,Butterfield et al.  1983,? yes journal is no longer published,review,"UK, Scarborough, Whitby and Staithes rooftop",no,Europe,"agglutination, Culture, lense",Immunologic,NA,NA,,swab variable,Animal,Bird,Charadriiformes,Laridae,Larus,Herring gull,Larus argentatus,,free,Salmonella panama,Salmonella enterica subsp. enterica serovar Panama,Salmonella enterica (non-typhoid),cloacal swab,yes,no,,,0,261,,,,NA,,NA,,,,,,,,NA,NA,NA,NA,NA,NA,NA,NA,High,3
Butterfield et al. ,1983,Butterfield et al.  1983,? yes journal is no longer published,review,"UK, Sunderland rooftop",no,Europe,"agglutination, Culture, lense",Immunologic,NA,NA,,swab variable,Animal,Bird,Charadriiformes,Laridae,Larus,Herring gull,Larus argentatus,,free,Salmonella panama,Salmonella enterica subsp. enterica serovar Panama,Salmonella enterica (non-typhoid),cloacal swab,yes,no,,,0,99,,,,NA,,NA,,,,,,,,NA,NA,NA,NA,NA,NA,NA,NA,High,3
Butterfield et al. ,1983,Butterfield et al.  1983,? yes journal is no longer published,review,"UK, Northumberland, Durham, North Yorkshire garbage dump",no,Europe,"agglutination, Culture, lense",Immunologic,NA,NA,,swab variable,Animal,Bird,Charadriiformes,Laridae,Larus,Herring gull,Larus argentatus,,free,Salmonella poona,Salmonella enterica subsp. enterica serovar Poona,Salmonella enterica (non-typhoid),cloacal swab,yes,no,,,0,1934,,,,NA,,NA,,,,,,,,NA,NA,NA,NA,NA,NA,NA,NA,High,3
Butterfield et al. ,1983,Butterfield et al.  1983,? yes journal is no longer published,review,"UK, Scarborough garbage dump",no,Europe,"agglutination, Culture, lense",Immunologic,NA,NA,,swab variable,Animal,Bird,Charadriiformes,Laridae,Larus,Herring gull,Larus argentatus,,free,Salmonella poona,Salmonella enterica subsp. enterica serovar Poona,Salmonella enterica (non-typhoid),cloacal swab,yes,no,,,0,124,,,,NA,,NA,,,,,,,,NA,NA,NA,NA,NA,NA,NA,NA,High,3
Butterfield et al. ,1983,Butterfield et al.  1983,? yes journal is no longer published,review,"UK, Scarborough Harbor/Whitby rooftops",no,Europe,"agglutination, Culture, lense",Immunologic,NA,NA,,swab variable,Animal,Bird,Charadriiformes,Laridae,Larus,Herring gull,Larus argentatus,,free,Salmonella poona,Salmonella enterica subsp. enterica serovar Poona,Salmonella enterica (non-typhoid),cloacal swab,yes,no,,,1,141,,,,NA,,NA,,,,,,,,NA,NA,NA,NA,NA,NA,NA,NA,High,3
Butterfield et al. ,1983,Butterfield et al.  1983,? yes journal is no longer published,review,"UK, Scarborough, Whitby and Staithes rooftop",no,Europe,"agglutination, Culture, lense",Immunologic,NA,NA,,swab variable,Animal,Bird,Charadriiformes,Laridae,Larus,Herring gull,Larus argentatus,,free,Salmonella poona,Salmonella enterica subsp. enterica serovar Poona,Salmonella enterica (non-typhoid),cloacal swab,yes,no,,,0,227,,,,NA,,NA,,,,,,,,NA,NA,NA,NA,NA,NA,NA,NA,High,3
Butterfield et al. ,1983,Butterfield et al.  1983,? yes journal is no longer published,review,"UK, Scarborough, Whitby and Staithes rooftop",no,Europe,"agglutination, Culture, lense",Immunologic,NA,NA,,swab variable,Animal,Bird,Charadriiformes,Laridae,Larus,Herring gull,Larus argentatus,,free,Salmonella poona,Salmonella enterica subsp. enterica serovar Poona,Salmonella enterica (non-typhoid),cloacal swab,yes,no,,,0,261,,,,NA,,NA,,,,,,,,NA,NA,NA,NA,NA,NA,NA,NA,High,3
Butterfield et al. ,1983,Butterfield et al.  1983,? yes journal is no longer published,review,"UK, Sunderland rooftop",no,Europe,"agglutination, Culture, lense",Immunologic,NA,NA,,swab variable,Animal,Bird,Charadriiformes,Laridae,Larus,Herring gull,Larus argentatus,,free,Salmonella poona,Salmonella enterica subsp. enterica serovar Poona,Salmonella enterica (non-typhoid),cloacal swab,yes,no,,,0,99,,,,NA,,NA,,,,,,,,NA,NA,NA,NA,NA,NA,NA,NA,High,3
Butterfield et al. ,1983,Butterfield et al.  1983,? yes journal is no longer published,review,"UK, Northumberland, Durham, North Yorkshire garbage dump",no,Europe,"agglutination, Culture, lense",Immunologic,NA,NA,,swab variable,Animal,Bird,Charadriiformes,Laridae,Larus,Herring gull,Larus argentatus,,free,Salmonella saintpaul,Salmonella enterica subsp. enterica serovar Saintpaul,Salmonella enterica (non-typhoid),cloacal swab,yes,no,,,1,1934,,,,NA,,NA,,,,,,,,NA,NA,NA,NA,NA,NA,NA,NA,High,3
Butterfield et al. ,1983,Butterfield et al.  1983,? yes journal is no longer published,review,"UK, Scarborough garbage dump",no,Europe,"agglutination, Culture, lense",Immunologic,NA,NA,,swab variable,Animal,Bird,Charadriiformes,Laridae,Larus,Herring gull,Larus argentatus,,free,Salmonella saintpaul,Salmonella enterica subsp. enterica serovar Saintpaul,Salmonella enterica (non-typhoid),cloacal swab,yes,no,,,0,124,,,,NA,,NA,,,,,,,,NA,NA,NA,NA,NA,NA,NA,NA,High,3
Butterfield et al. ,1983,Butterfield et al.  1983,? yes journal is no longer published,review,"UK, Scarborough Harbor/Whitby rooftops",no,Europe,"agglutination, Culture, lense",Immunologic,NA,NA,,swab variable,Animal,Bird,Charadriiformes,Laridae,Larus,Herring gull,Larus argentatus,,free,Salmonella saintpaul,Salmonella enterica subsp. enterica serovar Saintpaul,Salmonella enterica (non-typhoid),cloacal swab,yes,no,,,0,141,,,,NA,,NA,,,,,,,,NA,NA,NA,NA,NA,NA,NA,NA,High,3
Butterfield et al. ,1983,Butterfield et al.  1983,? yes journal is no longer published,review,"UK, Scarborough, Whitby and Staithes rooftop",no,Europe,"agglutination, Culture, lense",Immunologic,NA,NA,,swab variable,Animal,Bird,Charadriiformes,Laridae,Larus,Herring gull,Larus argentatus,,free,Salmonella saintpaul,Salmonella enterica subsp. enterica serovar Saintpaul,Salmonella enterica (non-typhoid),cloacal swab,yes,no,,,1,227,,,,NA,,NA,,,,,,,,NA,NA,NA,NA,NA,NA,NA,NA,High,3
Butterfield et al. ,1983,Butterfield et al.  1983,? yes journal is no longer published,review,"UK, Scarborough, Whitby and Staithes rooftop",no,Europe,"agglutination, Culture, lense",Immunologic,NA,NA,,swab variable,Animal,Bird,Charadriiformes,Laridae,Larus,Herring gull,Larus argentatus,,free,Salmonella saintpaul,Salmonella enterica subsp. enterica serovar Saintpaul,Salmonella enterica (non-typhoid),cloacal swab,yes,no,,,0,261,,,,NA,,NA,,,,,,,,NA,NA,NA,NA,NA,NA,NA,NA,High,3
Butterfield et al. ,1983,Butterfield et al.  1983,? yes journal is no longer published,review,"UK, Sunderland rooftop",no,Europe,"agglutination, Culture, lense",Immunologic,NA,NA,,swab variable,Animal,Bird,Charadriiformes,Laridae,Larus,Herring gull,Larus argentatus,,free,Salmonella saintpaul,Salmonella enterica subsp. enterica serovar Saintpaul,Salmonella enterica (non-typhoid),cloacal swab,yes,no,,,0,99,,,,NA,,NA,,,,,,,,NA,NA,NA,NA,NA,NA,NA,NA,High,3
Butterfield et al. ,1983,Butterfield et al.  1983,? yes journal is no longer published,review,"UK, Northumberland, Durham, North Yorkshire garbage dump",no,Europe,"agglutination, Culture, lense",Immunologic,NA,NA,,swab variable,Animal,Bird,Charadriiformes,Laridae,Larus,Herring gull,Larus argentatus,,free,Salmonella senflenberg,Salmonella enterica subsp. enterica serovar Senftenberg,Salmonella enterica (non-typhoid),cloacal swab,yes,no,,,0,1934,,,,NA,,NA,,,,,,,,NA,NA,NA,NA,NA,NA,NA,NA,High,3
Butterfield et al. ,1983,Butterfield et al.  1983,? yes journal is no longer published,review,"UK, Scarborough garbage dump",no,Europe,"agglutination, Culture, lense",Immunologic,NA,NA,,swab variable,Animal,Bird,Charadriiformes,Laridae,Larus,Herring gull,Larus argentatus,,free,Salmonella senflenberg,Salmonella enterica subsp. enterica serovar Senftenberg,Salmonella enterica (non-typhoid),cloacal swab,yes,no,,,0,124,,,,NA,,NA,,,,,,,,NA,NA,NA,NA,NA,NA,NA,NA,High,3
Butterfield et al. ,1983,Butterfield et al.  1983,? yes journal is no longer published,review,"UK, Scarborough Harbor/Whitby rooftops",no,Europe,"agglutination, Culture, lense",Immunologic,NA,NA,,swab variable,Animal,Bird,Charadriiformes,Laridae,Larus,Herring gull,Larus argentatus,,free,Salmonella senflenberg,Salmonella enterica subsp. enterica serovar Senftenberg,Salmonella enterica (non-typhoid),cloacal swab,yes,no,,,1,141,,,,NA,,NA,,,,,,,,NA,NA,NA,NA,NA,NA,NA,NA,High,3
Butterfield et al. ,1983,Butterfield et al.  1983,? yes journal is no longer published,review,"UK, Scarborough, Whitby and Staithes rooftop",no,Europe,"agglutination, Culture, lense",Immunologic,NA,NA,,swab variable,Animal,Bird,Charadriiformes,Laridae,Larus,Herring gull,Larus argentatus,,free,Salmonella senflenberg,Salmonella enterica subsp. enterica serovar Senftenberg,Salmonella enterica (non-typhoid),cloacal swab,yes,no,,,0,227,,,,NA,,NA,,,,,,,,NA,NA,NA,NA,NA,NA,NA,NA,High,3
Butterfield et al. ,1983,Butterfield et al.  1983,? yes journal is no longer published,review,"UK, Scarborough, Whitby and Staithes rooftop",no,Europe,"agglutination, Culture, lense",Immunologic,NA,NA,,swab variable,Animal,Bird,Charadriiformes,Laridae,Larus,Herring gull,Larus argentatus,,free,Salmonella senflenberg,Salmonella enterica subsp. enterica serovar Senftenberg,Salmonella enterica (non-typhoid),cloacal swab,yes,no,,,0,261,,,,NA,,NA,,,,,,,,NA,NA,NA,NA,NA,NA,NA,NA,High,3
Butterfield et al. ,1983,Butterfield et al.  1983,? yes journal is no longer published,review,"UK, Sunderland rooftop",no,Europe,"agglutination, Culture, lense",Immunologic,NA,NA,,swab variable,Animal,Bird,Charadriiformes,Laridae,Larus,Herring gull,Larus argentatus,,free,Salmonella senflenberg,Salmonella enterica subsp. enterica serovar Senftenberg,Salmonella enterica (non-typhoid),cloacal swab,yes,no,,,0,99,,,,NA,,NA,,,,,,,,NA,NA,NA,NA,NA,NA,NA,NA,High,3
Butterfield et al. ,1983,Butterfield et al.  1983,? yes journal is no longer published,review,"UK, Northumberland, Durham, North Yorkshire garbage dump",no,Europe,"agglutination, Culture, lense",Immunologic,NA,NA,,swab variable,Animal,Bird,Charadriiformes,Laridae,Larus,Herring gull,Larus argentatus,,free,Salmonella stanley,Salmonella enterica subsp. enterica serovar Stanley,Salmonella enterica (non-typhoid),cloacal swab,yes,no,,,0,1934,,,,NA,,NA,,,,,,,,NA,NA,NA,NA,NA,NA,NA,NA,High,3
Butterfield et al. ,1983,Butterfield et al.  1983,? yes journal is no longer published,review,"UK, Scarborough garbage dump",no,Europe,"agglutination, Culture, lense",Immunologic,NA,NA,,swab variable,Animal,Bird,Charadriiformes,Laridae,Larus,Herring gull,Larus argentatus,,free,Salmonella stanley,Salmonella enterica subsp. enterica serovar Stanley,Salmonella enterica (non-typhoid),cloacal swab,yes,no,,,0,124,,,,NA,,NA,,,,,,,,NA,NA,NA,NA,NA,NA,NA,NA,High,3
Butterfield et al. ,1983,Butterfield et al.  1983,? yes journal is no longer published,review,"UK, Scarborough Harbor/Whitby rooftops",no,Europe,"agglutination, Culture, lense",Immunologic,NA,NA,,swab variable,Animal,Bird,Charadriiformes,Laridae,Larus,Herring gull,Larus argentatus,,free,Salmonella stanley,Salmonella enterica subsp. enterica serovar Stanley,Salmonella enterica (non-typhoid),cloacal swab,yes,no,,,0,141,,,,NA,,NA,,,,,,,,NA,NA,NA,NA,NA,NA,NA,NA,High,3
Butterfield et al. ,1983,Butterfield et al.  1983,? yes journal is no longer published,review,"UK, Scarborough, Whitby and Staithes rooftop",no,Europe,"agglutination, Culture, lense",Immunologic,NA,NA,,swab variable,Animal,Bird,Charadriiformes,Laridae,Larus,Herring gull,Larus argentatus,,free,Salmonella stanley,Salmonella enterica subsp. enterica serovar Stanley,Salmonella enterica (non-typhoid),cloacal swab,yes,no,,,0,227,,,,NA,,NA,,,,,,,,NA,NA,NA,NA,NA,NA,NA,NA,High,3
Butterfield et al. ,1983,Butterfield et al.  1983,? yes journal is no longer published,review,"UK, Scarborough, Whitby and Staithes rooftop",no,Europe,"agglutination, Culture, lense",Immunologic,NA,NA,,swab variable,Animal,Bird,Charadriiformes,Laridae,Larus,Herring gull,Larus argentatus,,free,Salmonella stanley,Salmonella enterica subsp. enterica serovar Stanley,Salmonella enterica (non-typhoid),cloacal swab,yes,no,,,0,261,,,,NA,,NA,,,,,,,,NA,NA,NA,NA,NA,NA,NA,NA,High,3
Butterfield et al. ,1983,Butterfield et al.  1983,? yes journal is no longer published,review,"UK, Sunderland rooftop",no,Europe,"agglutination, Culture, lense",Immunologic,NA,NA,,swab variable,Animal,Bird,Charadriiformes,Laridae,Larus,Herring gull,Larus argentatus,,free,Salmonella stanley,Salmonella enterica subsp. enterica serovar Stanley,Salmonella enterica (non-typhoid),cloacal swab,yes,no,,,1,99,,,,NA,,NA,,,,,,,,NA,NA,NA,NA,NA,NA,NA,NA,High,3
Butterfield et al. ,1983,Butterfield et al.  1983,? yes journal is no longer published,review,"UK, Northumberland, Durham, North Yorkshire garbage dump",no,Europe,"agglutination, Culture, lense",Immunologic,NA,NA,,swab variable,Animal,Bird,Charadriiformes,Laridae,Larus,Herring gull,Larus argentatus,,free,Salmonella taksony,Salmonella enterica subsp. enterica serovar Taksony,Salmonella enterica (non-typhoid),cloacal swab,yes,no,,,0,1934,,,,NA,,NA,,,,,,,,NA,NA,NA,NA,NA,NA,NA,NA,High,3
Butterfield et al. ,1983,Butterfield et al.  1983,? yes journal is no longer published,review,"UK, Scarborough garbage dump",no,Europe,"agglutination, Culture, lense",Immunologic,NA,NA,,swab variable,Animal,Bird,Charadriiformes,Laridae,Larus,Herring gull,Larus argentatus,,free,Salmonella taksony,Salmonella enterica subsp. enterica serovar Taksony,Salmonella enterica (non-typhoid),cloacal swab,yes,no,,,0,124,,,,NA,,NA,,,,,,,,NA,NA,NA,NA,NA,NA,NA,NA,High,3
Butterfield et al. ,1983,Butterfield et al.  1983,? yes journal is no longer published,review,"UK, Scarborough Harbor/Whitby rooftops",no,Europe,"agglutination, Culture, lense",Immunologic,NA,NA,,swab variable,Animal,Bird,Charadriiformes,Laridae,Larus,Herring gull,Larus argentatus,,free,Salmonella taksony,Salmonella enterica subsp. enterica serovar Taksony,Salmonella enterica (non-typhoid),cloacal swab,yes,no,,,0,141,,,,NA,,NA,,,,,,,,NA,NA,NA,NA,NA,NA,NA,NA,High,3
Butterfield et al. ,1983,Butterfield et al.  1983,? yes journal is no longer published,review,"UK, Scarborough, Whitby and Staithes rooftop",no,Europe,"agglutination, Culture, lense",Immunologic,NA,NA,,swab variable,Animal,Bird,Charadriiformes,Laridae,Larus,Herring gull,Larus argentatus,,free,Salmonella taksony,Salmonella enterica subsp. enterica serovar Taksony,Salmonella enterica (non-typhoid),cloacal swab,yes,no,,,0,227,,,,NA,,NA,,,,,,,,NA,NA,NA,NA,NA,NA,NA,NA,High,3
Butterfield et al. ,1983,Butterfield et al.  1983,? yes journal is no longer published,review,"UK, Scarborough, Whitby and Staithes rooftop",no,Europe,"agglutination, Culture, lense",Immunologic,NA,NA,,swab variable,Animal,Bird,Charadriiformes,Laridae,Larus,Herring gull,Larus argentatus,,free,Salmonella taksony,Salmonella enterica subsp. enterica serovar Taksony,Salmonella enterica (non-typhoid),cloacal swab,yes,no,,,1,261,,,,NA,,NA,,,,,,,,NA,NA,NA,NA,NA,NA,NA,NA,High,3
Butterfield et al. ,1983,Butterfield et al.  1983,? yes journal is no longer published,review,"UK, Sunderland rooftop",no,Europe,"agglutination, Culture, lense",Immunologic,NA,NA,,swab variable,Animal,Bird,Charadriiformes,Laridae,Larus,Herring gull,Larus argentatus,,free,Salmonella taksony,Salmonella enterica subsp. enterica serovar Taksony,Salmonella enterica (non-typhoid),cloacal swab,yes,no,,,0,99,,,,NA,,NA,,,,,,,,NA,NA,NA,NA,NA,NA,NA,NA,High,3
Butterfield et al. ,1983,Butterfield et al.  1983,? yes journal is no longer published,review,"UK, Northumberland, Durham, North Yorkshire garbage dump",no,Europe,"agglutination, Culture, lense",Immunologic,NA,NA,,swab variable,Animal,Bird,Charadriiformes,Laridae,Larus,Herring gull,Larus argentatus,,free,Salmonella tennessee,Salmonella enterica subsp. enterica serovar Tennessee   ,Salmonella enterica (non-typhoid),cloacal swab,yes,no,,,1,1934,,,,NA,,NA,,,,,,,,NA,NA,NA,NA,NA,NA,NA,NA,High,3
Butterfield et al. ,1983,Butterfield et al.  1983,? yes journal is no longer published,review,"UK, Scarborough garbage dump",no,Europe,"agglutination, Culture, lense",Immunologic,NA,NA,,swab variable,Animal,Bird,Charadriiformes,Laridae,Larus,Herring gull,Larus argentatus,,free,Salmonella tennessee,Salmonella enterica subsp. enterica serovar Tennessee   ,Salmonella enterica (non-typhoid),cloacal swab,yes,no,,,0,124,,,,NA,,NA,,,,,,,,NA,NA,NA,NA,NA,NA,NA,NA,High,3
Butterfield et al. ,1983,Butterfield et al.  1983,? yes journal is no longer published,review,"UK, Scarborough Harbor/Whitby rooftops",no,Europe,"agglutination, Culture, lense",Immunologic,NA,NA,,swab variable,Animal,Bird,Charadriiformes,Laridae,Larus,Herring gull,Larus argentatus,,free,Salmonella tennessee,Salmonella enterica subsp. enterica serovar Tennessee   ,Salmonella enterica (non-typhoid),cloacal swab,yes,no,,,0,141,,,,NA,,NA,,,,,,,,NA,NA,NA,NA,NA,NA,NA,NA,High,3
Butterfield et al. ,1983,Butterfield et al.  1983,? yes journal is no longer published,review,"UK, Scarborough, Whitby and Staithes rooftop",no,Europe,"agglutination, Culture, lense",Immunologic,NA,NA,,swab variable,Animal,Bird,Charadriiformes,Laridae,Larus,Herring gull,Larus argentatus,,free,Salmonella tennessee,Salmonella enterica subsp. enterica serovar Tennessee   ,Salmonella enterica (non-typhoid),cloacal swab,yes,no,,,0,227,,,,NA,,NA,,,,,,,,NA,NA,NA,NA,NA,NA,NA,NA,High,3
Butterfield et al. ,1983,Butterfield et al.  1983,? yes journal is no longer published,review,"UK, Scarborough, Whitby and Staithes rooftop",no,Europe,"agglutination, Culture, lense",Immunologic,NA,NA,,swab variable,Animal,Bird,Charadriiformes,Laridae,Larus,Herring gull,Larus argentatus,,free,Salmonella tennessee,Salmonella enterica subsp. enterica serovar Tennessee   ,Salmonella enterica (non-typhoid),cloacal swab,yes,no,,,0,261,,,,NA,,NA,,,,,,,,NA,NA,NA,NA,NA,NA,NA,NA,High,3
Butterfield et al. ,1983,Butterfield et al.  1983,? yes journal is no longer published,review,"UK, Sunderland rooftop",no,Europe,"agglutination, Culture, lense",Immunologic,NA,NA,,swab variable,Animal,Bird,Charadriiformes,Laridae,Larus,Herring gull,Larus argentatus,,free,Salmonella tennessee,Salmonella enterica subsp. enterica serovar Tennessee   ,Salmonella enterica (non-typhoid),cloacal swab,yes,no,,,0,99,,,,NA,,NA,,,,,,,,NA,NA,NA,NA,NA,NA,NA,NA,High,3
Butterfield et al. ,1983,Butterfield et al.  1983,? yes journal is no longer published,review,"UK, Northumberland, Durham, North Yorkshire garbage dump",no,Europe,"agglutination, Culture, lense",Immunologic,NA,NA,,swab variable,Animal,Bird,Charadriiformes,Laridae,Larus,Herring gull,Larus argentatus,,free,Salmonella thompson,Salmonella enterica subsp. enterica serovar Thompson,Salmonella enterica (non-typhoid),cloacal swab,yes,no,,,1,1934,,,,NA,,NA,,,,,,,,NA,NA,NA,NA,NA,NA,NA,NA,High,3
Butterfield et al. ,1983,Butterfield et al.  1983,? yes journal is no longer published,review,"UK, Scarborough garbage dump",no,Europe,"agglutination, Culture, lense",Immunologic,NA,NA,,swab variable,Animal,Bird,Charadriiformes,Laridae,Larus,Herring gull,Larus argentatus,,free,Salmonella thompson,Salmonella enterica subsp. enterica serovar Thompson,Salmonella enterica (non-typhoid),cloacal swab,yes,no,,,0,124,,,,NA,,NA,,,,,,,,NA,NA,NA,NA,NA,NA,NA,NA,High,3
Butterfield et al. ,1983,Butterfield et al.  1983,? yes journal is no longer published,review,"UK, Scarborough Harbor/Whitby rooftops",no,Europe,"agglutination, Culture, lense",Immunologic,NA,NA,,swab variable,Animal,Bird,Charadriiformes,Laridae,Larus,Herring gull,Larus argentatus,,free,Salmonella thompson,Salmonella enterica subsp. enterica serovar Thompson,Salmonella enterica (non-typhoid),cloacal swab,yes,no,,,0,141,,,,NA,,NA,,,,,,,,NA,NA,NA,NA,NA,NA,NA,NA,High,3
Butterfield et al. ,1983,Butterfield et al.  1983,? yes journal is no longer published,review,"UK, Scarborough, Whitby and Staithes rooftop",no,Europe,"agglutination, Culture, lense",Immunologic,NA,NA,,swab variable,Animal,Bird,Charadriiformes,Laridae,Larus,Herring gull,Larus argentatus,,free,Salmonella thompson,Salmonella enterica subsp. enterica serovar Thompson,Salmonella enterica (non-typhoid),cloacal swab,yes,no,,,0,227,,,,NA,,NA,,,,,,,,NA,NA,NA,NA,NA,NA,NA,NA,High,3
Butterfield et al. ,1983,Butterfield et al.  1983,? yes journal is no longer published,review,"UK, Scarborough, Whitby and Staithes rooftop",no,Europe,"agglutination, Culture, lense",Immunologic,NA,NA,,swab variable,Animal,Bird,Charadriiformes,Laridae,Larus,Herring gull,Larus argentatus,,free,Salmonella thompson,Salmonella enterica subsp. enterica serovar Thompson,Salmonella enterica (non-typhoid),cloacal swab,yes,no,,,0,261,,,,NA,,NA,,,,,,,,NA,NA,NA,NA,NA,NA,NA,NA,High,3
Butterfield et al. ,1983,Butterfield et al.  1983,? yes journal is no longer published,review,"UK, Sunderland rooftop",no,Europe,"agglutination, Culture, lense",Immunologic,NA,NA,,swab variable,Animal,Bird,Charadriiformes,Laridae,Larus,Herring gull,Larus argentatus,,free,Salmonella thompson,Salmonella enterica subsp. enterica serovar Thompson,Salmonella enterica (non-typhoid),cloacal swab,yes,no,,,0,99,,,,NA,,NA,,,,,,,,NA,NA,NA,NA,NA,NA,NA,NA,High,3
Butterfield et al. ,1983,Butterfield et al.  1983,? yes journal is no longer published,review,"UK, Northumberland, Durham, North Yorkshire garbage dump",no,Europe,"agglutination, Culture, lense",Immunologic,NA,NA,,swab variable,Animal,Bird,Charadriiformes,Laridae,Larus,Herring gull,Larus argentatus,,free,Salmonella virchow,Salmonella enterica subsp. enterica serovar Virchow   ,Salmonella enterica (non-typhoid),cloacal swab,yes,no,,,3,1934,,,,NA,,NA,,,,,,,,NA,NA,NA,NA,NA,NA,NA,NA,High,3
Butterfield et al. ,1983,Butterfield et al.  1983,? yes journal is no longer published,review,"UK, Scarborough garbage dump",no,Europe,"agglutination, Culture, lense",Immunologic,NA,NA,,swab variable,Animal,Bird,Charadriiformes,Laridae,Larus,Herring gull,Larus argentatus,,free,Salmonella virchow,Salmonella enterica subsp. enterica serovar Virchow   ,Salmonella enterica (non-typhoid),cloacal swab,yes,no,,,0,124,,,,NA,,NA,,,,,,,,NA,NA,NA,NA,NA,NA,NA,NA,High,3
Butterfield et al. ,1983,Butterfield et al.  1983,? yes journal is no longer published,review,"UK, Scarborough Harbor/Whitby rooftops",no,Europe,"agglutination, Culture, lense",Immunologic,NA,NA,,swab variable,Animal,Bird,Charadriiformes,Laridae,Larus,Herring gull,Larus argentatus,,free,Salmonella virchow,Salmonella enterica subsp. enterica serovar Virchow   ,Salmonella enterica (non-typhoid),cloacal swab,yes,no,,,0,141,,,,NA,,NA,,,,,,,,NA,NA,NA,NA,NA,NA,NA,NA,High,3
Butterfield et al. ,1983,Butterfield et al.  1983,? yes journal is no longer published,review,"UK, Scarborough, Whitby and Staithes rooftop",no,Europe,"agglutination, Culture, lense",Immunologic,NA,NA,,swab variable,Animal,Bird,Charadriiformes,Laridae,Larus,Herring gull,Larus argentatus,,free,Salmonella virchow,Salmonella enterica subsp. enterica serovar Virchow   ,Salmonella enterica (non-typhoid),cloacal swab,yes,no,,,0,227,,,,NA,,NA,,,,,,,,NA,NA,NA,NA,NA,NA,NA,NA,High,3
Butterfield et al. ,1983,Butterfield et al.  1983,? yes journal is no longer published,review,"UK, Scarborough, Whitby and Staithes rooftop",no,Europe,"agglutination, Culture, lense",Immunologic,NA,NA,,swab variable,Animal,Bird,Charadriiformes,Laridae,Larus,Herring gull,Larus argentatus,,free,Salmonella virchow,Salmonella enterica subsp. enterica serovar Virchow   ,Salmonella enterica (non-typhoid),cloacal swab,yes,no,,,0,261,,,,NA,,NA,,,,,,,,NA,NA,NA,NA,NA,NA,NA,NA,High,3
Butterfield et al. ,1983,Butterfield et al.  1983,? yes journal is no longer published,review,"UK, Sunderland rooftop",no,Europe,"agglutination, Culture, lense",Immunologic,NA,NA,,swab variable,Animal,Bird,Charadriiformes,Laridae,Larus,Herring gull,Larus argentatus,,free,Salmonella virchow,Salmonella enterica subsp. enterica serovar Virchow   ,Salmonella enterica (non-typhoid),cloacal swab,yes,no,,,0,99,,,,NA,,NA,,,,,,,,NA,NA,NA,NA,NA,NA,NA,NA,High,3
Casanovas et al.,1995,Casanovas et al. 1995,yes,review,"Spain, Barcelona",no,Europe,"agglutination, biochemical, culture broth and plate",Immunologic,NA,NA,,NA,Animal,Bird,Columbiformes,Columbidae,Columba,Pigeon,Columba livia,,free,Salmonella south hampton,Salmonella enterica subsp. enterica serovar Southampton   ,Salmonella enterica (non-typhoid),cloacal swab,yes,no,,,1,400,,,,NA,,NA,,,,,,,,NA,NA,NA,NA,NA,NA,NA,NA,High,3
Cizek et al.,1994,Cizek et al. 1994,yes,review,"Czech Republic, municipal waste dump",no,Europe,"serotyping, biochemical, culture broth plate",Immunologic,NA,NA,,variable swab/tissue sample,Animal,Bird,Charadriiformes,Laridae,Larus,Common gull,Larus canus,,free,Salmonella enteritidis,Salmonella entericaÿsubsp.ÿentericaÿserovar Enteritidis,Salmonella enterica (non-typhoid),"Cloacal swab,  small intestines content, small intestines, liver, spleen",yes,no,,,1,35,,,,NA,,NA,,,,,,,,NA,NA,NA,NA,NA,NA,NA,NA,Moderate,2
Coulson et al.,1983,Coulson et al. 1983,? yes journal is no longer published,review,"UK, Eastern Scotland, Northeast England",no,Europe,"agglutination, Microscope, Plate Culture",Immunologic,NA,NA,,swab variable,Animal,Bird,Charadriiformes,Laridae,Chroicocephalus,Black-headed gull,Larus ribibundus,,free,Salmonella montevideo,Salmonella enterica subsp. enterica serovar Montevideo,Salmonella enterica (non-typhoid),Cloacal swab,yes,no,,,1,416,,,,NA,,NA,,,,,,Has Yearly data to show increase in S. Montevideo,,NA,NA,NA,NA,NA,NA,NA,NA,Moderate,2
Coulson et al.,1983,Coulson et al. 1983,? yes journal is no longer published,review,"UK, Eastern Scotland, Northeast England",no,Europe,"agglutination, Microscope, Plate Culture",Immunologic,NA,NA,,swab variable,Animal,Bird,Charadriiformes,Laridae,Larus,Great black-backed gull,Larus marinus,,free,Salmonella montevideo,Salmonella enterica subsp. enterica serovar Montevideo,Salmonella enterica (non-typhoid),Cloacal swab,yes,no,,,0,29,,,,NA,,NA,,,,,,Has Yearly data to show increase in S. Montevideo,,NA,NA,NA,NA,NA,NA,NA,NA,Moderate,2
Coulson et al.,1983,Coulson et al. 1983,? yes journal is no longer published,review,"UK, Eastern Scotland, Northeast England",no,Europe,"agglutination, Microscope, Plate Culture",Immunologic,NA,NA,,swab variable,Animal,Bird,Charadriiformes,Laridae,Larus,Herring gull,Larus argentatus,,free,Salmonella montevideo,Salmonella enterica subsp. enterica serovar Montevideo,Salmonella enterica (non-typhoid),Cloacal swab,yes,no,,,8,4036,,,,NA,,NA,,,,,,Has Yearly data to show increase in S. Montevideo,,NA,NA,NA,NA,NA,NA,NA,NA,Moderate,2
Coulson et al.,1983,Coulson et al. 1983,? yes journal is no longer published,review,"UK, Eastern Scotland, Northeast England",no,Europe,"agglutination, Microscope, Plate Culture",Immunologic,NA,NA,,swab variable,Animal,Bird,Charadriiformes,Laridae,Larus,Lesser black-backed gull,Larus fuscus,,free,Salmonella montevideo,Salmonella enterica subsp. enterica serovar Montevideo,Salmonella enterica (non-typhoid),Cloacal swab,yes,no,,,0,50,,,,NA,,NA,,,,,,Has Yearly data to show increase in S. Montevideo,,NA,NA,NA,NA,NA,NA,NA,NA,Moderate,2
Coulson et al.,1983,Coulson et al. 1983,? yes journal is no longer published,review,"UK, Eastern Scotland, Northeast England",no,Europe,"agglutination, Microscope, Plate Culture",Immunologic,NA,NA,,swab variable,Animal,Bird,Charadriiformes,Laridae,Larus,Common gull,Larus canus,,free,Salmonella montevideo,Salmonella enterica subsp. enterica serovar Montevideo,Salmonella enterica (non-typhoid),Cloacal swab,yes,no,,,0,33,,,,NA,,NA,,,,,,Has Yearly data to show increase in S. Montevideo,,NA,NA,NA,NA,NA,NA,NA,NA,Moderate,2
Cummings et al.,2021,Cummings et al. 2021,yes,Google Scholar,"USA, New York, Ithica, Janet L. Swanson Wildlife Hospital ",yes,North America,"confirm serotyping (outside lab National Veterinary Services Laboratories (Animal and Plant Health Inspection Service, US Department of Agriculture, Ames, Iowa, USA)), culture broth and plate",Immunologic,NA,NA,,swab,Animal,Bird,Columbiformes,Columbidae,Columba,Pigeon,Columba livia,,free,Salmonella cerro,Salmonella enterica subsp. enterica serovar Cerro,Salmonella enterica (non-typhoid),feces or cloacal swab,yes,no,,,1,35,,,,NA,,NA,,,,,,,,NA,NA,NA,NA,NA,NA,NA,NA,Low,1
Cummings et al.,2021,Cummings et al. 2021,yes,Google Scholar,"USA, New York, Ithica, Janet L. Swanson Wildlife Hospital ",yes,North America,"confirm serotyping (outside lab National Veterinary Services Laboratories (Animal and Plant Health Inspection Service, US Department of Agriculture, Ames, Iowa, USA)), culture broth and plate",Immunologic,NA,NA,,swab,Animal,Bird,Columbiformes,Columbidae,Columba,Pigeon,Columba livia,,free,Salmonella kentucky,Salmonella enterica subsp. enterica serovar Kentucky   ,Salmonella enterica (non-typhoid),feces or cloacal swab,yes,no,,,1,35,,,,NA,,NA,,,,,,,,NA,NA,NA,NA,NA,NA,NA,NA,Low,1
de Sousa et al.,2010,de Sousa et al. 2010,yes,Web of Science,"Brazil, Jaboticabal",no,South America,"agglutination, plate and tube culture, lab",Immunologic,NA,NA,,0.1 ml,Animal,Bird,Columbiformes,Columbidae,Columba,Pigeon,Columba livia,,free,"Salmonella enterica enterica  4,12","Salmonella enterica subsp. enterica serovar 4,12",Salmonella enterica (non-typhoid),from posititve salmonella samples,yes,no,,,1,126,,,,NA,,NA,,,,,,,,NA,NA,NA,NA,NA,NA,NA,NA,Low,1
de Sousa et al.,2010,de Sousa et al. 2010,yes,Web of Science,"Brazil, Jaboticabal",no,South America,"agglutination, plate and tube culture, lab",Immunologic,NA,NA,,0.1 ml,Animal,Bird,Columbiformes,Columbidae,Columba,Pigeon,Columba livia,,free,"Salmonella enterica enterica 4,12,i","Salmonella enterica subsp. enterica serovar 4,12;i",Salmonella enterica (non-typhoid),from posititve salmonella samples,yes,no,,,1,126,,,,NA,,NA,,,,,,,,NA,NA,NA,NA,NA,NA,NA,NA,Low,1
Ebani et al.,2021,Ebani et al. 2021,yes,Web of Science,"Italy, Central Italy",no,Europe,"serotyping, Biochemical, culture broth plate",Immunologic,NA,NA,,3 g,Animal,Bird,Charadriiformes,Laridae,Larus,Yellow legged gull,Larus michahellis,,free,Salmonella enterica Coeln,Salmonella enterica subsp. enterica serovar Coeln   ,Salmonella enterica (non-typhoid),feces,yes,no,,,1,35,,,,NA,,NA,,,,,,,,NA,NA,NA,NA,NA,NA,NA,NA,Low,1
Faddoul et al.,1966,Faddoul et al. 1966,yes,review,"USA, Massachusetts, Middle Brewster Island",yes,North America,"Serotype, plate culture standard method",Immunologic,NA,NA,,NA,Animal,Bird,Charadriiformes,Laridae,Larus,Herring gull,Larus argentatus,,free,Salmonella derby,Salmonella enterica subsp. enterica serovar Derby,Salmonella enterica (non-typhoid),tissue intestines,yes,no,,,1,10,,,,NA,,NA,,,,,,,,NA,NA,NA,NA,NA,NA,NA,NA,Very Low,0
Fenlon et al.,1981,Fenlon et al. 1981,? yes journal is no longer published,review,"UK, Scotland, Aberdeen, Sewage outfall",no,Europe,"serotype, antibiotic resistance",Immunologic,NA,NA,,NA,Animal,Bird,Charadriiformes,Laridae,Larus,,Larus spp.,Gull (genus),free,"Salmonella 13, 23; gt","Salmonella enterica subsp. enterica serovar 13, 23; gt",Salmonella enterica (non-typhoid),feces (from 160 positive samples),yes,no,,,1,1242,,,,NA,,NA,,,,,,,,NA,NA,NA,NA,NA,NA,NA,NA,Low,1
Fenlon et al.,1981,Fenlon et al. 1981,? yes journal is no longer published,review,"UK, Scotland, Aberdeen, Sewage outfall",no,Europe,"serotype, antibiotic resistance",Immunologic,NA,NA,,NA,Animal,Bird,Charadriiformes,Laridae,Larus,,Larus spp.,Gull (genus),free,Salmonella agona,Salmonella enterica subsp. enterica serovar Agona,Salmonella enterica (non-typhoid),feces (from 160 positive samples),yes,no,,,25,1242,,,,NA,,NA,,,,,,,,NA,NA,NA,NA,NA,NA,NA,NA,Low,1
Fenlon et al.,1981,Fenlon et al. 1981,? yes journal is no longer published,review,"UK, Scotland, Aberdeen, Sewage outfall",no,Europe,"serotype, antibiotic resistance",Immunologic,NA,NA,,NA,Animal,Bird,Charadriiformes,Laridae,Larus,,Larus spp.,Gull (genus),free,Salmonella anatum,Salmonella enterica subsp. enterica serovar Anatum,Salmonella enterica (non-typhoid),feces (from 160 positive samples),yes,no,,,3,1242,,,,NA,,NA,,,,,,,,NA,NA,NA,NA,NA,NA,NA,NA,Low,1
Fenlon et al.,1981,Fenlon et al. 1981,? yes journal is no longer published,review,"UK, Scotland, Aberdeen, Sewage outfall",no,Europe,"serotype, antibiotic resistance",Immunologic,NA,NA,,NA,Animal,Bird,Charadriiformes,Laridae,Larus,,Larus spp.,Gull (genus),free,Salmonella braenderup,Salmonella enterica subsp. enterica serovar Braenderup,Salmonella enterica (non-typhoid),feces (from 160 positive samples),yes,no,,,1,1242,,,,NA,,NA,,,,,,,,NA,NA,NA,NA,NA,NA,NA,NA,Low,1
Fenlon et al.,1981,Fenlon et al. 1981,? yes journal is no longer published,review,"UK, Scotland, Aberdeen, Sewage outfall",no,Europe,"serotype, antibiotic resistance",Immunologic,NA,NA,,NA,Animal,Bird,Charadriiformes,Laridae,Larus,,Larus spp.,Gull (genus),free,Salmonella brandenberg,Salmonella enterica subsp. enterica serovar Brandenburg,Salmonella enterica (non-typhoid),feces (from 160 positive samples),yes,no,,,3,1242,,,,NA,,NA,,,,,,,,NA,NA,NA,NA,NA,NA,NA,NA,Low,1
Fenlon et al.,1981,Fenlon et al. 1981,? yes journal is no longer published,review,"UK, Scotland, Aberdeen, Sewage outfall",no,Europe,"serotype, antibiotic resistance",Immunologic,NA,NA,,NA,Animal,Bird,Charadriiformes,Laridae,Larus,,Larus spp.,Gull (genus),free,Salmonella bredeney,Salmonella enterica subsp. enterica serovar Bredeney,Salmonella enterica (non-typhoid),feces (from 160 positive samples),yes,no,,,2,1242,,,,NA,,NA,,,,,,,,NA,NA,NA,NA,NA,NA,NA,NA,Low,1
Fenlon et al.,1981,Fenlon et al. 1981,? yes journal is no longer published,review,"UK, Scotland, Aberdeen, Sewage outfall",no,Europe,"serotype, antibiotic resistance",Immunologic,NA,NA,,NA,Animal,Bird,Charadriiformes,Laridae,Larus,,Larus spp.,Gull (genus),free,Salmonella chester,Salmonella enterica subsp. enterica serovar Chester,Salmonella enterica (non-typhoid),feces (from 160 positive samples),yes,no,,,2,1242,,,,NA,,NA,,,,,,,,NA,NA,NA,NA,NA,NA,NA,NA,Low,1
Fenlon et al.,1981,Fenlon et al. 1981,? yes journal is no longer published,review,"UK, Scotland, Aberdeen, Sewage outfall",no,Europe,"serotype, antibiotic resistance",Immunologic,NA,NA,,NA,Animal,Bird,Charadriiformes,Laridae,Larus,,Larus spp.,Gull (genus),free,Salmonella cubana,Salmonella enterica subsp. enterica serovar Cubana,Salmonella enterica (non-typhoid),feces (from 160 positive samples),yes,no,,,2,1242,,,,NA,,NA,,,,,,,,NA,NA,NA,NA,NA,NA,NA,NA,Low,1
Fenlon et al.,1981,Fenlon et al. 1981,? yes journal is no longer published,review,"UK, Scotland, Aberdeen, Sewage outfall",no,Europe,"serotype, antibiotic resistance",Immunologic,NA,NA,,NA,Animal,Bird,Charadriiformes,Laridae,Larus,,Larus spp.,Gull (genus),free,Salmonella derby,Salmonella enterica subsp. enterica serovar Derby,Salmonella enterica (non-typhoid),feces (from 160 positive samples),yes,no,,,6,1242,,,,NA,,NA,,,,,,,,NA,NA,NA,NA,NA,NA,NA,NA,Low,1
Fenlon et al.,1981,Fenlon et al. 1981,? yes journal is no longer published,review,"UK, Scotland, Aberdeen, Sewage outfall",no,Europe,"serotype, antibiotic resistance",Immunologic,NA,NA,,NA,Animal,Bird,Charadriiformes,Laridae,Larus,,Larus spp.,Gull (genus),free,Salmonella give,Salmonella enterica subsp. enterica serovar Give,Salmonella enterica (non-typhoid),feces (from 160 positive samples),yes,no,,,2,1242,,,,NA,,NA,,,,,,,,NA,NA,NA,NA,NA,NA,NA,NA,Low,1
Fenlon et al.,1981,Fenlon et al. 1981,? yes journal is no longer published,review,"UK, Scotland, Aberdeen, Sewage outfall",no,Europe,"serotype, antibiotic resistance",Immunologic,NA,NA,,NA,Animal,Bird,Charadriiformes,Laridae,Larus,,Larus spp.,Gull (genus),free,Salmonella goldcoast,Salmonella enterica subsp. enterica serovar Goldcoast   ,Salmonella enterica (non-typhoid),feces (from 160 positive samples),yes,no,,,1,1242,,,,NA,,NA,,,,,,,,NA,NA,NA,NA,NA,NA,NA,NA,Low,1
Fenlon et al.,1981,Fenlon et al. 1981,? yes journal is no longer published,review,"UK, Scotland, Aberdeen, Sewage outfall",no,Europe,"serotype, antibiotic resistance",Immunologic,NA,NA,,NA,Animal,Bird,Charadriiformes,Laridae,Larus,,Larus spp.,Gull (genus),free,Salmonella grampian,Salmonella enterica subsp. enterica serovar Grampian,Salmonella enterica (non-typhoid),feces (from 160 positive samples),yes,no,,,3,1242,,,,NA,,NA,,,,,,,,NA,NA,NA,NA,NA,NA,NA,NA,Low,1
Fenlon et al.,1981,Fenlon et al. 1981,? yes journal is no longer published,review,"UK, Scotland, Aberdeen, Sewage outfall",no,Europe,"serotype, antibiotic resistance",Immunologic,NA,NA,,NA,Animal,Bird,Charadriiformes,Laridae,Larus,,Larus spp.,Gull (genus),free,Salmonella hadar,Salmonella enterica subsp. enterica serovar Hadar,Salmonella enterica (non-typhoid),feces (from 160 positive samples),yes,no,,,10,1242,,,,NA,,NA,,,,,,,,NA,NA,NA,NA,NA,NA,NA,NA,Low,1
Fenlon et al.,1981,Fenlon et al. 1981,? yes journal is no longer published,review,"UK, Scotland, Aberdeen, Sewage outfall",no,Europe,"serotype, antibiotic resistance",Immunologic,NA,NA,,NA,Animal,Bird,Charadriiformes,Laridae,Larus,,Larus spp.,Gull (genus),free,Salmonella heidelberg,Salmonella enterica subsp. enterica serovar Heidelberg,Salmonella enterica (non-typhoid),feces (from 160 positive samples),yes,no,,,4,1242,,,,NA,,NA,,,,,,,,NA,NA,NA,NA,NA,NA,NA,NA,Low,1
Fenlon et al.,1981,Fenlon et al. 1981,? yes journal is no longer published,review,"UK, Scotland, Aberdeen, Sewage outfall",no,Europe,"serotype, antibiotic resistance",Immunologic,NA,NA,,NA,Animal,Bird,Charadriiformes,Laridae,Larus,,Larus spp.,Gull (genus),free,Salmonella infantis,Salmonella enterica subsp. enterica serovar Infantis,Salmonella enterica (non-typhoid),feces (from 160 positive samples),yes,no,,,10,1242,,,,NA,,NA,,,,,,,,NA,NA,NA,NA,NA,NA,NA,NA,Low,1
Fenlon et al.,1981,Fenlon et al. 1981,? yes journal is no longer published,review,"UK, Scotland, Aberdeen, Sewage outfall",no,Europe,"serotype, antibiotic resistance",Immunologic,NA,NA,,NA,Animal,Bird,Charadriiformes,Laridae,Larus,,Larus spp.,Gull (genus),free,Salmonella kedougou,Salmonella enterica subsp. enterica serovar Kedougou,Salmonella enterica (non-typhoid),feces (from 160 positive samples),yes,no,,,1,1242,,,,NA,,NA,,,,,,,,NA,NA,NA,NA,NA,NA,NA,NA,Low,1
Fenlon et al.,1981,Fenlon et al. 1981,? yes journal is no longer published,review,"UK, Scotland, Aberdeen, Sewage outfall",no,Europe,"serotype, antibiotic resistance",Immunologic,NA,NA,,NA,Animal,Bird,Charadriiformes,Laridae,Larus,,Larus spp.,Gull (genus),free,Salmonella lille,Salmonella enterica subsp. enterica serovar Lille   ,Salmonella enterica (non-typhoid),feces (from 160 positive samples),yes,no,,,1,1242,,,,NA,,NA,,,,,,,,NA,NA,NA,NA,NA,NA,NA,NA,Low,1
Fenlon et al.,1981,Fenlon et al. 1981,? yes journal is no longer published,review,"UK, Scotland, Aberdeen, Sewage outfall",no,Europe,"serotype, antibiotic resistance",Immunologic,NA,NA,,NA,Animal,Bird,Charadriiformes,Laridae,Larus,,Larus spp.,Gull (genus),free,Salmonella london,Salmonella enterica subsp. enterica serovar London   ,Salmonella enterica (non-typhoid),feces (from 160 positive samples),yes,no,,,1,1242,,,,NA,,NA,,,,,,,,NA,NA,NA,NA,NA,NA,NA,NA,Low,1
Fenlon et al.,1981,Fenlon et al. 1981,? yes journal is no longer published,review,"UK, Scotland, Aberdeen, Sewage outfall",no,Europe,"serotype, antibiotic resistance",Immunologic,NA,NA,,NA,Animal,Bird,Charadriiformes,Laridae,Larus,,Larus spp.,Gull (genus),free,Salmonella muenchen,Salmonella enterica subsp. enterica serovar Muenchen,Salmonella enterica (non-typhoid),feces (from 160 positive samples),yes,no,,,10,1242,,,,NA,,NA,,,,,,,,NA,NA,NA,NA,NA,NA,NA,NA,Low,1
Fenlon et al.,1981,Fenlon et al. 1981,? yes journal is no longer published,review,"UK, Scotland, Aberdeen, Sewage outfall",no,Europe,"serotype, antibiotic resistance",Immunologic,NA,NA,,NA,Animal,Bird,Charadriiformes,Laridae,Larus,,Larus spp.,Gull (genus),free,Salmonella panama,Salmonella enterica subsp. enterica serovar Panama,Salmonella enterica (non-typhoid),feces (from 160 positive samples),yes,no,,,20,1242,,,,NA,,NA,,,,,,,,NA,NA,NA,NA,NA,NA,NA,NA,Low,1
Fenlon et al.,1981,Fenlon et al. 1981,? yes journal is no longer published,review,"UK, Scotland, Aberdeen, Sewage outfall",no,Europe,"serotype, antibiotic resistance",Immunologic,NA,NA,,NA,Animal,Bird,Charadriiformes,Laridae,Larus,,Larus spp.,Gull (genus),free,Salmonella saintpaul,Salmonella enterica subsp. enterica serovar Saintpaul,Salmonella enterica (non-typhoid),feces (from 160 positive samples),yes,no,,,9,1242,,,,NA,,NA,,,,,,,,NA,NA,NA,NA,NA,NA,NA,NA,Low,1
Fenlon et al.,1981,Fenlon et al. 1981,? yes journal is no longer published,review,"UK, Scotland, Aberdeen, Sewage outfall",no,Europe,"serotype, antibiotic resistance",Immunologic,NA,NA,,NA,Animal,Bird,Charadriiformes,Laridae,Larus,,Larus spp.,Gull (genus),free,Salmonella san diego,Salmonella enterica subsp. enterica serovar Sandiego,Salmonella enterica (non-typhoid),feces (from 160 positive samples),yes,no,,,4,1242,,,,NA,,NA,,,,,,,,NA,NA,NA,NA,NA,NA,NA,NA,Low,1
Fenlon et al.,1981,Fenlon et al. 1981,? yes journal is no longer published,review,"UK, Scotland, Aberdeen, Sewage outfall",no,Europe,"serotype, antibiotic resistance",Immunologic,NA,NA,,NA,Animal,Bird,Charadriiformes,Laridae,Larus,,Larus spp.,Gull (genus),free,Salmonella tennessee,Salmonella enterica subsp. enterica serovar Tennessee   ,Salmonella enterica (non-typhoid),feces (from 160 positive samples),yes,no,,,2,1242,,,,NA,,NA,,,,,,,,NA,NA,NA,NA,NA,NA,NA,NA,Low,1
Fenlon et al.,1981,Fenlon et al. 1981,? yes journal is no longer published,review,"UK, Scotland, Aberdeen, Sewage outfall",no,Europe,"serotype, antibiotic resistance",Immunologic,NA,NA,,NA,Animal,Bird,Charadriiformes,Laridae,Larus,,Larus spp.,Gull (genus),free,Salmonella thompson,Salmonella enterica subsp. enterica serovar Thompson,Salmonella enterica (non-typhoid),feces (from 160 positive samples),yes,no,,,8,1242,,,,NA,,NA,,,,,,,,NA,NA,NA,NA,NA,NA,NA,NA,Low,1
Fenlon et al.,1981,Fenlon et al. 1981,? yes journal is no longer published,review,"UK, Scotland, Aberdeen, Sewage outfall",no,Europe,"serotype, antibiotic resistance",Immunologic,NA,NA,,NA,Animal,Bird,Charadriiformes,Laridae,Larus,,Larus spp.,Gull (genus),free,Salmonella virchow,Salmonella enterica subsp. enterica serovar Virchow   ,Salmonella enterica (non-typhoid),feces (from 160 positive samples),yes,no,,,10,1242,,,,NA,,NA,,,,,,,,NA,NA,NA,NA,NA,NA,NA,NA,Low,1
Fenlon et al.,1981,Fenlon et al. 1981,? yes journal is no longer published,review,"UK, Scotland, Aberdeen, Sewage outfall",no,Europe,"serotype, antibiotic resistance",Immunologic,NA,NA,,NA,Animal,Bird,Charadriiformes,Laridae,Larus,,Larus spp.,Gull (genus),free,Salmonella worthington,Salmonella enterica subsp. enterica serovar Worthington   ,Salmonella enterica (non-typhoid),feces (from 160 positive samples),yes,no,,,3,1242,,,,NA,,NA,,,,,,,,NA,NA,NA,NA,NA,NA,NA,NA,Low,1
Fenlon et al.,1983,Fenlon et al. 1983,? yes journal is no longer published,review,"UK, Scotland, Aberdeen, sewage treatment plant.",no,Europe,serotyped by Scottish Salmonella Reference Laboratory,Immunologic,NA,NA,,NA,Animal,Bird,Charadriiformes,Laridae,Larus,,Larus spp.,Gull (genus),free,Salmonella binza,Salmonella enterica subsp. enterica serovar Berta,Salmonella enterica (non-typhoid),feces,yes,no,,,1,20,,,,NA,,NA,,,,,,,,NA,NA,NA,NA,NA,NA,NA,NA,Very Low,0
Fenlon et al.,1983,Fenlon et al. 1983,? yes journal is no longer published,review,"UK, Scotland, Aberdeen, sewage treatment plant.",no,Europe,serotyped by Scottish Salmonella Reference Laboratory,Immunologic,NA,NA,,NA,Animal,Bird,Charadriiformes,Laridae,Larus,,Larus spp.,Gull (genus),free,Salmonella newport,Salmonella enterica subsp. enterica serovar Newport,Salmonella enterica (non-typhoid),feces,yes,no,,,1,20,,,,NA,,NA,,,,,,,,NA,NA,NA,NA,NA,NA,NA,NA,Very Low,0
Fenlon et al.,1983,Fenlon et al. 1983,? yes journal is no longer published,review,"UK, Scotland, Aberdeen, sewage treatment plant.",no,Europe,serotyped by Scottish Salmonella Reference Laboratory,Immunologic,NA,NA,,NA,Animal,Bird,Charadriiformes,Laridae,Larus,,Larus spp.,Gull (genus),free,Salmonella ohio,Salmonella enterica subsp. enterica serovar Ohio   ,Salmonella enterica (non-typhoid),feces,yes,no,,,1,20,,,,NA,,NA,,,,,,,,NA,NA,NA,NA,NA,NA,NA,NA,Very Low,0
Fenlon et al.,1983,Fenlon et al. 1983,? yes journal is no longer published,review,"UK, Scotland, Aberdeen, sewage treatment plant.",no,Europe,serotyped by Scottish Salmonella Reference Laboratory,Immunologic,NA,NA,,NA,Animal,Bird,Charadriiformes,Laridae,Larus,,Larus spp.,Gull (genus),free,Salmonella schwarzengrund,Salmonella enterica subsp. enterica serovar Schwarzengrund   ,Salmonella enterica (non-typhoid),feces,yes,no,,,1,20,,,,NA,,NA,,,,,,,,NA,NA,NA,NA,NA,NA,NA,NA,Very Low,0
Fenlon et al.,1983,Fenlon et al. 1983,? yes journal is no longer published,review,"UK, Scotland, Aberdeen, sewage treatment plant.",no,Europe,serotyped by Scottish Salmonella Reference Laboratory,Immunologic,NA,NA,,NA,Animal,Bird,Charadriiformes,Laridae,Larus,,Larus spp.,Gull (genus),free,Salmonella stanley,Salmonella enterica subsp. enterica serovar Stanley,Salmonella enterica (non-typhoid),feces,yes,no,,,3,20,,,,NA,,NA,,,,,,,,NA,NA,NA,NA,NA,NA,NA,NA,Very Low,0
Fenlon et al.,1983,Fenlon et al. 1983,? yes journal is no longer published,review,"UK, Scotland, Aberdeen, sewage treatment plant.",no,Europe,serotyped by Scottish Salmonella Reference Laboratory,Immunologic,NA,NA,,NA,Animal,Bird,Charadriiformes,Laridae,Larus,,Larus spp.,Gull (genus),free,Salmonella virchow,Salmonella enterica subsp. enterica serovar Virchow   ,Salmonella enterica (non-typhoid),feces,yes,no,,,1,20,,,,NA,,NA,,,,,,,,NA,NA,NA,NA,NA,NA,NA,NA,Very Low,0
Ferns et al. ,2000,Ferns et al.  2000,yes,review,"England, South England, South Wales, near sewer outfalls",no,Europe,"Sent to Lab Veterinary Investigation Centres, Bird counts",Immunologic,NA,NA,,NA,Animal,Bird,Charadriiformes,Laridae,Chroicocephalus,Black-headed gull,Larus ribibundus,,free,Salmonella bredeney,Salmonella enterica subsp. enterica serovar Bredeney,Salmonella enterica (non-typhoid),feces,yes,no,,,19,780,,,,NA,,NA,,,,,,Salmonella occurred more often during the breeding season than the winter.,Other gull types were counted but not sampled,NA,NA,NA,NA,NA,NA,NA,NA,High,3
Ferns et al. ,2000,Ferns et al.  2000,yes,review,"England, South England, South Wales, near sewer outfalls",no,Europe,"Sent to Lab Veterinary Investigation Centres, Bird counts",Immunologic,NA,NA,,NA,Animal,Bird,Charadriiformes,Laridae,Chroicocephalus,Black-headed gull,Larus ribibundus,,free,Salmonella derby,Salmonella enterica subsp. enterica serovar Derby,Salmonella enterica (non-typhoid),feces,yes,no,,,1,780,,,,NA,,NA,,,,,,Salmonella occurred more often during the breeding season than the winter.,Other gull types were counted but not sampled,NA,NA,NA,NA,NA,NA,NA,NA,High,3
Ferns et al. ,2000,Ferns et al.  2000,yes,review,"England, South England, South Wales, near sewer outfalls",no,Europe,"Sent to Lab Veterinary Investigation Centres, Bird counts",Immunologic,NA,NA,,NA,Animal,Bird,Charadriiformes,Laridae,Chroicocephalus,Black-headed gull,Larus ribibundus,,free,Salmonella hadar ,Salmonella enterica subsp. enterica serovar Hadar,Salmonella enterica (non-typhoid),feces,yes,no,,,2,780,,,,NA,,NA,,,,,,Salmonella occurred more often during the breeding season than the winter.,Other gull types were counted but not sampled,NA,NA,NA,NA,NA,NA,NA,NA,High,3
Ferns et al. ,2000,Ferns et al.  2000,yes,review,"England, South England, South Wales, near sewer outfalls",no,Europe,"Sent to Lab Veterinary Investigation Centres, Bird counts",Immunologic,NA,NA,,NA,Animal,Bird,Charadriiformes,Laridae,Chroicocephalus,Black-headed gull,Larus ribibundus,,free,Salmonella heidelberg,Salmonella enterica subsp. enterica serovar Heidelberg,Salmonella enterica (non-typhoid),feces,yes,no,,,13,780,,,,NA,,NA,,,,,,Salmonella occurred more often during the breeding season than the winter.,Other gull types were counted but not sampled,NA,NA,NA,NA,NA,NA,NA,NA,High,3
Ferns et al. ,2000,Ferns et al.  2000,yes,review,"England, South England, South Wales, near sewer outfalls",no,Europe,"Sent to Lab Veterinary Investigation Centres, Bird counts",Immunologic,NA,NA,,NA,Animal,Bird,Charadriiformes,Laridae,Chroicocephalus,Black-headed gull,Larus ribibundus,,free,Salmonella virchow,Salmonella enterica subsp. enterica serovar Virchow   ,Salmonella enterica (non-typhoid),feces,yes,no,,,8,780,,,,NA,,NA,,,,,,Salmonella occurred more often during the breeding season than the winter.,Other gull types were counted but not sampled,NA,NA,NA,NA,NA,NA,NA,NA,High,3
Fricker,1984,Fricker 1984,yes,review,"UK, Scotland, Glasglow, sewage treatment plant",no,Europe,"serology, Biochemical, enrich centrifuge, culture tube/plate",Immunologic,NA,NA,,NA,Animal,Bird,Charadriiformes,Laridae,Chroicocephalus,Black-headed gull,Larus ribibundus,,free,Salmonella agona,Salmonella enterica subsp. enterica serovar Agona,Salmonella enterica (non-typhoid),feces,yes,no,,,11,1080,,,,NA,,NA,,,,,,,,NA,NA,NA,NA,NA,NA,NA,NA,Low,1
Fricker,1984,Fricker 1984,yes,review,"UK, Scotland, Glasglow, sewage treatment plant",no,Europe,"serology, Biochemical, enrich centrifuge, culture tube/plate",Immunologic,NA,NA,,NA,Animal,Bird,Charadriiformes,Laridae,Chroicocephalus,Black-headed gull,Larus ribibundus,,free,Salmonella anatum,Salmonella enterica subsp. enterica serovar Anatum,Salmonella enterica (non-typhoid),feces,yes,no,,,16,1080,,,,NA,,NA,,,,,,,,NA,NA,NA,NA,NA,NA,NA,NA,Low,1
Fricker,1984,Fricker 1984,yes,review,"UK, Scotland, Glasglow, sewage treatment plant",no,Europe,"serology, Biochemical, enrich centrifuge, culture tube/plate",Immunologic,NA,NA,,NA,Animal,Bird,Charadriiformes,Laridae,Chroicocephalus,Black-headed gull,Larus ribibundus,,free,Salmonella bredeney,Salmonella enterica subsp. enterica serovar Bredeney   ,Salmonella enterica (non-typhoid),feces,yes,no,,,14,1080,,,,NA,,NA,,,,,,,,NA,NA,NA,NA,NA,NA,NA,NA,Low,1
Fricker,1984,Fricker 1984,yes,review,"UK, Scotland, Glasglow, sewage treatment plant",no,Europe,"serology, Biochemical, enrich centrifuge, culture tube/plate",Immunologic,NA,NA,,NA,Animal,Bird,Charadriiformes,Laridae,Chroicocephalus,Black-headed gull,Larus ribibundus,,free,Salmonella derby,Salmonella enterica subsp. enterica serovar Derby,Salmonella enterica (non-typhoid),feces,yes,no,,,1,1080,,,,NA,,NA,,,,,,,,NA,NA,NA,NA,NA,NA,NA,NA,Low,1
Fricker,1984,Fricker 1984,yes,review,"UK, Scotland, Glasglow, sewage treatment plant",no,Europe,"serology, Biochemical, enrich centrifuge, culture tube/plate",Immunologic,NA,NA,,NA,Animal,Bird,Charadriiformes,Laridae,Chroicocephalus,Black-headed gull,Larus ribibundus,,free,Salmonella Infantis,Salmonella enterica subsp. enterica serovar Infantis,Salmonella enterica (non-typhoid),feces,yes,no,,,2,1080,,,,NA,,NA,,,,,,,,NA,NA,NA,NA,NA,NA,NA,NA,Low,1
Fricker,1984,Fricker 1984,yes,review,"UK, Scotland, Glasglow, sewage treatment plant",no,Europe,"serology, Biochemical, enrich centrifuge, culture tube/plate",Immunologic,NA,NA,,NA,Animal,Bird,Charadriiformes,Laridae,Chroicocephalus,Black-headed gull,Larus ribibundus,,free,Salmonella panama,Salmonella enterica subsp. enterica serovar Panama,Salmonella enterica (non-typhoid),feces,yes,no,,,19,1080,,,,NA,,NA,,,,,,,,NA,NA,NA,NA,NA,NA,NA,NA,Low,1
Fricker,1984,Fricker 1984,yes,review,"UK, Scotland, Glasglow, sewage treatment plant",no,Europe,"serology, Biochemical, enrich centrifuge, culture tube/plate",Immunologic,NA,NA,,NA,Animal,Bird,Charadriiformes,Laridae,Chroicocephalus,Black-headed gull,Larus ribibundus,,free,Salmonella saintpaul,Salmonella enterica subsp. enterica serovar Saintpaul,Salmonella enterica (non-typhoid),feces,yes,no,,,15,1080,,,,NA,,NA,,,,,,,,NA,NA,NA,NA,NA,NA,NA,NA,Low,1
Fricker,1984,Fricker 1984,yes,review,"UK, Scotland, Glasglow, sewage treatment plant",no,Europe,"serology, Biochemical, enrich centrifuge, culture tube/plate",Immunologic,NA,NA,,NA,Animal,Bird,Charadriiformes,Laridae,Chroicocephalus,Black-headed gull,Larus ribibundus,,free,Salmonella stanley,Salmonella enterica subsp. enterica serovar Stanley,Salmonella enterica (non-typhoid),feces,yes,no,,,0,1080,,,,NA,,NA,,,,,,,,NA,NA,NA,NA,NA,NA,NA,NA,Low,1
Fricker,1984,Fricker 1984,yes,review,"UK, Scotland, Glasglow, sewage treatment plant",no,Europe,"serology, Biochemical, enrich centrifuge, culture tube/plate",Immunologic,NA,NA,,NA,Animal,Bird,Charadriiformes,Laridae,Chroicocephalus,Black-headed gull,Larus ribibundus,,free,Salmonella takoradi,Salmonella enterica subsp. enterica serovar Takoradi   ,Salmonella enterica (non-typhoid),feces,yes,no,,,31,1080,,,,NA,,NA,,,,,,,,NA,NA,NA,NA,NA,NA,NA,NA,Low,1
Fricker,1984,Fricker 1984,yes,review,"UK, Scotland, Glasglow, sewage treatment plant",no,Europe,"serology, Biochemical, enrich centrifuge, culture tube/plate",Immunologic,NA,NA,,NA,Animal,Bird,Charadriiformes,Laridae,Chroicocephalus,Black-headed gull,Larus ribibundus,,free,Salmonella virchow,Salmonella enterica subsp. enterica serovar Virchow   ,Salmonella enterica (non-typhoid),feces,yes,no,,,66,1080,,,,NA,,NA,,,,,,,,NA,NA,NA,NA,NA,NA,NA,NA,Low,1
Georgiades and Iordanidis,2002,Georgiades and Iordanidis 2002,yes,review,"Greece, Thessalonica",no,Europe,"agglutination test, biochemical, plate culture",Immunologic,NA,NA,,NA,Animal,Bird,Passeriformes,Fringillidae,,,,Canary (family),?,Salmonella albany,Salmonella enterica subsp. enterica serovar Albany,Salmonella enterica (non-typhoid),"tissue (liver, spleen)",yes,no,,,ND,182,,,,NA,,NA,,,,,,,,NA,NA,NA,NA,NA,NA,NA,NA,Moderate,2
Georgiades and Iordanidis,2002,Georgiades and Iordanidis 2002,yes,review,"Greece, Thessalonica",no,Europe,"agglutination test, biochemical, plate culture",Immunologic,NA,NA,,NA,Animal,Bird,Psittaciformes,,,,,Pisittacines,?,Salmonella albany,Salmonella enterica subsp. enterica serovar Albany,Salmonella enterica (non-typhoid),"tissue (liver, spleen)",yes,no,,,ND,71,,,,NA,,NA,,,,,,,,NA,NA,NA,NA,NA,NA,NA,NA,Moderate,2
Georgiades and Iordanidis,2002,Georgiades and Iordanidis 2002,yes,review,"Greece, Thessalonica",no,Europe,"agglutination test, biochemical, plate culture",Immunologic,NA,NA,,NA,Animal,Bird,Columbiformes,Columbidae,Columba,Pigeon,,,?,Salmonella albany,Salmonella enterica subsp. enterica serovar Albany,Salmonella enterica (non-typhoid),"tissue (liver, spleen)",yes,no,,,1,618,,,,NA,,NA,,,,,,,,NA,NA,NA,NA,NA,NA,NA,NA,Moderate,2
Georgiades and Iordanidis,2002,Georgiades and Iordanidis 2002,yes,review,"Greece, Thessalonica",no,Europe,"agglutination test, biochemical, plate culture",Immunologic,NA,NA,,NA,Animal,Bird,Passeriformes,Fringillidae,,,,Canary (family),?,Salmonella gallinarum,Salmonella enterica subsp. enterica serovar Gallinarum,Salmonella enterica (non-typhoid),"tissue (liver, spleen)",yes,no,,,ND,182,,,,NA,,NA,,,,,,,,NA,NA,NA,NA,NA,NA,NA,NA,Moderate,2
Georgiades and Iordanidis,2002,Georgiades and Iordanidis 2002,yes,review,"Greece, Thessalonica",no,Europe,"agglutination test, biochemical, plate culture",Immunologic,NA,NA,,NA,Animal,Bird,Psittaciformes,,,,,Pisittacines,?,Salmonella gallinarum,Salmonella enterica subsp. enterica serovar Gallinarum,Salmonella enterica (non-typhoid),"tissue (liver, spleen)",yes,no,,,1,71,,,,NA,,NA,,,,,,,,NA,NA,NA,NA,NA,NA,NA,NA,Moderate,2
Georgiades and Iordanidis,2002,Georgiades and Iordanidis 2002,yes,review,"Greece, Thessalonica",no,Europe,"agglutination test, biochemical, plate culture",Immunologic,NA,NA,,NA,Animal,Bird,Columbiformes,Columbidae,Columba,Pigeon,,,?,Salmonella gallinarum,Salmonella enterica subsp. enterica serovar Gallinarum,Salmonella enterica (non-typhoid),"tissue (liver, spleen)",yes,no,,,2,618,,,,NA,,NA,,,,,,,,NA,NA,NA,NA,NA,NA,NA,NA,Moderate,2
Georgiades and Iordanidis,2002,Georgiades and Iordanidis 2002,yes,review,"Greece, Thessalonica",no,Europe,"agglutination test, biochemical, plate culture",Immunologic,NA,NA,,NA,Animal,Bird,Passeriformes,Fringillidae,,,,Canary (family),?,Salmonella hadar,Salmonella enterica subsp. enterica serovar Hadar,Salmonella enterica (non-typhoid),"tissue (liver, spleen)",yes,no,,,ND,182,,,,NA,,NA,,,,,,,,NA,NA,NA,NA,NA,NA,NA,NA,Moderate,2
Georgiades and Iordanidis,2002,Georgiades and Iordanidis 2002,yes,review,"Greece, Thessalonica",no,Europe,"agglutination test, biochemical, plate culture",Immunologic,NA,NA,,NA,Animal,Bird,Psittaciformes,,,,,Pisittacines,?,Salmonella hadar,Salmonella enterica subsp. enterica serovar Hadar,Salmonella enterica (non-typhoid),"tissue (liver, spleen)",yes,no,,,ND,71,,,,NA,,NA,,,,,,,,NA,NA,NA,NA,NA,NA,NA,NA,Moderate,2
Georgiades and Iordanidis,2002,Georgiades and Iordanidis 2002,yes,review,"Greece, Thessalonica",no,Europe,"agglutination test, biochemical, plate culture",Immunologic,NA,NA,,NA,Animal,Bird,Columbiformes,Columbidae,Columba,Pigeon,,,?,Salmonella hadar,Salmonella enterica subsp. enterica serovar Hadar,Salmonella enterica (non-typhoid),"tissue (liver, spleen)",yes,no,,,2,618,,,,NA,,NA,,,,,,,,NA,NA,NA,NA,NA,NA,NA,NA,Moderate,2
Georgiades and Iordanidis,2002,Georgiades and Iordanidis 2002,yes,review,"Greece, Thessalonica",no,Europe,"agglutination test, biochemical, plate culture",Immunologic,NA,NA,,NA,Animal,Bird,Passeriformes,Fringillidae,,,,Canary (family),?,Salmonella infantis,Salmonella enterica subsp. enterica serovar Infantis,Salmonella enterica (non-typhoid),"tissue (liver, spleen)",yes,no,,,ND,182,,,,NA,,NA,,,,,,,,NA,NA,NA,NA,NA,NA,NA,NA,Moderate,2
Georgiades and Iordanidis,2002,Georgiades and Iordanidis 2002,yes,review,"Greece, Thessalonica",no,Europe,"agglutination test, biochemical, plate culture",Immunologic,NA,NA,,NA,Animal,Bird,Psittaciformes,,,,,Pisittacines,?,Salmonella infantis,Salmonella enterica subsp. enterica serovar Infantis,Salmonella enterica (non-typhoid),"tissue (liver, spleen)",yes,no,,,1,71,,,,NA,,NA,,,,,,,,NA,NA,NA,NA,NA,NA,NA,NA,Moderate,2
Georgiades and Iordanidis,2002,Georgiades and Iordanidis 2002,yes,review,"Greece, Thessalonica",no,Europe,"agglutination test, biochemical, plate culture",Immunologic,NA,NA,,NA,Animal,Bird,Psittaciformes,,,,,Pisittacines,?,Salmonella infantis,Salmonella enterica subsp. enterica serovar Infantis,Salmonella enterica (non-typhoid),"tissue (liver, spleen)",yes,no,,,ND,71,,,,NA,,NA,,,,,,,,NA,NA,NA,NA,NA,NA,NA,NA,Moderate,2
Georgiades and Iordanidis,2002,Georgiades and Iordanidis 2002,yes,review,"Greece, Thessalonica",no,Europe,"agglutination test, biochemical, plate culture",Immunologic,NA,NA,,NA,Animal,Bird,Columbiformes,Columbidae,Columba,Pigeon,,,?,Salmonella infantis,Salmonella enterica subsp. enterica serovar Infantis,Salmonella enterica (non-typhoid),"tissue (liver, spleen)",yes,no,,,ND,618,,,,NA,,NA,,,,,,,,NA,NA,NA,NA,NA,NA,NA,NA,Moderate,2
Georgiades and Iordanidis,2002,Georgiades and Iordanidis 2002,yes,review,"Greece, Thessalonica",no,Europe,"agglutination test, biochemical, plate culture",Immunologic,NA,NA,,NA,Animal,Bird,Passeriformes,Fringillidae,,,,Canary (family),?,Salmonella enteritidis,Salmonella entericaÿsubsp.ÿentericaÿserovar Enteritidis,Salmonella enterica (non-typhoid),"tissue (liver, spleen)",yes,no,,,2,182,,,,NA,,NA,,,,,,,,NA,NA,NA,NA,NA,NA,NA,NA,Moderate,2
Georgiades and Iordanidis,2002,Georgiades and Iordanidis 2002,yes,review,"Greece, Thessalonica",no,Europe,"agglutination test, biochemical, plate culture",Immunologic,NA,NA,,NA,Animal,Bird,Psittaciformes,,,,,Pisittacines,?,Salmonella enteritidis,Salmonella entericaÿsubsp.ÿentericaÿserovar Enteritidis,Salmonella enterica (non-typhoid),"tissue (liver, spleen)",yes,no,,,ND,71,,,,NA,,NA,,,,,,,,NA,NA,NA,NA,NA,NA,NA,NA,Moderate,2
Georgiades and Iordanidis,2002,Georgiades and Iordanidis 2002,yes,review,"Greece, Thessalonica",no,Europe,"agglutination test, biochemical, plate culture",Immunologic,NA,NA,,NA,Animal,Bird,Columbiformes,Columbidae,Columba,Pigeon,,,?,Salmonella enteritidis,Salmonella entericaÿsubsp.ÿentericaÿserovar Enteritidis,Salmonella enterica (non-typhoid),"tissue (liver, spleen)",yes,no,,,6,618,,,,NA,,NA,,,,,,,,NA,NA,NA,NA,NA,NA,NA,NA,Moderate,2
Girdwood et al.,1985,Girdwood et al. 1985,?yes no longer in print,review,"UK, Scotland",no,Europe,"serology, biochemical,enrich centrifuge, culture plate",Immunologic,NA,NA,,swab variable,Animal,Bird,Charadriiformes,Laridae,Chroicocephalus,Black-headed gull,Larus ridibundus,,free,"Salmonella 4, 12:d","Salmonella enterica subsp. enterica serovar 4,12;d;-   ",Salmonella enterica (non-typhoid),"feces, cloacal swab, intestines",yes,no,,,0,204,,,,NA,,NA,,,,,,"Difficult to tell but datay may be duplicate from (Monaghan et al. 1985, Fricker, Girdwood & Munro, 1983, Fricker & Girdwood, 1984, Fricker,
1983).",,NA,NA,NA,NA,NA,NA,NA,NA,High,3
Girdwood et al.,1985,Girdwood et al. 1985,?yes no longer in print,review,"UK, Scotland",no,Europe,"serology, biochemical,enrich centrifuge, culture plate",Immunologic,NA,NA,,swab variable,Animal,Bird,Charadriiformes,Laridae,Larus,Herring gull,Larus argentatus,,free,"Salmonella 4, 12:d","Salmonella enterica subsp. enterica serovar 4,12;d;-   ",Salmonella enterica (non-typhoid),"feces, cloacal swab, intestines",yes,no,,,1,5324,,,,NA,,NA,,,,,,"Difficult to tell but datay may be duplicate from (Monaghan et al. 1985, Fricker, Girdwood & Munro, 1983, Fricker & Girdwood, 1984, Fricker,
1983).",,NA,NA,NA,NA,NA,NA,NA,NA,High,3
Girdwood et al.,1985,Girdwood et al. 1985,?yes no longer in print,review,"UK, Scotland",no,Europe,"serology, biochemical,enrich centrifuge, culture plate",Immunologic,NA,NA,,swab variable,Animal,Bird,Charadriiformes,Laridae,Larus,Lesser black-backed gull,Larus fuscus,,free,"Salmonella 4, 12:d","Salmonella enterica subsp. enterica serovar 4,12;d;-   ",Salmonella enterica (non-typhoid),"feces, cloacal swab, intestines",yes,no,,,0,360,,,,NA,,NA,,,,,,"Difficult to tell but datay may be duplicate from (Monaghan et al. 1985, Fricker, Girdwood & Munro, 1983, Fricker & Girdwood, 1984, Fricker,
1983).",,NA,NA,NA,NA,NA,NA,NA,NA,High,3
Girdwood et al.,1985,Girdwood et al. 1985,?yes no longer in print,review,"UK, Scotland",no,Europe,"serology, biochemical,enrich centrifuge, culture plate",Immunologic,NA,NA,,swab variable,Animal,Bird,Charadriiformes,Laridae,Chroicocephalus,Black-headed gull,Larus ridibundus,,free,"Salmonella 6, 7: r","Salmonella enterica subsp. enterica serovar 6, 7; r",Salmonella enterica (non-typhoid),"feces, cloacal swab, intestines",yes,no,,,0,204,,,,NA,,NA,,,,,,"Difficult to tell but datay may be duplicate from (Monaghan et al. 1985, Fricker, Girdwood & Munro, 1983, Fricker & Girdwood, 1984, Fricker,
1983).",,NA,NA,NA,NA,NA,NA,NA,NA,High,3
Girdwood et al.,1985,Girdwood et al. 1985,?yes no longer in print,review,"UK, Scotland",no,Europe,"serology, biochemical,enrich centrifuge, culture plate",Immunologic,NA,NA,,swab variable,Animal,Bird,Charadriiformes,Laridae,Larus,Herring gull,Larus argentatus,,free,"Salmonella 6, 7: r","Salmonella enterica subsp. enterica serovar 6, 7; r",Salmonella enterica (non-typhoid),"feces, cloacal swab, intestines",yes,no,,,1,5324,,,,NA,,NA,,,,,,"Difficult to tell but datay may be duplicate from (Monaghan et al. 1985, Fricker, Girdwood & Munro, 1983, Fricker & Girdwood, 1984, Fricker,
1983).",,NA,NA,NA,NA,NA,NA,NA,NA,High,3
Girdwood et al.,1985,Girdwood et al. 1985,?yes no longer in print,review,"UK, Scotland",no,Europe,"serology, biochemical,enrich centrifuge, culture plate",Immunologic,NA,NA,,swab variable,Animal,Bird,Charadriiformes,Laridae,Larus,Lesser black-backed gull,Larus fuscus,,free,"Salmonella 6, 7: r","Salmonella enterica subsp. enterica serovar 6, 7; r",Salmonella enterica (non-typhoid),"feces, cloacal swab, intestines",yes,no,,,0,360,,,,NA,,NA,,,,,,"Difficult to tell but datay may be duplicate from (Monaghan et al. 1985, Fricker, Girdwood & Munro, 1983, Fricker & Girdwood, 1984, Fricker,
1983).",,NA,NA,NA,NA,NA,NA,NA,NA,High,3
Girdwood et al.,1985,Girdwood et al. 1985,?yes no longer in print,review,"UK, Scotland",no,Europe,"serology, biochemical,enrich centrifuge, culture plate",Immunologic,NA,NA,,swab variable,Animal,Bird,Charadriiformes,Laridae,Chroicocephalus,Black-headed gull,Larus ridibundus,,free,Salmonella agona,Salmonella enterica subsp. enterica serovar Agona,Salmonella enterica (non-typhoid),"feces, cloacal swab, intestines",yes,no,,,0,204,,,,NA,,NA,,,,,,"Difficult to tell but datay may be duplicate from (Monaghan et al. 1985, Fricker, Girdwood & Munro, 1983, Fricker & Girdwood, 1984, Fricker,
1983).",,NA,NA,NA,NA,NA,NA,NA,NA,High,3
Girdwood et al.,1985,Girdwood et al. 1985,?yes no longer in print,review,"UK, Scotland",no,Europe,"serology, biochemical,enrich centrifuge, culture plate",Immunologic,NA,NA,,swab variable,Animal,Bird,Charadriiformes,Laridae,Larus,Herring gull,Larus argentatus,,free,Salmonella agona,Salmonella enterica subsp. enterica serovar Agona,Salmonella enterica (non-typhoid),"feces, cloacal swab, intestines",yes,no,,,6,5324,,,,NA,,NA,,,,,,"Difficult to tell but datay may be duplicate from (Monaghan et al. 1985, Fricker, Girdwood & Munro, 1983, Fricker & Girdwood, 1984, Fricker,
1983).",,NA,NA,NA,NA,NA,NA,NA,NA,High,3
Girdwood et al.,1985,Girdwood et al. 1985,?yes no longer in print,review,"UK, Scotland",no,Europe,"serology, biochemical,enrich centrifuge, culture plate",Immunologic,NA,NA,,swab variable,Animal,Bird,Charadriiformes,Laridae,Larus,Herring gull,Larus argentatus,,free,Salmonella agona,Salmonella enterica subsp. enterica serovar Agona,Salmonella enterica (non-typhoid),"feces, cloacal swab, intestines",yes,no,,,5,5324,,,,NA,,NA,,,,,,"Difficult to tell but datay may be duplicate from (Monaghan et al. 1985, Fricker, Girdwood & Munro, 1983, Fricker & Girdwood, 1984, Fricker,
1983).",,NA,NA,NA,NA,NA,NA,NA,NA,High,3
Girdwood et al.,1985,Girdwood et al. 1985,?yes no longer in print,review,"UK, Scotland",no,Europe,"serology, biochemical,enrich centrifuge, culture plate",Immunologic,NA,NA,,swab variable,Animal,Bird,Charadriiformes,Laridae,Chroicocephalus,Black-headed gull,Larus ridibundus,,free,Salmonella anatum,Salmonella enterica subsp. enterica serovar Anatum,Salmonella enterica (non-typhoid),"feces, cloacal swab, intestines",yes,no,,,0,204,,,,NA,,NA,,,,,,"Difficult to tell but datay may be duplicate from (Monaghan et al. 1985, Fricker, Girdwood & Munro, 1983, Fricker & Girdwood, 1984, Fricker,
1983).",,NA,NA,NA,NA,NA,NA,NA,NA,High,3
Girdwood et al.,1985,Girdwood et al. 1985,?yes no longer in print,review,"UK, Scotland",no,Europe,"serology, biochemical,enrich centrifuge, culture plate",Immunologic,NA,NA,,swab variable,Animal,Bird,Charadriiformes,Laridae,Larus,Herring gull,Larus argentatus,,free,Salmonella anatum,Salmonella enterica subsp. enterica serovar Anatum,Salmonella enterica (non-typhoid),"feces, cloacal swab, intestines",yes,no,,,5,5324,,,,NA,,NA,,,,,,"Difficult to tell but datay may be duplicate from (Monaghan et al. 1985, Fricker, Girdwood & Munro, 1983, Fricker & Girdwood, 1984, Fricker,
1983).",,NA,NA,NA,NA,NA,NA,NA,NA,High,3
Girdwood et al.,1985,Girdwood et al. 1985,?yes no longer in print,review,"UK, Scotland",no,Europe,"serology, biochemical,enrich centrifuge, culture plate",Immunologic,NA,NA,,swab variable,Animal,Bird,Charadriiformes,Laridae,Larus,Lesser black-backed gull,Larus fuscus,,free,Salmonella anatum,Salmonella enterica subsp. enterica serovar Anatum,Salmonella enterica (non-typhoid),"feces, cloacal swab, intestines",yes,no,,,1,360,,,,NA,,NA,,,,,,"Difficult to tell but datay may be duplicate from (Monaghan et al. 1985, Fricker, Girdwood & Munro, 1983, Fricker & Girdwood, 1984, Fricker,
1983).",,NA,NA,NA,NA,NA,NA,NA,NA,High,3
Girdwood et al.,1985,Girdwood et al. 1985,?yes no longer in print,review,"UK, Scotland",no,Europe,"serology, biochemical,enrich centrifuge, culture plate",Immunologic,NA,NA,,swab variable,Animal,Bird,Charadriiformes,Laridae,Chroicocephalus,Black-headed gull,Larus ridibundus,,free,Salmonella bareilly,Salmonella enterica subsp. enterica serovar Bareilly,Salmonella enterica (non-typhoid),"feces, cloacal swab, intestines",yes,no,,,0,204,,,,NA,,NA,,,,,,"Difficult to tell but datay may be duplicate from (Monaghan et al. 1985, Fricker, Girdwood & Munro, 1983, Fricker & Girdwood, 1984, Fricker,
1983).",,NA,NA,NA,NA,NA,NA,NA,NA,High,3
Girdwood et al.,1985,Girdwood et al. 1985,?yes no longer in print,review,"UK, Scotland",no,Europe,"serology, biochemical,enrich centrifuge, culture plate",Immunologic,NA,NA,,swab variable,Animal,Bird,Charadriiformes,Laridae,Larus,Herring gull,Larus argentatus,,free,Salmonella bareilly,Salmonella enterica subsp. enterica serovar Bareilly,Salmonella enterica (non-typhoid),"feces, cloacal swab, intestines",yes,no,,,1,5324,,,,NA,,NA,,,,,,"Difficult to tell but datay may be duplicate from (Monaghan et al. 1985, Fricker, Girdwood & Munro, 1983, Fricker & Girdwood, 1984, Fricker,
1983).",,NA,NA,NA,NA,NA,NA,NA,NA,High,3
Girdwood et al.,1985,Girdwood et al. 1985,?yes no longer in print,review,"UK, Scotland",no,Europe,"serology, biochemical,enrich centrifuge, culture plate",Immunologic,NA,NA,,swab variable,Animal,Bird,Charadriiformes,Laridae,Larus,Lesser black-backed gull,Larus fuscus,,free,Salmonella bareilly,Salmonella enterica subsp. enterica serovar Bareilly,Salmonella enterica (non-typhoid),"feces, cloacal swab, intestines",yes,no,,,1,360,,,,NA,,NA,,,,,,"Difficult to tell but datay may be duplicate from (Monaghan et al. 1985, Fricker, Girdwood & Munro, 1983, Fricker & Girdwood, 1984, Fricker,
1983).",,NA,NA,NA,NA,NA,NA,NA,NA,High,3
Girdwood et al.,1985,Girdwood et al. 1985,?yes no longer in print,review,"UK, Scotland",no,Europe,"serology, biochemical,enrich centrifuge, culture plate",Immunologic,NA,NA,,swab variable,Animal,Bird,Charadriiformes,Laridae,Chroicocephalus,Black-headed gull,Larus ridibundus,,free,Salmonella braenderup,Salmonella enterica subsp. enterica serovar Braenderup,Salmonella enterica (non-typhoid),"feces, cloacal swab, intestines",yes,no,,,0,204,,,,NA,,NA,,,,,,"Difficult to tell but datay may be duplicate from (Monaghan et al. 1985, Fricker, Girdwood & Munro, 1983, Fricker & Girdwood, 1984, Fricker,
1983).",,NA,NA,NA,NA,NA,NA,NA,NA,High,3
Girdwood et al.,1985,Girdwood et al. 1985,?yes no longer in print,review,"UK, Scotland",no,Europe,"serology, biochemical,enrich centrifuge, culture plate",Immunologic,NA,NA,,swab variable,Animal,Bird,Charadriiformes,Laridae,Larus,Herring gull,Larus argentatus,,free,Salmonella braenderup,Salmonella enterica subsp. enterica serovar Braenderup,Salmonella enterica (non-typhoid),"feces, cloacal swab, intestines",yes,no,,,0,5324,,,,NA,,NA,,,,,,"Difficult to tell but datay may be duplicate from (Monaghan et al. 1985, Fricker, Girdwood & Munro, 1983, Fricker & Girdwood, 1984, Fricker,
1983).",,NA,NA,NA,NA,NA,NA,NA,NA,High,3
Girdwood et al.,1985,Girdwood et al. 1985,?yes no longer in print,review,"UK, Scotland",no,Europe,"serology, biochemical,enrich centrifuge, culture plate",Immunologic,NA,NA,,swab variable,Animal,Bird,Charadriiformes,Laridae,Larus,Lesser black-backed gull,Larus fuscus,,free,Salmonella braenderup,Salmonella enterica subsp. enterica serovar Braenderup,Salmonella enterica (non-typhoid),"feces, cloacal swab, intestines",yes,no,,,1,360,,,,NA,,NA,,,,,,"Difficult to tell but datay may be duplicate from (Monaghan et al. 1985, Fricker, Girdwood & Munro, 1983, Fricker & Girdwood, 1984, Fricker,
1983).",,NA,NA,NA,NA,NA,NA,NA,NA,High,3
Girdwood et al.,1985,Girdwood et al. 1985,?yes no longer in print,review,"UK, Scotland",no,Europe,"serology, biochemical,enrich centrifuge, culture plate",Immunologic,NA,NA,,swab variable,Animal,Bird,Charadriiformes,Laridae,Chroicocephalus,Black-headed gull,Larus ridibundus,,free,Salmonella brandenburg,Salmonella enterica subsp. enterica serovar Brandenburg,Salmonella enterica (non-typhoid),"feces, cloacal swab, intestines",yes,no,,,0,204,,,,NA,,NA,,,,,,"Difficult to tell but datay may be duplicate from (Monaghan et al. 1985, Fricker, Girdwood & Munro, 1983, Fricker & Girdwood, 1984, Fricker,
1983).",,NA,NA,NA,NA,NA,NA,NA,NA,High,3
Girdwood et al.,1985,Girdwood et al. 1985,?yes no longer in print,review,"UK, Scotland",no,Europe,"serology, biochemical,enrich centrifuge, culture plate",Immunologic,NA,NA,,swab variable,Animal,Bird,Charadriiformes,Laridae,Larus,Herring gull,Larus argentatus,,free,Salmonella brandenburg,Salmonella enterica subsp. enterica serovar Brandenburg,Salmonella enterica (non-typhoid),"feces, cloacal swab, intestines",yes,no,,,1,5324,,,,NA,,NA,,,,,,"Difficult to tell but datay may be duplicate from (Monaghan et al. 1985, Fricker, Girdwood & Munro, 1983, Fricker & Girdwood, 1984, Fricker,
1983).",,NA,NA,NA,NA,NA,NA,NA,NA,High,3
Girdwood et al.,1985,Girdwood et al. 1985,?yes no longer in print,review,"UK, Scotland",no,Europe,"serology, biochemical,enrich centrifuge, culture plate",Immunologic,NA,NA,,swab variable,Animal,Bird,Charadriiformes,Laridae,Larus,Lesser black-backed gull,Larus fuscus,,free,Salmonella brandenburg,Salmonella enterica subsp. enterica serovar Brandenburg,Salmonella enterica (non-typhoid),"feces, cloacal swab, intestines",yes,no,,,0,360,,,,NA,,NA,,,,,,"Difficult to tell but datay may be duplicate from (Monaghan et al. 1985, Fricker, Girdwood & Munro, 1983, Fricker & Girdwood, 1984, Fricker,
1983).",,NA,NA,NA,NA,NA,NA,NA,NA,High,3
Girdwood et al.,1985,Girdwood et al. 1985,?yes no longer in print,review,"UK, Scotland",no,Europe,"serology, biochemical,enrich centrifuge, culture plate",Immunologic,NA,NA,,swab variable,Animal,Bird,Charadriiformes,Laridae,Chroicocephalus,Black-headed gull,Larus ridibundus,,free,Salmonella bredeney,Salmonella enterica subsp. enterica serovar Bredeney,Salmonella enterica (non-typhoid),"feces, cloacal swab, intestines",yes,no,,,0,204,,,,NA,,NA,,,,,,"Difficult to tell but datay may be duplicate from (Monaghan et al. 1985, Fricker, Girdwood & Munro, 1983, Fricker & Girdwood, 1984, Fricker,
1983).",,NA,NA,NA,NA,NA,NA,NA,NA,High,3
Girdwood et al.,1985,Girdwood et al. 1985,?yes no longer in print,review,"UK, Scotland",no,Europe,"serology, biochemical,enrich centrifuge, culture plate",Immunologic,NA,NA,,swab variable,Animal,Bird,Charadriiformes,Laridae,Larus,Herring gull,Larus argentatus,,free,Salmonella bredeney,Salmonella enterica subsp. enterica serovar Bredeney,Salmonella enterica (non-typhoid),"feces, cloacal swab, intestines",yes,no,,,29,5324,,,,NA,,NA,,,,,,"Difficult to tell but datay may be duplicate from (Monaghan et al. 1985, Fricker, Girdwood & Munro, 1983, Fricker & Girdwood, 1984, Fricker,
1983).",,NA,NA,NA,NA,NA,NA,NA,NA,High,3
Girdwood et al.,1985,Girdwood et al. 1985,?yes no longer in print,review,"UK, Scotland",no,Europe,"serology, biochemical,enrich centrifuge, culture plate",Immunologic,NA,NA,,swab variable,Animal,Bird,Charadriiformes,Laridae,Larus,Lesser black-backed gull,Larus fuscus,,free,Salmonella bredeney,Salmonella enterica subsp. enterica serovar Bredeney,Salmonella enterica (non-typhoid),"feces, cloacal swab, intestines",yes,no,,,20,360,,,,NA,,NA,,,,,,"Difficult to tell but datay may be duplicate from (Monaghan et al. 1985, Fricker, Girdwood & Munro, 1983, Fricker & Girdwood, 1984, Fricker,
1983).",,NA,NA,NA,NA,NA,NA,NA,NA,High,3
Girdwood et al.,1985,Girdwood et al. 1985,?yes no longer in print,review,"UK, Scotland",no,Europe,"serology, biochemical,enrich centrifuge, culture plate",Immunologic,NA,NA,,swab variable,Animal,Bird,Charadriiformes,Laridae,Chroicocephalus,Black-headed gull,Larus ridibundus,,free,Salmonella derby,Salmonella enterica subsp. enterica serovar Derby,Salmonella enterica (non-typhoid),"feces, cloacal swab, intestines",yes,no,,,0,204,,,,NA,,NA,,,,,,"Difficult to tell but datay may be duplicate from (Monaghan et al. 1985, Fricker, Girdwood & Munro, 1983, Fricker & Girdwood, 1984, Fricker,
1983).",,NA,NA,NA,NA,NA,NA,NA,NA,High,3
Girdwood et al.,1985,Girdwood et al. 1985,?yes no longer in print,review,"UK, Scotland",no,Europe,"serology, biochemical,enrich centrifuge, culture plate",Immunologic,NA,NA,,swab variable,Animal,Bird,Charadriiformes,Laridae,Larus,Herring gull,Larus argentatus,,free,Salmonella derby,Salmonella enterica subsp. enterica serovar Derby,Salmonella enterica (non-typhoid),"feces, cloacal swab, intestines",yes,no,,,1,5324,,,,NA,,NA,,,,,,"Difficult to tell but datay may be duplicate from (Monaghan et al. 1985, Fricker, Girdwood & Munro, 1983, Fricker & Girdwood, 1984, Fricker,
1983).",,NA,NA,NA,NA,NA,NA,NA,NA,High,3
Girdwood et al.,1985,Girdwood et al. 1985,?yes no longer in print,review,"UK, Scotland",no,Europe,"serology, biochemical,enrich centrifuge, culture plate",Immunologic,NA,NA,,swab variable,Animal,Bird,Charadriiformes,Laridae,Larus,Lesser black-backed gull,Larus fuscus,,free,Salmonella derby,Salmonella enterica subsp. enterica serovar Derby,Salmonella enterica (non-typhoid),"feces, cloacal swab, intestines",yes,no,,,0,360,,,,NA,,NA,,,,,,"Difficult to tell but datay may be duplicate from (Monaghan et al. 1985, Fricker, Girdwood & Munro, 1983, Fricker & Girdwood, 1984, Fricker,
1983).",,NA,NA,NA,NA,NA,NA,NA,NA,High,3
Girdwood et al.,1985,Girdwood et al. 1985,?yes no longer in print,review,"UK, Scotland",no,Europe,"serology, biochemical,enrich centrifuge, culture plate",Immunologic,NA,NA,,swab variable,Animal,Bird,Charadriiformes,Laridae,Chroicocephalus,Black-headed gull,Larus ridibundus,,free,Salmonella haardt,Salmonella enterica subsp. enterica serovar Haardt,Salmonella enterica (non-typhoid),"feces, cloacal swab, intestines",yes,no,,,0,204,,,,NA,,NA,,,,,,"Difficult to tell but datay may be duplicate from (Monaghan et al. 1985, Fricker, Girdwood & Munro, 1983, Fricker & Girdwood, 1984, Fricker,
1983).",,NA,NA,NA,NA,NA,NA,NA,NA,High,3
Girdwood et al.,1985,Girdwood et al. 1985,?yes no longer in print,review,"UK, Scotland",no,Europe,"serology, biochemical,enrich centrifuge, culture plate",Immunologic,NA,NA,,swab variable,Animal,Bird,Charadriiformes,Laridae,Larus,Herring gull,Larus argentatus,,free,Salmonella haardt,Salmonella enterica subsp. enterica serovar Haardt,Salmonella enterica (non-typhoid),"feces, cloacal swab, intestines",yes,no,,,7,5324,,,,NA,,NA,,,,,,"Difficult to tell but datay may be duplicate from (Monaghan et al. 1985, Fricker, Girdwood & Munro, 1983, Fricker & Girdwood, 1984, Fricker,
1983).",,NA,NA,NA,NA,NA,NA,NA,NA,High,3
Girdwood et al.,1985,Girdwood et al. 1985,?yes no longer in print,review,"UK, Scotland",no,Europe,"serology, biochemical,enrich centrifuge, culture plate",Immunologic,NA,NA,,swab variable,Animal,Bird,Charadriiformes,Laridae,Larus,Lesser black-backed gull,Larus fuscus,,free,Salmonella haardt,Salmonella enterica subsp. enterica serovar Haardt,Salmonella enterica (non-typhoid),"feces, cloacal swab, intestines",yes,no,,,0,360,,,,NA,,NA,,,,,,"Difficult to tell but datay may be duplicate from (Monaghan et al. 1985, Fricker, Girdwood & Munro, 1983, Fricker & Girdwood, 1984, Fricker,
1983).",,NA,NA,NA,NA,NA,NA,NA,NA,High,3
Girdwood et al.,1985,Girdwood et al. 1985,?yes no longer in print,review,"UK, Scotland",no,Europe,"serology, biochemical,enrich centrifuge, culture plate",Immunologic,NA,NA,,swab variable,Animal,Bird,Charadriiformes,Laridae,Chroicocephalus,Black-headed gull,Larus ridibundus,,free,Salmonella hadar,Salmonella enterica subsp. enterica serovar Hadar,Salmonella enterica (non-typhoid),"feces, cloacal swab, intestines",yes,no,,,1,204,,,,NA,,NA,,,,,,"Difficult to tell but datay may be duplicate from (Monaghan et al. 1985, Fricker, Girdwood & Munro, 1983, Fricker & Girdwood, 1984, Fricker,
1983).",,NA,NA,NA,NA,NA,NA,NA,NA,High,3
Girdwood et al.,1985,Girdwood et al. 1985,?yes no longer in print,review,"UK, Scotland",no,Europe,"serology, biochemical,enrich centrifuge, culture plate",Immunologic,NA,NA,,swab variable,Animal,Bird,Charadriiformes,Laridae,Larus,Herring gull,Larus argentatus,,free,Salmonella hadar,Salmonella enterica subsp. enterica serovar Hadar,Salmonella enterica (non-typhoid),"feces, cloacal swab, intestines",yes,no,,,10,5324,,,,NA,,NA,,,,,,"Difficult to tell but datay may be duplicate from (Monaghan et al. 1985, Fricker, Girdwood & Munro, 1983, Fricker & Girdwood, 1984, Fricker,
1983).",,NA,NA,NA,NA,NA,NA,NA,NA,High,3
Girdwood et al.,1985,Girdwood et al. 1985,?yes no longer in print,review,"UK, Scotland",no,Europe,"serology, biochemical,enrich centrifuge, culture plate",Immunologic,NA,NA,,swab variable,Animal,Bird,Charadriiformes,Laridae,Larus,Lesser black-backed gull,Larus fuscus,,free,Salmonella hadar,Salmonella enterica subsp. enterica serovar Hadar,Salmonella enterica (non-typhoid),"feces, cloacal swab, intestines",yes,no,,,6,360,,,,NA,,NA,,,,,,"Difficult to tell but datay may be duplicate from (Monaghan et al. 1985, Fricker, Girdwood & Munro, 1983, Fricker & Girdwood, 1984, Fricker,
1983).",,NA,NA,NA,NA,NA,NA,NA,NA,High,3
Girdwood et al.,1985,Girdwood et al. 1985,?yes no longer in print,review,"UK, Scotland",no,Europe,"serology, biochemical,enrich centrifuge, culture plate",Immunologic,NA,NA,,swab variable,Animal,Bird,Charadriiformes,Laridae,Chroicocephalus,Black-headed gull,Larus ridibundus,,free,Salmonella heidelberg,Salmonella enterica subsp. enterica serovar Heidelberg,Salmonella enterica (non-typhoid),"feces, cloacal swab, intestines",yes,no,,,0,204,,,,NA,,NA,,,,,,"Difficult to tell but datay may be duplicate from (Monaghan et al. 1985, Fricker, Girdwood & Munro, 1983, Fricker & Girdwood, 1984, Fricker,
1983).",,NA,NA,NA,NA,NA,NA,NA,NA,High,3
Girdwood et al.,1985,Girdwood et al. 1985,?yes no longer in print,review,"UK, Scotland",no,Europe,"serology, biochemical,enrich centrifuge, culture plate",Immunologic,NA,NA,,swab variable,Animal,Bird,Charadriiformes,Laridae,Larus,Herring gull,Larus argentatus,,free,Salmonella heidelberg,Salmonella enterica subsp. enterica serovar Heidelberg,Salmonella enterica (non-typhoid),"feces, cloacal swab, intestines",yes,no,,,4,5324,,,,NA,,NA,,,,,,"Difficult to tell but datay may be duplicate from (Monaghan et al. 1985, Fricker, Girdwood & Munro, 1983, Fricker & Girdwood, 1984, Fricker,
1983).",,NA,NA,NA,NA,NA,NA,NA,NA,High,3
Girdwood et al.,1985,Girdwood et al. 1985,?yes no longer in print,review,"UK, Scotland",no,Europe,"serology, biochemical,enrich centrifuge, culture plate",Immunologic,NA,NA,,swab variable,Animal,Bird,Charadriiformes,Laridae,Larus,Lesser black-backed gull,Larus fuscus,,free,Salmonella heidelberg,Salmonella enterica subsp. enterica serovar Heidelberg,Salmonella enterica (non-typhoid),"feces, cloacal swab, intestines",yes,no,,,0,360,,,,NA,,NA,,,,,,"Difficult to tell but datay may be duplicate from (Monaghan et al. 1985, Fricker, Girdwood & Munro, 1983, Fricker & Girdwood, 1984, Fricker,
1983).",,NA,NA,NA,NA,NA,NA,NA,NA,High,3
Girdwood et al.,1985,Girdwood et al. 1985,?yes no longer in print,review,"UK, Scotland",no,Europe,"serology, biochemical,enrich centrifuge, culture plate",Immunologic,NA,NA,,swab variable,Animal,Bird,Charadriiformes,Laridae,Chroicocephalus,Black-headed gull,Larus ridibundus,,free,Salmonella hvittingfoss,Salmonella enterica subsp. enterica serovar Hvittingfoss   ,Salmonella enterica (non-typhoid),"feces, cloacal swab, intestines",yes,no,,,0,204,,,,NA,,NA,,,,,,"Difficult to tell but datay may be duplicate from (Monaghan et al. 1985, Fricker, Girdwood & Munro, 1983, Fricker & Girdwood, 1984, Fricker,
1983).",,NA,NA,NA,NA,NA,NA,NA,NA,High,3
Girdwood et al.,1985,Girdwood et al. 1985,?yes no longer in print,review,"UK, Scotland",no,Europe,"serology, biochemical,enrich centrifuge, culture plate",Immunologic,NA,NA,,swab variable,Animal,Bird,Charadriiformes,Laridae,Larus,Herring gull,Larus argentatus,,free,Salmonella hvittingfoss,Salmonella enterica subsp. enterica serovar Hvittingfoss   ,Salmonella enterica (non-typhoid),"feces, cloacal swab, intestines",yes,no,,,1,5324,,,,NA,,NA,,,,,,"Difficult to tell but datay may be duplicate from (Monaghan et al. 1985, Fricker, Girdwood & Munro, 1983, Fricker & Girdwood, 1984, Fricker,
1983).",,NA,NA,NA,NA,NA,NA,NA,NA,High,3
Girdwood et al.,1985,Girdwood et al. 1985,?yes no longer in print,review,"UK, Scotland",no,Europe,"serology, biochemical,enrich centrifuge, culture plate",Immunologic,NA,NA,,swab variable,Animal,Bird,Charadriiformes,Laridae,Larus,Lesser black-backed gull,Larus fuscus,,free,Salmonella hvittingfoss,Salmonella enterica subsp. enterica serovar Hvittingfoss   ,Salmonella enterica (non-typhoid),"feces, cloacal swab, intestines",yes,no,,,0,360,,,,NA,,NA,,,,,,"Difficult to tell but datay may be duplicate from (Monaghan et al. 1985, Fricker, Girdwood & Munro, 1983, Fricker & Girdwood, 1984, Fricker,
1983).",,NA,NA,NA,NA,NA,NA,NA,NA,High,3
Girdwood et al.,1985,Girdwood et al. 1985,?yes no longer in print,review,"UK, Scotland",no,Europe,"serology, biochemical,enrich centrifuge, culture plate",Immunologic,NA,NA,,swab variable,Animal,Bird,Charadriiformes,Laridae,Chroicocephalus,Black-headed gull,Larus ridibundus,,free,Salmonella indiana,Salmonella enterica subsp. enterica serovar Indiana,Salmonella enterica (non-typhoid),"feces, cloacal swab, intestines",yes,no,,,0,204,,,,NA,,NA,,,,,,"Difficult to tell but datay may be duplicate from (Monaghan et al. 1985, Fricker, Girdwood & Munro, 1983, Fricker & Girdwood, 1984, Fricker,
1983).",,NA,NA,NA,NA,NA,NA,NA,NA,High,3
Girdwood et al.,1985,Girdwood et al. 1985,?yes no longer in print,review,"UK, Scotland",no,Europe,"serology, biochemical,enrich centrifuge, culture plate",Immunologic,NA,NA,,swab variable,Animal,Bird,Charadriiformes,Laridae,Larus,Herring gull,Larus argentatus,,free,Salmonella indiana,Salmonella enterica subsp. enterica serovar Indiana,Salmonella enterica (non-typhoid),"feces, cloacal swab, intestines",yes,no,,,5,5324,,,,NA,,NA,,,,,,"Difficult to tell but datay may be duplicate from (Monaghan et al. 1985, Fricker, Girdwood & Munro, 1983, Fricker & Girdwood, 1984, Fricker,
1983).",,NA,NA,NA,NA,NA,NA,NA,NA,High,3
Girdwood et al.,1985,Girdwood et al. 1985,?yes no longer in print,review,"UK, Scotland",no,Europe,"serology, biochemical,enrich centrifuge, culture plate",Immunologic,NA,NA,,swab variable,Animal,Bird,Charadriiformes,Laridae,Larus,Lesser black-backed gull,Larus fuscus,,free,Salmonella indiana,Salmonella enterica subsp. enterica serovar Indiana,Salmonella enterica (non-typhoid),"feces, cloacal swab, intestines",yes,no,,,6,360,,,,NA,,NA,,,,,,"Difficult to tell but datay may be duplicate from (Monaghan et al. 1985, Fricker, Girdwood & Munro, 1983, Fricker & Girdwood, 1984, Fricker,
1983).",,NA,NA,NA,NA,NA,NA,NA,NA,High,3
Girdwood et al.,1985,Girdwood et al. 1985,?yes no longer in print,review,"UK, Scotland",no,Europe,"serology, biochemical,enrich centrifuge, culture plate",Immunologic,NA,NA,,swab variable,Animal,Bird,Charadriiformes,Laridae,Chroicocephalus,Black-headed gull,Larus ridibundus,,free,Salmonella infantis,Salmonella enterica subsp. enterica serovar Infantis,Salmonella enterica (non-typhoid),"feces, cloacal swab, intestines",yes,no,,,0,204,,,,NA,,NA,,,,,,"Difficult to tell but datay may be duplicate from (Monaghan et al. 1985, Fricker, Girdwood & Munro, 1983, Fricker & Girdwood, 1984, Fricker,
1983).",,NA,NA,NA,NA,NA,NA,NA,NA,High,3
Girdwood et al.,1985,Girdwood et al. 1985,?yes no longer in print,review,"UK, Scotland",no,Europe,"serology, biochemical,enrich centrifuge, culture plate",Immunologic,NA,NA,,swab variable,Animal,Bird,Charadriiformes,Laridae,Larus,Herring gull,Larus argentatus,,free,Salmonella infantis,Salmonella enterica subsp. enterica serovar Infantis,Salmonella enterica (non-typhoid),"feces, cloacal swab, intestines",yes,no,,,12,5324,,,,NA,,NA,,,,,,"Difficult to tell but datay may be duplicate from (Monaghan et al. 1985, Fricker, Girdwood & Munro, 1983, Fricker & Girdwood, 1984, Fricker,
1983).",,NA,NA,NA,NA,NA,NA,NA,NA,High,3
Girdwood et al.,1985,Girdwood et al. 1985,?yes no longer in print,review,"UK, Scotland",no,Europe,"serology, biochemical,enrich centrifuge, culture plate",Immunologic,NA,NA,,swab variable,Animal,Bird,Charadriiformes,Laridae,Larus,Lesser black-backed gull,Larus fuscus,,free,Salmonella infantis,Salmonella enterica subsp. enterica serovar Infantis,Salmonella enterica (non-typhoid),"feces, cloacal swab, intestines",yes,no,,,5,360,,,,NA,,NA,,,,,,"Difficult to tell but datay may be duplicate from (Monaghan et al. 1985, Fricker, Girdwood & Munro, 1983, Fricker & Girdwood, 1984, Fricker,
1983).",,NA,NA,NA,NA,NA,NA,NA,NA,High,3
Girdwood et al.,1985,Girdwood et al. 1985,?yes no longer in print,review,"UK, Scotland",no,Europe,"serology, biochemical,enrich centrifuge, culture plate",Immunologic,NA,NA,,swab variable,Animal,Bird,Charadriiformes,Laridae,Chroicocephalus,Black-headed gull,Larus ridibundus,,free,Salmonella java,Salmonella enterica subsp. enterica serovar Java   ,Salmonella enterica (non-typhoid),"feces, cloacal swab, intestines",yes,no,,,0,204,,,,NA,,NA,,,,,,"Difficult to tell but datay may be duplicate from (Monaghan et al. 1985, Fricker, Girdwood & Munro, 1983, Fricker & Girdwood, 1984, Fricker,
1983).",,NA,NA,NA,NA,NA,NA,NA,NA,High,3
Girdwood et al.,1985,Girdwood et al. 1985,?yes no longer in print,review,"UK, Scotland",no,Europe,"serology, biochemical,enrich centrifuge, culture plate",Immunologic,NA,NA,,swab variable,Animal,Bird,Charadriiformes,Laridae,Larus,Herring gull,Larus argentatus,,free,Salmonella java,Salmonella enterica subsp. enterica serovar Java   ,Salmonella enterica (non-typhoid),"feces, cloacal swab, intestines",yes,no,,,1,5324,,,,NA,,NA,,,,,,"Difficult to tell but datay may be duplicate from (Monaghan et al. 1985, Fricker, Girdwood & Munro, 1983, Fricker & Girdwood, 1984, Fricker,
1983).",,NA,NA,NA,NA,NA,NA,NA,NA,High,3
Girdwood et al.,1985,Girdwood et al. 1985,?yes no longer in print,review,"UK, Scotland",no,Europe,"serology, biochemical,enrich centrifuge, culture plate",Immunologic,NA,NA,,swab variable,Animal,Bird,Charadriiformes,Laridae,Larus,Lesser black-backed gull,Larus fuscus,,free,Salmonella java,Salmonella enterica subsp. enterica serovar Java   ,Salmonella enterica (non-typhoid),"feces, cloacal swab, intestines",yes,no,,,0,360,,,,NA,,NA,,,,,,"Difficult to tell but datay may be duplicate from (Monaghan et al. 1985, Fricker, Girdwood & Munro, 1983, Fricker & Girdwood, 1984, Fricker,
1983).",,NA,NA,NA,NA,NA,NA,NA,NA,High,3
Girdwood et al.,1985,Girdwood et al. 1985,?yes no longer in print,review,"UK, Scotland",no,Europe,"serology, biochemical,enrich centrifuge, culture plate",Immunologic,NA,NA,,swab variable,Animal,Bird,Charadriiformes,Laridae,Chroicocephalus,Black-headed gull,Larus ridibundus,,free,Salmonella kedougou,Salmonella enterica subsp. enterica serovar Kedougou,Salmonella enterica (non-typhoid),"feces, cloacal swab, intestines",yes,no,,,0,204,,,,NA,,NA,,,,,,"Difficult to tell but datay may be duplicate from (Monaghan et al. 1985, Fricker, Girdwood & Munro, 1983, Fricker & Girdwood, 1984, Fricker,
1983).",,NA,NA,NA,NA,NA,NA,NA,NA,High,3
Girdwood et al.,1985,Girdwood et al. 1985,?yes no longer in print,review,"UK, Scotland",no,Europe,"serology, biochemical,enrich centrifuge, culture plate",Immunologic,NA,NA,,swab variable,Animal,Bird,Charadriiformes,Laridae,Larus,Herring gull,Larus argentatus,,free,Salmonella kedougou,Salmonella enterica subsp. enterica serovar Kedougou,Salmonella enterica (non-typhoid),"feces, cloacal swab, intestines",yes,no,,,0,5324,,,,NA,,NA,,,,,,"Difficult to tell but datay may be duplicate from (Monaghan et al. 1985, Fricker, Girdwood & Munro, 1983, Fricker & Girdwood, 1984, Fricker,
1983).",,NA,NA,NA,NA,NA,NA,NA,NA,High,3
Girdwood et al.,1985,Girdwood et al. 1985,?yes no longer in print,review,"UK, Scotland",no,Europe,"serology, biochemical,enrich centrifuge, culture plate",Immunologic,NA,NA,,swab variable,Animal,Bird,Charadriiformes,Laridae,Larus,Lesser black-backed gull,Larus fuscus,,free,Salmonella kedougou,Salmonella enterica subsp. enterica serovar Kedougou,Salmonella enterica (non-typhoid),"feces, cloacal swab, intestines",yes,no,,,1,360,,,,NA,,NA,,,,,,"Difficult to tell but datay may be duplicate from (Monaghan et al. 1985, Fricker, Girdwood & Munro, 1983, Fricker & Girdwood, 1984, Fricker,
1983).",,NA,NA,NA,NA,NA,NA,NA,NA,High,3
Girdwood et al.,1985,Girdwood et al. 1985,?yes no longer in print,review,"UK, Scotland",no,Europe,"serology, biochemical,enrich centrifuge, culture plate",Immunologic,NA,NA,,swab variable,Animal,Bird,Charadriiformes,Laridae,Chroicocephalus,Black-headed gull,Larus ridibundus,,free,Salmonella livingstone,Salmonella enterica subsp. enterica serovar Livingstone,Salmonella enterica (non-typhoid),"feces, cloacal swab, intestines",yes,no,,,0,204,,,,NA,,NA,,,,,,"Difficult to tell but datay may be duplicate from (Monaghan et al. 1985, Fricker, Girdwood & Munro, 1983, Fricker & Girdwood, 1984, Fricker,
1983).",,NA,NA,NA,NA,NA,NA,NA,NA,High,3
Girdwood et al.,1985,Girdwood et al. 1985,?yes no longer in print,review,"UK, Scotland",no,Europe,"serology, biochemical,enrich centrifuge, culture plate",Immunologic,NA,NA,,swab variable,Animal,Bird,Charadriiformes,Laridae,Larus,Herring gull,Larus argentatus,,free,Salmonella livingstone,Salmonella enterica subsp. enterica serovar Livingstone,Salmonella enterica (non-typhoid),"feces, cloacal swab, intestines",yes,no,,,4,5324,,,,NA,,NA,,,,,,"Difficult to tell but datay may be duplicate from (Monaghan et al. 1985, Fricker, Girdwood & Munro, 1983, Fricker & Girdwood, 1984, Fricker,
1983).",,NA,NA,NA,NA,NA,NA,NA,NA,High,3
Girdwood et al.,1985,Girdwood et al. 1985,?yes no longer in print,review,"UK, Scotland",no,Europe,"serology, biochemical,enrich centrifuge, culture plate",Immunologic,NA,NA,,swab variable,Animal,Bird,Charadriiformes,Laridae,Larus,Lesser black-backed gull,Larus fuscus,,free,Salmonella livingstone,Salmonella enterica subsp. enterica serovar Livingstone,Salmonella enterica (non-typhoid),"feces, cloacal swab, intestines",yes,no,,,0,360,,,,NA,,NA,,,,,,"Difficult to tell but datay may be duplicate from (Monaghan et al. 1985, Fricker, Girdwood & Munro, 1983, Fricker & Girdwood, 1984, Fricker,
1983).",,NA,NA,NA,NA,NA,NA,NA,NA,High,3
Girdwood et al.,1985,Girdwood et al. 1985,?yes no longer in print,review,"UK, Scotland",no,Europe,"serology, biochemical,enrich centrifuge, culture plate",Immunologic,NA,NA,,swab variable,Animal,Bird,Charadriiformes,Laridae,Chroicocephalus,Black-headed gull,Larus ridibundus,,free,Salmonella mbandaka,Salmonella enterica subsp. enterica serovar Mbandaka   ,Salmonella enterica (non-typhoid),"feces, cloacal swab, intestines",yes,no,,,0,204,,,,NA,,NA,,,,,,"Difficult to tell but datay may be duplicate from (Monaghan et al. 1985, Fricker, Girdwood & Munro, 1983, Fricker & Girdwood, 1984, Fricker,
1983).",,NA,NA,NA,NA,NA,NA,NA,NA,High,3
Girdwood et al.,1985,Girdwood et al. 1985,?yes no longer in print,review,"UK, Scotland",no,Europe,"serology, biochemical,enrich centrifuge, culture plate",Immunologic,NA,NA,,swab variable,Animal,Bird,Charadriiformes,Laridae,Larus,Herring gull,Larus argentatus,,free,Salmonella mbandaka,Salmonella enterica subsp. enterica serovar Mbandaka   ,Salmonella enterica (non-typhoid),"feces, cloacal swab, intestines",yes,no,,,12,5324,,,,NA,,NA,,,,,,"Difficult to tell but datay may be duplicate from (Monaghan et al. 1985, Fricker, Girdwood & Munro, 1983, Fricker & Girdwood, 1984, Fricker,
1983).",,NA,NA,NA,NA,NA,NA,NA,NA,High,3
Girdwood et al.,1985,Girdwood et al. 1985,?yes no longer in print,review,"UK, Scotland",no,Europe,"serology, biochemical,enrich centrifuge, culture plate",Immunologic,NA,NA,,swab variable,Animal,Bird,Charadriiformes,Laridae,Larus,Lesser black-backed gull,Larus fuscus,,free,Salmonella mbandaka,Salmonella enterica subsp. enterica serovar Mbandaka   ,Salmonella enterica (non-typhoid),"feces, cloacal swab, intestines",yes,no,,,2,360,,,,NA,,NA,,,,,,"Difficult to tell but datay may be duplicate from (Monaghan et al. 1985, Fricker, Girdwood & Munro, 1983, Fricker & Girdwood, 1984, Fricker,
1983).",,NA,NA,NA,NA,NA,NA,NA,NA,High,3
Girdwood et al.,1985,Girdwood et al. 1985,?yes no longer in print,review,"UK, Scotland",no,Europe,"serology, biochemical,enrich centrifuge, culture plate",Immunologic,NA,NA,,swab variable,Animal,Bird,Charadriiformes,Laridae,Chroicocephalus,Black-headed gull,Larus ridibundus,,free,Salmonella montevideo,Salmonella enterica subsp. enterica serovar Montevideo,Salmonella enterica (non-typhoid),"feces, cloacal swab, intestines",yes,no,,,0,204,,,,NA,,NA,,,,,,"Difficult to tell but datay may be duplicate from (Monaghan et al. 1985, Fricker, Girdwood & Munro, 1983, Fricker & Girdwood, 1984, Fricker,
1983).",,NA,NA,NA,NA,NA,NA,NA,NA,High,3
Girdwood et al.,1985,Girdwood et al. 1985,?yes no longer in print,review,"UK, Scotland",no,Europe,"serology, biochemical,enrich centrifuge, culture plate",Immunologic,NA,NA,,swab variable,Animal,Bird,Charadriiformes,Laridae,Larus,Herring gull,Larus argentatus,,free,Salmonella montevideo,Salmonella enterica subsp. enterica serovar Montevideo,Salmonella enterica (non-typhoid),"feces, cloacal swab, intestines",yes,no,,,10,5324,,,,NA,,NA,,,,,,"Difficult to tell but datay may be duplicate from (Monaghan et al. 1985, Fricker, Girdwood & Munro, 1983, Fricker & Girdwood, 1984, Fricker,
1983).",,NA,NA,NA,NA,NA,NA,NA,NA,High,3
Girdwood et al.,1985,Girdwood et al. 1985,?yes no longer in print,review,"UK, Scotland",no,Europe,"serology, biochemical,enrich centrifuge, culture plate",Immunologic,NA,NA,,swab variable,Animal,Bird,Charadriiformes,Laridae,Larus,Lesser black-backed gull,Larus fuscus,,free,Salmonella montevideo,Salmonella enterica subsp. enterica serovar Montevideo,Salmonella enterica (non-typhoid),"feces, cloacal swab, intestines",yes,no,,,3,360,,,,NA,,NA,,,,,,"Difficult to tell but datay may be duplicate from (Monaghan et al. 1985, Fricker, Girdwood & Munro, 1983, Fricker & Girdwood, 1984, Fricker,
1983).",,NA,NA,NA,NA,NA,NA,NA,NA,High,3
Girdwood et al.,1985,Girdwood et al. 1985,?yes no longer in print,review,"UK, Scotland",no,Europe,"serology, biochemical,enrich centrifuge, culture plate",Immunologic,NA,NA,,swab variable,Animal,Bird,Charadriiformes,Laridae,Chroicocephalus,Black-headed gull,Larus ridibundus,,free,Salmonella muenchen,Salmonella enterica subsp. enterica serovar Muenchen,Salmonella enterica (non-typhoid),"feces, cloacal swab, intestines",yes,no,,,0,204,,,,NA,,NA,,,,,,"Difficult to tell but datay may be duplicate from (Monaghan et al. 1985, Fricker, Girdwood & Munro, 1983, Fricker & Girdwood, 1984, Fricker,
1983).",,NA,NA,NA,NA,NA,NA,NA,NA,High,3
Girdwood et al.,1985,Girdwood et al. 1985,?yes no longer in print,review,"UK, Scotland",no,Europe,"serology, biochemical,enrich centrifuge, culture plate",Immunologic,NA,NA,,swab variable,Animal,Bird,Charadriiformes,Laridae,Larus,Herring gull,Larus argentatus,,free,Salmonella muenchen,Salmonella enterica subsp. enterica serovar Muenchen,Salmonella enterica (non-typhoid),"feces, cloacal swab, intestines",yes,no,,,2,5324,,,,NA,,NA,,,,,,"Difficult to tell but datay may be duplicate from (Monaghan et al. 1985, Fricker, Girdwood & Munro, 1983, Fricker & Girdwood, 1984, Fricker,
1983).",,NA,NA,NA,NA,NA,NA,NA,NA,High,3
Girdwood et al.,1985,Girdwood et al. 1985,?yes no longer in print,review,"UK, Scotland",no,Europe,"serology, biochemical,enrich centrifuge, culture plate",Immunologic,NA,NA,,swab variable,Animal,Bird,Charadriiformes,Laridae,Larus,Lesser black-backed gull,Larus fuscus,,free,Salmonella muenchen,Salmonella enterica subsp. enterica serovar Muenchen,Salmonella enterica (non-typhoid),"feces, cloacal swab, intestines",yes,no,,,0,360,,,,NA,,NA,,,,,,"Difficult to tell but datay may be duplicate from (Monaghan et al. 1985, Fricker, Girdwood & Munro, 1983, Fricker & Girdwood, 1984, Fricker,
1983).",,NA,NA,NA,NA,NA,NA,NA,NA,High,3
Girdwood et al.,1985,Girdwood et al. 1985,?yes no longer in print,review,"UK, Scotland",no,Europe,"serology, biochemical,enrich centrifuge, culture plate",Immunologic,NA,NA,,swab variable,Animal,Bird,Charadriiformes,Laridae,Chroicocephalus,Black-headed gull,Larus ridibundus,,free,Salmonella newport,Salmonella enterica subsp. enterica serovar Newport,Salmonella enterica (non-typhoid),"feces, cloacal swab, intestines",yes,no,,,1,204,,,,NA,,NA,,,,,,"Difficult to tell but datay may be duplicate from (Monaghan et al. 1985, Fricker, Girdwood & Munro, 1983, Fricker & Girdwood, 1984, Fricker,
1983).",,NA,NA,NA,NA,NA,NA,NA,NA,High,3
Girdwood et al.,1985,Girdwood et al. 1985,?yes no longer in print,review,"UK, Scotland",no,Europe,"serology, biochemical,enrich centrifuge, culture plate",Immunologic,NA,NA,,swab variable,Animal,Bird,Charadriiformes,Laridae,Larus,Herring gull,Larus argentatus,,free,Salmonella newport,Salmonella enterica subsp. enterica serovar Newport,Salmonella enterica (non-typhoid),"feces, cloacal swab, intestines",yes,no,,,13,5324,,,,NA,,NA,,,,,,"Difficult to tell but datay may be duplicate from (Monaghan et al. 1985, Fricker, Girdwood & Munro, 1983, Fricker & Girdwood, 1984, Fricker,
1983).",,NA,NA,NA,NA,NA,NA,NA,NA,High,3
Girdwood et al.,1985,Girdwood et al. 1985,?yes no longer in print,review,"UK, Scotland",no,Europe,"serology, biochemical,enrich centrifuge, culture plate",Immunologic,NA,NA,,swab variable,Animal,Bird,Charadriiformes,Laridae,Larus,Lesser black-backed gull,Larus fuscus,,free,Salmonella newport,Salmonella enterica subsp. enterica serovar Newport,Salmonella enterica (non-typhoid),"feces, cloacal swab, intestines",yes,no,,,2,360,,,,NA,,NA,,,,,,"Difficult to tell but datay may be duplicate from (Monaghan et al. 1985, Fricker, Girdwood & Munro, 1983, Fricker & Girdwood, 1984, Fricker,
1983).",,NA,NA,NA,NA,NA,NA,NA,NA,High,3
Girdwood et al.,1985,Girdwood et al. 1985,?yes no longer in print,review,"UK, Scotland",no,Europe,"serology, biochemical,enrich centrifuge, culture plate",Immunologic,NA,NA,,swab variable,Animal,Bird,Charadriiformes,Laridae,Chroicocephalus,Black-headed gull,Larus ridibundus,,free,Salmonella panama,Salmonella enterica subsp. enterica serovar Panama,Salmonella enterica (non-typhoid),"feces, cloacal swab, intestines",yes,no,,,0,204,,,,NA,,NA,,,,,,"Difficult to tell but datay may be duplicate from (Monaghan et al. 1985, Fricker, Girdwood & Munro, 1983, Fricker & Girdwood, 1984, Fricker,
1983).",,NA,NA,NA,NA,NA,NA,NA,NA,High,3
Girdwood et al.,1985,Girdwood et al. 1985,?yes no longer in print,review,"UK, Scotland",no,Europe,"serology, biochemical,enrich centrifuge, culture plate",Immunologic,NA,NA,,swab variable,Animal,Bird,Charadriiformes,Laridae,Larus,Herring gull,Larus argentatus,,free,Salmonella panama,Salmonella enterica subsp. enterica serovar Panama,Salmonella enterica (non-typhoid),"feces, cloacal swab, intestines",yes,no,,,1,5324,,,,NA,,NA,,,,,,"Difficult to tell but datay may be duplicate from (Monaghan et al. 1985, Fricker, Girdwood & Munro, 1983, Fricker & Girdwood, 1984, Fricker,
1983).",,NA,NA,NA,NA,NA,NA,NA,NA,High,3
Girdwood et al.,1985,Girdwood et al. 1985,?yes no longer in print,review,"UK, Scotland",no,Europe,"serology, biochemical,enrich centrifuge, culture plate",Immunologic,NA,NA,,swab variable,Animal,Bird,Charadriiformes,Laridae,Larus,Lesser black-backed gull,Larus fuscus,,free,Salmonella panama,Salmonella enterica subsp. enterica serovar Panama,Salmonella enterica (non-typhoid),"feces, cloacal swab, intestines",yes,no,,,2,360,,,,NA,,NA,,,,,,"Difficult to tell but datay may be duplicate from (Monaghan et al. 1985, Fricker, Girdwood & Munro, 1983, Fricker & Girdwood, 1984, Fricker,
1983).",,NA,NA,NA,NA,NA,NA,NA,NA,High,3
Girdwood et al.,1985,Girdwood et al. 1985,?yes no longer in print,review,"UK, Scotland",no,Europe,"serology, biochemical,enrich centrifuge, culture plate",Immunologic,NA,NA,,swab variable,Animal,Bird,Charadriiformes,Laridae,Chroicocephalus,Black-headed gull,Larus ridibundus,,free,Salmonella reading,Salmonella enterica subsp. enterica serovar Reading   ,Salmonella enterica (non-typhoid),"feces, cloacal swab, intestines",yes,no,,,0,204,,,,NA,,NA,,,,,,"Difficult to tell but datay may be duplicate from (Monaghan et al. 1985, Fricker, Girdwood & Munro, 1983, Fricker & Girdwood, 1984, Fricker,
1983).",,NA,NA,NA,NA,NA,NA,NA,NA,High,3
Girdwood et al.,1985,Girdwood et al. 1985,?yes no longer in print,review,"UK, Scotland",no,Europe,"serology, biochemical,enrich centrifuge, culture plate",Immunologic,NA,NA,,swab variable,Animal,Bird,Charadriiformes,Laridae,Larus,Herring gull,Larus argentatus,,free,Salmonella reading,Salmonella enterica subsp. enterica serovar Reading   ,Salmonella enterica (non-typhoid),"feces, cloacal swab, intestines",yes,no,,,0,5324,,,,NA,,NA,,,,,,"Difficult to tell but datay may be duplicate from (Monaghan et al. 1985, Fricker, Girdwood & Munro, 1983, Fricker & Girdwood, 1984, Fricker,
1983).",,NA,NA,NA,NA,NA,NA,NA,NA,High,3
Girdwood et al.,1985,Girdwood et al. 1985,?yes no longer in print,review,"UK, Scotland",no,Europe,"serology, biochemical,enrich centrifuge, culture plate",Immunologic,NA,NA,,swab variable,Animal,Bird,Charadriiformes,Laridae,Larus,Lesser black-backed gull,Larus fuscus,,free,Salmonella reading,Salmonella enterica subsp. enterica serovar Reading   ,Salmonella enterica (non-typhoid),"feces, cloacal swab, intestines",yes,no,,,1,360,,,,NA,,NA,,,,,,"Difficult to tell but datay may be duplicate from (Monaghan et al. 1985, Fricker, Girdwood & Munro, 1983, Fricker & Girdwood, 1984, Fricker,
1983).",,NA,NA,NA,NA,NA,NA,NA,NA,High,3
Girdwood et al.,1985,Girdwood et al. 1985,?yes no longer in print,review,"UK, Scotland",no,Europe,"serology, biochemical,enrich centrifuge, culture plate",Immunologic,NA,NA,,swab variable,Animal,Bird,Charadriiformes,Laridae,Chroicocephalus,Black-headed gull,Larus ridibundus,,free,Salmonella saintpaul,Salmonella enterica subsp. enterica serovar Saintpaul,Salmonella enterica (non-typhoid),"feces, cloacal swab, intestines",yes,no,,,0,204,,,,NA,,NA,,,,,,"Difficult to tell but datay may be duplicate from (Monaghan et al. 1985, Fricker, Girdwood & Munro, 1983, Fricker & Girdwood, 1984, Fricker,
1983).",,NA,NA,NA,NA,NA,NA,NA,NA,High,3
Girdwood et al.,1985,Girdwood et al. 1985,?yes no longer in print,review,"UK, Scotland",no,Europe,"serology, biochemical,enrich centrifuge, culture plate",Immunologic,NA,NA,,swab variable,Animal,Bird,Charadriiformes,Laridae,Larus,Herring gull,Larus argentatus,,free,Salmonella saintpaul,Salmonella enterica subsp. enterica serovar Saintpaul,Salmonella enterica (non-typhoid),"feces, cloacal swab, intestines",yes,no,,,4,5324,,,,NA,,NA,,,,,,"Difficult to tell but datay may be duplicate from (Monaghan et al. 1985, Fricker, Girdwood & Munro, 1983, Fricker & Girdwood, 1984, Fricker,
1983).",,NA,NA,NA,NA,NA,NA,NA,NA,High,3
Girdwood et al.,1985,Girdwood et al. 1985,?yes no longer in print,review,"UK, Scotland",no,Europe,"serology, biochemical,enrich centrifuge, culture plate",Immunologic,NA,NA,,swab variable,Animal,Bird,Charadriiformes,Laridae,Larus,Lesser black-backed gull,Larus fuscus,,free,Salmonella saintpaul,Salmonella enterica subsp. enterica serovar Saintpaul,Salmonella enterica (non-typhoid),"feces, cloacal swab, intestines",yes,no,,,1,360,,,,NA,,NA,,,,,,"Difficult to tell but datay may be duplicate from (Monaghan et al. 1985, Fricker, Girdwood & Munro, 1983, Fricker & Girdwood, 1984, Fricker,
1983).",,NA,NA,NA,NA,NA,NA,NA,NA,High,3
Girdwood et al.,1985,Girdwood et al. 1985,?yes no longer in print,review,"UK, Scotland",no,Europe,"serology, biochemical,enrich centrifuge, culture plate",Immunologic,NA,NA,,swab variable,Animal,Bird,Charadriiformes,Laridae,Chroicocephalus,Black-headed gull,Larus ridibundus,,free,Salmonella schwarzengrund,Salmonella enterica subsp. enterica serovar Schwarzengrund   ,Salmonella enterica (non-typhoid),"feces, cloacal swab, intestines",yes,no,,,0,204,,,,NA,,NA,,,,,,"Difficult to tell but datay may be duplicate from (Monaghan et al. 1985, Fricker, Girdwood & Munro, 1983, Fricker & Girdwood, 1984, Fricker,
1983).",,NA,NA,NA,NA,NA,NA,NA,NA,High,3
Girdwood et al.,1985,Girdwood et al. 1985,?yes no longer in print,review,"UK, Scotland",no,Europe,"serology, biochemical,enrich centrifuge, culture plate",Immunologic,NA,NA,,swab variable,Animal,Bird,Charadriiformes,Laridae,Larus,Herring gull,Larus argentatus,,free,Salmonella schwarzengrund,Salmonella enterica subsp. enterica serovar Schwarzengrund   ,Salmonella enterica (non-typhoid),"feces, cloacal swab, intestines",yes,no,,,1,5324,,,,NA,,NA,,,,,,"Difficult to tell but datay may be duplicate from (Monaghan et al. 1985, Fricker, Girdwood & Munro, 1983, Fricker & Girdwood, 1984, Fricker,
1983).",,NA,NA,NA,NA,NA,NA,NA,NA,High,3
Girdwood et al.,1985,Girdwood et al. 1985,?yes no longer in print,review,"UK, Scotland",no,Europe,"serology, biochemical,enrich centrifuge, culture plate",Immunologic,NA,NA,,swab variable,Animal,Bird,Charadriiformes,Laridae,Larus,Lesser black-backed gull,Larus fuscus,,free,Salmonella schwarzengrund,Salmonella enterica subsp. enterica serovar Schwarzengrund   ,Salmonella enterica (non-typhoid),"feces, cloacal swab, intestines",yes,no,,,0,360,,,,NA,,NA,,,,,,"Difficult to tell but datay may be duplicate from (Monaghan et al. 1985, Fricker, Girdwood & Munro, 1983, Fricker & Girdwood, 1984, Fricker,
1983).",,NA,NA,NA,NA,NA,NA,NA,NA,High,3
Girdwood et al.,1985,Girdwood et al. 1985,?yes no longer in print,review,"UK, Scotland",no,Europe,"serology, biochemical,enrich centrifuge, culture plate",Immunologic,NA,NA,,swab variable,Animal,Bird,Charadriiformes,Laridae,Chroicocephalus,Black-headed gull,Larus ridibundus,,free,Salmonella stanley,Salmonella enterica subsp. enterica serovar Stanley,Salmonella enterica (non-typhoid),"feces, cloacal swab, intestines",yes,no,,,0,204,,,,NA,,NA,,,,,,"Difficult to tell but datay may be duplicate from (Monaghan et al. 1985, Fricker, Girdwood & Munro, 1983, Fricker & Girdwood, 1984, Fricker,
1983).",,NA,NA,NA,NA,NA,NA,NA,NA,High,3
Girdwood et al.,1985,Girdwood et al. 1985,?yes no longer in print,review,"UK, Scotland",no,Europe,"serology, biochemical,enrich centrifuge, culture plate",Immunologic,NA,NA,,swab variable,Animal,Bird,Charadriiformes,Laridae,Larus,Herring gull,Larus argentatus,,free,Salmonella stanley,Salmonella enterica subsp. enterica serovar Stanley,Salmonella enterica (non-typhoid),"feces, cloacal swab, intestines",yes,no,,,11,5324,,,,NA,,NA,,,,,,"Difficult to tell but datay may be duplicate from (Monaghan et al. 1985, Fricker, Girdwood & Munro, 1983, Fricker & Girdwood, 1984, Fricker,
1983).",,NA,NA,NA,NA,NA,NA,NA,NA,High,3
Girdwood et al.,1985,Girdwood et al. 1985,?yes no longer in print,review,"UK, Scotland",no,Europe,"serology, biochemical,enrich centrifuge, culture plate",Immunologic,NA,NA,,swab variable,Animal,Bird,Charadriiformes,Laridae,Larus,Lesser black-backed gull,Larus fuscus,,free,Salmonella stanley,Salmonella enterica subsp. enterica serovar Stanley,Salmonella enterica (non-typhoid),"feces, cloacal swab, intestines",yes,no,,,4,360,,,,NA,,NA,,,,,,"Difficult to tell but datay may be duplicate from (Monaghan et al. 1985, Fricker, Girdwood & Munro, 1983, Fricker & Girdwood, 1984, Fricker,
1983).",,NA,NA,NA,NA,NA,NA,NA,NA,High,3
Girdwood et al.,1985,Girdwood et al. 1985,?yes no longer in print,review,"UK, Scotland",no,Europe,"serology, biochemical,enrich centrifuge, culture plate",Immunologic,NA,NA,,swab variable,Animal,Bird,Charadriiformes,Laridae,Chroicocephalus,Black-headed gull,Larus ridibundus,,free,Salmonella thompson,Salmonella enterica subsp. enterica serovar Thompson,Salmonella enterica (non-typhoid),"feces, cloacal swab, intestines",yes,no,,,0,204,,,,NA,,NA,,,,,,"Difficult to tell but datay may be duplicate from (Monaghan et al. 1985, Fricker, Girdwood & Munro, 1983, Fricker & Girdwood, 1984, Fricker,
1983).",,NA,NA,NA,NA,NA,NA,NA,NA,High,3
Girdwood et al.,1985,Girdwood et al. 1985,?yes no longer in print,review,"UK, Scotland",no,Europe,"serology, biochemical,enrich centrifuge, culture plate",Immunologic,NA,NA,,swab variable,Animal,Bird,Charadriiformes,Laridae,Larus,Herring gull,Larus argentatus,,free,Salmonella thompson,Salmonella enterica subsp. enterica serovar Thompson,Salmonella enterica (non-typhoid),"feces, cloacal swab, intestines",yes,no,,,0,5324,,,,NA,,NA,,,,,,"Difficult to tell but datay may be duplicate from (Monaghan et al. 1985, Fricker, Girdwood & Munro, 1983, Fricker & Girdwood, 1984, Fricker,
1983).",,NA,NA,NA,NA,NA,NA,NA,NA,High,3
Girdwood et al.,1985,Girdwood et al. 1985,?yes no longer in print,review,"UK, Scotland",no,Europe,"serology, biochemical,enrich centrifuge, culture plate",Immunologic,NA,NA,,swab variable,Animal,Bird,Charadriiformes,Laridae,Larus,Lesser black-backed gull,Larus fuscus,,free,Salmonella thompson,Salmonella enterica subsp. enterica serovar Thompson,Salmonella enterica (non-typhoid),"feces, cloacal swab, intestines",yes,no,,,1,360,,,,NA,,NA,,,,,,"Difficult to tell but datay may be duplicate from (Monaghan et al. 1985, Fricker, Girdwood & Munro, 1983, Fricker & Girdwood, 1984, Fricker,
1983).",,NA,NA,NA,NA,NA,NA,NA,NA,High,3
Girdwood et al.,1985,Girdwood et al. 1985,?yes no longer in print,review,"UK, Scotland",no,Europe,"serology, biochemical,enrich centrifuge, culture plate",Immunologic,NA,NA,,swab variable,Animal,Bird,Charadriiformes,Laridae,Chroicocephalus,Black-headed gull,Larus ridibundus,,free,Salmonella virchow,Salmonella enterica subsp. enterica serovar Virchow   ,Salmonella enterica (non-typhoid),"feces, cloacal swab, intestines",yes,no,,,1,204,,,,NA,,NA,,,,,,"Difficult to tell but datay may be duplicate from (Monaghan et al. 1985, Fricker, Girdwood & Munro, 1983, Fricker & Girdwood, 1984, Fricker,
1983).",,NA,NA,NA,NA,NA,NA,NA,NA,High,3
Girdwood et al.,1985,Girdwood et al. 1985,?yes no longer in print,review,"UK, Scotland",no,Europe,"serology, biochemical,enrich centrifuge, culture plate",Immunologic,NA,NA,,swab variable,Animal,Bird,Charadriiformes,Laridae,Larus,Herring gull,Larus argentatus,,free,Salmonella virchow,Salmonella enterica subsp. enterica serovar Virchow   ,Salmonella enterica (non-typhoid),"feces, cloacal swab, intestines",yes,no,,,215,5324,,,,NA,,NA,,,,,,"Difficult to tell but datay may be duplicate from (Monaghan et al. 1985, Fricker, Girdwood & Munro, 1983, Fricker & Girdwood, 1984, Fricker,
1983).",,NA,NA,NA,NA,NA,NA,NA,NA,High,3
Girdwood et al.,1985,Girdwood et al. 1985,?yes no longer in print,review,"UK, Scotland",no,Europe,"serology, biochemical,enrich centrifuge, culture plate",Immunologic,NA,NA,,swab variable,Animal,Bird,Charadriiformes,Laridae,Larus,Lesser black-backed gull,Larus fuscus,,free,Salmonella virchow,Salmonella enterica subsp. enterica serovar Virchow   ,Salmonella enterica (non-typhoid),"feces, cloacal swab, intestines",yes,no,,,56,360,,,,NA,,NA,,,,,,"Difficult to tell but datay may be duplicate from (Monaghan et al. 1985, Fricker, Girdwood & Munro, 1983, Fricker & Girdwood, 1984, Fricker,
1983).",,NA,NA,NA,NA,NA,NA,NA,NA,High,3
Girdwood et al.,1985,Girdwood et al. 1985,?yes no longer in print,review,"UK, Scotland",no,Europe,"serology, biochemical,enrich centrifuge, culture plate",Immunologic,NA,NA,,swab variable,Animal,Bird,Charadriiformes,Laridae,Chroicocephalus,Black-headed gull,Larus ridibundus,,free,Salmonella virginia,Salmonella enterica subsp. enterica serovar Virginia   ,Salmonella enterica (non-typhoid),"feces, cloacal swab, intestines",yes,no,,,0,204,,,,NA,,NA,,,,,,"Difficult to tell but datay may be duplicate from (Monaghan et al. 1985, Fricker, Girdwood & Munro, 1983, Fricker & Girdwood, 1984, Fricker,
1983).",,NA,NA,NA,NA,NA,NA,NA,NA,High,3
Girdwood et al.,1985,Girdwood et al. 1985,?yes no longer in print,review,"UK, Scotland",no,Europe,"serology, biochemical,enrich centrifuge, culture plate",Immunologic,NA,NA,,swab variable,Animal,Bird,Charadriiformes,Laridae,Larus,Herring gull,Larus argentatus,,free,Salmonella virginia,Salmonella enterica subsp. enterica serovar Virginia   ,Salmonella enterica (non-typhoid),"feces, cloacal swab, intestines",yes,no,,,1,5324,,,,NA,,NA,,,,,,"Difficult to tell but datay may be duplicate from (Monaghan et al. 1985, Fricker, Girdwood & Munro, 1983, Fricker & Girdwood, 1984, Fricker,
1983).",,NA,NA,NA,NA,NA,NA,NA,NA,High,3
Girdwood et al.,1985,Girdwood et al. 1985,?yes no longer in print,review,"UK, Scotland",no,Europe,"serology, biochemical,enrich centrifuge, culture plate",Immunologic,NA,NA,,swab variable,Animal,Bird,Charadriiformes,Laridae,Larus,Lesser black-backed gull,Larus fuscus,,free,Salmonella virginia,Salmonella enterica subsp. enterica serovar Virginia   ,Salmonella enterica (non-typhoid),"feces, cloacal swab, intestines",yes,no,,,0,360,,,,NA,,NA,,,,,,"Difficult to tell but datay may be duplicate from (Monaghan et al. 1985, Fricker, Girdwood & Munro, 1983, Fricker & Girdwood, 1984, Fricker,
1983).",,NA,NA,NA,NA,NA,NA,NA,NA,High,3
Girdwood et al.,1985,Girdwood et al. 1985,?yes no longer in print,review,"UK, Scotland",no,Europe,"serology, biochemical,enrich centrifuge, culture plate",Immunologic,NA,NA,,swab variable,Animal,Bird,Charadriiformes,Laridae,Chroicocephalus,Black-headed gull,Larus ridibundus,,free,Salmonella enteritidis,Salmonella entericaÿsubsp.ÿentericaÿserovar Enteritidis,Salmonella enterica (non-typhoid),"feces, cloacal swab, intestines",yes,no,,,0,204,,,,NA,,NA,,,,,,"Difficult to tell but datay may be duplicate from (Monaghan et al. 1985, Fricker, Girdwood & Munro, 1983, Fricker & Girdwood, 1984, Fricker,
1983).",,NA,NA,NA,NA,NA,NA,NA,NA,High,3
Girdwood et al.,1985,Girdwood et al. 1985,?yes no longer in print,review,"UK, Scotland",no,Europe,"serology, biochemical,enrich centrifuge, culture plate",Immunologic,NA,NA,,swab variable,Animal,Bird,Charadriiformes,Laridae,Larus,Herring gull,Larus argentatus,,free,Salmonella enteritidis,Salmonella entericaÿsubsp.ÿentericaÿserovar Enteritidis,Salmonella enterica (non-typhoid),"feces, cloacal swab, intestines",yes,no,,,0,5324,,,,NA,,NA,,,,,,"Difficult to tell but datay may be duplicate from (Monaghan et al. 1985, Fricker, Girdwood & Munro, 1983, Fricker & Girdwood, 1984, Fricker,
1983).",,NA,NA,NA,NA,NA,NA,NA,NA,High,3
Girdwood et al.,1985,Girdwood et al. 1985,?yes no longer in print,review,"UK, Scotland",no,Europe,"serology, biochemical,enrich centrifuge, culture plate",Immunologic,NA,NA,,swab variable,Animal,Bird,Charadriiformes,Laridae,Larus,Lesser black-backed gull,Larus fuscus,,free,Salmonella enteritidis,Salmonella entericaÿsubsp.ÿentericaÿserovar Enteritidis,Salmonella enterica (non-typhoid),"feces, cloacal swab, intestines",yes,no,,,1,360,,,,NA,,NA,,,,,,"Difficult to tell but datay may be duplicate from (Monaghan et al. 1985, Fricker, Girdwood & Munro, 1983, Fricker & Girdwood, 1984, Fricker,
1983).",,NA,NA,NA,NA,NA,NA,NA,NA,High,3
Janecko et al.,2015,Janecko et al. 2015,yes,review,"Canada, Nova Scotia, New Minas",no,Northa America,"serotyped (outside laboratories standard methods?)biochemical, culture plate and broth",Immunologic,NA,NA,,NA,Animal,Bird,Passeriformes,Corvidae,Corvus,American crow,Corvus brachyrhynchos,,free,Salmonella agona,Salmonella enterica subsp. enterica serovar Agona,Salmonella enterica (non-typhoid),feces,yes,no,,,1,100,,,,NA,,NA,,,,,,,,NA,NA,NA,NA,NA,NA,NA,NA,High,3
Janecko et al.,2015,Janecko et al. 2015,yes,review,"USA, Kansas, Manhattan",yes,North America,"serotyped (outside laboratories standard methods?)biochemical, culture plate and broth",Immunologic,NA,NA,,NA,Animal,Bird,Passeriformes,Corvidae,Corvus,American crow,Corvus brachyrhynchos,,free,Salmonella agona,Salmonella enterica subsp. enterica serovar Agona,Salmonella enterica (non-typhoid),feces,yes,no,,,1,149,,,,NA,,NA,,,,,,,,NA,NA,NA,NA,NA,NA,NA,NA,High,3
Janecko et al.,2015,Janecko et al. 2015,yes,review,"USA, Kansas, Manhattan",yes,North America,"serotyped (outside laboratories standard methods?)biochemical, culture plate and broth",Immunologic,NA,NA,,NA,Animal,Bird,Passeriformes,Corvidae,Corvus,American crow,Corvus brachyrhynchos,,free,Salmonella altona ,Salmonella enterica subsp. enterica serovar Altona,Salmonella enterica (non-typhoid),feces,yes,no,,,2,149,,,,NA,,NA,,,,,,,,NA,NA,NA,NA,NA,NA,NA,NA,High,3
Janecko et al.,2015,Janecko et al. 2015,yes,review,"USA, Kansas, Manhattan",yes,North America,"serotyped (outside laboratories standard methods?)biochemical, culture plate and broth",Immunologic,NA,NA,,NA,Animal,Bird,Passeriformes,Corvidae,Corvus,American crow,Corvus brachyrhynchos,,free,Salmonella braenderup,Salmonella enterica subsp. enterica serovar Braenderup,Salmonella enterica (non-typhoid),feces,yes,no,,,6,149,,,,NA,,NA,,,,,,,,NA,NA,NA,NA,NA,NA,NA,NA,High,3
Janecko et al.,2015,Janecko et al. 2015,yes,review,"Canada, Ontario, Waterloo",no,Northa America,"serotyped (outside laboratories standard methods?)biochemical, culture plate and broth",Immunologic,NA,NA,,NA,Animal,Bird,Passeriformes,Corvidae,Corvus,American crow,Corvus brachyrhynchos,,free,Salmonella Brandenburg,Salmonella enterica subsp. enterica serovar Brandenburg,Salmonella enterica (non-typhoid),feces,yes,no,,,1,200,,,,NA,,NA,,,,,,,,NA,NA,NA,NA,NA,NA,NA,NA,High,3
Janecko et al.,2015,Janecko et al. 2015,yes,review,"USA, New York, Auburn",yes,North America,"serotyped (outside laboratories standard methods?)biochemical, culture plate and broth",Immunologic,NA,NA,,NA,Animal,Bird,Passeriformes,Corvidae,Corvus,American crow,Corvus brachyrhynchos,,free,Salmonella cerro,Salmonella enterica subsp. enterica serovar Cerro,Salmonella enterica (non-typhoid),feces,yes,no,,,1,43,,,,NA,,NA,,,,,,,,NA,NA,NA,NA,NA,NA,NA,NA,High,3
Janecko et al.,2015,Janecko et al. 2015,yes,review,"Czech Republic, Prerov",no,Europe,"serotyped (outside laboratories standard methods?)biochemical, culture plate and broth",Immunologic,NA,NA,,NA,Animal,Bird,Passeriformes,Corvidae,Corvus,Rook,Corvus frugilegus,,free,Salmonella Hadar,Salmonella enterica subsp. enterica serovar Hadar,Salmonella enterica (non-typhoid),feces,yes,no,,,1,150,,,,NA,,NA,,,,,,,,NA,NA,NA,NA,NA,NA,NA,NA,High,3
Janecko et al.,2015,Janecko et al. 2015,yes,review,"Canada, Nova Scotia, New Minas",no,Northa America,"serotyped (outside laboratories standard methods?)biochemical, culture plate and broth",Immunologic,NA,NA,,NA,Animal,Bird,Passeriformes,Corvidae,Corvus,American crow,Corvus brachyrhynchos,,free,Salmonella Heidelberg,Salmonella enterica subsp. enterica serovar Heidelberg,Salmonella enterica (non-typhoid),feces,yes,no,,,1,100,,,,NA,,NA,,,,,,,,NA,NA,NA,NA,NA,NA,NA,NA,High,3
Janecko et al.,2015,Janecko et al. 2015,yes,review,"Slovakia, Presov",no,Europe,"serotyped (outside laboratories standard methods?)biochemical, culture plate and broth",Immunologic,NA,NA,,NA,Animal,Bird,Passeriformes,Corvidae,Corvus,Common raven,Corvus corax,,free,Salmonella Infantis ,Salmonella enterica subsp. enterica serovar Infantis,Salmonella enterica (non-typhoid),feces,yes,no,,,4,286,,,,NA,,NA,,,,,,,,NA,NA,NA,NA,NA,NA,NA,NA,High,3
Janecko et al.,2015,Janecko et al. 2015,yes,review,"USA, Kansas, Manhattan",yes,North America,"serotyped (outside laboratories standard methods?)biochemical, culture plate and broth",Immunologic,NA,NA,,NA,Animal,Bird,Passeriformes,Corvidae,Corvus,American crow,Corvus brachyrhynchos,,free,Salmonella mbandaka,Salmonella enterica subsp. enterica serovar Mbandaka   ,Salmonella enterica (non-typhoid),feces,yes,no,,,1,149,,,,NA,,NA,,,,,,,,NA,NA,NA,NA,NA,NA,NA,NA,High,3
Janecko et al.,2015,Janecko et al. 2015,yes,review,"USA, Kansas, Manhattan",yes,North America,"serotyped (outside laboratories standard methods?)biochemical, culture plate and broth",Immunologic,NA,NA,,NA,Animal,Bird,Passeriformes,Corvidae,Corvus,American crow,Corvus brachyrhynchos,,free,Salmonella montevideo,Salmonella enterica subsp. enterica serovar Montevideo,Salmonella enterica (non-typhoid),feces,yes,no,,,1,149,,,,NA,,NA,,,,,,,,NA,NA,NA,NA,NA,NA,NA,NA,High,3
Janecko et al.,2015,Janecko et al. 2015,yes,review,"France, Pire sur Seiche",no,Europe,"serotyped (outside laboratories standard methods?)biochemical, culture plate and broth",Immunologic,NA,NA,,NA,Animal,Bird,Passeriformes,Corvidae,Corvus,Rook,Corvus frugilegus,,free,Salmonella montevideo,Salmonella enterica subsp. enterica serovar Montevideo,Salmonella enterica (non-typhoid),feces,yes,no,,,3,31,,,,NA,,NA,,,,,,,,NA,NA,NA,NA,NA,NA,NA,NA,High,3
Janecko et al.,2015,Janecko et al. 2015,yes,review,"USA, Kansas, Manhattan",yes,North America,"serotyped (outside laboratories standard methods?)biochemical, culture plate and broth",Immunologic,NA,NA,,NA,Animal,Bird,Passeriformes,Corvidae,Corvus,American crow,Corvus brachyrhynchos,,free,Salmonella muenchen,Salmonella enterica subsp. enterica serovar Muenchen,Salmonella enterica (non-typhoid),feces,yes,no,,,1,149,,,,NA,,NA,,,,,,,,NA,NA,NA,NA,NA,NA,NA,NA,High,3
Janecko et al.,2015,Janecko et al. 2015,yes,review,"Canada, Nova Scotia, New Minas",no,Northa America,"serotyped (outside laboratories standard methods?)biochemical, culture plate and broth",Immunologic,NA,NA,,NA,Animal,Bird,Passeriformes,Corvidae,Corvus,American crow,Corvus brachyrhynchos,,free,Salmonella newport,Salmonella enterica subsp. enterica serovar Newport,Salmonella enterica (non-typhoid),feces,yes,no,,,1,100,,,,NA,,NA,,,,,,,,NA,NA,NA,NA,NA,NA,NA,NA,High,3
Janecko et al.,2015,Janecko et al. 2015,yes,review,"Czech Republic, Prerov",no,Europe,"serotyped (outside laboratories standard methods?)biochemical, culture plate and broth",Immunologic,NA,NA,,NA,Animal,Bird,Passeriformes,Corvidae,Corvus,Rook,Corvus frugilegus,,free,Salmonella oranienburg,Salmonella enterica subsp. enterica serovar Oranienburg   ,Salmonella enterica (non-typhoid),feces,yes,no,,,1,150,,,,NA,,NA,,,,,,,,NA,NA,NA,NA,NA,NA,NA,NA,High,3
Janecko et al.,2015,Janecko et al. 2015,yes,review,"Spain, La Baneza",no,Europe,"serotyped (outside laboratories standard methods?)biochemical, culture plate and broth",Immunologic,NA,NA,,NA,Animal,Bird,Passeriformes,Corvidae,Corvus,Rook,Corvus frugilegus,,free,Salmonella oranienburg,Salmonella enterica subsp. enterica serovar Oranienburg   ,Salmonella enterica (non-typhoid),feces,yes,no,,,2,150,,,,NA,,NA,,,,,,,,NA,NA,NA,NA,NA,NA,NA,NA,High,3
Janecko et al.,2015,Janecko et al. 2015,yes,review,"Slovakia, Presov",no,Europe,"serotyped (outside laboratories standard methods?)biochemical, culture plate and broth",Immunologic,NA,NA,,NA,Animal,Bird,Passeriformes,Corvidae,Corvus,Common raven,Corvus corax,,free,Salmonella senflenberg,Salmonella enterica subsp. enterica serovar Senftenberg,Salmonella enterica (non-typhoid),feces,yes,no,,,2,286,,,,NA,,NA,,,,,,,,NA,NA,NA,NA,NA,NA,NA,NA,High,3
Janecko et al.,2015,Janecko et al. 2015,yes,review,"Germany, Wilhelmshaven",no,Europe,"serotyped (outside laboratories standard methods?)biochemical, culture plate and broth",Immunologic,NA,NA,,NA,Animal,Bird,Passeriformes,Corvidae,Corvus,Rook,Corvus frugilegus,,free,Salmonella senflenberg,Salmonella enterica subsp. enterica serovar Senftenberg,Salmonella enterica (non-typhoid),feces,yes,no,,,1,100,,,,NA,,NA,,,,,,,,NA,NA,NA,NA,NA,NA,NA,NA,High,3
Janecko et al.,2015,Janecko et al. 2015,yes,review,"Canada, British Columbia, Dawson Creek",no,Northa America,"serotyped (outside laboratories standard methods?)biochemical, culture plate and broth",Immunologic,NA,NA,,NA,Animal,Bird,Passeriformes,Corvidae,Corvus,Common raven,Corvus corax,,free,Salmonella enteritidis,Salmonella entericaÿsubsp.ÿentericaÿserovar Enteritidis,Salmonella enterica (non-typhoid),feces,yes,no,,,1,49,,,,NA,,NA,,,,,,,,NA,NA,NA,NA,NA,NA,NA,NA,High,3
Janecko et al.,2015,Janecko et al. 2015,yes,review,"Slovakia, Presov",no,Europe,"serotyped (outside laboratories standard methods?)biochemical, culture plate and broth",Immunologic,NA,NA,,NA,Animal,Bird,Passeriformes,Corvidae,Corvus,Common raven,Corvus corax,,free,Salmonella enteritidis,Salmonella entericaÿsubsp.ÿentericaÿserovar Enteritidis,Salmonella enterica (non-typhoid),feces,yes,no,,,3,286,,,,NA,,NA,,,,,,,,NA,NA,NA,NA,NA,NA,NA,NA,High,3
Janecko et al.,2015,Janecko et al. 2015,yes,review,"Poland, Gdansk area",no,Europe,"serotyped (outside laboratories standard methods?)biochemical, culture plate and broth",Immunologic,NA,NA,,NA,Animal,Bird,Passeriformes,Corvidae,Corvus,Rook,Corvus frugilegus,,free,Salmonella enteritidis,Salmonella entericaÿsubsp.ÿentericaÿserovar Enteritidis,Salmonella enterica (non-typhoid),feces,yes,no,,,2,150,,,,NA,,NA,,,,,,,,NA,NA,NA,NA,NA,NA,NA,NA,High,3
Kirk et al.,2002,Kirk et al. 2002,yes,review,"USA, California, Kings and Tulare County",yes,North America,"serology, culture, outside lab, standard methods",Immunologic,1 colony,NA,,NA,Animal,Bird,Passeriformes,Icteridae,Euphagus,Brewer's blackbird,,,free,Salmonella meleagridis,Salmonella enterica subsp. enterica serovar Meleagridis   ,Salmonella enterica (non-typhoid),"intestines content, trapped and killed birds",yes,no,,,ND,44,,,,NA,,NA,,,,,,,,NA,NA,NA,NA,NA,NA,NA,NA,Low,1
Kirk et al.,2002,Kirk et al. 2002,yes,review,"USA, California, Kings and Tulare County",yes,North America,"serology, culture, outside lab, standard methods",Immunologic,1 colony,NA,,NA,Animal,Bird,Passeriformes,Icteridae,Molothrus,,,Cowbird (genus),free,Salmonella meleagridis,Salmonella enterica subsp. enterica serovar Meleagridis   ,Salmonella enterica (non-typhoid),"intestines content, trapped and killed birds",yes,no,,,2,95,,,,NA,,NA,,,,,,,,NA,NA,NA,NA,NA,NA,NA,NA,Low,1
Kirk et al.,2002,Kirk et al. 2002,yes,review,"USA, California, Kings and Tulare County",yes,North America,"serology, culture, outside lab, standard methods",Immunologic,1 colony,NA,,NA,Animal,Bird,Passeriformes,Sturnidae,Sturnus,European starling,,,free,Salmonella meleagridis,Salmonella enterica subsp. enterica serovar Meleagridis   ,Salmonella enterica (non-typhoid),"intestines content, trapped and killed birds",yes,no,,,ND,80,,,,NA,,NA,,,,,,,,NA,NA,NA,NA,NA,NA,NA,NA,Low,1
Kirk et al.,2002,Kirk et al. 2002,yes,review,"USA, California, Kings and Tulare County",yes,North America,"serology, culture, outside lab, standard methods",Immunologic,1 colony,NA,,NA,Animal,Bird,Passeriformes,Fringillidae,Haemorhous,House finch,,,free,Salmonella meleagridis,Salmonella enterica subsp. enterica serovar Meleagridis   ,Salmonella enterica (non-typhoid),"intestines content, trapped and killed birds",yes,no,,,ND,61,,,,NA,,NA,,,,,,,,NA,NA,NA,NA,NA,NA,NA,NA,Low,1
Kirk et al.,2002,Kirk et al. 2002,yes,review,"USA, California, Kings and Tulare County",yes,North America,"serology, culture, outside lab, standard methods",Immunologic,1 colony,NA,,NA,Animal,Bird,Passeriformes,Passeridae,Passer,House sparrow,,,free,Salmonella meleagridis,Salmonella enterica subsp. enterica serovar Meleagridis   ,Salmonella enterica (non-typhoid),"intestines content, trapped and killed birds",yes,no,,,6,451,,,,NA,,NA,,,,,,,,NA,NA,NA,NA,NA,NA,NA,NA,Low,1
Kirk et al.,2002,Kirk et al. 2002,yes,review,"USA, California, Kings and Tulare County",yes,North America,"serology, culture, outside lab, standard methods",Immunologic,1 colony,NA,,NA,Animal,Bird,Columbiformes,Columbidae,Columba,Pigeon,,,free,Salmonella meleagridis,Salmonella enterica subsp. enterica serovar Meleagridis   ,Salmonella enterica (non-typhoid),"intestines content, trapped and killed birds",yes,no,,,ND,83,,,,NA,,NA,,,,,,,,NA,NA,NA,NA,NA,NA,NA,NA,Low,1
Kirk et al.,2002,Kirk et al. 2002,yes,review,"USA, California, Kings and Tulare County",yes,North America,"serology, culture, outside lab, standard methods",Immunologic,1 colony,NA,,NA,Animal,Bird,Passeriformes,Icteridae,Agelaius,Red-winged blackbird,,,free,Salmonella meleagridis,Salmonella enterica subsp. enterica serovar Meleagridis   ,Salmonella enterica (non-typhoid),"intestines content, trapped and killed birds",yes,no,,,1,78,,,,NA,,NA,,,,,,,,NA,NA,NA,NA,NA,NA,NA,NA,Low,1
Kirk et al.,2002,Kirk et al. 2002,yes,review,"USA, California, Kings and Tulare County",yes,North America,"serology, culture, outside lab, standard methods",Immunologic,1 colony,NA,,NA,Animal,Bird,Passeriformes,Icteridae,Euphagus,Brewer's blackbird,,,free,Salmonella montevideo,Salmonella enterica subsp. enterica serovar Montevideo,Salmonella enterica (non-typhoid),"intestines content, trapped and killed birds",yes,no,,,ND,44,,,,NA,,NA,,,,,,,,NA,NA,NA,NA,NA,NA,NA,NA,Low,1
Kirk et al.,2002,Kirk et al. 2002,yes,review,"USA, California, Kings and Tulare County",yes,North America,"serology, culture, outside lab, standard methods",Immunologic,1 colony,NA,,NA,Animal,Bird,Passeriformes,Icteridae,Molothrus,,,Cowbird (genus),free,Salmonella montevideo,Salmonella enterica subsp. enterica serovar Montevideo,Salmonella enterica (non-typhoid),"intestines content, trapped and killed birds",yes,no,,,ND,95,,,,NA,,NA,,,,,,,,NA,NA,NA,NA,NA,NA,NA,NA,Low,1
Kirk et al.,2002,Kirk et al. 2002,yes,review,"USA, California, Kings and Tulare County",yes,North America,"serology, culture, outside lab, standard methods",Immunologic,1 colony,NA,,NA,Animal,Bird,Passeriformes,Sturnidae,Sturnus,European starling,,,free,Salmonella montevideo,Salmonella enterica subsp. enterica serovar Montevideo,Salmonella enterica (non-typhoid),"intestines content, trapped and killed birds",yes,no,,,ND,80,,,,NA,,NA,,,,,,,,NA,NA,NA,NA,NA,NA,NA,NA,Low,1
Kirk et al.,2002,Kirk et al. 2002,yes,review,"USA, California, Kings and Tulare County",yes,North America,"serology, culture, outside lab, standard methods",Immunologic,1 colony,NA,,NA,Animal,Bird,Passeriformes,Fringillidae,Haemorhous,House finch,,,free,Salmonella montevideo,Salmonella enterica subsp. enterica serovar Montevideo,Salmonella enterica (non-typhoid),"intestines content, trapped and killed birds",yes,no,,,ND,61,,,,NA,,NA,,,,,,,,NA,NA,NA,NA,NA,NA,NA,NA,Low,1
Kirk et al.,2002,Kirk et al. 2002,yes,review,"USA, California, Kings and Tulare County",yes,North America,"serology, culture, outside lab, standard methods",Immunologic,1 colony,NA,,NA,Animal,Bird,Passeriformes,Passeridae,Passer,House sparrow,,,free,Salmonella montevideo,Salmonella enterica subsp. enterica serovar Montevideo,Salmonella enterica (non-typhoid),"intestines content, trapped and killed birds",yes,no,,,6,451,,,,NA,,NA,,,,,,,,NA,NA,NA,NA,NA,NA,NA,NA,Low,1
Kirk et al.,2002,Kirk et al. 2002,yes,review,"USA, California, Kings and Tulare County",yes,North America,"serology, culture, outside lab, standard methods",Immunologic,1 colony,NA,,NA,Animal,Bird,Columbiformes,Columbidae,Columba,Pigeon,,,free,Salmonella montevideo,Salmonella enterica subsp. enterica serovar Montevideo,Salmonella enterica (non-typhoid),"intestines content, trapped and killed birds",yes,no,,,ND,83,,,,NA,,NA,,,,,,,,NA,NA,NA,NA,NA,NA,NA,NA,Low,1
Kirk et al.,2002,Kirk et al. 2002,yes,review,"USA, California, Kings and Tulare County",yes,North America,"serology, culture, outside lab, standard methods",Immunologic,1 colony,NA,,NA,Animal,Bird,Passeriformes,Icteridae,Agelaius,Red-winged blackbird,,,free,Salmonella montevideo,Salmonella enterica subsp. enterica serovar Montevideo,Salmonella enterica (non-typhoid),"intestines content, trapped and killed birds",yes,no,,,ND,78,,,,NA,,NA,,,,,,,,NA,NA,NA,NA,NA,NA,NA,NA,Low,1
Kirk et al.,2002,Kirk et al. 2002,yes,review,"USA, California, Kings and Tulare County",yes,North America,"serology, culture, outside lab, standard methods",Immunologic,1 colony,NA,,NA,Animal,Bird,Passeriformes,Icteridae,Euphagus,Brewer's blackbird,,,free,Salmonella muenster,Salmonella enterica subsp. enterica serovar Muenster   ,Salmonella enterica (non-typhoid),"intestines content, trapped and killed birds",yes,no,,,1,44,,,,NA,,NA,,,,,,,,NA,NA,NA,NA,NA,NA,NA,NA,Low,1
Kirk et al.,2002,Kirk et al. 2002,yes,review,"USA, California, Kings and Tulare County",yes,North America,"serology, culture, outside lab, standard methods",Immunologic,1 colony,NA,,NA,Animal,Bird,Passeriformes,Icteridae,Molothrus,,,Cowbird (genus),free,Salmonella muenster,Salmonella enterica subsp. enterica serovar Muenster   ,Salmonella enterica (non-typhoid),"intestines content, trapped and killed birds",yes,no,,,1,95,,,,NA,,NA,,,,,,,,NA,NA,NA,NA,NA,NA,NA,NA,Low,1
Kirk et al.,2002,Kirk et al. 2002,yes,review,"USA, California, Kings and Tulare County",yes,North America,"serology, culture, outside lab, standard methods",Immunologic,1 colony,NA,,NA,Animal,Bird,Passeriformes,Sturnidae,Sturnus,European starling,,,free,Salmonella muenster,Salmonella enterica subsp. enterica serovar Muenster   ,Salmonella enterica (non-typhoid),"intestines content, trapped and killed birds",yes,no,,,ND,80,,,,NA,,NA,,,,,,,,NA,NA,NA,NA,NA,NA,NA,NA,Low,1
Kirk et al.,2002,Kirk et al. 2002,yes,review,"USA, California, Kings and Tulare County",yes,North America,"serology, culture, outside lab, standard methods",Immunologic,1 colony,NA,,NA,Animal,Bird,Passeriformes,Fringillidae,Haemorhous,House finch,,,free,Salmonella muenster,Salmonella enterica subsp. enterica serovar Muenster   ,Salmonella enterica (non-typhoid),"intestines content, trapped and killed birds",yes,no,,,ND,61,,,,NA,,NA,,,,,,,,NA,NA,NA,NA,NA,NA,NA,NA,Low,1
Kirk et al.,2002,Kirk et al. 2002,yes,review,"USA, California, Kings and Tulare County",yes,North America,"serology, culture, outside lab, standard methods",Immunologic,1 colony,NA,,NA,Animal,Bird,Passeriformes,Passeridae,Passer,House sparrow,,,free,Salmonella muenster,Salmonella enterica subsp. enterica serovar Muenster   ,Salmonella enterica (non-typhoid),"intestines content, trapped and killed birds",yes,no,,,1,451,,,,NA,,NA,,,,,,,,NA,NA,NA,NA,NA,NA,NA,NA,Low,1
Kirk et al.,2002,Kirk et al. 2002,yes,review,"USA, California, Kings and Tulare County",yes,North America,"serology, culture, outside lab, standard methods",Immunologic,1 colony,NA,,NA,Animal,Bird,Columbiformes,Columbidae,Columba,Pigeon,,,free,Salmonella muenster,Salmonella enterica subsp. enterica serovar Muenster   ,Salmonella enterica (non-typhoid),"intestines content, trapped and killed birds",yes,no,,,ND,83,,,,NA,,NA,,,,,,,,NA,NA,NA,NA,NA,NA,NA,NA,Low,1
Kirk et al.,2002,Kirk et al. 2002,yes,review,"USA, California, Kings and Tulare County",yes,North America,"serology, culture, outside lab, standard methods",Immunologic,1 colony,NA,,NA,Animal,Bird,Passeriformes,Icteridae,Agelaius,Red-winged blackbird,,,free,Salmonella muenster,Salmonella enterica subsp. enterica serovar Muenster   ,Salmonella enterica (non-typhoid),"intestines content, trapped and killed birds",yes,no,,,ND,78,,,,NA,,NA,,,,,,,,NA,NA,NA,NA,NA,NA,NA,NA,Low,1
Kirkpatrick and Colvin,1986,Kirkpatrick and Colvin 1986,yes,review,"USA, New Jersey, southwestern",yes,North America,"slide agglutination, biochemical testing, broth and plate culture",Immunologic,NA,NA,,swab (variable),Animal,Bird,Strigiformes,Tytonidae,Tyto,Common barn-owl,Tyto alba,,free,Salmonella thompson,Salmonella enterica subsp. enterica serovar Thompson,Salmonella enterica (non-typhoid),cloacal swab,yes,no,,,2,94,,,,NA,,NA,,,,,,,,NA,NA,NA,NA,NA,NA,NA,NA,Low,1
Literak et al. ,1992,Literak et al.  1992,yes,review,"Czech Republic, Breclav district, Nove Mlyny waterworks",no,Europe,"Serotyped, culture broth and plate",Immunologic,NA,NA,,variable swab,Animal,Bird,Charadriiformes,Laridae,Chroicocephalus,Black-headed gull,Larus ridibundus,,free,Salmonella abony,Salmonella enterica subsp. enterica serovar Abony   ,Salmonella enterica (non-typhoid),cloacal swab,yes,no,,,1,267,,,,NA,,NA,,,,,,young birds,,NA,NA,NA,NA,NA,NA,NA,NA,Low,1
Literak et al. ,1992,Literak et al.  1992,yes,review,"Czech Republic, Breclav district, Nove Mlyny waterworks",no,Europe,"Serotyped, culture broth and plate",Immunologic,NA,NA,,variable swab,Animal,Bird,Charadriiformes,Laridae,Chroicocephalus,Black-headed gull,Larus ridibundus,,free,Salmonella agona,Salmonella enterica subsp. enterica serovar Agona,Salmonella enterica (non-typhoid),cloacal swab,yes,no,,,5,267,,,,NA,,NA,,,,,,young birds,,NA,NA,NA,NA,NA,NA,NA,NA,Low,1
Literak et al. ,1992,Literak et al.  1992,yes,review,"Czech Republic, Breclav district, Nove Mlyny waterworks",no,Europe,"Serotyped, culture broth and plate",Immunologic,NA,NA,,variable swab,Animal,Bird,Charadriiformes,Laridae,Chroicocephalus,Black-headed gull,Larus ridibundus,,free,Salmonella berta,Salmonella enterica subsp. enterica serovar Berta,Salmonella enterica (non-typhoid),cloacal swab,yes,no,,,2,267,,,,NA,,NA,,,,,,young birds,,NA,NA,NA,NA,NA,NA,NA,NA,Low,1
Literak et al. ,1992,Literak et al.  1992,yes,review,"Czech Republic, Breclav district, Nove Mlyny waterworks",no,Europe,"Serotyped, culture broth and plate",Immunologic,NA,NA,,variable swab,Animal,Bird,Charadriiformes,Laridae,Chroicocephalus,Black-headed gull,Larus ridibundus,,free,Salmonella derby,Salmonella enterica subsp. enterica serovar Derby,Salmonella enterica (non-typhoid),cloacal swab,yes,no,,,13,267,,,,NA,,NA,,,,,,young birds,,NA,NA,NA,NA,NA,NA,NA,NA,Low,1
Literak et al. ,1992,Literak et al.  1992,yes,review,"Czech Republic, Breclav district, Nove Mlyny waterworks",no,Europe,"Serotyped, culture broth and plate",Immunologic,NA,NA,,variable swab,Animal,Bird,Charadriiformes,Laridae,Chroicocephalus,Black-headed gull,Larus ridibundus,,free,Salmonella hadar,Salmonella enterica subsp. enterica serovar Hadar,Salmonella enterica (non-typhoid),cloacal swab,yes,no,,,1,267,,,,NA,,NA,,,,,,young birds,,NA,NA,NA,NA,NA,NA,NA,NA,Low,1
Literak et al. ,1992,Literak et al.  1992,yes,review,"Czech Republic, Breclav district, Nove Mlyny waterworks",no,Europe,"Serotyped, culture broth and plate",Immunologic,NA,NA,,variable swab,Animal,Bird,Charadriiformes,Laridae,Chroicocephalus,Black-headed gull,Larus ridibundus,,free,Salmonella infantis,Salmonella enterica subsp. enterica serovar Infantis,Salmonella enterica (non-typhoid),cloacal swab,yes,no,,,1,267,,,,NA,,NA,,,,,,young birds,,NA,NA,NA,NA,NA,NA,NA,NA,Low,1
Literak et al. ,1992,Literak et al.  1992,yes,review,"Czech Republic, Breclav district, Nove Mlyny waterworks",no,Europe,"Serotyped, culture broth and plate",Immunologic,NA,NA,,variable swab,Animal,Bird,Charadriiformes,Laridae,Chroicocephalus,Black-headed gull,Larus ridibundus,,free,Salmonella montevideo,Salmonella enterica subsp. enterica serovar Montevideo,Salmonella enterica (non-typhoid),cloacal swab,yes,no,,,4,267,,,,NA,,NA,,,,,,young birds,,NA,NA,NA,NA,NA,NA,NA,NA,Low,1
Literak et al. ,1992,Literak et al.  1992,yes,review,"Czech Republic, Breclav district, Nove Mlyny waterworks",no,Europe,"Serotyped, culture broth and plate",Immunologic,NA,NA,,variable swab,Animal,Bird,Charadriiformes,Laridae,Chroicocephalus,Black-headed gull,Larus ridibundus,,free,Salmonella enteritidis,Salmonella entericaÿsubsp.ÿentericaÿserovar Enteritidis,Salmonella enterica (non-typhoid),cloacal swab,yes,no,,,7,267,,,,NA,,NA,,,,,,young birds,,NA,NA,NA,NA,NA,NA,NA,NA,Low,1
Mirzaie et al.,2010,Mirzaie et al. 2010,yes,review,"Iran, Tehran, near industrial poultry house",no,Eastern Mediterranean,"serotype, plate culture",Immunologic,NA,NA,,NA,Animal,Bird,Passeriformes,Passeridae,Passer,House sparrow,,,free,Salmonella montevideo,Salmonella enterica subsp. enterica serovar Montevideo,Salmonella enterica (non-typhoid),"tissue (liver, heart, gastro intestinal tract), captured birds",yes,no,,,1,470,,,,NA,,NA,,,,,,,,NA,NA,NA,NA,NA,NA,NA,NA,Low,1
Monaghan et al.,1985,Monaghan et al. 1985,yes,review,"UK, Scotland, Glasglow",no,Europe,"serology, Culture plate",Immunologic,NA,NA,,swab variable,Animal,Bird,Charadriiformes,Laridae,Larus,Herring gull,Larus argentatus Pontoppi,,free,"Salmonella 4, 12:d","Salmonella enterica subsp. enterica serovar 4,12;d;-   ",Salmonella enterica (non-typhoid),"feces and (clocal swab, instestines content, hunted birds)",yes,no,,,1,3148,,,,NA,,NA,,,,,,,,NA,NA,NA,NA,NA,NA,NA,NA,High,3
Monaghan et al.,1985,Monaghan et al. 1985,yes,review,"UK, Scotland, Glasglow",no,Europe,"serology, Culture plate",Immunologic,NA,NA,,swab variable,Animal,Bird,Charadriiformes,Laridae,Larus,Herring gull,Larus argentatus Pontoppi,,free,"Salmonella 6, 7: r","Salmonella enterica subsp. enterica serovar 6, 7; r",Salmonella enterica (non-typhoid),"feces and (clocal swab, instestines content, hunted birds)",yes,no,,,1,3148,,,,NA,,NA,,,,,,,,NA,NA,NA,NA,NA,NA,NA,NA,High,3
Monaghan et al.,1985,Monaghan et al. 1985,yes,review,"UK, Scotland, Glasglow",no,Europe,"serology, Culture plate",Immunologic,NA,NA,,swab variable,Animal,Bird,Charadriiformes,Laridae,Larus,Herring gull,Larus argentatus Pontoppi,,free,Salmonella agona,Salmonella enterica subsp. enterica serovar Agona,Salmonella enterica (non-typhoid),"feces and (clocal swab, instestines content, hunted birds)",yes,no,,,5,3148,,,,NA,,NA,,,,,,,,NA,NA,NA,NA,NA,NA,NA,NA,High,3
Monaghan et al.,1985,Monaghan et al. 1985,yes,review,"UK, Scotland, Glasglow",no,Europe,"serology, Culture plate",Immunologic,NA,NA,,swab variable,Animal,Bird,Charadriiformes,Laridae,Larus,Herring gull,Larus argentatus Pontoppi,,free,Salmonella anatum,Salmonella enterica subsp. enterica serovar Anatum,Salmonella enterica (non-typhoid),"feces and (clocal swab, instestines content, hunted birds)",yes,no,,,2,3148,,,,NA,,NA,,,,,,,,NA,NA,NA,NA,NA,NA,NA,NA,High,3
Monaghan et al.,1985,Monaghan et al. 1985,yes,review,"UK, Scotland, Glasglow",no,Europe,"serology, Culture plate",Immunologic,NA,NA,,swab variable,Animal,Bird,Charadriiformes,Laridae,Larus,Herring gull,Larus argentatus Pontoppi,,free,Salmonella braendenburg,Salmonella enterica subsp. enterica serovar Brandenburg,Salmonella enterica (non-typhoid),"feces and (clocal swab, instestines content, hunted birds)",yes,no,,,1,3148,,,,NA,,NA,,,,,,,,NA,NA,NA,NA,NA,NA,NA,NA,High,3
Monaghan et al.,1985,Monaghan et al. 1985,yes,review,"UK, Scotland, Glasglow",no,Europe,"serology, Culture plate",Immunologic,NA,NA,,swab variable,Animal,Bird,Charadriiformes,Laridae,Larus,Herring gull,Larus argentatus Pontoppi,,free,Salmonella bredeney,Salmonella enterica subsp. enterica serovar Bredeney,Salmonella enterica (non-typhoid),"feces and (clocal swab, instestines content, hunted birds)",yes,no,,,26,3148,,,,NA,,NA,,,,,,,,NA,NA,NA,NA,NA,NA,NA,NA,High,3
Monaghan et al.,1985,Monaghan et al. 1985,yes,review,"UK, Scotland, Glasglow",no,Europe,"serology, Culture plate",Immunologic,NA,NA,,swab variable,Animal,Bird,Charadriiformes,Laridae,Larus,Herring gull,Larus argentatus Pontoppi,,free,Salmonella haardt,Salmonella enterica subsp. enterica serovar Haardt,Salmonella enterica (non-typhoid),"feces and (clocal swab, instestines content, hunted birds)",yes,no,,,4,3148,,,,NA,,NA,,,,,,,,NA,NA,NA,NA,NA,NA,NA,NA,High,3
Monaghan et al.,1985,Monaghan et al. 1985,yes,review,"UK, Scotland, Glasglow",no,Europe,"serology, Culture plate",Immunologic,NA,NA,,swab variable,Animal,Bird,Charadriiformes,Laridae,Larus,Herring gull,Larus argentatus Pontoppi,,free,Salmonella hadar,Salmonella enterica subsp. enterica serovar Hadar,Salmonella enterica (non-typhoid),"feces and (clocal swab, instestines content, hunted birds)",yes,no,,,6,3148,,,,NA,,NA,,,,,,,,NA,NA,NA,NA,NA,NA,NA,NA,High,3
Monaghan et al.,1985,Monaghan et al. 1985,yes,review,"UK, Scotland, Glasglow",no,Europe,"serology, Culture plate",Immunologic,NA,NA,,swab variable,Animal,Bird,Charadriiformes,Laridae,Larus,Herring gull,Larus argentatus Pontoppi,,free,Salmonella heidelberg,Salmonella enterica subsp. enterica serovar Heidelberg,Salmonella enterica (non-typhoid),"feces and (clocal swab, instestines content, hunted birds)",yes,no,,,2,3148,,,,NA,,NA,,,,,,,,NA,NA,NA,NA,NA,NA,NA,NA,High,3
Monaghan et al.,1985,Monaghan et al. 1985,yes,review,"UK, Scotland, Glasglow",no,Europe,"serology, Culture plate",Immunologic,NA,NA,,swab variable,Animal,Bird,Charadriiformes,Laridae,Larus,Herring gull,Larus argentatus Pontoppi,,free,Salmonella hvittingfoss,Salmonella enterica subsp. enterica serovar Hvittingfoss   ,Salmonella enterica (non-typhoid),"feces and (clocal swab, instestines content, hunted birds)",yes,no,,,1,3148,,,,NA,,NA,,,,,,,,NA,NA,NA,NA,NA,NA,NA,NA,High,3
Monaghan et al.,1985,Monaghan et al. 1985,yes,review,"UK, Scotland, Glasglow",no,Europe,"serology, Culture plate",Immunologic,NA,NA,,swab variable,Animal,Bird,Charadriiformes,Laridae,Larus,Herring gull,Larus argentatus Pontoppi,,free,Salmonella indiana,Salmonella enterica subsp. enterica serovar Indiana,Salmonella enterica (non-typhoid),"feces and (clocal swab, instestines content, hunted birds)",yes,no,,,4,3148,,,,NA,,NA,,,,,,,,NA,NA,NA,NA,NA,NA,NA,NA,High,3
Monaghan et al.,1985,Monaghan et al. 1985,yes,review,"UK, Scotland, Glasglow",no,Europe,"serology, Culture plate",Immunologic,NA,NA,,swab variable,Animal,Bird,Charadriiformes,Laridae,Larus,Herring gull,Larus argentatus Pontoppi,,free,Salmonella infantis,Salmonella enterica subsp. enterica serovar Infantis,Salmonella enterica (non-typhoid),"feces and (clocal swab, instestines content, hunted birds)",yes,no,,,10,3148,,,,NA,,NA,,,,,,,,NA,NA,NA,NA,NA,NA,NA,NA,High,3
Monaghan et al.,1985,Monaghan et al. 1985,yes,review,"UK, Scotland, Glasglow",no,Europe,"serology, Culture plate",Immunologic,NA,NA,,swab variable,Animal,Bird,Charadriiformes,Laridae,Larus,Herring gull,Larus argentatus Pontoppi,,free,Salmonella java,Salmonella enterica subsp. enterica serovar Java   ,Salmonella enterica (non-typhoid),"feces and (clocal swab, instestines content, hunted birds)",yes,no,,,1,3148,,,,NA,,NA,,,,,,,,NA,NA,NA,NA,NA,NA,NA,NA,High,3
Monaghan et al.,1985,Monaghan et al. 1985,yes,review,"UK, Scotland, Glasglow",no,Europe,"serology, Culture plate",Immunologic,NA,NA,,swab variable,Animal,Bird,Charadriiformes,Laridae,Larus,Herring gull,Larus argentatus Pontoppi,,free,Salmonella livingstone,Salmonella enterica subsp. enterica serovar Livingstone,Salmonella enterica (non-typhoid),"feces and (clocal swab, instestines content, hunted birds)",yes,no,,,4,3148,,,,NA,,NA,,,,,,,,NA,NA,NA,NA,NA,NA,NA,NA,High,3
Monaghan et al.,1985,Monaghan et al. 1985,yes,review,"UK, Scotland, Glasglow",no,Europe,"serology, Culture plate",Immunologic,NA,NA,,swab variable,Animal,Bird,Charadriiformes,Laridae,Larus,Herring gull,Larus argentatus Pontoppi,,free,Salmonella mbandaka,Salmonella enterica subsp. enterica serovar Mbandaka   ,Salmonella enterica (non-typhoid),"feces and (clocal swab, instestines content, hunted birds)",yes,no,,,10,3148,,,,NA,,NA,,,,,,,,NA,NA,NA,NA,NA,NA,NA,NA,High,3
Monaghan et al.,1985,Monaghan et al. 1985,yes,review,"UK, Scotland, Glasglow",no,Europe,"serology, Culture plate",Immunologic,NA,NA,,swab variable,Animal,Bird,Charadriiformes,Laridae,Larus,Herring gull,Larus argentatus Pontoppi,,free,Salmonella montevideo,Salmonella enterica subsp. enterica serovar Montevideo,Salmonella enterica (non-typhoid),"feces and (clocal swab, instestines content, hunted birds)",yes,no,,,7,3148,,,,NA,,NA,,,,,,,,NA,NA,NA,NA,NA,NA,NA,NA,High,3
Monaghan et al.,1985,Monaghan et al. 1985,yes,review,"UK, Scotland, Glasglow",no,Europe,"serology, Culture plate",Immunologic,NA,NA,,swab variable,Animal,Bird,Charadriiformes,Laridae,Larus,Herring gull,Larus argentatus Pontoppi,,free,Salmonella newport,Salmonella enterica subsp. enterica serovar Newport,Salmonella enterica (non-typhoid),"feces and (clocal swab, instestines content, hunted birds)",yes,no,,,12,3148,,,,NA,,NA,,,,,,,,NA,NA,NA,NA,NA,NA,NA,NA,High,3
Monaghan et al.,1985,Monaghan et al. 1985,yes,review,"UK, Scotland, Glasglow",no,Europe,"serology, Culture plate",Immunologic,NA,NA,,swab variable,Animal,Bird,Charadriiformes,Laridae,Larus,Herring gull,Larus argentatus Pontoppi,,free,Salmonella panama,Salmonella enterica subsp. enterica serovar Panama,Salmonella enterica (non-typhoid),"feces and (clocal swab, instestines content, hunted birds)",yes,no,,,1,3148,,,,NA,,NA,,,,,,,,NA,NA,NA,NA,NA,NA,NA,NA,High,3
Monaghan et al.,1985,Monaghan et al. 1985,yes,review,"UK, Scotland, Glasglow",no,Europe,"serology, Culture plate",Immunologic,NA,NA,,swab variable,Animal,Bird,Charadriiformes,Laridae,Larus,Herring gull,Larus argentatus Pontoppi,,free,Salmonella saintpaul,Salmonella enterica subsp. enterica serovar Saintpaul,Salmonella enterica (non-typhoid),"feces and (clocal swab, instestines content, hunted birds)",yes,no,,,2,3148,,,,NA,,NA,,,,,,,,NA,NA,NA,NA,NA,NA,NA,NA,High,3
Monaghan et al.,1985,Monaghan et al. 1985,yes,review,"UK, Scotland, Glasglow",no,Europe,"serology, Culture plate",Immunologic,NA,NA,,swab variable,Animal,Bird,Charadriiformes,Laridae,Larus,Herring gull,Larus argentatus Pontoppi,,free,Salmonella schwarzengrund,Salmonella enterica subsp. enterica serovar Schwarzengrund   ,Salmonella enterica (non-typhoid),"feces and (clocal swab, instestines content, hunted birds)",yes,no,,,1,3148,,,,NA,,NA,,,,,,,,NA,NA,NA,NA,NA,NA,NA,NA,High,3
Monaghan et al.,1985,Monaghan et al. 1985,yes,review,"UK, Scotland, Glasglow",no,Europe,"serology, Culture plate",Immunologic,NA,NA,,swab variable,Animal,Bird,Charadriiformes,Laridae,Larus,Herring gull,Larus argentatus Pontoppi,,free,Salmonella stanley,Salmonella enterica subsp. enterica serovar Stanley,Salmonella enterica (non-typhoid),"feces and (clocal swab, instestines content, hunted birds)",yes,no,,,9,3148,,,,NA,,NA,,,,,,,,NA,NA,NA,NA,NA,NA,NA,NA,High,3
Monaghan et al.,1985,Monaghan et al. 1985,yes,review,"UK, Scotland, Glasglow",no,Europe,"serology, Culture plate",Immunologic,NA,NA,,swab variable,Animal,Bird,Charadriiformes,Laridae,Larus,Herring gull,Larus argentatus Pontoppi,,free,Salmonella vircrow,Salmonella enterica subsp. enterica serovar Virchow   ,Salmonella enterica (non-typhoid),"feces and (clocal swab, instestines content, hunted birds)",yes,no,,,186,3148,,,,NA,,NA,,,,,,,,NA,NA,NA,NA,NA,NA,NA,NA,High,3
Palmgren et al.,2000,Palmgren et al. 2000,yes,review,"UK, South Georgia Islands, Bird Island, Jordan Cove/Johnson Cove",no,Antartica,"pulsed-field gel electrophoresis, 50?400 kb (SpeI and XbaI), 50?700 kb (BlnI) , culture broth and plate",Immunologic,NA,NA,,swab (variable),Animal,Bird,Procellariiformes,Diomedeidae,Thalassarche,Black-browed albatross,Thalassarche melanophris,,free,Salmonella newport,Salmonella enterica subsp. enterica serovar Newport,Salmonella enterica (non-typhoid),cloacal swab,yes,no,,,1,40,,,,NA,,NA,,,,,,,,NA,NA,NA,NA,NA,NA,NA,NA,Low,1
Palmgren et al.,2004,Palmgren et al. 2004,yes,review,Sweden,no,Europe,"serotype, (Outside accredited lab Standard Method?), culture broth and plate.",Immunologic,NA,NA,,NA,Animal,Bird,Falconiformes,Falconidae,Falco,Peregrine falcons,Falco peregrinus,,free,Salmonella amager,Salmonella enterica subsp. enterica serovar Amager,Salmonella enterica (non-typhoid),cloacal swab,yes,no,,,2,69,,,,NA,,NA,,,,,,,,NA,NA,NA,NA,NA,NA,NA,NA,Low,1
Radwan and Lampky,1972,Radwan and Lampky 1972,yes,review,"USA, Michigan, Mt. Pleasant",yes,North America,"serotype (National Communicable Disease Center),biochemical, broth enrich, plate culture",Immunologic,NA,NA,,2 gram of intestines,Animal,Bird,Passeriformes,Passerellidae,Spizelloides,American tree sparrow,Spizella arborea,,free,Salmonella albany,Salmonella enterica subsp. enterica serovar Albany,Salmonella enterica (non-typhoid),tissue intestines,yes,no,,,ND,1,,,,NA,,NA,,,,,,,,NA,NA,NA,NA,NA,NA,NA,NA,Low,1
Radwan and Lampky,1972,Radwan and Lampky 1972,yes,review,"USA, Michigan, Mack Lake/Mt. Plesant",yes,North America,"serotype (outside lab National Communicable Disease Center),biochemical, broth enrich, plate culture",Immunologic,NA,NA,,2 gram of intestines,Animal,Bird,Passeriformes,Icteridae,Molothrus,Brown-headed cowbird,Molothrus ater,,free,Salmonella albany,Salmonella enterica subsp. enterica serovar Albany,Salmonella enterica (non-typhoid),tissue intestines,yes,no,,,ND,45,,,,NA,,NA,,,,,,,,NA,NA,NA,NA,NA,NA,NA,NA,Low,1
Radwan and Lampky,1972,Radwan and Lampky 1972,yes,review,"USA, Michigan, Mt. Pleasant",yes,North America,"serotype (National Communicable Disease Center),biochemical, broth enrich, plate culture",Immunologic,NA,NA,,2 gram of intestines,Animal,Bird,Charadriiformes,Laridae,Larus,Herring gull,Larus argentatus,,free,Salmonella albany,Salmonella enterica subsp. enterica serovar Albany,Salmonella enterica (non-typhoid),tissue intestines,yes,no,,,ND,1,,,,NA,,NA,,,,,,,,NA,NA,NA,NA,NA,NA,NA,NA,Low,1
Radwan and Lampky,1972,Radwan and Lampky 1972,yes,review,"USA, Michigan, Mt. Pleasant",yes,North America,"serotype (National Communicable Disease Center),biochemical, broth enrich, plate culture",Immunologic,NA,NA,,2 gram of intestines,Animal,Bird,Passeriformes,Passeridae,Passer,House sparrow,Passer domesticus,,free,Salmonella albany,Salmonella enterica subsp. enterica serovar Albany,Salmonella enterica (non-typhoid),tissue intestines,yes,no,,,ND,1,,,,NA,,NA,,,,,,,,NA,NA,NA,NA,NA,NA,NA,NA,Low,1
Radwan and Lampky,1972,Radwan and Lampky 1972,yes,review,"USA, Michigan, Mt. Pleasant",yes,North America,"serotype (National Communicable Disease Center),biochemical, broth enrich, plate culture",Immunologic,NA,NA,,2 gram of intestines,Animal,Bird,Charadriiformes,Scolopacidae,Tringa,Lesser yellow-legs,Tringa flavipes,,free,Salmonella albany,Salmonella enterica subsp. enterica serovar Albany,Salmonella enterica (non-typhoid),tissue intestines,yes,no,,,1,3,,,,NA,,NA,,,,,,,,NA,NA,NA,NA,NA,NA,NA,NA,Low,1
Radwan and Lampky,1972,Radwan and Lampky 1972,yes,review,"USA, Michigan, Mt. Pleasant",yes,North America,"serotype (National Communicable Disease Center),biochemical, broth enrich, plate culture",Immunologic,NA,NA,,2 gram of intestines,Animal,Bird,Passeriformes,Cardinalidae,Cardinalis,Northern cardinal,Richmondena cardinalis,,free,Salmonella albany,Salmonella enterica subsp. enterica serovar Albany,Salmonella enterica (non-typhoid),tissue intestines,yes,no,,,ND,1,,,,NA,,NA,,,,,,,,NA,NA,NA,NA,NA,NA,NA,NA,Low,1
Radwan and Lampky,1972,Radwan and Lampky 1972,yes,review,"USA, Michigan, Mt. Pleasant",yes,North America,"serotype (National Communicable Disease Center),biochemical, broth enrich, plate culture",Immunologic,NA,NA,,2 gram of intestines,Animal,Bird,Passeriformes,Parulidae,Seiurus,Ovenbird,seiurus aruocapillus,,free,Salmonella albany,Salmonella enterica subsp. enterica serovar Albany,Salmonella enterica (non-typhoid),tissue intestines,yes,no,,,ND,1,,,,NA,,NA,,,,,,,,NA,NA,NA,NA,NA,NA,NA,NA,Low,1
Radwan and Lampky,1972,Radwan and Lampky 1972,yes,review,"USA, Michigan, Alma",yes,North America,"serotype (National Communicable Disease Center),biochemical, broth enrich, plate culture",Immunologic,NA,NA,,2 gram of intestines,Animal,Bird,Passeriformes,Icteridae,Agelaius,Red winged blackbird,Agelaius phoenicieus,,free,Salmonella albany,Salmonella enterica subsp. enterica serovar Albany,Salmonella enterica (non-typhoid),tissue intestines,yes,no,,,ND,3,,,,NA,,NA,,,,,,,,NA,NA,NA,NA,NA,NA,NA,NA,Low,1
Radwan and Lampky,1972,Radwan and Lampky 1972,yes,review,"USA, Michigan, Mt. Pleasant",yes,North America,"serotype (National Communicable Disease Center),biochemical, broth enrich, plate culture",Immunologic,NA,NA,,2 gram of intestines,Animal,Bird,Piciformes,Picidae,Melanerpes,Red-bellied woodpecker,Centurus carolinus,,free,Salmonella albany,Salmonella enterica subsp. enterica serovar Albany,Salmonella enterica (non-typhoid),tissue intestines,yes,no,,,ND,1,,,,NA,,NA,,,,,,,,NA,NA,NA,NA,NA,NA,NA,NA,Low,1
Radwan and Lampky,1972,Radwan and Lampky 1972,yes,review,"USA, Michigan, Grand Rapids",yes,North America,"serotype (National Communicable Disease Center),biochemical, broth enrich, plate culture",Immunologic,NA,NA,,2 gram of intestines,Animal,Bird,Apodiformes,Trochilidae,Archilochus,Ruby-throated hummingbird,Archilochus colubris,,free,Salmonella albany,Salmonella enterica subsp. enterica serovar Albany,Salmonella enterica (non-typhoid),tissue intestines,yes,no,,,ND,1,,,,NA,,NA,,,,,,,,NA,NA,NA,NA,NA,NA,NA,NA,Low,1
Radwan and Lampky,1972,Radwan and Lampky 1972,yes,review,"USA, Michigan, Mt. Pleasant",yes,North America,"serotype (National Communicable Disease Center),biochemical, broth enrich, plate culture",Immunologic,NA,NA,,2 gram of intestines,Animal,Bird,Galliformes,Phasianidae,Bonasa,Ruffed grouse,Bonasa umbellus,,free,Salmonella albany,Salmonella enterica subsp. enterica serovar Albany,Salmonella enterica (non-typhoid),tissue intestines,yes,no,,,ND,1,,,,NA,,NA,,,,,,,,NA,NA,NA,NA,NA,NA,NA,NA,Low,1
Radwan and Lampky,1972,Radwan and Lampky 1972,yes,review,"USA, Michigan, Mt. Pleasant",yes,North America,"serotype (National Communicable Disease Center),biochemical, broth enrich, plate culture",Immunologic,NA,NA,,2 gram of intestines,Animal,Bird,Passeriformes,Passerellidae,Spizelloides,American tree sparrow,Spizella arborea,,free,Salmonella paratyphi A,Salmonella enterica subsp. enterica serovar Paratyphi A,Salmonella enterica (non-typhoid),tissue intestines,yes,no,,,ND,1,,,,NA,,NA,,,,,,,,NA,NA,NA,NA,NA,NA,NA,NA,Low,1
Radwan and Lampky,1972,Radwan and Lampky 1972,yes,review,"USA, Michigan, Mack Lake/Mt. Plesant",yes,North America,"serotype (outside lab National Communicable Disease Center),biochemical, broth enrich, plate culture",Immunologic,NA,NA,,2 gram of intestines,Animal,Bird,Passeriformes,Icteridae,Molothrus,Brown-headed cowbird,Molothrus ater,,free,Salmonella paratyphi A,Salmonella enterica subsp. enterica serovar Paratyphi A,Salmonella enterica (non-typhoid),tissue intestines,yes,no,,,5,45,,,,NA,,NA,,,,,,,,NA,NA,NA,NA,NA,NA,NA,NA,Low,1
Radwan and Lampky,1972,Radwan and Lampky 1972,yes,review,"USA, Michigan, Mt. Pleasant",yes,North America,"serotype (National Communicable Disease Center),biochemical, broth enrich, plate culture",Immunologic,NA,NA,,2 gram of intestines,Animal,Bird,Charadriiformes,Laridae,Larus,Herring gull,Larus argentatus,,free,Salmonella paratyphi A,Salmonella enterica subsp. enterica serovar Paratyphi A,Salmonella enterica (non-typhoid),tissue intestines,yes,no,,,ND,1,,,,NA,,NA,,,,,,,,NA,NA,NA,NA,NA,NA,NA,NA,Low,1
Radwan and Lampky,1972,Radwan and Lampky 1972,yes,review,"USA, Michigan, Mt. Pleasant",yes,North America,"serotype (National Communicable Disease Center),biochemical, broth enrich, plate culture",Immunologic,NA,NA,,2 gram of intestines,Animal,Bird,Passeriformes,Passeridae,Passer,House sparrow,Passer domesticus,,free,Salmonella paratyphi A,Salmonella enterica subsp. enterica serovar Paratyphi A,Salmonella enterica (non-typhoid),tissue intestines,yes,no,,,ND,1,,,,NA,,NA,,,,,,,,NA,NA,NA,NA,NA,NA,NA,NA,Low,1
Radwan and Lampky,1972,Radwan and Lampky 1972,yes,review,"USA, Michigan, Mt. Pleasant",yes,North America,"serotype (National Communicable Disease Center),biochemical, broth enrich, plate culture",Immunologic,NA,NA,,2 gram of intestines,Animal,Bird,Charadriiformes,Scolopacidae,Tringa,Lesser yellow-legs,Tringa flavipes,,free,Salmonella paratyphi A,Salmonella enterica subsp. enterica serovar Paratyphi A,Salmonella enterica (non-typhoid),tissue intestines,yes,no,,,ND,3,,,,NA,,NA,,,,,,,,NA,NA,NA,NA,NA,NA,NA,NA,Low,1
Radwan and Lampky,1972,Radwan and Lampky 1972,yes,review,"USA, Michigan, Mt. Pleasant",yes,North America,"serotype (National Communicable Disease Center),biochemical, broth enrich, plate culture",Immunologic,NA,NA,,2 gram of intestines,Animal,Bird,Passeriformes,Cardinalidae,Cardinalis,Northern cardinal,Richmondena cardinalis,,free,Salmonella paratyphi A,Salmonella enterica subsp. enterica serovar Paratyphi A,Salmonella enterica (non-typhoid),tissue intestines,yes,no,,,ND,1,,,,NA,,NA,,,,,,,,NA,NA,NA,NA,NA,NA,NA,NA,Low,1
Radwan and Lampky,1972,Radwan and Lampky 1972,yes,review,"USA, Michigan, Mt. Pleasant",yes,North America,"serotype (National Communicable Disease Center),biochemical, broth enrich, plate culture",Immunologic,NA,NA,,2 gram of intestines,Animal,Bird,Passeriformes,Parulidae,Seiurus,Ovenbird,seiurus aruocapillus,,free,Salmonella paratyphi A,Salmonella enterica subsp. enterica serovar Paratyphi A,Salmonella enterica (non-typhoid),tissue intestines,yes,no,,,ND,1,,,,NA,,NA,,,,,,,,NA,NA,NA,NA,NA,NA,NA,NA,Low,1
Radwan and Lampky,1972,Radwan and Lampky 1972,yes,review,"USA, Michigan, Alma",yes,North America,"serotype (National Communicable Disease Center),biochemical, broth enrich, plate culture",Immunologic,NA,NA,,2 gram of intestines,Animal,Bird,Passeriformes,Icteridae,Agelaius,Red-winged blackbird,Agelaius phoenicieus,,free,Salmonella paratyphi A,Salmonella enterica subsp. enterica serovar Paratyphi A,Salmonella enterica (non-typhoid),tissue intestines,yes,no,,,ND,3,,,,NA,,NA,,,,,,,,NA,NA,NA,NA,NA,NA,NA,NA,Low,1
Radwan and Lampky,1972,Radwan and Lampky 1972,yes,review,"USA, Michigan, Mt. Pleasant",yes,North America,"serotype (National Communicable Disease Center),biochemical, broth enrich, plate culture",Immunologic,NA,NA,,2 gram of intestines,Animal,Bird,Piciformes,Picidae,Melanerpes,Red-bellied woodpecker,Centurus carolinus,,free,Salmonella paratyphi A,Salmonella enterica subsp. enterica serovar Paratyphi A,Salmonella enterica (non-typhoid),tissue intestines,yes,no,,,ND,1,,,,NA,,NA,,,,,,,,NA,NA,NA,NA,NA,NA,NA,NA,Low,1
Radwan and Lampky,1972,Radwan and Lampky 1972,yes,review,"USA, Michigan, Grand Rapids",yes,North America,"serotype (National Communicable Disease Center),biochemical, broth enrich, plate culture",Immunologic,NA,NA,,2 gram of intestines,Animal,Bird,Apodiformes,Trochilidae,Archilochus,Ruby-throated hummingbird,Archilochus colubris,,free,Salmonella paratyphi A,Salmonella enterica subsp. enterica serovar Paratyphi A,Salmonella enterica (non-typhoid),tissue intestines,yes,no,,,ND,1,,,,NA,,NA,,,,,,,,NA,NA,NA,NA,NA,NA,NA,NA,Low,1
Radwan and Lampky,1972,Radwan and Lampky 1972,yes,review,"USA, Michigan, Mt. Pleasant",yes,North America,"serotype (National Communicable Disease Center),biochemical, broth enrich, plate culture",Immunologic,NA,NA,,2 gram of intestines,Animal,Bird,Galliformes,Phasianidae,Bonasa,Ruffed grouse,Bonasa umbellus,,free,Salmonella paratyphi A,Salmonella enterica subsp. enterica serovar Paratyphi A,Salmonella enterica (non-typhoid),tissue intestines,yes,no,,,ND,1,,,,NA,,NA,,,,,,,,NA,NA,NA,NA,NA,NA,NA,NA,Low,1
Radwan and Lampky,1972,Radwan and Lampky 1972,yes,review,"USA, Michigan, Mt. Pleasant",yes,North America,"serotype (National Communicable Disease Center),biochemical, broth enrich, plate culture",Immunologic,NA,NA,,2 gram of intestines,Animal,Bird,Passeriformes,Passerellidae,Spizelloides,American tree sparrow,Spizella arborea,,free,Salmonella paratyphi B,Salmonella enterica subsp. enterica serovar Paratyphi B,Salmonella enterica (non-typhoid),tissue intestines,yes,no,,,ND,1,,,,NA,,NA,,,,,,,,NA,NA,NA,NA,NA,NA,NA,NA,Low,1
Radwan and Lampky,1972,Radwan and Lampky 1972,yes,review,"USA, Michigan, Mack Lake/Mt. Plesant",yes,North America,"serotype (outside lab National Communicable Disease Center),biochemical, broth enrich, plate culture",Immunologic,NA,NA,,2 gram of intestines,Animal,Bird,Passeriformes,Icteridae,Molothrus,Brown-headed cowbird,Molothrus ater,,free,Salmonella paratyphi B,Salmonella enterica subsp. enterica serovar Paratyphi B,Salmonella enterica (non-typhoid),tissue intestines,yes,no,,,2,45,,,,NA,,NA,,,,,,,,NA,NA,NA,NA,NA,NA,NA,NA,Low,1
Radwan and Lampky,1972,Radwan and Lampky 1972,yes,review,"USA, Michigan, Mt. Pleasant",yes,North America,"serotype (National Communicable Disease Center),biochemical, broth enrich, plate culture",Immunologic,NA,NA,,2 gram of intestines,Animal,Bird,Charadriiformes,Laridae,Larus,Herring gull,Larus argentatus,,free,Salmonella paratyphi B,Salmonella enterica subsp. enterica serovar Paratyphi B,Salmonella enterica (non-typhoid),tissue intestines,yes,no,,,ND,1,,,,NA,,NA,,,,,,,,NA,NA,NA,NA,NA,NA,NA,NA,Low,1
Radwan and Lampky,1972,Radwan and Lampky 1972,yes,review,"USA, Michigan, Mt. Pleasant",yes,North America,"serotype (National Communicable Disease Center),biochemical, broth enrich, plate culture",Immunologic,NA,NA,,2 gram of intestines,Animal,Bird,Passeriformes,Passeridae,Passer,House sparrow,Passer domesticus,,free,Salmonella paratyphi B,Salmonella enterica subsp. enterica serovar Paratyphi B,Salmonella enterica (non-typhoid),tissue intestines,yes,no,,,ND,1,,,,NA,,NA,,,,,,,,NA,NA,NA,NA,NA,NA,NA,NA,Low,1
Radwan and Lampky,1972,Radwan and Lampky 1972,yes,review,"USA, Michigan, Mt. Pleasant",yes,North America,"serotype (National Communicable Disease Center),biochemical, broth enrich, plate culture",Immunologic,NA,NA,,2 gram of intestines,Animal,Bird,Charadriiformes,Scolopacidae,Tringa,Lesser yellow-legs,Tringa flavipes,,free,Salmonella paratyphi B,Salmonella enterica subsp. enterica serovar Paratyphi B,Salmonella enterica (non-typhoid),tissue intestines,yes,no,,,ND,3,,,,NA,,NA,,,,,,,,NA,NA,NA,NA,NA,NA,NA,NA,Low,1
Radwan and Lampky,1972,Radwan and Lampky 1972,yes,review,"USA, Michigan, Mt. Pleasant",yes,North America,"serotype (National Communicable Disease Center),biochemical, broth enrich, plate culture",Immunologic,NA,NA,,2 gram of intestines,Animal,Bird,Passeriformes,Cardinalidae,Cardinalis,Northern cardinal,Richmondena cardinalis,,free,Salmonella paratyphi B,Salmonella enterica subsp. enterica serovar Paratyphi B,Salmonella enterica (non-typhoid),tissue intestines,yes,no,,,ND,1,,,,NA,,NA,,,,,,,,NA,NA,NA,NA,NA,NA,NA,NA,Low,1
Radwan and Lampky,1972,Radwan and Lampky 1972,yes,review,"USA, Michigan, Mt. Pleasant",yes,North America,"serotype (National Communicable Disease Center),biochemical, broth enrich, plate culture",Immunologic,NA,NA,,2 gram of intestines,Animal,Bird,Passeriformes,Parulidae,Seiurus,Ovenbird,seiurus aruocapillus,,free,Salmonella paratyphi B,Salmonella enterica subsp. enterica serovar Paratyphi B,Salmonella enterica (non-typhoid),tissue intestines,yes,no,,,ND,1,,,,NA,,NA,,,,,,,,NA,NA,NA,NA,NA,NA,NA,NA,Low,1
Radwan and Lampky,1972,Radwan and Lampky 1972,yes,review,"USA, Michigan, Alma",yes,North America,"serotype (National Communicable Disease Center),biochemical, broth enrich, plate culture",Immunologic,NA,NA,,2 gram of intestines,Animal,Bird,Passeriformes,Icteridae,Agelaius,Red-winged blackbird,Agelaius phoenicieus,,free,Salmonella paratyphi B,Salmonella enterica subsp. enterica serovar Paratyphi B,Salmonella enterica (non-typhoid),tissue intestines,yes,no,,,ND,3,,,,NA,,NA,,,,,,,,NA,NA,NA,NA,NA,NA,NA,NA,Low,1
Radwan and Lampky,1972,Radwan and Lampky 1972,yes,review,"USA, Michigan, Mt. Pleasant",yes,North America,"serotype (National Communicable Disease Center),biochemical, broth enrich, plate culture",Immunologic,NA,NA,,2 gram of intestines,Animal,Bird,Piciformes,Picidae,Melanerpes,Red-bellied woodpecker,Centurus carolinus,,free,Salmonella paratyphi B,Salmonella enterica subsp. enterica serovar Paratyphi B,Salmonella enterica (non-typhoid),tissue intestines,yes,no,,,ND,1,,,,NA,,NA,,,,,,,,NA,NA,NA,NA,NA,NA,NA,NA,Low,1
Radwan and Lampky,1972,Radwan and Lampky 1972,yes,review,"USA, Michigan, Grand Rapids",yes,North America,"serotype (National Communicable Disease Center),biochemical, broth enrich, plate culture",Immunologic,NA,NA,,2 gram of intestines,Animal,Bird,Apodiformes,Trochilidae,Archilochus,Ruby-throated hummingbird,Archilochus colubris,,free,Salmonella paratyphi B,Salmonella enterica subsp. enterica serovar Paratyphi B,Salmonella enterica (non-typhoid),tissue intestines,yes,no,,,ND,1,,,,NA,,NA,,,,,,,,NA,NA,NA,NA,NA,NA,NA,NA,Low,1
Radwan and Lampky,1972,Radwan and Lampky 1972,yes,review,"USA, Michigan, Mt. Pleasant",yes,North America,"serotype (National Communicable Disease Center),biochemical, broth enrich, plate culture",Immunologic,NA,NA,,2 gram of intestines,Animal,Bird,Galliformes,Phasianidae,Bonasa,Ruffed grouse,Bonasa umbellus,,free,Salmonella paratyphi B,Salmonella enterica subsp. enterica serovar Paratyphi B,Salmonella enterica (non-typhoid),tissue intestines,yes,no,,,ND,1,,,,NA,,NA,,,,,,,,NA,NA,NA,NA,NA,NA,NA,NA,Low,1
Silva et al.,2018,Silva et al. 2018,yes,review,"Brazil, Fernando de Noronha Archipelago",no,South America,"seroagglutination (outside lab National Reference Laboratory for Enterobacterial Infections (LRNEB)), biochemical, culture plate and broth",Immunologic,NA,NA,,=<10 swabs,Animal,Bird,Pelecaniformes,Ardeidae,Bubulcus,Cattle egret,Bubulcus ibis,,free,Salmonella duisburg,Salmonella enterica subsp. enterica serovar Duisburg,Salmonella enterica (non-typhoid),feces,yes,no,,,1,456,0.002211893,,,NA,,NA,,,,,,1,52 composite samples (456 composite samples) (1 infected pools of 10 individuals),NA,NA,NA,NA,NA,NA,NA,NA,Low,1
Silva et al.,2018,Silva et al. 2018,yes,review,"Brazil, Fernando de Noronha Archipelago",no,South America,"seroagglutination (outside lab National Reference Laboratory for Enterobacterial Infections (LRNEB)), biochemical, culture plate and broth",Immunologic,NA,NA,,=<10 swabs,Animal,Bird,Pelecaniformes,Ardeidae,Bubulcus,Cattle egret,Bubulcus ibis,,free,Salmonella newport,Salmonella enterica subsp. enterica serovar Newport,Salmonella enterica (non-typhoid),feces,yes,no,,,1,456,0.002211893,,,NA,,NA,,,,,,,52 composite samples (456  samples) (1 infected pools of 9 individuals),NA,NA,NA,NA,NA,NA,NA,NA,Low,1
Silva et al.,2018,Silva et al. 2018,yes,review,"Brazil, Fernando de Noronha Archipelago",no,South America,"seroagglutination (outside lab National Reference Laboratory for Enterobacterial Infections (LRNEB)), biochemical, culture plate and broth",Immunologic,NA,NA,,=<10 swabs,Animal,Bird,Pelecaniformes,Ardeidae,Bubulcus,Cattle egret,Bubulcus ibis,,free,Salmonella enterica enterica O16:y:? NDa,Salmonella enterica subsp. enterica serovar O16;y;? NDa  ,Salmonella enterica (non-typhoid),feces,yes,no,,,2,456,0.004462551,,,NA,,NA,,,,,,2,52 composite samples (456 composite samples) (2 infected pools of 10 individuals),NA,NA,NA,NA,NA,NA,NA,NA,Low,1
Silva et al.,2018,Silva et al. 2018,yes,review,"Brazil, Fernando de Noronha Archipelago",no,South America,"seroagglutination (outside lab National Reference Laboratory for Enterobacterial Infections (LRNEB)), biochemical, culture plate and broth",Immunologic,NA,NA,,=<10 swabs,Animal,Bird,Pelecaniformes,Ardeidae,Bubulcus,Cattle egret,Bubulcus ibis,,free,Salmonella zega,Salmonella enterica subsp. enterica serovar zega,Salmonella enterica (non-typhoid),feces,yes,no,,,1,456,0.002211893,,,NA,,NA,,,,,,,52 composite samples (456 composite samples) (1 infected pools of 4 individuals),NA,NA,NA,NA,NA,NA,NA,NA,Low,1
Snoeyenbos et al.,1967,Snoeyenbos et al. 1967,yes,review,"USA, Massachusetts, Agawam/New Salem/Amherst",yes,North America,"Identification (standard method), Culture broth/plate",Immunologic,NA,NA,,variable tissue,Animal,Bird,Passeriformes,Sturnidae,Sturnus,European starling,Sternus vulgaris,,free,Salmonella blockley,Salmonella enterica subsp. enterica serovar Blockley,Salmonella enterica (non-typhoid),organ tissue,yes,no,,,4,148,,,,NA,,NA,,,,,,,,NA,NA,NA,NA,NA,NA,NA,NA,Moderate,2
Snoeyenbos et al.,1967,Snoeyenbos et al. 1967,yes,review,"USA, Massachusetts, Muskeget Island, Revere garbage dump",yes,North America,"Identification (standard method), Culture broth/plate",Immunologic,NA,NA,,variable swab,Animal,Bird,Charadriiformes,Laridae,Larus,Herring gull,Larus argentatus,,free,Salmonella blockley,Salmonella enterica subsp. enterica serovar Blockley,Salmonella enterica (non-typhoid),cloacal swab,yes,no,,,1,405,,,,NA,,NA,,,,,,,,NA,NA,NA,NA,NA,NA,NA,NA,Moderate,2
Snoeyenbos et al.,1967,Snoeyenbos et al. 1967,yes,review,"USA, Massachusetts, Muskeget Island, Revere garbage dump",yes,North America,"Identification (standard method), Culture broth/plate",Immunologic,NA,NA,,variable swab,Animal,Bird,Charadriiformes,Laridae,Larus,Herring gull,Larus argentatus,,free,Salmonella braenderup,Salmonella enterica subsp. enterica serovar Braenderup,Salmonella enterica (non-typhoid),cloacal swab,yes,no,,,2,405,,,,NA,,NA,,,,,,,,NA,NA,NA,NA,NA,NA,NA,NA,Moderate,2
Snoeyenbos et al.,1967,Snoeyenbos et al. 1967,yes,review,"USA, Massachusetts, Muskeget Island, Revere garbage dump",yes,North America,"Identification (standard method), Culture broth/plate",Immunologic,NA,NA,,variable swab,Animal,Bird,Charadriiformes,Laridae,Larus,Herring gull,Larus argentatus,,free,Salmonella derby,Salmonella enterica subsp. enterica serovar Derby,Salmonella enterica (non-typhoid),cloacal swab,yes,no,,,1,405,,,,NA,,NA,,,,,,,,NA,NA,NA,NA,NA,NA,NA,NA,Moderate,2
Snoeyenbos et al.,1967,Snoeyenbos et al. 1967,yes,review,"USA, Massachusetts, Muskeget Island, Revere garbage dump",yes,North America,"Identification (standard method), Culture broth/plate",Immunologic,NA,NA,,variable swab,Animal,Bird,Charadriiformes,Laridae,Larus,Herring gull,Larus argentatus,,free,Salmonella heidelberg,Salmonella enterica subsp. enterica serovar Heidelberg,Salmonella enterica (non-typhoid),cloacal swab,yes,no,,,1,405,,,,NA,,NA,,,,,,,,NA,NA,NA,NA,NA,NA,NA,NA,Moderate,2
Snoeyenbos et al.,1967,Snoeyenbos et al. 1967,yes,review,"USA, Massachusetts, Muskeget Island, Revere garbage dump",yes,North America,"Identification (standard method), Culture broth/plate",Immunologic,NA,NA,,variable swab,Animal,Bird,Charadriiformes,Laridae,Larus,Herring gull,Larus argentatus,,free,Salmonella infantis,Salmonella enterica subsp. enterica serovar Infantis,Salmonella enterica (non-typhoid),cloacal swab,yes,no,,,1,405,,,,NA,,NA,,,,,,,,NA,NA,NA,NA,NA,NA,NA,NA,Moderate,2
Snoeyenbos et al.,1967,Snoeyenbos et al. 1967,yes,review,"USA, Massachusetts, Muskeget Island, Revere garbage dump",yes,North America,"Identification (standard method), Culture broth/plate",Immunologic,NA,NA,,variable swab,Animal,Bird,Charadriiformes,Laridae,Larus,Herring gull,Larus argentatus,,free,Salmonella montevideo,Salmonella enterica subsp. enterica serovar Montevideo,Salmonella enterica (non-typhoid),cloacal swab,yes,no,,,1,405,,,,NA,,NA,,,,,,,,NA,NA,NA,NA,NA,NA,NA,NA,Moderate,2
Snoeyenbos et al.,1967,Snoeyenbos et al. 1967,yes,review,"USA, Massachusetts, Muskeget Island, Revere garbage dump",yes,North America,"Identification (standard method), Culture broth/plate",Immunologic,NA,NA,,variable swab,Animal,Bird,Charadriiformes,Laridae,Larus,Herring gull,Larus argentatus,,free,Salmonella munchen,Salmonella enterica subsp. enterica serovar Muenster   ,Salmonella enterica (non-typhoid),cloacal swab,yes,no,,,2,405,,,,NA,,NA,,,,,,,,NA,NA,NA,NA,NA,NA,NA,NA,Moderate,2
Snoeyenbos et al.,1967,Snoeyenbos et al. 1967,yes,review,"USA, Massachusetts, Muskeget Island, Revere garbage dump",yes,North America,"Identification (standard method), Culture broth/plate",Immunologic,NA,NA,,variable swab,Animal,Bird,Charadriiformes,Laridae,Larus,Herring gull,Larus argentatus,,free,Salmonella panama,Salmonella enterica subsp. enterica serovar Panama,Salmonella enterica (non-typhoid),cloacal swab,yes,no,,,1,405,,,,NA,,NA,,,,,,,,NA,NA,NA,NA,NA,NA,NA,NA,Moderate,2
Snoeyenbos et al.,1967,Snoeyenbos et al. 1967,yes,review,"USA, Massachusetts, Agawam/New Salem/Amherst",yes,North America,"Identification (standard method), Culture broth/plate",Immunologic,NA,NA,,variable tissue,Animal,Bird,Passeriformes,Sturnidae,Sturnus,European starling,Sternus vulgaris,,free,Salmonella saintpaul,Salmonella enterica subsp. enterica serovar Saintpaul,Salmonella enterica (non-typhoid),organ tissue,yes,no,,,3,148,,,,NA,,NA,,,,,,,,NA,NA,NA,NA,NA,NA,NA,NA,Moderate,2
Snoeyenbos et al.,1967,Snoeyenbos et al. 1967,yes,review,"USA, Massachusetts, Muskeget Island, Revere garbage dump",yes,North America,"Identification (standard method), Culture broth/plate",Immunologic,NA,NA,,variable swab,Animal,Bird,Charadriiformes,Laridae,Larus,Herring gull,Larus argentatus,,free,Salmonella enteritidis,Salmonella entericaÿsubsp.ÿentericaÿserovar Enteritidis,Salmonella enterica (non-typhoid),cloacal swab,yes,no,,,1,405,,,,NA,,NA,,,,,,,,NA,NA,NA,NA,NA,NA,NA,NA,Moderate,2
Steel et al.,2005,Steel et al. 2005,yes,Google Scholar,"USA, Califirnia/Washington, wildlife rehabilitation centers",yes,North America,"serotyping outside lab (National Animal Disease Laboratory (Ames, Iowa, USA))culture broth and plate",Immunologic,NA,NA,,swab,Animal,Bird,Charadriiformes,Alcidae,,,"Uria aalge, Cerorhinca monocerata","Common murre 26, Rhinoceros auklet 2",free,Salmonella newport,Salmonella enterica subsp. enterica serovar Newport,Salmonella enterica (non-typhoid),cloacal swab,yes,no,,,ND,28,,,,NA,,NA,,,,,,,,NA,NA,NA,NA,NA,NA,NA,NA,Very Low,0
Steel et al.,2005,Steel et al. 2005,yes,Google Scholar,"USA, Califirnia/Washington, wildlife rehabilitation centers",yes,North America,"serotyping outside lab (National Animal Disease Laboratory (Ames, Iowa, USA))culture broth and plate",Immunologic,NA,NA,,swab,Animal,Bird,,,,,"Gavia stellata, Gavia pacifica, Puffinus griseus, Phalacrocorax penicillatus, Mergus serrator","Gavidae, Procellaridae, Phalacrocoracidae, and Anatidae (Red-throated loon 1, Pacific loon 1, Sooty shearwater 1, Brandt?s cormorant 2, Red-breasted merganser 1)",free,Salmonella newport,Salmonella enterica subsp. enterica serovar Newport,Salmonella enterica (non-typhoid),cloacal swab,yes,no,,,ND,6,,,,NA,,NA,,,,,,,,NA,NA,NA,NA,NA,NA,NA,NA,Very Low,0
Steel et al.,2005,Steel et al. 2005,yes,Google Scholar,"USA, Califirnia/Washington, wildlife rehabilitation centers",yes,North America,"serotyping outside lab (National Animal Disease Laboratory (Ames, Iowa, USA))culture broth and plate",Immunologic,NA,NA,,swab,Animal,Bird,Podicipediformes,,,,"Podiceps nigricollis, Podilymbus podiceps, Aechmophorus occidentalis","Podicipedidae (Eared grebe 1, Pied-billed grebe 4, Western grebe 1)",free,Salmonella newport,Salmonella enterica subsp. enterica serovar Newport,Salmonella enterica (non-typhoid),cloacal swab,yes,no,,,ND,6,,,,NA,,NA,,,,,,,,NA,NA,NA,NA,NA,NA,NA,NA,Very Low,0
Steel et al.,2005,Steel et al. 2005,yes,Google Scholar,"USA, Califirnia/Washington, wildlife rehabilitation centers",yes,North America,"serotyping outside lab (National Animal Disease Laboratory (Ames, Iowa, USA))culture broth and plate",Immunologic,NA,NA,,swab,Animal,Bird,Charadriiformes,Laridae,Larus,,"Larus delawarensis, Larus californicus, Larus argentatus, Larus thayeri, Larus occidentalis, Larus glaucescens)","Ring-billed gull 1, California gull 3, Thayer?s gull 3, Western gull 17, Glaucous-winged gull 16, other gull 6",free,Salmonella newport,Salmonella enterica subsp. enterica serovar Newport,Salmonella enterica (non-typhoid),cloacal swab,yes,no,,,1,49,,,,NA,,NA,,,,,,,,NA,NA,NA,NA,NA,NA,NA,NA,Very Low,0
Sulzner et al.,2014,Sulzner et al. 2014,yes,Google Scholar,"USA, California, University of California Landels-Hill Big Creek Reserve/Hopland Research and Extension Center ",yes,North America,"serotyping outside lab (National Animal Disease Laboratory (Ames, Iowa, USA))culture broth and plate",Immunologic,NA,NA,,swab,Animal,Bird,Accipitriformes,Cathartidae,Cathartes,Turkey vulture,Cathartes aura,,free,Salmonella enterica,Salmonella enterica,Salmonella enterica (non-typhoid),Cloacal swab,yes,no,,,11,55,,,,NA,,NA,,,,,,," (Salmonella Anatum, Salmonella Typhimurium, and Salmonella Newport cultured from LHBCRvultures; and Salmonella Give, Salmonella Montevideo, Salmonella Enteritidis, Salmonella Arizonae Type Rough O:i:z, Salmonella Arizonae Type III_18:z4:z23, and Salmonella Arizonae Type III_50:T:z)",NA,NA,NA,NA,NA,NA,NA,NA,Moderate,2
Tanaka et al.,2005,Tanaka et al. 2005,yes,review,Japan,no,Western Pacific,"slide and tube agglutination, culture",Immunologic,NA,NA,,0.5-3 g,Animal,Bird,Columbiformes,Columbidae,Columba,Pigeon,Columba livia,,free,Salmonella cerro,Salmonella enterica subsp. enterica serovar Cerro,Salmonella enterica (non-typhoid),feces (dry and wet),yes,no,,,7,436,,,,NA,,NA,,,,,,total,,NA,NA,NA,NA,NA,NA,NA,NA,High,3
Tizard et al.,2004,Tizard et al. 2004,from review article,article not found,"USA, New Jersey",yes,North America,Review Tizard 2004,Immunologic,Review,Review,,Review,Animal,Bird,,,,,Buteo jamaicensis,Raptors (red tailed hawk),free,Salmonella newport,Salmonella enterica subsp. enterica serovar Newport,Salmonella enterica (non-typhoid),fecal,yes,no,,,1,105,,,,NA,,NA,,,,,,Kirkpatrick and Trexler-Myren,1986,NA,NA,NA,NA,NA,NA,NA,NA,Low,1
Tizard et al.,2004,Tizard et al. 2004,from review article,article not found,"USA, New Jersey",yes,North America,Review Tizard 2004,Immunologic,Review,Review,,Review,Animal,Bird,,,,,Buteo jamaicensis,Raptors (red tailed hawk),free,Salmonella enteritidis,Salmonella entericaÿsubsp.ÿentericaÿserovar Enteritidis,Salmonella enterica (non-typhoid),fecal,yes,no,,,1,105,,,,NA,,NA,,,,,,Kirkpatrick and Trexler-Myren,1986,NA,NA,NA,NA,NA,NA,NA,NA,Low,1
Wilson and MacDonald,1967,Wilson and MacDonald 1967,yes,review,"UK, England",no,Europe,"(outside lab Salmonella Reference Laboratory) standard methods?, culture broth and plate",Immunologic,NA,NA,,NA,Animal,Bird,Charadriiformes,Laridae,Larus,Herring gull,,,free,Salmonella paratyphi B,Salmonella enterica subsp. enterica serovar Paratyphi B,Salmonella enterica (non-typhoid),"intestines content, tissue (liver, lung, lesions), dead bird",yes,no,,,8,1142,,,,NA,,NA,,,,,,,,NA,NA,NA,NA,NA,NA,NA,NA,Very Low,0
Asagi et al.,1967,Asagi et al. 1967,? Journal might be out dated and is in japanese,review,"Japan, Hokkaido, Otaru",no,Western Pacific,"serology, biochemical, culture plate and broth",Immunologic,NA,NA,,NA,Animal,Bird,Passeriformes,Corvidae,Corvus,Carrion crow,Corvus corone orentalis,,free,Salmonella typhimurium copenhagen,Salmonella enterica subsp. enterica serovar Typhimurium var. Copenhagen ,Salmonella enterica (typhoid),cloacal swab,yes,no,,,1,9,,,,NA,,NA,,,,,,,,NA,NA,NA,NA,NA,NA,NA,NA,Low,1
Asagi et al.,1967,Asagi et al. 1967,? Journal might be out dated and is in japanese,review,"Japan, Hokkaido, Otaru",no,Western Pacific,"serology, biochemical, culture plate and broth",Immunologic,NA,NA,,NA,Animal,Bird,Passeriformes,Corvidae,Corvus,Jungle crow,Corvus levaillanitii japonensis,,free,Salmonella typhimurium copenhagen,Salmonella enterica subsp. enterica serovar Typhimurium var. Copenhagen ,Salmonella enterica (typhoid),cloacal swab,yes,no,,,1,21,,,,NA,,NA,,,,,,,,NA,NA,NA,NA,NA,NA,NA,NA,Low,1
Butterfield et al. ,1983,Butterfield et al.  1983,? yes journal is no longer published,review,"UK, Northumberland, Durham, North Yorkshire garbage dump",no,Europe,"agglutination, Culture, lense",Immunologic,NA,NA,,swab variable,Animal,Bird,Charadriiformes,Laridae,Larus,Herring gull,Larus argentatus,,free,Salmonella typhimurium,Salmonella enterica subsp. enterica serovar Typhimurium,Salmonella enterica (typhoid),cloacal swab,yes,no,,,12,1934,,,,NA,,NA,,,,,,,,NA,NA,NA,NA,NA,NA,NA,NA,High,3
Butterfield et al. ,1983,Butterfield et al.  1983,? yes journal is no longer published,review,"UK, Scarborough garbage dump",no,Europe,"agglutination, Culture, lense",Immunologic,NA,NA,,swab variable,Animal,Bird,Charadriiformes,Laridae,Larus,Herring gull,Larus argentatus,,free,Salmonella typhimurium,Salmonella enterica subsp. enterica serovar Typhimurium,Salmonella enterica (typhoid),cloacal swab,yes,no,,,0,124,,,,NA,,NA,,,,,,,,NA,NA,NA,NA,NA,NA,NA,NA,High,3
Butterfield et al. ,1983,Butterfield et al.  1983,? yes journal is no longer published,review,"UK, Scarborough Harbor/Whitby rooftops",no,Europe,"agglutination, Culture, lense",Immunologic,NA,NA,,swab variable,Animal,Bird,Charadriiformes,Laridae,Larus,Herring gull,Larus argentatus,,free,Salmonella typhimurium,Salmonella enterica subsp. enterica serovar Typhimurium,Salmonella enterica (typhoid),cloacal swab,yes,no,,,0,141,,,,NA,,NA,,,,,,,,NA,NA,NA,NA,NA,NA,NA,NA,High,3
Butterfield et al. ,1983,Butterfield et al.  1983,? yes journal is no longer published,review,"UK, Scarborough, Whitby and Staithes rooftop",no,Europe,"agglutination, Culture, lense",Immunologic,NA,NA,,swab variable,Animal,Bird,Charadriiformes,Laridae,Larus,Herring gull,Larus argentatus,,free,Salmonella typhimurium,Salmonella enterica subsp. enterica serovar Typhimurium,Salmonella enterica (typhoid),cloacal swab,yes,no,,,4,227,,,,NA,,NA,,,,,,,,NA,NA,NA,NA,NA,NA,NA,NA,High,3
Butterfield et al. ,1983,Butterfield et al.  1983,? yes journal is no longer published,review,"UK, Scarborough, Whitby and Staithes rooftop",no,Europe,"agglutination, Culture, lense",Immunologic,NA,NA,,swab variable,Animal,Bird,Charadriiformes,Laridae,Larus,Herring gull,Larus argentatus,,free,Salmonella typhimurium,Salmonella enterica subsp. enterica serovar Typhimurium,Salmonella enterica (typhoid),cloacal swab,yes,no,,,0,261,,,,NA,,NA,,,,,,,,NA,NA,NA,NA,NA,NA,NA,NA,High,3
Butterfield et al. ,1983,Butterfield et al.  1983,? yes journal is no longer published,review,"UK, Sunderland rooftop",no,Europe,"agglutination, Culture, lense",Immunologic,NA,NA,,swab variable,Animal,Bird,Charadriiformes,Laridae,Larus,Herring gull,Larus argentatus,,free,Salmonella typhimurium,Salmonella enterica subsp. enterica serovar Typhimurium,Salmonella enterica (typhoid),cloacal swab,yes,no,,,0,99,,,,NA,,NA,,,,,,,,NA,NA,NA,NA,NA,NA,NA,NA,High,3
Casanovas et al.,1995,Casanovas et al. 1995,yes,review,"Spain, Barcelona",no,Europe,"agglutination, biochemical, culture broth and plate",Immunologic,NA,NA,,NA,Animal,Bird,Columbiformes,Columbidae,Columba,Pigeon,Columba livia,,free,Salmonella typhimurium,Salmonella enterica subsp. enterica serovar Typhimurium,Salmonella enterica (typhoid),cloacal swab,yes,no,,,4,400,,,,NA,,NA,,,,,,,,NA,NA,NA,NA,NA,NA,NA,NA,High,3
Cizek et al.,1994,Cizek et al. 1994,yes,review,"Czech Republic, Nymburk, agriculture pond",no,Europe,"serotyping, biochemical, culture broth plate",Immunologic,NA,NA,,variable swab/tissue sample,Animal,Bird,Charadriiformes,Laridae,Chroicocephalus,Black-headed gull,Larus ribibundus,,free,Salmonella typhimurium,Salmonella enterica subsp. enterica serovar Typhimurium,Salmonella enterica (typhoid),"Cloacal swab, feces",yes,no,,,2,96,,,,NA,,NA,,,,,,Young,,NA,NA,NA,NA,NA,NA,NA,NA,Moderate,2
Cizek et al.,1994,Cizek et al. 1994,yes,review,"Czech Republic, farms with calf salmonellosis",no,Europe,"serotyping, biochemical, culture broth plate",Immunologic,NA,NA,,variable swab/tissue sample,Animal,Bird,Passeriformes,Passeridae,Passer,House sparrow,Passer domesticus,,free,Salmonella typhimurium PT 104,Salmonella enterica subsp. enterica serovar Typhimurium ,Salmonella enterica (typhoid),"Cloacal swab,  small intestines content, small intestines, liver, spleen",yes,no,,,7,30,,,,NA,,NA,,,,,,,,NA,NA,NA,NA,NA,NA,NA,NA,Moderate,2
Cizek et al.,1994,Cizek et al. 1994,yes,review,"Czech Republic, farms with calf salmonellosis",no,Europe,"serotyping, biochemical, culture broth plate",Immunologic,NA,NA,,variable swab/tissue sample,Animal,Bird,Passeriformes,Fringillidae,Serinus,European serin,Serinus serinus,,free,Salmonella typhimurium PT 104,Salmonella enterica subsp. enterica serovar Typhimurium ,Salmonella enterica (typhoid),"Cloacal swab,  small intestines content, small intestines, liver, spleen",yes,no,,,1,1,,,,NA,,NA,,,,,,,,NA,NA,NA,NA,NA,NA,NA,NA,Moderate,2
Cizek et al.,1994,Cizek et al. 1994,yes,review,"Czech Republic, farms with no salmonellosis",no,Europe,"serotyping, biochemical, culture broth plate",Immunologic,NA,NA,,variable swab/tissue sample,Animal,Bird,Columbiformes,Columbidae,Columba,Pigeon,Columba livia f. domestica,,free,Salmonella typhimurium copenhagen biotype 27 hi,Salmonella enterica subsp. enterica serovar Typhimurium var. Copenhagen ,Salmonella enterica (typhoid),"Cloacal swab,  small intestines content, small intestines, liver, spleen",yes,no,,,2,432,,,,NA,,NA,,,,,,,,NA,NA,NA,NA,NA,NA,NA,NA,Moderate,2
Cruickshank et al.,1949,Cruickshank et al. 1949,yes,review,"UK, England, London",no,Europe,Standard method? (Central Public Health Laboratory),Immunologic,NA,NA,,NA,Animal,Bird,Columbiformes,Columbidae,Columba,Pigeon,,,domestic and stray,Salmonella typhimurium,Salmonella enterica subsp. enterica serovar Typhimurium,Salmonella enterica (typhoid),feces or rectal swab,yes,no,,,3,133,,,,NA,,NA,,,,,,,,NA,NA,NA,NA,NA,NA,NA,NA,Low,1
Daoust et al. ,2000,Daoust et al.  2000,yes,review,"Canada, Prince Edward Isle, New Foundland, Nova Scotia, Labrador",no,Northa America,"slide agglutination, icroscope, culture broth and plate",Immunologic,NA,NA,,NA,Animal,Bird,Passeriformes,Fringillidae,,,"Passer domesticus, Carduelis pinus, Coccothraustes vespertinus, Carpodacus purpureus, Carduelis tristis","common redpoll, pine siskins, purple finches, evening gosbeak, american gold finch",free,Salmonella typhimurium,Salmonella enterica subsp. enterica serovar Typhimurium,Salmonella enterica (typhoid),"tissue, dead bird",yes,no,,,1,263,,,,NA,,NA,,,,,,epidemic,has break down by species but total numbers don't add up.,NA,NA,NA,NA,NA,NA,NA,NA,Very Low,0
Daoust et al. ,2000,Daoust et al.  2000,yes,review,"Canada, Prince Edward Isle, New Foundland, Nova Scotia, Labrador",no,Northa America,"slide agglutination, icroscope, culture broth and plate",Immunologic,NA,NA,,NA,Animal,Bird,Passeriformes,Fringillidae,,,"Passer domesticus, Carduelis pinus, Coccothraustes vespertinus, Carpodacus purpureus, Carduelis tristis","common redpoll, pine siskins, purple finches, evening gosbeak, american gold finch",free,Salmonella typhimurium PT 40,Salmonella enterica subsp. enterica serovar Typhimurium ,Salmonella enterica (typhoid),"tissue, dead bird",yes,no,,,20,263,,,,NA,,NA,,,,,,epidemic,has break down by species but total numbers don't add up.,NA,NA,NA,NA,NA,NA,NA,NA,Very Low,0
Daoust et al. ,2000,Daoust et al.  2000,yes,review,"Canada, Prince Edward Isle, New Foundland, Nova Scotia, Labrador",no,Northa America,"slide agglutination, icroscope, culture broth and plate",Immunologic,NA,NA,,NA,Animal,Bird,Passeriformes,Fringillidae,,,"Passer domesticus, Carduelis pinus, Coccothraustes vespertinus, Carpodacus purpureus, Carduelis tristis","common redpoll, pine siskins, purple finches, evening gosbeak, american gold finch",free,Salmonella Typhimurium var. copenhagen PT 40,Salmonella enterica subsp. enterica serovar Typhimurium ,Salmonella enterica (typhoid),"tissue, dead bird",yes,no,,,8,263,,,,NA,,NA,,,,,,epidemic,has break down by species but total numbers don't add up.,NA,NA,NA,NA,NA,NA,NA,NA,Very Low,0
de Sousa et al.,2010,de Sousa et al. 2010,yes,Web of Science,"Brazil, Jaboticabal",no,South America,"agglutination, plate and tube culture, lab",Immunologic,NA,NA,,0.1 ml,Animal,Bird,Columbiformes,Columbidae,Columba,Pigeon,Columba livia,,free,Salmonella typhimurium,Salmonella enterica subsp. enterica serovar Typhimurium,Salmonella enterica (typhoid),from posititve salmonella samples,yes,no,,,8,126,,,,NA,,NA,,,,,,,,NA,NA,NA,NA,NA,NA,NA,NA,Low,1
"Dobeic, M.",2003,"Dobeic, M. 2003",yes,review,"Slovenia, Ljubljana",no,Europe,"agglutination test, plate culture",Immunologic,NA,NA,,NA,Animal,Bird,Columbiformes,Columbidae,Columba,Pigeon,Columba livia domestica,,free,Salmonella typhimurium,Salmonella enterica subsp. enterica serovar Typhimurium,Salmonella enterica (typhoid),cloacal swab,yes,no,,,1,293,,,,NA,,NA,,,,,,,,NA,NA,NA,NA,NA,NA,NA,NA,High,3
Faddoul et al.,1966,Faddoul et al. 1966,yes,review,"USA, Massachusetts, Attleboro/Oxford/Auburn/Lynnfield/Oxford/Marion/Agawam, Rhode Island, Little Compton",yes,North America,"Serotype, plate culture standard method",Immunologic,NA,NA,,NA,Animal,Bird,Passeriformes,Icteridae,Molothrus,Brown-headed cowbird,Molothrus ater,,free,Salmonella typhimurium,Salmonella enterica subsp. enterica serovar Typhimurium,Salmonella enterica (typhoid),tissue intestines,yes,no,,,8,12,,,,NA,,NA,,,,,,,,NA,NA,NA,NA,NA,NA,NA,NA,Very Low,0
Faddoul et al.,1966,Faddoul et al. 1966,yes,review,"USA, Massachusetts, Attleboro/Danvers/Dartmouth",yes,North America,"Serotype, plate culture standard method",Immunologic,NA,NA,,NA,Animal,Bird,Psittaciformes,,,,Passer domesticus/zonotrichia albicollis,Passerellidae (family),free,Salmonella typhimurium,Salmonella enterica subsp. enterica serovar Typhimurium,Salmonella enterica (typhoid),tissue intestines,yes,no,,,3,14,,,,NA,,NA,,,,,,,,NA,NA,NA,NA,NA,NA,NA,NA,Very Low,0
Fenlon et al.,1981,Fenlon et al. 1981,? yes journal is no longer published,review,"UK, Scotland, Aberdeen, Sewage outfall",no,Europe,"serotype, antibiotic resistance",Immunologic,NA,NA,,NA,Animal,Bird,Charadriiformes,Laridae,Larus,,Larus spp.,Gull (genus),free,Salmonella typhimurium,Salmonella enterica subsp. enterica serovar Typhimurium,Salmonella enterica (typhoid),feces (from 160 positive samples),yes,no,,,16,1242,,,,NA,,NA,,,,,,,,NA,NA,NA,NA,NA,NA,NA,NA,Low,1
Fenlon et al.,1983,Fenlon et al. 1983,? yes journal is no longer published,review,"UK, Scotland, Aberdeen, sewage treatment plant.",no,Europe,serotyped by Scottish Salmonella Reference Laboratory,Immunologic,NA,NA,,NA,Animal,Bird,Charadriiformes,Laridae,Larus,,Larus spp.,Gull (genus),free,Salmonella typhimurium phage type 110,Salmonella enterica subsp. enterica serovar Typhimurium ,Salmonella enterica (typhoid),feces,yes,no,,,1,20,,,,NA,,NA,,,,,,,,NA,NA,NA,NA,NA,NA,NA,NA,Very Low,0
Fenlon et al.,1983,Fenlon et al. 1983,? yes journal is no longer published,review,"UK, Scotland, Aberdeen, sewage treatment plant.",no,Europe,serotyped by Scottish Salmonella Reference Laboratory,Immunologic,NA,NA,,NA,Animal,Bird,Charadriiformes,Laridae,Larus,,Larus spp.,Gull (genus),free,Salmonella typhimurium phage type 40,Salmonella enterica subsp. enterica serovar Typhimurium ,Salmonella enterica (typhoid),feces,yes,no,,,2,20,,,,NA,,NA,,,,,,,,NA,NA,NA,NA,NA,NA,NA,NA,Very Low,0
Ferns et al. ,2000,Ferns et al.  2000,yes,review,"England, South England, South Wales, near sewer outfalls",no,Europe,"Sent to Lab Veterinary Investigation Centres, Bird counts",Immunologic,NA,NA,,NA,Animal,Bird,Charadriiformes,Laridae,Chroicocephalus,Black-headed gull,Larus ribibundus,,free,Salmonella typhimurium,Salmonella enterica subsp. enterica serovar Typhimurium,Salmonella enterica (typhoid),feces,yes,no,,,10,780,,,,NA,,NA,,,,,,Salmonella occurred more often during the breeding season than the winter.,Other gull types were counted but not sampled,NA,NA,NA,NA,NA,NA,NA,NA,High,3
Fricker,1984,Fricker 1984,yes,review,"UK, Scotland, Glasglow, sewage treatment plant",no,Europe,"serology, Biochemical, enrich centrifuge, culture tube/plate",Immunologic,NA,NA,,NA,Animal,Bird,Charadriiformes,Laridae,Chroicocephalus,Black-headed gull,Larus ribibundus,,free,Salmonella typhimurium,Salmonella enterica subsp. enterica serovar Typhimurium,Salmonella enterica (typhoid),feces,yes,no,,,16,1080,,,,NA,,NA,,,,,,,,NA,NA,NA,NA,NA,NA,NA,NA,Low,1
Georgiades and Iordanidis,2002,Georgiades and Iordanidis 2002,yes,review,"Greece, Thessalonica",no,Europe,"agglutination test, biochemical, plate culture",Immunologic,NA,NA,,NA,Animal,Bird,Passeriformes,Fringillidae,,,,Canary (family),?,Salmonella typhimurium,Salmonella enterica subsp. enterica serovar Typhimurium,Salmonella enterica (typhoid),"tissue (liver, spleen)",yes,no,,,30,182,,,,NA,,NA,,,,,,,,NA,NA,NA,NA,NA,NA,NA,NA,Moderate,2
Georgiades and Iordanidis,2002,Georgiades and Iordanidis 2002,yes,review,"Greece, Thessalonica",no,Europe,"agglutination test, biochemical, plate culture",Immunologic,NA,NA,,NA,Animal,Bird,Psittaciformes,,,,,Pisittacines,?,Salmonella typhimurium,Salmonella enterica subsp. enterica serovar Typhimurium,Salmonella enterica (typhoid),"tissue (liver, spleen)",yes,no,,,ND,71,,,,NA,,NA,,,,,,,,NA,NA,NA,NA,NA,NA,NA,NA,Moderate,2
Georgiades and Iordanidis,2002,Georgiades and Iordanidis 2002,yes,review,"Greece, Thessalonica",no,Europe,"agglutination test, biochemical, plate culture",Immunologic,NA,NA,,NA,Animal,Bird,Columbiformes,Columbidae,Columba,Pigeon,,,?,Salmonella typhimurium,Salmonella enterica subsp. enterica serovar Typhimurium,Salmonella enterica (typhoid),"tissue (liver, spleen)",yes,no,,,40,618,,,,NA,,NA,,,,,,,,NA,NA,NA,NA,NA,NA,NA,NA,Moderate,2
Girdwood et al.,1985,Girdwood et al. 1985,?yes no longer in print,review,"UK, Scotland",no,Europe,"serology, biochemical,enrich centrifuge, culture plate",Immunologic,NA,NA,,swab variable,Animal,Bird,Charadriiformes,Laridae,Chroicocephalus,Black-headed gull,Larus ridibundus,,free,Salmonella typhimurium,Salmonella enterica subsp. enterica serovar Typhimurium,Salmonella enterica (typhoid),"feces, cloacal swab, intestines",yes,no,,,5,204,,,,NA,,NA,,,,,,"Difficult to tell but datay may be duplicate from (Monaghan et al. 1985, Fricker, Girdwood & Munro, 1983, Fricker & Girdwood, 1984, Fricker,
1983).",,NA,NA,NA,NA,NA,NA,NA,NA,High,3
Girdwood et al.,1985,Girdwood et al. 1985,?yes no longer in print,review,"UK, Scotland",no,Europe,"serology, biochemical,enrich centrifuge, culture plate",Immunologic,NA,NA,,swab variable,Animal,Bird,Charadriiformes,Laridae,Larus,Herring gull,Larus argentatus,,free,Salmonella typhimurium,Salmonella enterica subsp. enterica serovar Typhimurium,Salmonella enterica (typhoid),"feces, cloacal swab, intestines",yes,no,,,124,5324,,,,NA,,NA,,,,,,"Difficult to tell but datay may be duplicate from (Monaghan et al. 1985, Fricker, Girdwood & Munro, 1983, Fricker & Girdwood, 1984, Fricker,
1983).",,NA,NA,NA,NA,NA,NA,NA,NA,High,3
Girdwood et al.,1985,Girdwood et al. 1985,?yes no longer in print,review,"UK, Scotland",no,Europe,"serology, biochemical,enrich centrifuge, culture plate",Immunologic,NA,NA,,swab variable,Animal,Bird,Charadriiformes,Laridae,Larus,Lesser black-backed gull,Larus fuscus,,free,Salmonella typhimurium,Salmonella enterica subsp. enterica serovar Typhimurium,Salmonella enterica (typhoid),"feces, cloacal swab, intestines",yes,no,,,51,360,,,,NA,,NA,,,,,,"Difficult to tell but datay may be duplicate from (Monaghan et al. 1985, Fricker, Girdwood & Munro, 1983, Fricker & Girdwood, 1984, Fricker,
1983).",,NA,NA,NA,NA,NA,NA,NA,NA,High,3
Janecko et al.,2015,Janecko et al. 2015,yes,review,"Czech Republic, Usti nad Labem",no,Europe,"serotyped (outside laboratories standard methods?)biochemical, culture plate and broth",Immunologic,NA,NA,,NA,Animal,Bird,Passeriformes,Corvidae,Corvus,Common raven,Corvus corax,,free,Salmonella typhimurium,Salmonella enterica subsp. enterica serovar Typhimurium,Salmonella enterica (typhoid),feces,yes,no,,,2,375,,,,NA,,NA,,,,,,,,NA,NA,NA,NA,NA,NA,NA,NA,High,3
Janecko et al.,2015,Janecko et al. 2015,yes,review,"Canada, Ontario, Waterloo",no,Northa America,"serotyped (outside laboratories standard methods?)biochemical, culture plate and broth",Immunologic,NA,NA,,NA,Animal,Bird,Passeriformes,Corvidae,Corvus,American crow,Corvus brachyrhynchos,,free,Salmonella typhimurium,Salmonella enterica subsp. enterica serovar Typhimurium,Salmonella enterica (typhoid),feces,yes,no,,,2,200,,,,NA,,NA,,,,,,,,NA,NA,NA,NA,NA,NA,NA,NA,High,3
Janecko et al.,2015,Janecko et al. 2015,yes,review,"Canada, Ontario, Waterloo",no,Northa America,"serotyped (outside laboratories standard methods?)biochemical, culture plate and broth",Immunologic,NA,NA,,NA,Animal,Bird,Passeriformes,Corvidae,Corvus,American crow,Corvus brachyrhynchos,,free,Salmonella typhimurium copenhagen,Salmonella enterica subsp. enterica serovar Typhimurium var. Copenhagen ,Salmonella enterica (typhoid),feces,yes,no,,,1,200,,,,NA,,NA,,,,,,,,NA,NA,NA,NA,NA,NA,NA,NA,High,3
Kirk et al.,2002,Kirk et al. 2002,yes,review,"USA, California, Kings and Tulare County",yes,North America,"serology, culture, outside lab, standard methods",Immunologic,1 colony,NA,,NA,Animal,Bird,Passeriformes,Icteridae,Euphagus,Brewer's blackbird,,,free,Salmonella typhimurium,Salmonella enterica subsp. enterica serovar Typhimurium,Salmonella enterica (typhoid),"intestines content, trapped and killed birds",yes,no,,,ND,44,,,,NA,,NA,,,,,,,,NA,NA,NA,NA,NA,NA,NA,NA,Low,1
Kirk et al.,2002,Kirk et al. 2002,yes,review,"USA, California, Kings and Tulare County",yes,North America,"serology, culture, outside lab, standard methods",Immunologic,1 colony,NA,,NA,Animal,Bird,Passeriformes,Icteridae,Molothrus,,,Cowbird (genus),free,Salmonella typhimurium,Salmonella enterica subsp. enterica serovar Typhimurium,Salmonella enterica (typhoid),"intestines content, trapped and killed birds",yes,no,,,ND,95,,,,NA,,NA,,,,,,,,NA,NA,NA,NA,NA,NA,NA,NA,Low,1
Kirk et al.,2002,Kirk et al. 2002,yes,review,"USA, California, Kings and Tulare County",yes,North America,"serology, culture, outside lab, standard methods",Immunologic,1 colony,NA,,NA,Animal,Bird,Passeriformes,Sturnidae,Sturnus,European starling,,,free,Salmonella typhimurium,Salmonella enterica subsp. enterica serovar Typhimurium,Salmonella enterica (typhoid),"intestines content, trapped and killed birds",yes,no,,,1,80,,,,NA,,NA,,,,,,,,NA,NA,NA,NA,NA,NA,NA,NA,Low,1
Kirk et al.,2002,Kirk et al. 2002,yes,review,"USA, California, Kings and Tulare County",yes,North America,"serology, culture, outside lab, standard methods",Immunologic,1 colony,NA,,NA,Animal,Bird,Passeriformes,Fringillidae,Haemorhous,House finch,,,free,Salmonella typhimurium,Salmonella enterica subsp. enterica serovar Typhimurium,Salmonella enterica (typhoid),"intestines content, trapped and killed birds",yes,no,,,ND,61,,,,NA,,NA,,,,,,,,NA,NA,NA,NA,NA,NA,NA,NA,Low,1
Kirk et al.,2002,Kirk et al. 2002,yes,review,"USA, California, Kings and Tulare County",yes,North America,"serology, culture, outside lab, standard methods",Immunologic,1 colony,NA,,NA,Animal,Bird,Passeriformes,Passeridae,Passer,House sparrow,,,free,Salmonella typhimurium,Salmonella enterica subsp. enterica serovar Typhimurium,Salmonella enterica (typhoid),"intestines content, trapped and killed birds",yes,no,,,ND,451,,,,NA,,NA,,,,,,,,NA,NA,NA,NA,NA,NA,NA,NA,Low,1
Kirk et al.,2002,Kirk et al. 2002,yes,review,"USA, California, Kings and Tulare County",yes,North America,"serology, culture, outside lab, standard methods",Immunologic,1 colony,NA,,NA,Animal,Bird,Columbiformes,Columbidae,Columba,Pigeon,,,free,Salmonella typhimurium,Salmonella enterica subsp. enterica serovar Typhimurium,Salmonella enterica (typhoid),"intestines content, trapped and killed birds",yes,no,,,1,83,,,,NA,,NA,,,,,,,,NA,NA,NA,NA,NA,NA,NA,NA,Low,1
Kirk et al.,2002,Kirk et al. 2002,yes,review,"USA, California, Kings and Tulare County",yes,North America,"serology, culture, outside lab, standard methods",Immunologic,1 colony,NA,,NA,Animal,Bird,Passeriformes,Icteridae,Agelaius,Red-winged blackbird,,,free,Salmonella typhimurium,Salmonella enterica subsp. enterica serovar Typhimurium,Salmonella enterica (typhoid),"intestines content, trapped and killed birds",yes,no,,,ND,78,,,,NA,,NA,,,,,,,,NA,NA,NA,NA,NA,NA,NA,NA,Low,1
Kirkpatrick and Colvin,1986,Kirkpatrick and Colvin 1986,yes,review,"USA, New Jersey, southwestern",yes,North America,"slide agglutination, biochemical testing, broth and plate culture",Immunologic,NA,NA,,swab (variable),Animal,Bird,Strigiformes,Tytonidae,Tyto,Common barn-owl,Tyto alba,,free,Salmonella typhimurium,Salmonella enterica subsp. enterica serovar Typhimurium,Salmonella enterica (typhoid),cloacal swab,yes,no,,,5,94,,,,NA,,NA,,,,,,,,NA,NA,NA,NA,NA,NA,NA,NA,Low,1
Literak et al. ,1992,Literak et al.  1992,yes,review,"Czech Republic, Breclav district, Nove Mlyny waterworks",no,Europe,"Serotyped, culture broth and plate",Immunologic,NA,NA,,variable swab,Animal,Bird,Charadriiformes,Laridae,Chroicocephalus,Black-headed gull,Larus ridibundus,,free,Salmonella typhimurium,Salmonella enterica subsp. enterica serovar Typhimurium,Salmonella enterica (typhoid),cloacal swab,yes,no,,,48,267,,,,NA,,NA,,,,,,young birds,,NA,NA,NA,NA,NA,NA,NA,NA,Low,1
Meteyer et al.,1997,Meteyer et al. 1997,yes,review,"USA, Minnesota/North Dakota/Lake Michigan/Lake Huron ",yes,North America,"serotyping, biochemical, API 20E, outside lab, culture plate and broth",Immunologic,NA,NA,,NA,Animal,Bird,Suliformes,Phalacrocoracidae,Phalacrocorax,Double-crested cormorant,Phalacrocorax auritus,,free,Salmonella typhimurium copenhagen,Salmonella enterica subsp. enterica serovar Typhimurium var. Copenhagen ,Salmonella enterica (typhoid),dead bird tissue (liver),yes,no,,,20,72,,,,NA,,NA,,,,,,,,NA,NA,NA,NA,NA,NA,NA,NA,Very Low,0
Monaghan et al.,1985,Monaghan et al. 1985,yes,review,"UK, Scotland, Glasglow",no,Europe,"serology, Culture plate",Immunologic,NA,NA,,swab variable,Animal,Bird,Charadriiformes,Laridae,Larus,Herring gull,Larus argentatus Pontoppi,,free,Salmonella typhimurium,Salmonella enterica subsp. enterica serovar Typhimurium,Salmonella enterica (typhoid),"feces and (clocal swab, instestines content, hunted birds)",yes,no,,,90,3148,,,,NA,,NA,,,,,,,,NA,NA,NA,NA,NA,NA,NA,NA,High,3
Moriarty et al.,2011,Moriarty et al. 2011,from review article,article not found,"Czech Republic, Moravia, Hodonin",no,Europe,Review Moriarty 2011,Immunologic,,,,,Animal,Bird,Charadriiformes,Laridae,Chroicocephalus,Black-headed gull,Larus ridibundus,,free,Salmonella typhimurium,Salmonella enterica subsp. enterica serovar Typhimurium,Salmonella enterica (typhoid),clocal swab,yes,no,,,21,41,,,,NA,,NA,,,,,,Sixl et al.,1997,NA,NA,NA,NA,NA,NA,NA,NA,Moderate,2
Radwan and Lampky,1972,Radwan and Lampky 1972,yes,review,"USA, Michigan, Mt. Pleasant",yes,North America,"serotype (National Communicable Disease Center),biochemical, broth enrich, plate culture",Immunologic,NA,NA,,2 gram of intestines,Animal,Bird,Passeriformes,Passerellidae,Spizelloides,American tree sparrow,Spizella arborea,,free,Salmonella typhimurium,Salmonella enterica subsp. enterica serovar Typhimurium,Salmonella enterica (typhoid),tissue intestines,yes,no,,,ND,1,,,,NA,,NA,,,,,,,,NA,NA,NA,NA,NA,NA,NA,NA,Low,1
Radwan and Lampky,1972,Radwan and Lampky 1972,yes,review,"USA, Michigan, Mack Lake/Mt. Plesant",yes,North America,"serotype (outside lab National Communicable Disease Center),biochemical, broth enrich, plate culture",Immunologic,NA,NA,,2 gram of intestines,Animal,Bird,Passeriformes,Icteridae,Molothrus,Brown-headed cowbird,Molothrus ater,,free,Salmonella typhimurium,Salmonella enterica subsp. enterica serovar Typhimurium,Salmonella enterica (typhoid),tissue intestines,yes,no,,,4,45,,,,NA,,NA,,,,,,,,NA,NA,NA,NA,NA,NA,NA,NA,Low,1
Radwan and Lampky,1972,Radwan and Lampky 1972,yes,review,"USA, Michigan, Mt. Pleasant",yes,North America,"serotype (National Communicable Disease Center),biochemical, broth enrich, plate culture",Immunologic,NA,NA,,2 gram of intestines,Animal,Bird,Charadriiformes,Laridae,Larus,Herring gull,Larus argentatus,,free,Salmonella typhimurium,Salmonella enterica subsp. enterica serovar Typhimurium,Salmonella enterica (typhoid),tissue intestines,yes,no,,,1,1,,,,NA,,NA,,,,,,,,NA,NA,NA,NA,NA,NA,NA,NA,Low,1
Radwan and Lampky,1972,Radwan and Lampky 1972,yes,review,"USA, Michigan, Mt. Pleasant",yes,North America,"serotype (National Communicable Disease Center),biochemical, broth enrich, plate culture",Immunologic,NA,NA,,2 gram of intestines,Animal,Bird,Passeriformes,Passeridae,Passer,House sparrow,Passer domesticus,,free,Salmonella typhimurium,Salmonella enterica subsp. enterica serovar Typhimurium,Salmonella enterica (typhoid),tissue intestines,yes,no,,,ND,1,,,,NA,,NA,,,,,,,,NA,NA,NA,NA,NA,NA,NA,NA,Low,1
Radwan and Lampky,1972,Radwan and Lampky 1972,yes,review,"USA, Michigan, Mt. Pleasant",yes,North America,"serotype (National Communicable Disease Center),biochemical, broth enrich, plate culture",Immunologic,NA,NA,,2 gram of intestines,Animal,Bird,Charadriiformes,Scolopacidae,Tringa,Lesser yellow-legs,Tringa flavipes,,free,Salmonella typhimurium,Salmonella enterica subsp. enterica serovar Typhimurium,Salmonella enterica (typhoid),tissue intestines,yes,no,,,ND,3,,,,NA,,NA,,,,,,,,NA,NA,NA,NA,NA,NA,NA,NA,Low,1
Radwan and Lampky,1972,Radwan and Lampky 1972,yes,review,"USA, Michigan, Mt. Pleasant",yes,North America,"serotype (National Communicable Disease Center),biochemical, broth enrich, plate culture",Immunologic,NA,NA,,2 gram of intestines,Animal,Bird,Passeriformes,Cardinalidae,Cardinalis,Northern cardinal,Richmondena cardinalis,,free,Salmonella typhimurium,Salmonella enterica subsp. enterica serovar Typhimurium,Salmonella enterica (typhoid),tissue intestines,yes,no,,,ND,1,,,,NA,,NA,,,,,,,,NA,NA,NA,NA,NA,NA,NA,NA,Low,1
Radwan and Lampky,1972,Radwan and Lampky 1972,yes,review,"USA, Michigan, Mt. Pleasant",yes,North America,"serotype (National Communicable Disease Center),biochemical, broth enrich, plate culture",Immunologic,NA,NA,,2 gram of intestines,Animal,Bird,Passeriformes,Parulidae,Seiurus,Ovenbird,seiurus aruocapillus,,free,Salmonella typhimurium,Salmonella enterica subsp. enterica serovar Typhimurium,Salmonella enterica (typhoid),tissue intestines,yes,no,,,ND,1,,,,NA,,NA,,,,,,,,NA,NA,NA,NA,NA,NA,NA,NA,Low,1
Radwan and Lampky,1972,Radwan and Lampky 1972,yes,review,"USA, Michigan, Alma",yes,North America,"serotype (National Communicable Disease Center),biochemical, broth enrich, plate culture",Immunologic,NA,NA,,2 gram of intestines,Animal,Bird,Passeriformes,Icteridae,Agelaius,Red-winged blackbird,Agelaius phoenicieus,,free,Salmonella typhimurium,Salmonella enterica subsp. enterica serovar Typhimurium,Salmonella enterica (typhoid),tissue intestines,yes,no,,,1,3,,,,NA,,NA,,,,,,,,NA,NA,NA,NA,NA,NA,NA,NA,Low,1
Radwan and Lampky,1972,Radwan and Lampky 1972,yes,review,"USA, Michigan, Mt. Pleasant",yes,North America,"serotype (National Communicable Disease Center),biochemical, broth enrich, plate culture",Immunologic,NA,NA,,2 gram of intestines,Animal,Bird,Piciformes,Picidae,Melanerpes,Red-bellied woodpecker,Centurus carolinus,,free,Salmonella typhimurium,Salmonella enterica subsp. enterica serovar Typhimurium,Salmonella enterica (typhoid),tissue intestines,yes,no,,,ND,1,,,,NA,,NA,,,,,,,,NA,NA,NA,NA,NA,NA,NA,NA,Low,1
Radwan and Lampky,1972,Radwan and Lampky 1972,yes,review,"USA, Michigan, Grand Rapids",yes,North America,"serotype (National Communicable Disease Center),biochemical, broth enrich, plate culture",Immunologic,NA,NA,,2 gram of intestines,Animal,Bird,Apodiformes,Trochilidae,Archilochus,Ruby-throated hummingbird,Archilochus colubris,,free,Salmonella typhimurium,Salmonella enterica subsp. enterica serovar Typhimurium,Salmonella enterica (typhoid),tissue intestines,yes,no,,,1,1,,,,NA,,NA,,,,,,,,NA,NA,NA,NA,NA,NA,NA,NA,Low,1
Radwan and Lampky,1972,Radwan and Lampky 1972,yes,review,"USA, Michigan, Mt. Pleasant",yes,North America,"serotype (National Communicable Disease Center),biochemical, broth enrich, plate culture",Immunologic,NA,NA,,2 gram of intestines,Animal,Bird,Galliformes,Phasianidae,Bonasa,Ruffed grouse,Bonasa umbellus,,free,Salmonella typhimurium,Salmonella enterica subsp. enterica serovar Typhimurium,Salmonella enterica (typhoid),tissue intestines,yes,no,,,ND,1,,,,NA,,NA,,,,,,,,NA,NA,NA,NA,NA,NA,NA,NA,Low,1
Refsum et al.,2003,Refsum et al. 2003,yes,review,Norway,no,Europe,"Serology (Nordic Committee on Food), standard method
Analysis method 1991), culture broth and plate",Immunologic,NA,NA,,NA,Animal,Bird,Passeriformes,Fringillidae,Coccothraustes,Hawfinch,Coccothraustes coccothraustes,,free,"Salmonella typhimurium 4, 12: i : 1, 2","Salmonella enterica subsp. enterica serovar Typhimurium var. 4, 12; i ; 1, 10",Salmonella enterica (typhoid),"tissue (intestines), dead bird",yes,no,,,1,2,,,,NA,,NA,,,,,,,,NA,NA,NA,NA,NA,NA,NA,NA,Very Low,0
Refsum et al.,2003,Refsum et al. 2003,yes,review,Norway,no,Europe,"Serology (Nordic Committee on Food), standard method
Analysis method 1991), culture broth and plate",Immunologic,NA,NA,,NA,Animal,Bird,Passeriformes,Fringillidae,Loxia,Red crossbill,Loxia curvirostra,,free,"Salmonella typhimurium 4, 12: i : 1, 2","Salmonella enterica subsp. enterica serovar Typhimurium var. 4, 12; i ; 1, 11",Salmonella enterica (typhoid),"tissue (intestines), dead bird",yes,no,,,ND,2,,,,NA,,NA,,,,,,,,NA,NA,NA,NA,NA,NA,NA,NA,Very Low,0
Refsum et al.,2003,Refsum et al. 2003,yes,review,Norway,no,Europe,"Serology (Nordic Committee on Food), standard method
Analysis method 1991), culture broth and plate",Immunologic,NA,NA,,NA,Animal,Bird,,,,,,Bird (class),free,"Salmonella typhimurium 4, 12: i : 1, 2","Salmonella enterica subsp. enterica serovar Typhimurium var. 4, 12; i ; 1, 12",Salmonella enterica (typhoid),"tissue (intestines), dead bird",yes,no,,,ND,2,,,,NA,,NA,,,,,,,,NA,NA,NA,NA,NA,NA,NA,NA,Very Low,0
Refsum et al.,2003,Refsum et al. 2003,yes,review,Norway,no,Europe,"Serology (Nordic Committee on Food), standard method
Analysis method 1991), culture broth and plate",Immunologic,NA,NA,,swab,Animal,Bird,Passeriformes,Paridae,Parus,Great tit,Parus major,,free,"Salmonella typhimurium 4, 12: i : 1, 2","Salmonella enterica subsp. enterica serovar Typhimurium var. 4, 12; i ; 1, 13",Salmonella enterica (typhoid),cloacal swab,yes,no,,,ND,303,,,,NA,,NA,,,,,,,,NA,NA,NA,NA,NA,NA,NA,NA,Very Low,0
Refsum et al.,2003,Refsum et al. 2003,yes,review,Norway,no,Europe,"Serology (Nordic Committee on Food), standard method
Analysis method 1991), culture broth and plate",Immunologic,NA,NA,,swab,Animal,Bird,Passeriformes,Fringillidae,Pyrrhula,Eurasian bullfinch,Pyrrhula pyrrhula,,free,"Salmonella typhimurium 4, 12: i : 1, 2","Salmonella enterica subsp. enterica serovar Typhimurium var. 4, 12; i ; 1, 14",Salmonella enterica (typhoid),cloacal swab,yes,no,,,8,281,,,,NA,,NA,,,,,,,,NA,NA,NA,NA,NA,NA,NA,NA,Very Low,0
Refsum et al.,2003,Refsum et al. 2003,yes,review,Norway,no,Europe,"Serology (Nordic Committee on Food), standard method
Analysis method 1991), culture broth and plate",Immunologic,NA,NA,,NA,Animal,Bird,Passeriformes,Fringillidae,Pyrrhula,Eurasian bullfinch,Pyrrhula pyrrhula,,free,"Salmonella typhimurium 4, 12: i : 1, 2","Salmonella enterica subsp. enterica serovar Typhimurium var. 4, 12; i ; 1, 15",Salmonella enterica (typhoid),"tissue (intestines), dead bird",yes,no,,,49,63,,,,NA,,NA,,,,,,,,NA,NA,NA,NA,NA,NA,NA,NA,Very Low,0
Refsum et al.,2003,Refsum et al. 2003,yes,review,Norway,no,Europe,"Serology (Nordic Committee on Food), standard method
Analysis method 1991), culture broth and plate",Immunologic,NA,NA,,swab,Animal,Bird,Passeriformes,Paridae,Cyanistes,Blue tit,Cyanistes caeruleus,,free,"Salmonella typhimurium 4, 12: i : 1, 2","Salmonella enterica subsp. enterica serovar Typhimurium var. 4, 12; i ; 1, 16",Salmonella enterica (typhoid),cloacal swab,yes,no,,,ND,138,,,,NA,,NA,,,,,,,,NA,NA,NA,NA,NA,NA,NA,NA,Very Low,0
Refsum et al.,2003,Refsum et al. 2003,yes,review,Norway,no,Europe,"Serology (Nordic Committee on Food), standard method
Analysis method 1991), culture broth and plate",Immunologic,NA,NA,,swab,Animal,Bird,Passeriformes,Fringillidae,Chloris,European greenfinch ,Carduelis chloris,,free,"Salmonella typhimurium 4, 12: i : 1, 2","Salmonella enterica subsp. enterica serovar Typhimurium var. 4, 12; i ; 1, 17",Salmonella enterica (typhoid),cloacal swab,yes,no,,,2,380,,,,NA,,NA,,,,,,,,NA,NA,NA,NA,NA,NA,NA,NA,Very Low,0
Refsum et al.,2003,Refsum et al. 2003,yes,review,Norway,no,Europe,"Serology (Nordic Committee on Food), standard method
Analysis method 1991), culture broth and plate",Immunologic,NA,NA,,swab,Animal,Bird,Passeriformes,Corvidae,Pica,Eurasian magpie,Pica pica,,free,"Salmonella typhimurium 4, 12: i : 1, 2","Salmonella enterica subsp. enterica serovar Typhimurium var. 4, 12; i ; 1, 18",Salmonella enterica (typhoid),cloacal swab,yes,no,,,ND,1,,,,NA,,NA,,,,,,,,NA,NA,NA,NA,NA,NA,NA,NA,Very Low,0
Refsum et al.,2003,Refsum et al. 2003,yes,review,Norway,no,Europe,"Serology (Nordic Committee on Food), standard method
Analysis method 1991), culture broth and plate",Immunologic,NA,NA,,swab,Animal,Bird,Passeriformes,Paridae,Poecile,Willow tit ,Poecile montanus,,free,"Salmonella typhimurium 4, 12: i : 1, 2","Salmonella enterica subsp. enterica serovar Typhimurium var. 4, 12; i ; 1, 19",Salmonella enterica (typhoid),cloacal swab,yes,no,,,ND,26,,,,NA,,NA,,,,,,,,NA,NA,NA,NA,NA,NA,NA,NA,Very Low,0
Refsum et al.,2003,Refsum et al. 2003,yes,review,Norway,no,Europe,"Serology (Nordic Committee on Food), standard method
Analysis method 1991), culture broth and plate",Immunologic,NA,NA,,NA,Animal,Bird,Passeriformes,Fringillidae,Spinus,Eurasian siskin,Carduelis spinus,,free,"Salmonella typhimurium 4, 12: i : 1, 2","Salmonella enterica subsp. enterica serovar Typhimurium var. 4, 12; i ; 1, 2",Salmonella enterica (typhoid),"tissue (intestines), dead bird",yes,no,,,33,40,,,,NA,,NA,,,,,,,,NA,NA,NA,NA,NA,NA,NA,NA,Very Low,0
Refsum et al.,2003,Refsum et al. 2003,yes,review,Norway,no,Europe,"Serology (Nordic Committee on Food), standard method
Analysis method 1991), culture broth and plate",Immunologic,NA,NA,,swab,Animal,Bird,Passeriformes,Fringillidae,Acanthis,Common redpoll ,Carduelis flammea,,free,"Salmonella typhimurium 4, 12: i : 1, 2","Salmonella enterica subsp. enterica serovar Typhimurium var. 4, 12; i ; 1, 20",Salmonella enterica (typhoid),cloacal swab,yes,no,,,12,348,,,,NA,,NA,,,,,,,,NA,NA,NA,NA,NA,NA,NA,NA,Very Low,0
Refsum et al.,2003,Refsum et al. 2003,yes,review,Norway,no,Europe,"Serology (Nordic Committee on Food), standard method
Analysis method 1991), culture broth and plate",Immunologic,NA,NA,,swab,Animal,Bird,Passeriformes,Paridae,Periparus,Coal tit,Parus ater,,free,"Salmonella typhimurium 4, 12: i : 1, 2","Salmonella enterica subsp. enterica serovar Typhimurium var. 4, 12; i ; 1, 21",Salmonella enterica (typhoid),cloacal swab,yes,no,,,ND,16,,,,NA,,NA,,,,,,,,NA,NA,NA,NA,NA,NA,NA,NA,Very Low,0
Refsum et al.,2003,Refsum et al. 2003,yes,review,Norway,no,Europe,"Serology (Nordic Committee on Food), standard method
Analysis method 1991), culture broth and plate",Immunologic,NA,NA,,swab,Animal,Bird,Passeriformes,Emberizidae,Emberiza,Yellowhammer,Emberiza citrinella,,free,"Salmonella typhimurium 4, 12: i : 1, 2","Salmonella enterica subsp. enterica serovar Typhimurium var. 4, 12; i ; 1, 22",Salmonella enterica (typhoid),cloacal swab,yes,no,,,1,51,,,,NA,,NA,,,,,,,,NA,NA,NA,NA,NA,NA,NA,NA,Very Low,0
Refsum et al.,2003,Refsum et al. 2003,yes,review,Norway,no,Europe,"Serology (Nordic Committee on Food), standard method
Analysis method 1991), culture broth and plate",Immunologic,NA,NA,,swab,Animal,Bird,Passeriformes,Fringillidae,Spinus,Eurasian siskin,Carduelis spinus,,free,"Salmonella typhimurium 4, 12: i : 1, 2","Salmonella enterica subsp. enterica serovar Typhimurium var. 4, 12; i ; 1, 23",Salmonella enterica (typhoid),cloacal swab,yes,no,,,14,159,,,,NA,,NA,,,,,,,,NA,NA,NA,NA,NA,NA,NA,NA,Very Low,0
Refsum et al.,2003,Refsum et al. 2003,yes,review,Norway,no,Europe,"Serology (Nordic Committee on Food), standard method
Analysis method 1991), culture broth and plate",Immunologic,NA,NA,,swab,Animal,Bird,Passeriformes,Sittidae,Sitta,Eurasian nuthatch,Sitta europaea,,free,"Salmonella typhimurium 4, 12: i : 1, 2","Salmonella enterica subsp. enterica serovar Typhimurium var. 4, 12; i ; 1, 24",Salmonella enterica (typhoid),cloacal swab,yes,no,,,ND,20,,,,NA,,NA,,,,,,,,NA,NA,NA,NA,NA,NA,NA,NA,Very Low,0
Refsum et al.,2003,Refsum et al. 2003,yes,review,Norway,no,Europe,"Serology (Nordic Committee on Food), standard method
Analysis method 1991), culture broth and plate",Immunologic,NA,NA,,swab,Animal,Bird,Passeriformes,Turdidae,Turdus,Common blackbird,Turdus merula,,free,"Salmonella typhimurium 4, 12: i : 1, 2","Salmonella enterica subsp. enterica serovar Typhimurium var. 4, 12; i ; 1, 25",Salmonella enterica (typhoid),cloacal swab,yes,no,,,ND,26,,,,NA,,NA,,,,,,,,NA,NA,NA,NA,NA,NA,NA,NA,Very Low,0
Refsum et al.,2003,Refsum et al. 2003,yes,review,Norway,no,Europe,"Serology (Nordic Committee on Food), standard method
Analysis method 1991), culture broth and plate",Immunologic,NA,NA,,NA,Animal,Bird,Passeriformes,Paridae,Cyanistes,Blue tit,Cyanistes caeruleus,,free,"Salmonella typhimurium 4, 12: i : 1, 2","Salmonella enterica subsp. enterica serovar Typhimurium var. 4, 12; i ; 1, 26",Salmonella enterica (typhoid),"tissue (intestines), dead bird",yes,no,,,2,6,,,,NA,,NA,,,,,,,,NA,NA,NA,NA,NA,NA,NA,NA,Very Low,0
Refsum et al.,2003,Refsum et al. 2003,yes,review,Norway,no,Europe,"Serology (Nordic Committee on Food), standard method
Analysis method 1991), culture broth and plate",Immunologic,NA,NA,,swab,Animal,Bird,Passeriformes,Passeridae,Passer,House sparrow,Passer domesticus,,free,"Salmonella typhimurium 4, 12: i : 1, 2","Salmonella enterica subsp. enterica serovar Typhimurium var. 4, 12; i ; 1, 27",Salmonella enterica (typhoid),cloacal swab,yes,no,,,2,25,,,,NA,,NA,,,,,,,,NA,NA,NA,NA,NA,NA,NA,NA,Very Low,0
Refsum et al.,2003,Refsum et al. 2003,yes,review,Norway,no,Europe,"Serology (Nordic Committee on Food), standard method
Analysis method 1991), culture broth and plate",Immunologic,NA,NA,,swab,Animal,Bird,Piciformes,Picidae,Dendrocopos,Great spotted woodpecker,Dendrocopos major,,free,"Salmonella typhimurium 4, 12: i : 1, 2","Salmonella enterica subsp. enterica serovar Typhimurium var. 4, 12; i ; 1, 28",Salmonella enterica (typhoid),cloacal swab,yes,no,,,ND,3,,,,NA,,NA,,,,,,,,NA,NA,NA,NA,NA,NA,NA,NA,Very Low,0
Refsum et al.,2003,Refsum et al. 2003,yes,review,Norway,no,Europe,"Serology (Nordic Committee on Food), standard method
Analysis method 1991), culture broth and plate",Immunologic,NA,NA,,swab,Animal,Bird,Passeriformes,Paridae,Poecile,Marsh tit,Parus palustris,,free,"Salmonella typhimurium 4, 12: i : 1, 2","Salmonella enterica subsp. enterica serovar Typhimurium var. 4, 12; i ; 1, 29",Salmonella enterica (typhoid),cloacal swab,yes,no,,,ND,2,,,,NA,,NA,,,,,,,,NA,NA,NA,NA,NA,NA,NA,NA,Very Low,0
Refsum et al.,2003,Refsum et al. 2003,yes,review,Norway,no,Europe,"Serology (Nordic Committee on Food), standard method
Analysis method 1991), culture broth and plate",Immunologic,NA,NA,,NA,Animal,Bird,Passeriformes,Turdidae,Turdus,Common blackbird,Turdus merula,,free,"Salmonella typhimurium 4, 12: i : 1, 2","Salmonella enterica subsp. enterica serovar Typhimurium var. 4, 12; i ; 1, 3",Salmonella enterica (typhoid),"tissue (intestines), dead bird",yes,no,,,ND,1,,,,NA,,NA,,,,,,,,NA,NA,NA,NA,NA,NA,NA,NA,Very Low,0
Refsum et al.,2003,Refsum et al. 2003,yes,review,Norway,no,Europe,"Serology (Nordic Committee on Food), standard method
Analysis method 1991), culture broth and plate",Immunologic,NA,NA,,swab,Animal,Bird,Passeriformes,Muscicapidae,Erithacus,European robin,Erithacus rubecula,,free,"Salmonella typhimurium 4, 12: i : 1, 2","Salmonella enterica subsp. enterica serovar Typhimurium var. 4, 12; i ; 1, 30",Salmonella enterica (typhoid),cloacal swab,yes,no,,,ND,11,,,,NA,,NA,,,,,,,,NA,NA,NA,NA,NA,NA,NA,NA,Very Low,0
Refsum et al.,2003,Refsum et al. 2003,yes,review,Norway,no,Europe,"Serology (Nordic Committee on Food), standard method
Analysis method 1991), culture broth and plate",Immunologic,NA,NA,,swab,Animal,Bird,Passeriformes,Passeridae,Passer,Eurasian tree sparrow,Passer montanus,,free,"Salmonella typhimurium 4, 12: i : 1, 2","Salmonella enterica subsp. enterica serovar Typhimurium var. 4, 12; i ; 1, 31",Salmonella enterica (typhoid),cloacal swab,yes,no,,,ND,40,,,,NA,,NA,,,,,,,,NA,NA,NA,NA,NA,NA,NA,NA,Very Low,0
Refsum et al.,2003,Refsum et al. 2003,yes,review,Norway,no,Europe,"Serology (Nordic Committee on Food), standard method
Analysis method 1991), culture broth and plate",Immunologic,NA,NA,,swab,Animal,Bird,Passeriformes,Fringillidae,Fringilla,Brambling,Fringillaÿmontifringilla,,free,"Salmonella typhimurium 4, 12: i : 1, 2","Salmonella enterica subsp. enterica serovar Typhimurium var. 4, 12; i ; 1, 32",Salmonella enterica (typhoid),cloacal swab,yes,no,,,ND,77,,,,NA,,NA,,,,,,,,NA,NA,NA,NA,NA,NA,NA,NA,Very Low,0
Refsum et al.,2003,Refsum et al. 2003,yes,review,Norway,no,Europe,"Serology (Nordic Committee on Food), standard method
Analysis method 1991), culture broth and plate",Immunologic,NA,NA,,swab,Animal,Bird,Passeriformes,Bombycillidae,Bombycilla,Bohemian waxwing ,Bombycilla garrulus,,free,"Salmonella typhimurium 4, 12: i : 1, 2","Salmonella enterica subsp. enterica serovar Typhimurium var. 4, 12; i ; 1, 33",Salmonella enterica (typhoid),cloacal swab,yes,no,,,1,8,,,,NA,,NA,,,,,,,,NA,NA,NA,NA,NA,NA,NA,NA,Very Low,0
Refsum et al.,2003,Refsum et al. 2003,yes,review,Norway,no,Europe,"Serology (Nordic Committee on Food), standard method
Analysis method 1991), culture broth and plate",Immunologic,NA,NA,,NA,Animal,Bird,Passeriformes,Fringillidae,Chloris,European greenfinch ,Carduelis chloris,,free,"Salmonella typhimurium 4, 12: i : 1, 2","Salmonella enterica subsp. enterica serovar Typhimurium var. 4, 12; i ; 1, 34",Salmonella enterica (typhoid),"tissue (intestines), dead bird",yes,no,,,8,10,,,,NA,,NA,,,,,,,,NA,NA,NA,NA,NA,NA,NA,NA,Very Low,0
Refsum et al.,2003,Refsum et al. 2003,yes,review,Norway,no,Europe,"Serology (Nordic Committee on Food), standard method
Analysis method 1991), culture broth and plate",Immunologic,NA,NA,,swab,Animal,Bird,Passeriformes,Sylviidae,Sylvia,Eurasian blackcap,Sylvia atricapilla,,free,"Salmonella typhimurium 4, 12: i : 1, 2","Salmonella enterica subsp. enterica serovar Typhimurium var. 4, 12; i ; 1, 35",Salmonella enterica (typhoid),cloacal swab,yes,no,,,ND,3,,,,NA,,NA,,,,,,,,NA,NA,NA,NA,NA,NA,NA,NA,Very Low,0
Refsum et al.,2003,Refsum et al. 2003,yes,review,Norway,no,Europe,"Serology (Nordic Committee on Food), standard method
Analysis method 1991), culture broth and plate",Immunologic,NA,NA,,swab,Animal,Bird,Passeriformes,Fringillidae,Coccothraustes,Hawfinch,Coccothraustes coccothraustes,,free,"Salmonella typhimurium 4, 12: i : 1, 2","Salmonella enterica subsp. enterica serovar Typhimurium var. 4, 12; i ; 1, 36",Salmonella enterica (typhoid),cloacal swab,yes,no,,,ND,5,,,,NA,,NA,,,,,,,,NA,NA,NA,NA,NA,NA,NA,NA,Very Low,0
Refsum et al.,2003,Refsum et al. 2003,yes,review,Norway,no,Europe,"Serology (Nordic Committee on Food), standard method
Analysis method 1991), culture broth and plate",Immunologic,NA,NA,,swab,Animal,Bird,,,,,,Bird (class),free,"Salmonella typhimurium 4, 12: i : 1, 2","Salmonella enterica subsp. enterica serovar Typhimurium var. 4, 12; i ; 1, 37",Salmonella enterica (typhoid),cloacal swab,yes,no,,,ND,67,,,,NA,,NA,,,,,,,,NA,NA,NA,NA,NA,NA,NA,NA,Very Low,0
Refsum et al.,2003,Refsum et al. 2003,yes,review,Norway,no,Europe,"Serology (Nordic Committee on Food), standard method
Analysis method 1991), culture broth and plate",Immunologic,NA,NA,,NA,Animal,Bird,Passeriformes,Fringillidae,Acanthis,Common redpoll ,Carduelis flammea,,free,"Salmonella typhimurium 4, 12: i : 1, 2","Salmonella enterica subsp. enterica serovar Typhimurium var. 4, 12; i ; 1, 38",Salmonella enterica (typhoid),"tissue (intestines), dead bird",yes,no,,,26,31,,,,NA,,NA,,,,,,,,NA,NA,NA,NA,NA,NA,NA,NA,Very Low,0
Refsum et al.,2003,Refsum et al. 2003,yes,review,Norway,no,Europe,"Serology (Nordic Committee on Food), standard method
Analysis method 1991), culture broth and plate",Immunologic,NA,NA,,NA,Animal,Bird,Passeriformes,Passeridae,Passer,House sparrow,Passer domesticus,,free,"Salmonella typhimurium 4, 12: i : 1, 2","Salmonella enterica subsp. enterica serovar Typhimurium var. 4, 12; i ; 1, 4",Salmonella enterica (typhoid),"tissue (intestines), dead bird",yes,no,,,ND,1,,,,NA,,NA,,,,,,,,NA,NA,NA,NA,NA,NA,NA,NA,Very Low,0
Refsum et al.,2003,Refsum et al. 2003,yes,review,Norway,no,Europe,"Serology (Nordic Committee on Food), standard method
Analysis method 1991), culture broth and plate",Immunologic,NA,NA,,NA,Animal,Bird,Passeriformes,Paridae,Parus,Great tit,Parus major,,free,"Salmonella typhimurium 4, 12: i : 1, 2","Salmonella enterica subsp. enterica serovar Typhimurium var. 4, 12; i ; 1, 5",Salmonella enterica (typhoid),"tissue (intestines), dead bird",yes,no,,,2,13,,,,NA,,NA,,,,,,,,NA,NA,NA,NA,NA,NA,NA,NA,Very Low,0
Refsum et al.,2003,Refsum et al. 2003,yes,review,Norway,no,Europe,"Serology (Nordic Committee on Food), standard method
Analysis method 1991), culture broth and plate",Immunologic,NA,NA,,NA,Animal,Bird,Passeriformes,Passeridae,Passer,Eurasian tree sparrow,Passer montanus,,free,"Salmonella typhimurium 4, 12: i : 1, 2","Salmonella enterica subsp. enterica serovar Typhimurium var. 4, 12; i ; 1, 6",Salmonella enterica (typhoid),"tissue (intestines), dead bird",yes,no,,,1,4,,,,NA,,NA,,,,,,,,NA,NA,NA,NA,NA,NA,NA,NA,Very Low,0
Refsum et al.,2003,Refsum et al. 2003,yes,review,Norway,no,Europe,"Serology (Nordic Committee on Food), standard method
Analysis method 1991), culture broth and plate",Immunologic,NA,NA,,NA,Animal,Bird,Passeriformes,Fringillidae,Fringilla,Brambling,Fringillaÿmontifringilla,,free,"Salmonella typhimurium 4, 12: i : 1, 2","Salmonella enterica subsp. enterica serovar Typhimurium var. 4, 12; i ; 1, 7",Salmonella enterica (typhoid),"tissue (intestines), dead bird",yes,no,,,1,1,,,,NA,,NA,,,,,,,,NA,NA,NA,NA,NA,NA,NA,NA,Very Low,0
Refsum et al.,2003,Refsum et al. 2003,yes,review,Norway,no,Europe,"Serology (Nordic Committee on Food), standard method
Analysis method 1991), culture broth and plate",Immunologic,NA,NA,,NA,Animal,Bird,Passeriformes,Bombycillidae,Bombycilla,Bohemian waxwing ,Bombycilla garrulus,,free,"Salmonella typhimurium 4, 12: i : 1, 2","Salmonella enterica subsp. enterica serovar Typhimurium var. 4, 12; i ; 1, 8",Salmonella enterica (typhoid),"tissue (intestines), dead bird",yes,no,,,ND,2,,,,NA,,NA,,,,,,,,NA,NA,NA,NA,NA,NA,NA,NA,Very Low,0
Refsum et al.,2003,Refsum et al. 2003,yes,review,Norway,no,Europe,"Serology (Nordic Committee on Food), standard method
Analysis method 1991), culture broth and plate",Immunologic,NA,NA,,NA,Animal,Bird,Passeriformes,Fringillidae,Fringilla,Common chaffinch,Fringilla coelebs,,free,"Salmonella typhimurium 4, 12: i : 1, 2","Salmonella enterica subsp. enterica serovar Typhimurium var. 4, 12; i ; 1, 9",Salmonella enterica (typhoid),"tissue (intestines), dead bird",yes,no,,,ND,1,,,,NA,,NA,,,,,,,,NA,NA,NA,NA,NA,NA,NA,NA,Very Low,0
"Rouffaer, L. O.",2016,"Rouffaer, L. O. 2016",yes,review,"Belgium, Flanders",no,Europe,"serotype (outside lab elgian Scientific Institute of Public Health, standard method), ELISA, microscope, culture broth and plate",Immunologic,NA,NA,,NA,Animal,Bird,Passeriformes,Passeridae,Passer,House sparrow,Passer domesticus,,free,Salmonella typhimurium,Salmonella enterica subsp. enterica serovar Typhimurium,Salmonella enterica (typhoid),feces and blood,yes,no,,,ND,364,,,,NA,,NA,,,,,,,,NA,NA,NA,NA,NA,NA,NA,NA,Moderate,2
Silva et al.,2018,Silva et al. 2018,yes,review,"Brazil, Fernando de Noronha Archipelago",no,South America,"seroagglutination (outside lab National Reference Laboratory for Enterobacterial Infections (LRNEB)), biochemical, culture plate and broth",Immunologic,NA,NA,,=<10 swabs,Animal,Bird,Pelecaniformes,Ardeidae,Bubulcus,Cattle egret,Bubulcus ibis,,free,Salmonella typhimurium,Salmonella enterica subsp. enterica serovar Typhimurium,Salmonella enterica (typhoid),feces,yes,no,,,1,456,0.002211893,,,NA,,NA,,,,,,,52 composite samples (456 composite samples) (1 infected pools of 6 individuals),NA,NA,NA,NA,NA,NA,NA,NA,Low,1
Snoeyenbos et al.,1967,Snoeyenbos et al. 1967,yes,review,"USA, Massachusetts, Agawam/New Salem/Amherst",yes,North America,"Identification (standard method), Culture broth/plate",Immunologic,NA,NA,,variable tissue,Animal,Bird,Passeriformes,Icteridae,Molothrus,Brown-headed cowbird,Molothrus ater,,free,Salmonella typhimurium,Salmonella enterica subsp. enterica serovar Typhimurium,Salmonella enterica (typhoid),organ tissue,yes,no,,,11,299,,,,NA,,NA,,,,,,,,NA,NA,NA,NA,NA,NA,NA,NA,Moderate,2
Snoeyenbos et al.,1967,Snoeyenbos et al. 1967,yes,review,"USA, Massachusetts, Agawam/New Salem/Amherst",yes,North America,"Identification (standard method), Culture broth/plate",Immunologic,NA,NA,,variable tissue,Animal,Bird,Passeriformes,Icteridae,Quiscalus,Common grackle,Quiscalus quiscula,,free,Salmonella typhimurium,Salmonella enterica subsp. enterica serovar Typhimurium,Salmonella enterica (typhoid),organ tissue,yes,no,,,2,108,,,,NA,,NA,,,,,,,,NA,NA,NA,NA,NA,NA,NA,NA,Moderate,2
Snoeyenbos et al.,1967,Snoeyenbos et al. 1967,yes,review,"USA, Massachusetts, Agawam/New Salem/Amherst",yes,North America,"Identification (standard method), Culture broth/plate",Immunologic,NA,NA,,variable tissue,Animal,Bird,Passeriformes,Sturnidae,Sturnus,European starling,Sternus vulgaris,,free,Salmonella typhimurium,Salmonella enterica subsp. enterica serovar Typhimurium,Salmonella enterica (typhoid),organ tissue,yes,no,,,7,148,,,,NA,,NA,,,,,,,,NA,NA,NA,NA,NA,NA,NA,NA,Moderate,2
Tanaka et al.,2005,Tanaka et al. 2005,yes,review,Japan,no,Western Pacific,"slide and tube agglutination, culture",Immunologic,NA,NA,,0.5-3 g,Animal,Bird,Columbiformes,Columbidae,Columba,Pigeon,Columba livia,,free,Salmonella typhimurium copenhagen,Salmonella enterica subsp. enterica serovar Typhimurium var. Copenhagen ,Salmonella enterica (typhoid),feces (dry and wet),yes,no,,,8,436,,,,NA,,NA,,,,,,total,,NA,NA,NA,NA,NA,NA,NA,NA,High,3
Tizard et al.,2004,Tizard et al. 2004,from review article,article not found,"Denmark, Copenhagen",no,Europe,Review Tizard 2005,Immunologic,Review,Review,,Review,Animal,Bird,Charadriiformes,Laridae,Chroicocephalus,Black-headed gull,Larus ribidundus,,free,Salmonella typhimurium,Salmonella enterica subsp. enterica serovar Typhimurium,Salmonella enterica (typhoid),hunted bird,yes,no,,,4,249,,,,NA,,NA,,,,,,"Neilson, B. B.",1960,NA,NA,NA,NA,NA,NA,NA,NA,Low,1
Tizard et al.,1979,Tizard et al. 1979,yes,review,"Canada, Ontario, Guelph",no,Northa America,"serotype, culture plate",Immunologic,NA,NA,,NA,Animal,Bird,Passeriformes,Sturnidae,Sturnus,European starling,Sternus vulgaris,,free,Salmonella typhimurium,Salmonella enterica subsp. enterica serovar Typhimurium,Salmonella enterica (typhoid),"tissue (brain, liver, spleen)",yes,no,,,0,22,,,,NA,,NA,,,,,,,,NA,NA,NA,NA,NA,NA,NA,NA,Moderate,2
Tizard et al.,1979,Tizard et al. 1979,yes,review,"Canada, Ontario, Guelph",no,Northa America,"serotype, culture plate",Immunologic,NA,NA,,NA,Animal,Bird,Passeriformes,Passeridae,Passer,House sparrow,Passer domesticus,,free,Salmonella typhimurium,Salmonella enterica subsp. enterica serovar Typhimurium,Salmonella enterica (typhoid),"tissue (brain, liver, spleen)",yes,no,,,9,50,,,,NA,,NA,,,,,,,,NA,NA,NA,NA,NA,NA,NA,NA,Moderate,2
Wilson and MacDonald,1967,Wilson and MacDonald 1967,yes,review,"UK, England",no,Europe,"(outside lab Salmonella Reference Laboratory) standard methods?, culture broth and plate",Immunologic,NA,NA,,NA,Animal,Bird,Passeriformes,Sturnidae,Sturnus,European starling,,,free,Salmonella typhimurium,Salmonella enterica subsp. enterica serovar Typhimurium,Salmonella enterica (typhoid),"intestines content, tissue (liver, lung, lesions), dead bird",yes,no,,,2,540,,,,NA,,NA,,,,,,,,NA,NA,NA,NA,NA,NA,NA,NA,Very Low,0
Ahmed et al. ,2019,Ahmed et al.  2019,yes,Web of Science,"Australia, South East Queensland ",no,Western Pacific,qPCR,Molecular,1000,half MDL,,200 mg,Animal,Bird,Psittaciformes,,,,,Parrot (order),free,Salmonella spp.,Salmonella,Salmonella,feces,yes,yes,StatsnoND,no,2,10,,,,NA,,NA,7943.282347,12882.49552,4466.835922,14125.37545,gene copies /g feces,,3.9,NA,NA,NA,NA,NA,NA,3.9,0.15,Moderate,2
Gorski et al.,2011,Gorski et al. 2011,yes,Google Scholar,"USA, California, Monterey County",yes,North America,"PCR (invA, XbaI), pulse field gel electrophoresis, broth and plate culture",Molecular,NA,NA,,NA,Animal,Bird,Passeriformes,Sturnidae,Sturnus,European starling,,,free,Salmonella,Salmonella,Salmonella,cloacal swab,yes,no,,,ND,4,,,,NA,,NA,,,,,,,,NA,NA,NA,NA,NA,NA,NA,NA,Moderate,2
Gorski et al.,2011,Gorski et al. 2011,yes,Google Scholar,"USA, California, Monterey County",yes,North America,"PCR (invA, XbaI), pulse field gel electrophoresis, broth and plate culture",Molecular,NA,NA,,NA,Animal,Bird,Anseriformes,Anatidae,,,,Goose (family),free,Salmonella,Salmonella,Salmonella,cloacal swab,yes,no,,,ND,17,,,,NA,,NA,,,,,,,,NA,NA,NA,NA,NA,NA,NA,NA,Moderate,2
Gorski et al.,2011,Gorski et al. 2011,yes,Google Scholar,"USA, California, Monterey County",yes,North America,"PCR (invA, XbaI), pulse field gel electrophoresis, broth and plate culture",Molecular,NA,NA,,NA,Animal,Bird,Passeriformes,Icteridae,,,,Icteridae (family),free,Salmonella,Salmonella,Salmonella,cloacal swab,yes,no,,,ND,57,,,,NA,,NA,,,,,,,,NA,NA,NA,NA,NA,NA,NA,NA,Moderate,2
Gorski et al.,2011,Gorski et al. 2011,yes,Google Scholar,"USA, California, Monterey County",yes,North America,"PCR (invA, XbaI), pulse field gel electrophoresis, broth and plate culture",Molecular,NA,NA,,NA,Animal,Bird,Passeriformes,Passerellidae,Junco,,,Junco (genus),free,Salmonella,Salmonella,Salmonella,cloacal swab,yes,no,,,ND,2,,,,NA,,NA,,,,,,,,NA,NA,NA,NA,NA,NA,NA,NA,Moderate,2
Gorski et al.,2011,Gorski et al. 2011,yes,Google Scholar,"USA, California, Monterey County",yes,North America,"PCR (invA, XbaI), pulse field gel electrophoresis, broth and plate culture",Molecular,NA,NA,,NA,Animal,Bird,Anseriformes,Anatidae,Anas,Mallard,,,free,Salmonella,Salmonella,Salmonella,cloacal swab,yes,no,,,ND,3,,,,NA,,NA,,,,,,,,NA,NA,NA,NA,NA,NA,NA,NA,Moderate,2
Gorski et al.,2011,Gorski et al. 2011,yes,Google Scholar,"USA, California, Monterey County",yes,North America,"PCR (invA, XbaI), pulse field gel electrophoresis, broth and plate culture",Molecular,NA,NA,,NA,Animal,Bird,Passeriformes,Paridae,,,,Tit (family),free,Salmonella,Salmonella,Salmonella,cloacal swab,yes,no,,,ND,1,,,,NA,,NA,,,,,,,,NA,NA,NA,NA,NA,NA,NA,NA,Moderate,2
Gorski et al.,2011,Gorski et al. 2011,yes,Google Scholar,"USA, California, Monterey County",yes,North America,"PCR (invA, XbaI), pulse field gel electrophoresis, broth and plate culture",Molecular,NA,NA,,NA,Animal,Bird,Passeriformes,,,,,Warbler (order),free,Salmonella,Salmonella,Salmonella,cloacal swab,yes,no,,,ND,1,,,,NA,,NA,,,,,,,,NA,NA,NA,NA,NA,NA,NA,NA,Moderate,2
Gorski et al.,2011,Gorski et al. 2011,yes,Google Scholar,"USA, California, Monterey County",yes,North America,"PCR (invA, XbaI), pulse field gel electrophoresis, broth and plate culture",Molecular,NA,NA,,NA,Animal,Bird,Piciformes,Picidae,,Woodpecker,,,free,Salmonella,Salmonella,Salmonella,cloacal swab,yes,no,,,ND,1,,,,NA,,NA,,,,,,,,NA,NA,NA,NA,NA,NA,NA,NA,Moderate,2
Gruszynski et al.,2012,Gruszynski et al. 2012,yes,Web of Science,"USA, Virginia",yes,North America,"ELISA, culture, Pulsed-field gel electrophoresis",Molecular,NA,NA,,<1g,Animal,Bird,Anseriformes,Anatidae,,,,Duck and Geese,free,Salmonella spp.,Salmonella,Salmonella,feces and fecal swab,yes,no,,,1,79,,,,NA,,NA,,,,,,," (Serotype Banana, Blockley, Group T, I 4,5,12, Javiana, Mbandaka, Newport, Norwich, Senflenberg, Thompson, Typhimurium, Typhimurium var 0 5-(Copenhagen))",NA,NA,NA,NA,NA,NA,NA,NA,Low,1
Gruszynski et al.,2012,Gruszynski et al. 2012,yes,Web of Science,"USA, Virginia",yes,North America,"ELISA, culture, Pulsed-field gel electrophoresis",Molecular,NA,NA,,<1g,Animal,Bird,Anseriformes,Anatidae,,,,Duck and Geese,free,Salmonella spp.,Salmonella,Salmonella,feces and fecal swab,yes,no,,,1,79,,,,NA,,NA,,,,,,," (Serotype Banana, Blockley, Group T, I 4,5,12, Javiana, Mbandaka, Newport, Norwich, Senflenberg, Thompson, Typhimurium, Typhimurium var 0 5-(Copenhagen))",NA,NA,NA,NA,NA,NA,NA,NA,Low,1
Gruszynski et al.,2012,Gruszynski et al. 2012,yes,Web of Science,"USA, Virginia",yes,North America,"ELISA, culture, Pulsed-field gel electrophoresis",Molecular,NA,NA,,<1g,Animal,Bird,Charadriiformes,Laridae,,,,Gull (family),free,Salmonella spp.,Salmonella,Salmonella,feces and fecal swab,yes,no,,,14,47,,,,NA,,NA,,,,,,," (Serotype Banana, Blockley, Group T, I 4,5,12, Javiana, Mbandaka, Newport, Norwich, Senflenberg, Thompson, Typhimurium, Typhimurium var 0 5-(Copenhagen))",NA,NA,NA,NA,NA,NA,NA,NA,Low,1
Gruszynski et al.,2012,Gruszynski et al. 2012,yes,Web of Science,"USA, Virginia",yes,North America,"ELISA, culture, Pulsed-field gel electrophoresis",Molecular,NA,NA,,<1g,Animal,Bird,Charadriiformes,Laridae,,,,Gull (family),free,Salmonella spp. ,Salmonella,Salmonella,feces and fecal swab,yes,no,,,14,47,,,,NA,,NA,,,,,,,"(Serotype Banana, Blockley, Group T, I 4,5,12, Javiana, Mbandaka, Newport, Norwich, Senflenberg, Thompson, Typhimurium, Typhimurium var 0 5-(Copenhagen))",NA,NA,NA,NA,NA,NA,NA,NA,Low,1
Mirzaie et al.,2010,Mirzaie et al. 2010,yes,review,"Iran, Tehran, near industrial poultry house",no,Eastern Mediterranean,"PCR, Plate culture",Molecular,NA,NA,,NA,Animal,Bird,Passeriformes,Passeridae,Passer,House sparrow,,,free,Salmonella spp.,Salmonella,Salmonella,"tissue (liver, heart, gastro intestinal tract), captured birds",yes,no,,,18,470,,,,NA,,NA,,,,,,,,NA,NA,NA,NA,NA,NA,NA,NA,Low,1
Navarro et al.,2019,Navarro et al. 2019,yes,Google Scholar,"Spain, Marismas de Odiel",no,Europe,PCR,Molecular,NA,NA,,swab variable,Animal,Bird,Charadriiformes,Laridae,Larus,Yellow legged gull,Larus michahellis,,free,Salmonella,Salmonella,Salmonella,cloacal swab,yes,no,,,5,19,,,,NA,,NA,,,,,,,,NA,NA,NA,NA,NA,NA,NA,NA,Low,1
Rodriguez et al.,2012,Rodriguez et al. 2012,yes,Google Scholar,"Chile, Talcahuano ",no,South America,RT-PCR (ORIC-3s/ORIC-4s),Molecular,45 cycles,NA,,NA,Animal,Bird,Charadriiformes,Laridae,Larus,Kelp gull,Larus dominicanus,,free,Salmonella spp.,Salmonella,Salmonella,feces,yes,no,,,119,200,,,,NA,,NA,,,,,,also seperated by time of the year,,NA,NA,NA,NA,NA,NA,NA,NA,Moderate,2
Smith et al. ,2002,Smith et al.  2002,yes,review,"USA, California, Davis, California Raptor Center",yes,North America,"PCR (XhoI, XbaI outside labs), biochemical, culture plate and broth.",Molecular,NA,NA,,swab,Animal,Bird,Accipitriformes,Accipitridae,Circus,Northern harrier,Circus cyaneus,,"originally free, in clinic for treatment",Salmonella,Salmonella,Salmonella,feces,yes,no,,,2,19,,,,NA,,NA,,,,,, (Montevideo),,NA,NA,NA,NA,NA,NA,NA,NA,Low,1
Smith et al. ,2002,Smith et al.  2002,yes,review,"USA, California, Farallon Islands",yes,North America,"PCR (XhoI, XbaI outside labs), biochemical, culture plate and broth.",Molecular,NA,NA,,swab,Animal,Bird,Charadriiformes,Laridae,Larus,Western gull,Larus occidentalis,,free,Salmonella,Salmonella,Salmonella,feces,yes,no,,,1,27,,,,NA,,NA,,,,,," (Ohio, Johannesberg)",,NA,NA,NA,NA,NA,NA,NA,NA,Low,1
Smith et al. ,2002,Smith et al.  2002,yes,review,"USA, California, Berkley,  International Bird Rescue Research Center",yes,North America,"PCR (XhoI, XbaI outside labs), biochemical, culture plate and broth.",Molecular,NA,NA,,swab,Animal,Bird,Charadriiformes,Laridae,Larus,Western gull,Larus occidentalis,,"originally free, in clinic for treatment",Salmonella ,Salmonella,Salmonella,feces,yes,no,,,1,5,,,,NA,,NA,,,,,,"(4,5,12:1 Monophasic)",,NA,NA,NA,NA,NA,NA,NA,NA,Low,1
Smith et al.,2020,Smith et al. 2020,yes,review,"USA, Washington/Oregon/California",yes,North America,"PCR (method from Park et al. (2011)), QIAamp?
DNA stool mini kits",Molecular,NA,NA,,NA,Animal,Bird,,,,,,Bird (class),free,Salmonella spp.,Salmonella,Salmonella,feces,yes,no,,,ND,2024,,,,NA,,NA,,,,,,,,NA,NA,NA,NA,NA,NA,NA,NA,Low,1
Carlson et al. ,2015,Carlson et al.  2015,yes,Google Scholar,"USA, Texas, Moore County",yes,North America,"Pulse field gel electroforesis, culture broth and plate",Molecular,NA,NA,,swab,Animal,Bird,Passeriformes,Sturnidae,Sturnus,European starling,Sturnus vulgaris,,free,Salmonella enterica,Salmonella enterica,Salmonella enterica (non-typhoid),GI tract contents,yes,no,,,10,51,,,,NA,,NA,,,,,,,,NA,NA,NA,NA,NA,NA,NA,NA,Low,1
Hamer et al.,2012,Hamer et al. 2012,yes,review,"USA, Illinois, Chicago",yes,North America,PCR (invA 284 bp),Molecular,NA,NA,,NA,Animal,Bird,,,,,"Dumetella carolinensis, Turdus migratorius, Carduelis tristis, Molothrus ater, Agelaius phoeniceus, Hylocichla mustelina, Picoides pubescens, Passerina cyanea",Bird (class),free,Salmonella enterica enterica,Salmonella enterica subsp. enterica,Salmonella enterica (non-typhoid),cloacal swab or fecal swab,yes,no,,,1,180,,,,NA,,NA,,,,,,Positive sample from a red-winged Blackbird,Also tested for West Nile Virus Antibody,NA,NA,NA,NA,NA,NA,NA,NA,Moderate,2
Mirzaie et al.,2010,Mirzaie et al. 2010,yes,review,"Iran, Tehran, near industrial poultry house",no,Eastern Mediterranean,"PCR (429 bp, sefA  310 bp, spv 250 bp)",Molecular,NA,NA,,NA,Animal,Bird,Passeriformes,Passeridae,Passer,House sparrow,,,free,Salmonella enteritidis,Salmonella entericaÿsubsp.ÿentericaÿserovar Enteritidis,Salmonella enterica (non-typhoid),"tissue (liver, heart, gastro intestinal tract), captured birds",yes,no,,,8,470,,,,NA,,NA,,,,,,,,NA,NA,NA,NA,NA,NA,NA,NA,Low,1
Navarro-Gonzalez et al.,2020,Navarro-Gonzalez et al. 2020,yes,Web of Science,"USA, California, San Benito County, Sacramento County, Stone Lakes National Wildlife Refuge",yes,North America,"PCR, Plate Culture",Molecular,NA,NA,,NA,Animal,Bird,Passeriformes,Passerellidae,Passerculus,Savannah sparrow,Passerculus sandwichensis,,free,"Salmonella III 17:g,z51","Salmonella enterica subsp. enterica serovar III 17;g,z51",Salmonella enterica (non-typhoid),feces,yes,no,,,1,15,,,,NA,,NA,,,,,,,,NA,NA,NA,NA,NA,NA,NA,NA,Low,1
Navarro-Gonzalez et al.,2020,Navarro-Gonzalez et al. 2020,yes,Web of Science,"USA, California, San Benito County, Sacramento County, Stone Lakes National Wildlife Refuge",yes,North America,"PCR, Plate Culture",Molecular,NA,NA,,NA,Animal,Bird,Passeriformes,Passerellidae,Melospiza,Song sparrow,Melospiza melodia,,free,Salmonella newport,Salmonella enterica subsp. enterica serovar Newport,Salmonella enterica (non-typhoid),feces,yes,no,,,1,41,,,,NA,,NA,,,,,,,,NA,NA,NA,NA,NA,NA,NA,NA,Low,1
Navarro-Gonzalez et al.,2020,Navarro-Gonzalez et al. 2020,yes,Web of Science,"USA, California, San Benito County, Sacramento County, Stone Lakes National Wildlife Refuge",yes,North America,"PCR, Plate Culture",Molecular,NA,NA,,NA,Animal,Bird,Passeriformes,Icteridae,Agelaius,Red-winged blackbird,Agelaius phoeniceus,,free,Salmonella saugus,Salmonella enterica subsp. enterica serovar Saugas,Salmonella enterica (non-typhoid),feces,yes,no,,,1,30,,,,NA,,NA,,,,,,,,NA,NA,NA,NA,NA,NA,NA,NA,Low,1
Palmgren et al.,2006,Palmgren et al. 2006,yes,review,"Sweden, Malmo, central park",no,Europe,"PCR (SpeI, BlnI, XbaI)",Molecular,NA,NA,,NA,Animal,Bird,Charadriiformes,Laridae,Chroicocephalus,Black-headed gull,Larus ridibundus,,free,Salmonella Infantis,Salmonella enterica subsp. enterica serovar Infantis,Salmonella enterica (non-typhoid),Cloacal swab,yes,no,,,1,1047,,,,NA,,NA,,,,,,,,NA,NA,NA,NA,NA,NA,NA,NA,High,3
Palmgren et al.,2006,Palmgren et al. 2006,yes,review,"Sweden, Malmo, central park",no,Europe,"PCR (SpeI, BlnI, XbaI)",Molecular,NA,NA,,NA,Animal,Bird,Charadriiformes,Laridae,Chroicocephalus,Black-headed gull,Larus ridibundus,,free,Salmonella Kedougou,Salmonella enterica subsp. enterica serovar Kedougou,Salmonella enterica (non-typhoid),Cloacal swab,yes,no,,,1,1047,,,,NA,,NA,,,,,,,,NA,NA,NA,NA,NA,NA,NA,NA,High,3
Palmgren et al.,2006,Palmgren et al. 2006,yes,review,"Sweden, Malmo, central park",no,Europe,"PCR (SpeI, BlnI, XbaI)",Molecular,NA,NA,,NA,Animal,Bird,Charadriiformes,Laridae,Chroicocephalus,Black-headed gull,Larus ridibundus,,free,Salmonella newport,Salmonella enterica subsp. enterica serovar Newport,Salmonella enterica (non-typhoid),Cloacal swab,yes,no,,,2,1047,,,,NA,,NA,,,,,,,,NA,NA,NA,NA,NA,NA,NA,NA,High,3
Palmgren et al.,2006,Palmgren et al. 2006,yes,review,"Sweden, Malmo, central park",no,Europe,"PCR (SpeI, BlnI, XbaI)",Molecular,NA,NA,,NA,Animal,Bird,Charadriiformes,Laridae,Chroicocephalus,Black-headed gull,Larus ridibundus,,free,Salmonella enteritidis,Salmonella entericaÿsubsp.ÿentericaÿserovar Enteritidis,Salmonella enterica (non-typhoid),Cloacal swab,yes,no,,,1,1047,,,,NA,,NA,,,,,,,,NA,NA,NA,NA,NA,NA,NA,NA,High,3
Rodriguez et al.,2012,Rodriguez et al. 2012,yes,Google Scholar,"Chile, Talcahuano ",no,South America,RT-PCR (Prot6-E),Molecular,45 cycles,NA,,NA,Animal,Bird,Charadriiformes,Laridae,Leucophaeus,Franklin's gull,Leucophaeus pipixcan,,free,Salmonella enteritidis,Salmonella entericaÿsubsp.ÿentericaÿserovar Enteritidis,Salmonella enterica (non-typhoid),feces,yes,no,,,60,200,,,,NA,,NA,,,,,,also seperated by time of the year,,NA,NA,NA,NA,NA,NA,NA,NA,Moderate,2
Mirzaie et al.,2010,Mirzaie et al. 2010,yes,review,"Iran, Tehran, near industrial poultry house",no,Eastern Mediterranean,"PCR (rfbJ 663 bp, fljB 526 bp, invA  2884 bp, fliC 183 bp)",Molecular,NA,NA,,NA,Animal,Bird,Passeriformes,Passeridae,Passer,House sparrow,,,free,Salmonella typhimurium,Salmonella enterica subsp. enterica serovar Typhimurium,Salmonella enterica (typhoid),"tissue (liver, heart, gastro intestinal tract), captured birds",yes,no,,,9,470,,,,NA,,NA,,,,,,,,NA,NA,NA,NA,NA,NA,NA,NA,Low,1
Palmgren et al.,2006,Palmgren et al. 2006,yes,review,"Sweden, Malmo, central park",no,Europe,"PCR (SpeI, BlnI, XbaI)",Molecular,NA,NA,,NA,Animal,Bird,Charadriiformes,Laridae,Chroicocephalus,Black-headed gull,Larus ridibundus,,free,Salmonella typhimurium,Salmonella enterica subsp. enterica serovar Typhimurium,Salmonella enterica (typhoid),Cloacal swab,yes,no,,,23,1047,,,,NA,,NA,,,,,,,,NA,NA,NA,NA,NA,NA,NA,NA,High,3
"Refsum, et al.",2002,"Refsum, et al. 2002",yes,review,"Norway, Hedmark, Sor-Trondelag, Oslo",no,Europe,Pulsed-field gel electrophoresisÿ(XbaI),Molecular,NA,NA,,NA,Animal,Bird,Charadriiformes,Laridae,Chroicocephalus,Black-headed gull,Larus ridibundus,,free,"Salmonella enterica Typhimurium O:4,5,12","Salmonella enterica subsp. enterica serovar Typhimurium var. monophasic 4,[5],12;i;-   ",Salmonella enterica (typhoid),"Salmonella enterica isolates, dead birds",yes,no,,,4,6,,,,NA,,NA,,,,,,,,NA,NA,NA,NA,NA,NA,NA,NA,Very Low,0
"Refsum, et al.",2002,"Refsum, et al. 2002",yes,review,"Norway, Oslo",no,Europe,Pulsed-field gel electrophoresisÿ(XbaI),Molecular,NA,NA,,NA,Animal,Bird,Passeriformes,Corvidae,Pica,Eurasian magpie,Pica Pica,,free,"Salmonella enterica Typhimurium O:4,5,12","Salmonella enterica subsp. enterica serovar Typhimurium var. monophasic 4,[5],12;i;-   ",Salmonella enterica (typhoid),"Salmonella enterica isolates, dead birds",yes,no,,,1,1,,,,NA,,NA,,,,,,,,NA,NA,NA,NA,NA,NA,NA,NA,Very Low,0
"Refsum, et al.",2002,"Refsum, et al. 2002",yes,review,"Norway, Hordaland",no,Europe,Pulsed-field gel electrophoresisÿ(XbaI),Molecular,NA,NA,,NA,Animal,Bird,Charadriiformes,Laridae,Larus,Great black-backed gull,Larus marinus,,free,"Salmonella enterica Typhimurium O:4,5,12","Salmonella enterica subsp. enterica serovar Typhimurium var. monophasic 4,[5],12;i;-   ",Salmonella enterica (typhoid),"Salmonella enterica isolates, dead birds",yes,no,,,1,1,,,,NA,,NA,,,,,,,,NA,NA,NA,NA,NA,NA,NA,NA,Very Low,0
"Refsum, et al.",2002,"Refsum, et al. 2002",yes,review,"Norway, Oslo, Sogn og Fjordane, Hordaland, Akershus, More og Romsdal",no,Europe,Pulsed-field gel electrophoresisÿ(XbaI),Molecular,NA,NA,,NA,Animal,Bird,Charadriiformes,Laridae,Larus,Herring gull,Larus argentatus,,free,"Salmonella enterica Typhimurium O:4,5,12","Salmonella enterica subsp. enterica serovar Typhimurium var. monophasic 4,[5],12;i;-   ",Salmonella enterica (typhoid),"Salmonella enterica isolates, dead birds",yes,no,,,1,8,,,,NA,,NA,,,,,,,,NA,NA,NA,NA,NA,NA,NA,NA,Very Low,0
"Refsum, et al.",2002,"Refsum, et al. 2002",yes,review,"Norway, Ostfold",no,Europe,Pulsed-field gel electrophoresisÿ(XbaI),Molecular,NA,NA,,NA,Animal,Bird,Passeriformes,Corvidae,Corvus,Hooded crow,Corvus cornix,,free,"Salmonella enterica Typhimurium O:4,5,12","Salmonella enterica subsp. enterica serovar Typhimurium var. monophasic 4,[5],12;i;-   ",Salmonella enterica (typhoid),"Salmonella enterica isolates, dead birds",yes,no,,,1,1,,,,NA,,NA,,,,,,,,NA,NA,NA,NA,NA,NA,NA,NA,Very Low,0
"Refsum, et al.",2002,"Refsum, et al. 2002",yes,review,"Norway, Oslo",no,Europe,Pulsed-field gel electrophoresisÿ(XbaI),Molecular,NA,NA,,NA,Animal,Bird,Charadriiformes,Laridae,Larus,Lesser black-backed gull,Larus fuscus,,free,"Salmonella enterica Typhimurium O:4,5,12","Salmonella enterica subsp. enterica serovar Typhimurium var. monophasic 4,[5],12;i;-   ",Salmonella enterica (typhoid),"Salmonella enterica isolates, dead birds",yes,no,,,1,1,,,,NA,,NA,,,,,,,,NA,NA,NA,NA,NA,NA,NA,NA,Very Low,0
"Refsum, et al.",2002,"Refsum, et al. 2002",yes,review,"Norway, Oslo, Hordaland",no,Europe,Pulsed-field gel electrophoresisÿ(XbaI),Molecular,NA,NA,,NA,Animal,Bird,Charadriiformes,Laridae,Larus,Common gull,Larus canis,,free,"Salmonella enterica Typhimurium O:4,5,12","Salmonella enterica subsp. enterica serovar Typhimurium var. monophasic 4,[5],12;i;-   ",Salmonella enterica (typhoid),"Salmonella enterica isolates, dead birds",yes,no,,,2,5,,,,NA,,NA,,,,,,,,NA,NA,NA,NA,NA,NA,NA,NA,Very Low,0
"Refsum, et al.",2002,"Refsum, et al. 2002",yes,review,"Norway, Hordaland",no,Europe,Pulsed-field gel electrophoresisÿ(XbaI),Molecular,NA,NA,,NA,Animal,Bird,Columbiformes,Columbidae,Columba,Pigeon,Columba livia,,free,"Salmonella enterica Typhimurium O:4,5,12","Salmonella enterica subsp. enterica serovar Typhimurium var. monophasic 4,[5],12;i;-   ",Salmonella enterica (typhoid),"Salmonella enterica isolates, dead birds",yes,no,,,1,2,,,,NA,,NA,,,,,,,,NA,NA,NA,NA,NA,NA,NA,NA,Very Low,0
"Refsum, et al.",2002,"Refsum, et al. 2002",yes,review,"Norway, Oslo",no,Europe,Pulsed-field gel electrophoresisÿ(XbaI),Molecular,NA,NA,,NA,Animal,Bird,Charadriiformes,Alcidae,Uria,Common murre,Uria aalge,,free,"Salmonella enterica Typhimurium O:4,12","Salmonella enterica subsp. enterica serovar Typhimurium var. monophasic 4,0",Salmonella enterica (typhoid),"Salmonella enterica isolates, dead birds",yes,no,,,1,1,,,,NA,,NA,,,,,,,,NA,NA,NA,NA,NA,NA,NA,NA,Very Low,0
"Refsum, et al.",2002,"Refsum, et al. 2002",yes,review,"Norway, Oslo",no,Europe,Pulsed-field gel electrophoresisÿ(XbaI),Molecular,NA,NA,,NA,Animal,Bird,Anseriformes,Anatidae,Branta,Canada goose,Branta canadensis,,free,"Salmonella enterica Typhimurium O:4,12","Salmonella enterica subsp. enterica serovar Typhimurium var. monophasic 4,1",Salmonella enterica (typhoid),"Salmonella enterica isolates, dead birds",yes,no,,,1,1,,,,NA,,NA,,,,,,,,NA,NA,NA,NA,NA,NA,NA,NA,Very Low,0
"Refsum, et al.",2002,"Refsum, et al. 2002",yes,review,"Norway, Akershus",no,Europe,Pulsed-field gel electrophoresisÿ(XbaI),Molecular,NA,NA,,NA,Animal,Bird,Passeriformes,Passeridae,Passer,Eurasian tree sparrow,Passer montanus,,free,"Salmonella enterica Typhimurium O:4,12","Salmonella enterica subsp. enterica serovar Typhimurium var. monophasic 4,1",Salmonella enterica (typhoid),"Salmonella enterica isolates, dead birds",yes,no,,,1,1,,,,NA,,NA,,,,,,,,NA,NA,NA,NA,NA,NA,NA,NA,Very Low,0
"Refsum, et al.",2002,"Refsum, et al. 2002",yes,review,"Norway, More og Romsdal, Rogaland, Dedmar, Hrodaland, Aust-Agder, Sogn of Fjordane)",no,Europe,Pulsed-field gel electrophoresisÿ(XbaI),Molecular,NA,NA,,NA,Animal,Bird,Columbiformes,Columbidae,Columba,Pigeon,,,free,"Salmonella enterica Typhimurium O:4,12","Salmonella enterica subsp. enterica serovar Typhimurium var. monophasic 4,10",Salmonella enterica (typhoid),"Salmonella enterica isolates, dead birds",yes,no,,,10,10,,,,NA,,NA,,,,,,,,NA,NA,NA,NA,NA,NA,NA,NA,Very Low,0
"Refsum, et al.",2002,"Refsum, et al. 2002",yes,review,"Norway, Nordland, Hordaland, Buskerud",no,Europe,Pulsed-field gel electrophoresisÿ(XbaI),Molecular,NA,NA,,NA,Animal,Bird,Charadriiformes,Laridae,Larus,Herring gull,Larus argentatus,,free,"Salmonella enterica Typhimurium O:4,12","Salmonella enterica subsp. enterica serovar Typhimurium var. monophasic 4,11",Salmonella enterica (typhoid),"Salmonella enterica isolates, dead birds",yes,no,,,3,11,,,,NA,,NA,,,,,,,,NA,NA,NA,NA,NA,NA,NA,NA,Very Low,0
"Refsum, et al.",2002,"Refsum, et al. 2002",yes,review,"Norway, Oslo, Ves-Agder, Oppland, Nord-Trondelag, More Og Romsdal, Ostfold, Nordland, Nord-Trondelag, Troms, Hedmark, Akershus, Telemark, Sor-Trondelag, Buskerud",no,Europe,Pulsed-field gel electrophoresisÿ(XbaI),Molecular,NA,NA,,NA,Animal,Bird,Passeriformes,Fringillidae,Pyrrhula,Eurasian bullfinch,Pyrrhula pyrrhula,,free,"Salmonella enterica Typhimurium O:4,12","Salmonella enterica subsp. enterica serovar Typhimurium var. monophasic 4,12   ",Salmonella enterica (typhoid),"Salmonella enterica isolates, dead birds",yes,no,,,23,23,,,,NA,,NA,,,,,,,,NA,NA,NA,NA,NA,NA,NA,NA,Very Low,0
"Refsum, et al.",2002,"Refsum, et al. 2002",yes,review,"Norway, Hordaland",no,Europe,Pulsed-field gel electrophoresisÿ(XbaI),Molecular,NA,NA,,NA,Animal,Bird,Passeriformes,Paridae,Cyanistes,Blue tit,Cyanistes caeruleus,,free,"Salmonella enterica Typhimurium O:4,12","Salmonella enterica subsp. enterica serovar Typhimurium var. monophasic 4,2",Salmonella enterica (typhoid),"Salmonella enterica isolates, dead birds",yes,no,,,1,1,,,,NA,,NA,,,,,,,,NA,NA,NA,NA,NA,NA,NA,NA,Very Low,0
"Refsum, et al.",2002,"Refsum, et al. 2002",yes,review,"Norway, Nordland, Sor-Trondelag",no,Europe,Pulsed-field gel electrophoresisÿ(XbaI),Molecular,NA,NA,,NA,Animal,Bird,Passeriformes,Fringillidae,Acanthis,Common redpoll,Carduelis Flammea,,free,"Salmonella enterica Typhimurium O:4,12","Salmonella enterica subsp. enterica serovar Typhimurium var. monophasic 4,2",Salmonella enterica (typhoid),"Salmonella enterica isolates, dead birds",yes,no,,,2,2,,,,NA,,NA,,,,,,,,NA,NA,NA,NA,NA,NA,NA,NA,Very Low,0
"Refsum, et al.",2002,"Refsum, et al. 2002",yes,review,"Norway, Nord-Trondelag",no,Europe,Pulsed-field gel electrophoresisÿ(XbaI),Molecular,NA,NA,,NA,Animal,Bird,Passeriformes,Passeridae,Passer,House sparrow,Passer domesticus,,free,"Salmonella enterica Typhimurium O:4,12","Salmonella enterica subsp. enterica serovar Typhimurium var. monophasic 4,3",Salmonella enterica (typhoid),"Salmonella enterica isolates, dead birds",yes,no,,,2,2,,,,NA,,NA,,,,,,,,NA,NA,NA,NA,NA,NA,NA,NA,Very Low,0
"Refsum, et al.",2002,"Refsum, et al. 2002",yes,review,"Norway, Oslo",no,Europe,Pulsed-field gel electrophoresisÿ(XbaI),Molecular,NA,NA,,NA,Animal,Bird,Columbiformes,Columbidae,Columba,Pigeon,Columba livia,,free,"Salmonella enterica Typhimurium O:4,12","Salmonella enterica subsp. enterica serovar Typhimurium var. monophasic 4,4",Salmonella enterica (typhoid),"Salmonella enterica isolates, dead birds",yes,no,,,1,2,,,,NA,,NA,,,,,,,,NA,NA,NA,NA,NA,NA,NA,NA,Very Low,0
"Refsum, et al.",2002,"Refsum, et al. 2002",yes,review,"Norway, Akershus, Vest-Agder, Oslo",no,Europe,Pulsed-field gel electrophoresisÿ(XbaI),Molecular,NA,NA,,NA,Animal,Bird,Passeriformes,Paridae,Parus,Great tit,Parus major,,free,"Salmonella enterica Typhimurium O:4,12","Salmonella enterica subsp. enterica serovar Typhimurium var. monophasic 4,5",Salmonella enterica (typhoid),"Salmonella enterica isolates, dead birds",yes,no,,,3,3,,,,NA,,NA,,,,,,,,NA,NA,NA,NA,NA,NA,NA,NA,Very Low,0
"Refsum, et al.",2002,"Refsum, et al. 2002",yes,review,"Norway, Oslo, Vestfold, Ostfold, Akershus",no,Europe,Pulsed-field gel electrophoresisÿ(XbaI),Molecular,NA,NA,,NA,Animal,Bird,Passeriformes,Fringillidae,Chloris,European greenfinch,Carduelis chloris,,free,"Salmonella enterica Typhimurium O:4,12","Salmonella enterica subsp. enterica serovar Typhimurium var. monophasic 4,7",Salmonella enterica (typhoid),"Salmonella enterica isolates, dead birds",yes,no,,,5,5,,,,NA,,NA,,,,,,,,NA,NA,NA,NA,NA,NA,NA,NA,Very Low,0
"Refsum, et al.",2002,"Refsum, et al. 2002",yes,review,"Norway, Oslo, Hordaland",no,Europe,Pulsed-field gel electrophoresisÿ(XbaI),Molecular,NA,NA,,NA,Animal,Bird,Charadriiformes,Laridae,Larus,Common gull,Larus canis,,free,"Salmonella enterica Typhimurium O:4,12","Salmonella enterica subsp. enterica serovar Typhimurium var. monophasic 4,8",Salmonella enterica (typhoid),"Salmonella enterica isolates, dead birds",yes,no,,,3,5,,,,NA,,NA,,,,,,,,NA,NA,NA,NA,NA,NA,NA,NA,Very Low,0
"Refsum, et al.",2002,"Refsum, et al. 2002",yes,review,"Norway, Akershus, Hedmark, Telemark, Nord-Trondelag, Oslo, Sogn og Fjordane, Ostfold",no,Europe,Pulsed-field gel electrophoresisÿ(XbaI),Molecular,NA,NA,,NA,Animal,Bird,Passeriformes,Fringillidae,Spinus,Eurasian siskin,Carduelis spinus,,free,"Salmonella enterica Typhimurium O:4,12","Salmonella enterica subsp. enterica serovar Typhimurium var. monophasic 4,9",Salmonella enterica (typhoid),"Salmonella enterica isolates, dead birds",yes,no,,,7,7,,,,NA,,NA,,,,,,,,NA,NA,NA,NA,NA,NA,NA,NA,Very Low,0
Barber et al.,2002,Barber et al. 2002,yes,Google Scholar,"USA, Illinois, swine production faciltiy",yes,North America,"agglutination, biochemical, culture broth and plate",Conventional,NA,NA,,1 g,Animal,Euchelicerata,Araneae,,,,,Spider (order),free,Salmonella ,Salmonella,Salmonella,pool whole body,yes,no,,,1,96,,,,NA,,NA,,,,,,,,NA,NA,NA,NA,NA,NA,NA,NA,Low,1
Barber et al.,2002,Barber et al. 2002,yes,Google Scholar,"USA, Illinois, swine production faciltiy",yes,North America,"agglutination, biochemical, culture broth and plate",Conventional,NA,NA,,1 g,Animal,Insect,Hymenoptera,Formicidae,,,,Ant (family),free,Salmonella ,Salmonella,Salmonella,pool whole body,yes,no,,,ND,23,,,,NA,,NA,,,,,,,,NA,NA,NA,NA,NA,NA,NA,NA,Low,1
Barber et al.,2002,Barber et al. 2002,yes,Google Scholar,"USA, Illinois, swine production faciltiy",yes,North America,"agglutination, biochemical, culture broth and plate",Conventional,NA,NA,,1 g,Animal,Insect,Coleoptera,,,,,Beetle (order),free,Salmonella ,Salmonella,Salmonella,pool whole body,yes,no,,,ND,43,,,,NA,,NA,,,,,,,,NA,NA,NA,NA,NA,NA,NA,NA,Low,1
Barber et al.,2002,Barber et al. 2002,yes,Google Scholar,"USA, Illinois, swine production faciltiy",yes,North America,"agglutination, biochemical, culture broth and plate",Conventional,NA,NA,,1 g,Animal,Insect,Blattodea,,,,,Cockroache (order),free,Salmonella ,Salmonella,Salmonella,pool whole body,yes,no,,,1,65,,,,NA,,NA,,,,,,,,NA,NA,NA,NA,NA,NA,NA,NA,Low,1
Barber et al.,2002,Barber et al. 2002,yes,Google Scholar,"USA, Illinois, swine production faciltiy",yes,North America,"agglutination, biochemical, culture broth and plate",Conventional,NA,NA,,1 g,Animal,Insect,Diptera,,,,,fly (order),free,Salmonella ,Salmonella,Salmonella,pool whole body,yes,no,,,16,267,,,,NA,,NA,,,,,,,,NA,NA,NA,NA,NA,NA,NA,NA,Low,1
Barber et al.,2002,Barber et al. 2002,yes,Google Scholar,"USA, Illinois, swine production faciltiy",yes,North America,"agglutination, biochemical, culture broth and plate",Conventional,NA,NA,,1 g,Animal,Insect,Lepidoptera,,,,,Moth,free,Salmonella ,Salmonella,Salmonella,pool whole body,yes,no,,,1,23,,,,NA,,NA,,,,,,,,NA,NA,NA,NA,NA,NA,NA,NA,Low,1
Hamilton et al.,2021,Hamilton et al. 2021,yes,Web of Science,"USA, Tennessee, Crossville, University 
of Tennessee",yes,North America,"Plate culture, Wellcolex latex agglutination testing confirm",Conventional,NA,NA,,NA,Animal,Insect,Diptera,Sarcophagidae,Anolisimyia,,Sarcophagidae Anolisimyia sp.,,free,Salmonella,Salmonella,Salmonella,flies ,yes,no,,,ND,1,,,1,NA,,NA,1,1,,,flies/pool,1,fly,NA,NA,NA,NA,NA,NA,NA,NA,Moderate,2
Hamilton et al.,2021,Hamilton et al. 2021,yes,Web of Science,"USA, Tennessee, Crossville, University 
of Tennessee",yes,North America,"Plate culture, Wellcolex latex agglutination testing confirm",Conventional,NA,NA,,NA,Animal,Insect,Diptera,Anthomyiidae,,,Anthomyiid Lucilia sp.,Anthomyiidae (family),free,Salmonella,Salmonella,Salmonella,flies ,yes,no,,,ND,1,,,1,NA,,NA,1,1,,,flies/pool,1,fly,NA,NA,NA,NA,NA,NA,NA,NA,Moderate,2
Hamilton et al.,2021,Hamilton et al. 2021,yes,Web of Science,"USA, Tennessee, Crossville, University 
of Tennessee",yes,North America,"Plate culture, Wellcolex latex agglutination testing confirm",Conventional,NA,NA,,NA,Animal,Insect,Diptera,Anthomyiidae,,,Anthomyiid Lucilia illustris,Anthomyiidae (family),free,Salmonella,Salmonella,Salmonella,flies ,yes,no,,,ND,2,,,2,NA,,NA,2,2,,,flies/pool,2,fly,NA,NA,NA,NA,NA,NA,NA,NA,Moderate,2
Hamilton et al.,2021,Hamilton et al. 2021,yes,Web of Science,"USA, Tennessee, Crossville, University 
of Tennessee",yes,North America,"Plate culture, Wellcolex latex agglutination testing confirm",Conventional,NA,NA,,NA,Animal,Insect,Diptera,Sarcophagidae,Bercaea,,Sarcophagidae Bercaea sp.,Bercaea (genus),free,Salmonella,Salmonella,Salmonella,flies ,yes,no,,,ND,5,,,1.7,NA,,NA,1,2,,,flies/pool,5,fly,NA,NA,NA,NA,NA,NA,NA,NA,Moderate,2
Hamilton et al.,2021,Hamilton et al. 2021,yes,Web of Science,"USA, Tennessee, Crossville, University 
of Tennessee",yes,North America,"Plate culture, Wellcolex latex agglutination testing confirm",Conventional,NA,NA,,NA,Animal,Insect,Diptera,Sarcophagidae,Bercaeopsis,,Sarcophagidae Bercaeopsis sp.,Bercaeopsis (genus),free,Salmonella,Salmonella,Salmonella,flies ,yes,no,,,ND,34,,,1.8,NA,,NA,1,4,,,flies/pool,34,fly,NA,NA,NA,NA,NA,NA,NA,NA,Moderate,2
Hamilton et al.,2021,Hamilton et al. 2021,yes,Web of Science,"USA, Tennessee, Crossville, University 
of Tennessee",yes,North America,"Plate culture, Wellcolex latex agglutination testing confirm",Conventional,NA,NA,,NA,Animal,Insect,Diptera,Calliphoridae,Phormiaÿ,Black blow fly,Calliphoridae Phormia regina,,free,Salmonella,Salmonella,Salmonella,flies ,yes,no,,,ND,697,,,4.9,NA,,NA,1,14,,,flies/pool,697,fly,NA,NA,NA,NA,NA,NA,NA,NA,Moderate,2
Hamilton et al.,2021,Hamilton et al. 2021,yes,Web of Science,"USA, Tennessee, Crossville, University 
of Tennessee",yes,North America,"Plate culture, Wellcolex latex agglutination testing confirm",Conventional,NA,NA,,NA,Animal,Insect,Diptera,Sarcophagidae,Boettcheria,,Sarcophagidae Boettcheria sp.,Boettcheria (genus),free,Salmonella,Salmonella,Salmonella,flies ,yes,no,,,1,20,0.050697486,,1.5,NA,,NA,1,3,,,flies/pool,20,fly,NA,NA,NA,NA,NA,NA,NA,NA,Moderate,2
Hamilton et al.,2021,Hamilton et al. 2021,yes,Web of Science,"USA, Tennessee, Crossville, University 
of Tennessee",yes,North America,"Plate culture, Wellcolex latex agglutination testing confirm",Conventional,NA,NA,,NA,Animal,Insect,Diptera,Anthomyiidae,Botanophila,,Anthomyiid Botanophila sp.,Botanophila (genus),free,Salmonella,Salmonella,Salmonella,flies ,yes,no,,,ND,1,,,1,NA,,NA,1,1,,,flies/pool,1,fly,NA,NA,NA,NA,NA,NA,NA,NA,Moderate,2
Hamilton et al.,2021,Hamilton et al. 2021,yes,Web of Science,"USA, Tennessee, Crossville, University 
of Tennessee",yes,North America,"Plate culture, Wellcolex latex agglutination testing confirm",Conventional,NA,NA,,NA,Animal,Insect,Diptera,Calliphoridae,Calliphora,,Calliphoridae Calliphora sp.,Calliphora (genus),free,Salmonella,Salmonella,Salmonella,flies ,yes,no,,,1,18,0.056169442,,1.4,NA,,NA,1,4,,,flies/pool,18,fly,NA,NA,NA,NA,NA,NA,NA,NA,Moderate,2
Hamilton et al.,2021,Hamilton et al. 2021,yes,Web of Science,"USA, Tennessee, Crossville, University 
of Tennessee",yes,North America,"Plate culture, Wellcolex latex agglutination testing confirm",Conventional,NA,NA,,NA,Animal,Insect,Diptera,Calliphoridae,,,Calliphoridae (Unknown species),Calliphoridae (family),free,Salmonella,Salmonella,Salmonella,flies ,yes,no,,,ND,11,,,1.8,NA,,NA,1,4,,,flies/pool,11,fly,NA,NA,NA,NA,NA,NA,NA,NA,Moderate,2
Hamilton et al.,2021,Hamilton et al. 2021,yes,Web of Science,"USA, Tennessee, Crossville, University 
of Tennessee",yes,North America,"Plate culture, Wellcolex latex agglutination testing confirm",Conventional,NA,NA,,NA,Animal,Insect,Diptera,Sarcophagidae,Camptops,,Sarcophagidae Camptops sp.,Camptops (genus),free,Salmonella,Salmonella,Salmonella,flies ,yes,no,,,ND,12,,,1.3,NA,,NA,1,2,,,flies/pool,12,fly,NA,NA,NA,NA,NA,NA,NA,NA,Moderate,2
Hamilton et al.,2021,Hamilton et al. 2021,yes,Web of Science,"USA, Tennessee, Crossville, University 
of Tennessee",yes,North America,"Plate culture, Wellcolex latex agglutination testing confirm",Conventional,NA,NA,,NA,Animal,Insect,Diptera,Tachinidae,Campylocheta,,Tachinidae Campylochaeta sp.,Campylochaeta (genus),free,Salmonella,Salmonella,Salmonella,flies ,yes,no,,,ND,1,,,1,NA,,NA,1,1,,,flies/pool,1,fly,NA,NA,NA,NA,NA,NA,NA,NA,Moderate,2
Hamilton et al.,2021,Hamilton et al. 2021,yes,Web of Science,"USA, Tennessee, Crossville, University 
of Tennessee",yes,North America,"Plate culture, Wellcolex latex agglutination testing confirm",Conventional,NA,NA,,NA,Animal,Insect,Diptera,Otitidae,Chaetopsis,,Ulidiidae Chaetopsis sp.,Chaetopsis (genus),free,Salmonella,Salmonella,Salmonella,flies ,yes,no,,,ND,14,,,2.3,NA,,NA,1,7,,,flies/pool,14,fly,NA,NA,NA,NA,NA,NA,NA,NA,Moderate,2
Hamilton et al.,2021,Hamilton et al. 2021,yes,Web of Science,"USA, Tennessee, Crossville, University 
of Tennessee",yes,North America,"Plate culture, Wellcolex latex agglutination testing confirm",Conventional,NA,NA,,NA,Animal,Insect,Coleoptera,Chrysomelidae,Crioceris,Chrysagreco duodecimpunctata,Sarcophagidae Chrysagreco duodecimpunctata,,free,Salmonella,Salmonella,Salmonella,flies ,yes,no,,,ND,1,,,1,NA,,NA,1,1,,,flies/pool,1,fly,NA,NA,NA,NA,NA,NA,NA,NA,Moderate,2
Hamilton et al.,2021,Hamilton et al. 2021,yes,Web of Science,"USA, Tennessee, Crossville, University 
of Tennessee",yes,North America,"Plate culture, Wellcolex latex agglutination testing confirm",Conventional,NA,NA,,NA,Animal,Insect,Diptera,Calliphoridae,Pollenia,Cluster fly,Calliphoridae Pollenia rudis,,free,Salmonella,Salmonella,Salmonella,flies ,yes,no,,,ND,432,,,3.5,NA,,NA,1,11,,,flies/pool,432,fly,NA,NA,NA,NA,NA,NA,NA,NA,Moderate,2
Hamilton et al.,2021,Hamilton et al. 2021,yes,Web of Science,"USA, Tennessee, Crossville, University 
of Tennessee",yes,North America,"Plate culture, Wellcolex latex agglutination testing confirm",Conventional,NA,NA,,NA,Animal,Insect,Diptera,Muscidae,Drymeia,,Muscidae Drymeia sp.,Drymeia (genus),free,Salmonella,Salmonella,Salmonella,flies ,yes,no,,,ND,1,,,1,NA,,NA,1,1,,,flies/pool,1,fly,NA,NA,NA,NA,NA,NA,NA,NA,Moderate,2
Hamilton et al.,2021,Hamilton et al. 2021,yes,Web of Science,"USA, Tennessee, Crossville, University 
of Tennessee",yes,North America,"Plate culture, Wellcolex latex agglutination testing confirm",Conventional,NA,NA,,NA,Animal,Insect,Diptera,Anthomyiidae,Egleÿ,,Anthomyiid Egle sp.,,free,Salmonella,Salmonella,Salmonella,flies ,yes,no,,,ND,5,,,2.5,NA,,NA,1,4,,,flies/pool,5,fly,NA,NA,NA,NA,NA,NA,NA,NA,Moderate,2
Hamilton et al.,2021,Hamilton et al. 2021,yes,Web of Science,"USA, Tennessee, Crossville, University 
of Tennessee",yes,North America,"Plate culture, Wellcolex latex agglutination testing confirm",Conventional,NA,NA,,NA,Animal,Insect,Diptera,Otitidae,Euxesta,,Ulidiidae Euxesta sp.,Euxesta (genus),free,Salmonella,Salmonella,Salmonella,flies ,yes,no,,,ND,2,,,2,NA,,NA,2,2,,,flies/pool,2,fly,NA,NA,NA,NA,NA,NA,NA,NA,Moderate,2
Hamilton et al.,2021,Hamilton et al. 2021,yes,Web of Science,"USA, Tennessee, Crossville, University 
of Tennessee",yes,North America,"Plate culture, Wellcolex latex agglutination testing confirm",Conventional,NA,NA,,NA,Animal,Insect,Diptera,Muscidae,Musca,,Muscidae Musca autuminalis,Face fly (genus),free,Salmonella,Salmonella,Salmonella,flies ,yes,no,,,ND,11,,,1.4,NA,,NA,1,2,,,flies/pool,11,fly,NA,NA,NA,NA,NA,NA,NA,NA,Moderate,2
Hamilton et al.,2021,Hamilton et al. 2021,yes,Web of Science,"USA, Tennessee, Crossville, University 
of Tennessee",yes,North America,"Plate culture, Wellcolex latex agglutination testing confirm",Conventional,NA,NA,,NA,Animal,Insect,Brachycera,Fanniidae,Fannia,,Muscidae Fannia sp.,Fannia (genus),free,Salmonella,Salmonella,Salmonella,flies ,yes,no,,,ND,1,,,1,NA,,NA,1,1,,,flies/pool,1,fly,NA,NA,NA,NA,NA,NA,NA,NA,Moderate,2
Hamilton et al.,2021,Hamilton et al. 2021,yes,Web of Science,"USA, Tennessee, Crossville, University 
of Tennessee",yes,North America,"Plate culture, Wellcolex latex agglutination testing confirm",Conventional,NA,NA,,NA,Animal,Insect,Diptera,Calliphoridae,Lucilia,,Calliphoridae Lucilia sp.,Green bottle flies (genus),free,Salmonella,Salmonella,Salmonella,flies ,yes,no,,,ND,1,,,1,NA,,NA,1,1,,,flies/pool,1,fly,NA,NA,NA,NA,NA,NA,NA,NA,Moderate,2
Hamilton et al.,2021,Hamilton et al. 2021,yes,Web of Science,"USA, Tennessee, Crossville, University 
of Tennessee",yes,North America,"Plate culture, Wellcolex latex agglutination testing confirm",Conventional,NA,NA,,NA,Animal,Insect,Diptera,Calliphoridae,Lucilia,Green bottle fly,Calliphoridae Lucilia illustris,,free,Salmonella,Salmonella,Salmonella,flies ,yes,no,,,ND,2,,,2,NA,,NA,2,2,,,flies/pool,2,fly,NA,NA,NA,NA,NA,NA,NA,NA,Moderate,2
Hamilton et al.,2021,Hamilton et al. 2021,yes,Web of Science,"USA, Tennessee, Crossville, University 
of Tennessee",yes,North America,"Plate culture, Wellcolex latex agglutination testing confirm",Conventional,NA,NA,,NA,Animal,Insect,Diptera,Muscidae,Helina,,Muscidae Helina sp.,Helina (genus),free,Salmonella,Salmonella,Salmonella,flies ,yes,no,,,ND,4,,,1.3,NA,,NA,1,2,,,flies/pool,4,fly,NA,NA,NA,NA,NA,NA,NA,NA,Moderate,2
Hamilton et al.,2021,Hamilton et al. 2021,yes,Web of Science,"USA, Tennessee, Crossville, University 
of Tennessee",yes,North America,"Plate culture, Wellcolex latex agglutination testing confirm",Conventional,NA,NA,,NA,Animal,Insect,Diptera,Muscidae,Musca,,Muscidae Musca domestica,House fly (genus),free,Salmonella,Salmonella,Salmonella,flies ,yes,no,,,ND,165,,,4,NA,,NA,1,14,,,flies/pool,165,fly,NA,NA,NA,NA,NA,NA,NA,NA,Moderate,2
Hamilton et al.,2021,Hamilton et al. 2021,yes,Web of Science,"USA, Tennessee, Crossville, University 
of Tennessee",yes,North America,"Plate culture, Wellcolex latex agglutination testing confirm",Conventional,NA,NA,,NA,Animal,Insect,Diptera,Muscidae,Hydrotaea,,Muscidae Hydrotaea sp.,Hydrotaea (genus),free,Salmonella,Salmonella,Salmonella,flies ,yes,no,,,ND,13,,,1.3,NA,,NA,1,2,,,flies/pool,13,fly,NA,NA,NA,NA,NA,NA,NA,NA,Moderate,2
Hamilton et al.,2021,Hamilton et al. 2021,yes,Web of Science,"USA, Tennessee, Crossville, University 
of Tennessee",yes,North America,"Plate culture, Wellcolex latex agglutination testing confirm",Conventional,NA,NA,,NA,Animal,Insect,Diptera,Sarcophagidae,Johnsonia,,Sarcophagidae Johnsonia sp.,Johnsonia (genus),free,Salmonella,Salmonella,Salmonella,flies ,yes,no,,,ND,1,,,1,NA,,NA,1,1,,,flies/pool,1,fly,NA,NA,NA,NA,NA,NA,NA,NA,Moderate,2
Hamilton et al.,2021,Hamilton et al. 2021,yes,Web of Science,"USA, Tennessee, Crossville, University 
of Tennessee",yes,North America,"Plate culture, Wellcolex latex agglutination testing confirm",Conventional,NA,NA,,NA,Animal,Insect,Diptera,Tachinidae,Jurinia,,Tachinidae Jurinia sp.,Jurinia (genus),free,Salmonella,Salmonella,Salmonella,flies ,yes,no,,,ND,16,,,2.7,NA,,NA,1,5,,,flies/pool,16,fly,NA,NA,NA,NA,NA,NA,NA,NA,Moderate,2
Hamilton et al.,2021,Hamilton et al. 2021,yes,Web of Science,"USA, Tennessee, Crossville, University 
of Tennessee",yes,North America,"Plate culture, Wellcolex latex agglutination testing confirm",Conventional,NA,NA,,NA,Animal,Insect,Diptera,Muscidae,Limnophora,,Muscidae Limnophora sp.,Limnophora (genus),free,Salmonella,Salmonella,Salmonella,flies ,yes,no,,,ND,4,,,1.3,NA,,NA,1,2,,,flies/pool,4,fly,NA,NA,NA,NA,NA,NA,NA,NA,Moderate,2
Hamilton et al.,2021,Hamilton et al. 2021,yes,Web of Science,"USA, Tennessee, Crossville, University 
of Tennessee",yes,North America,"Plate culture, Wellcolex latex agglutination testing confirm",Conventional,NA,NA,,NA,Animal,Insect,Diptera,Sarcophagidae,Liopygia,,Sarcophagidae Liopygla sp.,Liopygla (genus),free,Salmonella,Salmonella,Salmonella,flies ,yes,no,,,ND,2,,,1,NA,,NA,1,1,,,flies/pool,2,fly,NA,NA,NA,NA,NA,NA,NA,NA,Moderate,2
Hamilton et al.,2021,Hamilton et al. 2021,yes,Web of Science,"USA, Tennessee, Crossville, University 
of Tennessee",yes,North America,"Plate culture, Wellcolex latex agglutination testing confirm",Conventional,NA,NA,,NA,Animal,Insect,Diptera,Sarcophagidae,Liosarcophaga,,Sarcophagidae Liosarcophaga sp.,Liosarcophaga (genus),free,Salmonella,Salmonella,Salmonella,flies ,yes,no,,,ND,9,,,2.3,NA,,NA,1,4,,,flies/pool,9,fly,NA,NA,NA,NA,NA,NA,NA,NA,Moderate,2
Hamilton et al.,2021,Hamilton et al. 2021,yes,Web of Science,"USA, Tennessee, Crossville, University 
of Tennessee",yes,North America,"Plate culture, Wellcolex latex agglutination testing confirm",Conventional,NA,NA,,NA,Animal,Insect,Diptera,Muscidae,Lispoides,Lispoides aequifrons,Muscidae Lispoides aequifrons,,free,Salmonella,Salmonella,Salmonella,flies ,yes,no,,,ND,2,,,1,NA,,NA,1,1,,,flies/pool,2,fly,NA,NA,NA,NA,NA,NA,NA,NA,Moderate,2
Hamilton et al.,2021,Hamilton et al. 2021,yes,Web of Science,"USA, Tennessee, Crossville, University 
of Tennessee",yes,North America,"Plate culture, Wellcolex latex agglutination testing confirm",Conventional,NA,NA,,NA,Animal,Insect,Diptera,Sarcophagidae,Mantidophaga,,Sarcophagidae Mantidophaga sp.,Mantidophaga (genus),free,Salmonella,Salmonella,Salmonella,flies ,yes,no,,,1,1,,,1,NA,,NA,1,1,,,flies/pool,1,fly,NA,NA,NA,NA,NA,NA,NA,NA,Moderate,2
Hamilton et al.,2021,Hamilton et al. 2021,yes,Web of Science,"USA, Tennessee, Crossville, University 
of Tennessee",yes,North America,"Plate culture, Wellcolex latex agglutination testing confirm",Conventional,NA,NA,,NA,Animal,Insect,Diptera,Sarcophagidae,Mecynocorpus,,Sarcophagidae Mecynocorpus sp.,Mecynocorpus (genus),free,Salmonella,Salmonella,Salmonella,flies ,yes,no,,,ND,2,,,2,NA,,NA,2,2,,,flies/pool,2,fly,NA,NA,NA,NA,NA,NA,NA,NA,Moderate,2
Hamilton et al.,2021,Hamilton et al. 2021,yes,Web of Science,"USA, Tennessee, Crossville, University 
of Tennessee",yes,North America,"Plate culture, Wellcolex latex agglutination testing confirm",Conventional,NA,NA,,NA,Animal,Insect,Diptera,Sarcophagidae,Metoposarcophaga,,Sarcophagidae Metoposarcophaga sp.,Metoposarcophaga (genus),free,Salmonella,Salmonella,Salmonella,flies ,yes,no,,,ND,85,,,2.4,NA,,NA,1,9,,,flies/pool,85,fly,NA,NA,NA,NA,NA,NA,NA,NA,Moderate,2
Hamilton et al.,2021,Hamilton et al. 2021,yes,Web of Science,"USA, Tennessee, Crossville, University 
of Tennessee",yes,North America,"Plate culture, Wellcolex latex agglutination testing confirm",Conventional,NA,NA,,NA,Animal,Insect,Diptera,Sarcophagidae,Microcerella,,Sarcophagidae Microcerella sp.,Microcerella (genus),free,Salmonella,Salmonella,Salmonella,flies ,yes,no,,,ND,2,,,1,NA,,NA,1,1,,,flies/pool,2,fly,NA,NA,NA,NA,NA,NA,NA,NA,Moderate,2
Hamilton et al.,2021,Hamilton et al. 2021,yes,Web of Science,"USA, Tennessee, Crossville, University 
of Tennessee",yes,North America,"Plate culture, Wellcolex latex agglutination testing confirm",Conventional,NA,NA,,NA,Animal,Insect,Diptera,Muscidae,Morellia,,Muscidae Morellia sp.,Morellia (genus),free,Salmonella,Salmonella,Salmonella,flies ,yes,no,,,ND,1,,,1,NA,,NA,1,1,,,flies/pool,1,fly,NA,NA,NA,NA,NA,NA,NA,NA,Moderate,2
Hamilton et al.,2021,Hamilton et al. 2021,yes,Web of Science,"USA, Tennessee, Crossville, University 
of Tennessee",yes,North America,"Plate culture, Wellcolex latex agglutination testing confirm",Conventional,NA,NA,,NA,Animal,Insect,Diptera,Muscidae,,,Muscidae (Unknown species),Muscidae (family),free,Salmonella,Salmonella,Salmonella,flies ,yes,no,,,ND,40,,,1.4,NA,,NA,1,3,,,flies/pool,40,fly,NA,NA,NA,NA,NA,NA,NA,NA,Moderate,2
Hamilton et al.,2021,Hamilton et al. 2021,yes,Web of Science,"USA, Tennessee, Crossville, University 
of Tennessee",yes,North America,"Plate culture, Wellcolex latex agglutination testing confirm",Conventional,NA,NA,,NA,Animal,Insect,Diptera,Muscidae,Muscina,,Muscidae Muscina sp.,Muscina (genus),free,Salmonella,Salmonella,Salmonella,flies ,yes,no,,,ND,218,,,3.5,NA,,NA,1,8,,,flies/pool,218,fly,NA,NA,NA,NA,NA,NA,NA,NA,Moderate,2
Hamilton et al.,2021,Hamilton et al. 2021,yes,Web of Science,"USA, Tennessee, Crossville, University 
of Tennessee",yes,North America,"Plate culture, Wellcolex latex agglutination testing confirm",Conventional,NA,NA,,NA,Animal,Insect,Diptera,Sarcophagidae,Neobellieria,,Sarcophagidae Neobellieria sp.,Neobellieria (genus),free,Salmonella,Salmonella,Salmonella,flies ,yes,no,,,ND,11,,,2.2,NA,,NA,1,4,,,flies/pool,11,fly,NA,NA,NA,NA,NA,NA,NA,NA,Moderate,2
Hamilton et al.,2021,Hamilton et al. 2021,yes,Web of Science,"USA, Tennessee, Crossville, University 
of Tennessee",yes,North America,"Plate culture, Wellcolex latex agglutination testing confirm",Conventional,NA,NA,,NA,Animal,Insect,Diptera,Muscidae,Neomyia,Neomyia cornicina,Muscidae Neomyia cornicino,,free,Salmonella,Salmonella,Salmonella,flies ,yes,no,,,ND,3,,,3,NA,,NA,3,3,,,flies/pool,3,fly,NA,NA,NA,NA,NA,NA,NA,NA,Moderate,2
Hamilton et al.,2021,Hamilton et al. 2021,yes,Web of Science,"USA, Tennessee, Crossville, University 
of Tennessee",yes,North America,"Plate culture, Wellcolex latex agglutination testing confirm",Conventional,NA,NA,,NA,Animal,Insect,Diptera,Sarcophagidae,Oxysarcodexia,,Sarcophagidae Oxysarcodexia sp.,Oxysarcodexia (genus),free,Salmonella,Salmonella,Salmonella,flies ,yes,no,,,ND,56,,,3.1,NA,,NA,1,10,,,flies/pool,56,fly,NA,NA,NA,NA,NA,NA,NA,NA,Moderate,2
Hamilton et al.,2021,Hamilton et al. 2021,yes,Web of Science,"USA, Tennessee, Crossville, University 
of Tennessee",yes,North America,"Plate culture, Wellcolex latex agglutination testing confirm",Conventional,NA,NA,,NA,Animal,Insect,Diptera,Sarcophagidae,Paraphrissopoda,,Sarcophagidae Paraphryssopoda sp.,Paraphryssopoda,free,Salmonella,Salmonella,Salmonella,flies ,yes,no,,,ND,1,,,1,NA,,NA,1,1,,,flies/pool,1,fly,NA,NA,NA,NA,NA,NA,NA,NA,Moderate,2
Hamilton et al.,2021,Hamilton et al. 2021,yes,Web of Science,"USA, Tennessee, Crossville, University 
of Tennessee",yes,North America,"Plate culture, Wellcolex latex agglutination testing confirm",Conventional,NA,NA,,NA,Animal,Insect,Diptera,Muscidae,Pentacricia,Pentacricia aldrichii,Muscidae P. aldrichii,,free,Salmonella,Salmonella,Salmonella,flies ,yes,no,,,5,107,0.049410446,,3.2,NA,,NA,1,11,,,flies/pool,107,fly,NA,NA,NA,NA,NA,NA,NA,NA,Moderate,2
Hamilton et al.,2021,Hamilton et al. 2021,yes,Web of Science,"USA, Tennessee, Crossville, University 
of Tennessee",yes,North America,"Plate culture, Wellcolex latex agglutination testing confirm",Conventional,NA,NA,,NA,Animal,Insect,Diptera,Calliphoridae,Phaenicia,,Calliphoridae Phaenicia sp.,Phaenicia (genus),free,Salmonella,Salmonella,Salmonella,flies ,yes,no,,,1,109,0.009234879,,2.4,NA,,NA,1,11,,,flies/pool,109,fly,NA,NA,NA,NA,NA,NA,NA,NA,Moderate,2
Hamilton et al.,2021,Hamilton et al. 2021,yes,Web of Science,"USA, Tennessee, Crossville, University 
of Tennessee",yes,North America,"Plate culture, Wellcolex latex agglutination testing confirm",Conventional,NA,NA,,NA,Animal,Insect,Diptera,Muscidae,Polietes,,Muscidae Polietes sp.,Polietes (genus),free,Salmonella,Salmonella,Salmonella,flies ,yes,no,,,ND,1,,,1,NA,,NA,1,1,,,flies/pool,1,fly,NA,NA,NA,NA,NA,NA,NA,NA,Moderate,2
Hamilton et al.,2021,Hamilton et al. 2021,yes,Web of Science,"USA, Tennessee, Crossville, University 
of Tennessee",yes,North America,"Plate culture, Wellcolex latex agglutination testing confirm",Conventional,NA,NA,,NA,Animal,Insect,Diptera,Muscidae,Potamia,,Muscidae Potamia sp.,Potamia (genus),free,Salmonella,Salmonella,Salmonella,flies ,yes,no,,,ND,36,,,4.7,NA,,NA,1,13,,,flies/pool,167,fly,NA,NA,NA,NA,NA,NA,NA,NA,Moderate,2
Hamilton et al.,2021,Hamilton et al. 2021,yes,Web of Science,"USA, Tennessee, Crossville, University 
of Tennessee",yes,North America,"Plate culture, Wellcolex latex agglutination testing confirm",Conventional,NA,NA,,NA,Animal,Insect,Diptera,Calliphoridae,Protocalliphora,,Calliphoridae Protocalliphora sp.,Protocalliphora (genus),free,Salmonella,Salmonella,Salmonella,flies ,yes,no,,,ND,39,,,2.5,NA,,NA,1,10,,,flies/pool,99,fly,NA,NA,NA,NA,NA,NA,NA,NA,Moderate,2
Hamilton et al.,2021,Hamilton et al. 2021,yes,Web of Science,"USA, Tennessee, Crossville, University 
of Tennessee",yes,North America,"Plate culture, Wellcolex latex agglutination testing confirm",Conventional,NA,NA,,NA,Animal,Insect,Diptera,Tachinidae,Ptilodexia,,Tachinidae Ptilodexia sp.,,free,Salmonella,Salmonella,Salmonella,flies ,yes,no,,,ND,1,,,1,NA,,NA,1,1,,,flies/pool,1,fly,NA,NA,NA,NA,NA,NA,NA,NA,Moderate,2
Hamilton et al.,2021,Hamilton et al. 2021,yes,Web of Science,"USA, Tennessee, Crossville, University 
of Tennessee",yes,North America,"Plate culture, Wellcolex latex agglutination testing confirm",Conventional,NA,NA,,NA,Animal,Insect,Diptera,Sarcophagidae,Ravinia,,Sarcophagidae Ravinia sp.,Ravinia (genus),free,Salmonella,Salmonella,Salmonella,flies ,yes,no,,,ND,50,,,1.8,NA,,NA,1,6,,,flies/pool,50,fly,NA,NA,NA,NA,NA,NA,NA,NA,Moderate,2
Hamilton et al.,2021,Hamilton et al. 2021,yes,Web of Science,"USA, Tennessee, Crossville, University 
of Tennessee",yes,North America,"Plate culture, Wellcolex latex agglutination testing confirm",Conventional,NA,NA,,NA,Animal,Insect,Diptera,Sarcophagidae,Bercaea,Red tailed flesh fly,Sarcophagidae Bercaea haemorrhoidalis,,free,Salmonella,Salmonella,Salmonella,flies ,yes,no,,,ND,1,,,1,NA,,NA,1,1,,,flies/pool,1,fly,NA,NA,NA,NA,NA,NA,NA,NA,Moderate,2
Hamilton et al.,2021,Hamilton et al. 2021,yes,Web of Science,"USA, Tennessee, Crossville, University 
of Tennessee",yes,North America,"Plate culture, Wellcolex latex agglutination testing confirm",Conventional,NA,NA,,NA,Animal,Insect,Diptera,Sarcophaginae,Robineauella,,Sarcophagidae Robineavella sp.,Robineavella (genus),free,Salmonella,Salmonella,Salmonella,flies ,yes,no,,,ND,4,,,1.3,NA,,NA,1,2,,,flies/pool,4,fly,NA,NA,NA,NA,NA,NA,NA,NA,Moderate,2
Hamilton et al.,2021,Hamilton et al. 2021,yes,Web of Science,"USA, Tennessee, Crossville, University 
of Tennessee",yes,North America,"Plate culture, Wellcolex latex agglutination testing confirm",Conventional,NA,NA,,NA,Animal,Insect,Diptera,Sarcophagidae,,,Sarcophagidae (Unknown species),Sarcophagidae (family),free,Salmonella,Salmonella,Salmonella,flies ,yes,no,,,ND,81,,,1.9,NA,,NA,1,7,,,flies/pool,81,fly,NA,NA,NA,NA,NA,NA,NA,NA,Moderate,2
Hamilton et al.,2021,Hamilton et al. 2021,yes,Web of Science,"USA, Tennessee, Crossville, University 
of Tennessee",yes,North America,"Plate culture, Wellcolex latex agglutination testing confirm",Conventional,NA,NA,,NA,Animal,Insect,Diptera,Sarcophagidae,Sarcophagula,,Sarcophagidae Sarcophagula sp.,Sarcophagula (genus),free,Salmonella,Salmonella,Salmonella,flies ,yes,no,,,ND,4,,,2,NA,,NA,1,3,,,flies/pool,4,fly,NA,NA,NA,NA,NA,NA,NA,NA,Moderate,2
Hamilton et al.,2021,Hamilton et al. 2021,yes,Web of Science,"USA, Tennessee, Crossville, University 
of Tennessee",yes,North America,"Plate culture, Wellcolex latex agglutination testing confirm",Conventional,NA,NA,,NA,Animal,Insect,Diptera,Sarcophagidae,Sarothromyia,,Sarcophagidae Sarothromyia sp.,Sarothromyia (genus),free,Salmonella,Salmonella,Salmonella,flies ,yes,no,,,ND,41,,,1.9,NA,,NA,1,5,,,flies/pool,41,fly,NA,NA,NA,NA,NA,NA,NA,NA,Moderate,2
Hamilton et al.,2021,Hamilton et al. 2021,yes,Web of Science,"USA, Tennessee, Crossville, University 
of Tennessee",yes,North America,"Plate culture, Wellcolex latex agglutination testing confirm",Conventional,NA,NA,,NA,Animal,Insect,Diptera,Otitinae,Seioptera,,Ulidiidae Seioptera sp.,Seioptera (genus),free,Salmonella,Salmonella,Salmonella,flies ,yes,no,,,ND,1,,,1,NA,,NA,1,1,,,flies/pool,1,fly,NA,NA,NA,NA,NA,NA,NA,NA,Moderate,2
Hamilton et al.,2021,Hamilton et al. 2021,yes,Web of Science,"USA, Tennessee, Crossville, University 
of Tennessee",yes,North America,"Plate culture, Wellcolex latex agglutination testing confirm",Conventional,NA,NA,,NA,Animal,Insect,Diptera,Calliphoridae,Cynomya,Shiny blue bottle fly,Calliphoridae Cynomya cadaverina,,free,Salmonella,Salmonella,Salmonella,flies ,yes,no,,,ND,13,,,2.2,NA,,NA,1,4,,,flies/pool,13,fly,NA,NA,NA,NA,NA,NA,NA,NA,Moderate,2
Hamilton et al.,2021,Hamilton et al. 2021,yes,Web of Science,"USA, Tennessee, Crossville, University 
of Tennessee",yes,North America,"Plate culture, Wellcolex latex agglutination testing confirm",Conventional,NA,NA,,NA,Animal,Insect,Diptera,Muscidae,Stomoxys,Stable fly,Muscidae Stomoxys calcitrans,,free,Salmonella,Salmonella,Salmonella,flies ,yes,no,,,ND,15,,,1.2,NA,,NA,1,2,,,flies/pool,15,fly,NA,NA,NA,NA,NA,NA,NA,NA,Moderate,2
Hamilton et al.,2021,Hamilton et al. 2021,yes,Web of Science,"USA, Tennessee, Crossville, University 
of Tennessee",yes,North America,"Plate culture, Wellcolex latex agglutination testing confirm",Conventional,NA,NA,,NA,Animal,Insect,Diptera,Sarcophaginae,Sthenopyga,,Sarcophagidae Sthenopyga sp.,Sthenopyga (genus),free,Salmonella,Salmonella,Salmonella,flies ,yes,no,,,ND,6,,,1.2,NA,,NA,1,2,,,flies/pool,6,fly,NA,NA,NA,NA,NA,NA,NA,NA,Moderate,2
Hamilton et al.,2021,Hamilton et al. 2021,yes,Web of Science,"USA, Tennessee, Crossville, University 
of Tennessee",yes,North America,"Plate culture, Wellcolex latex agglutination testing confirm",Conventional,NA,NA,,NA,Animal,Insect,Diptera,Muscidae,Synthesiomyia,Synthesiomyia nudiseta,Muscidae Synthesiomyia nudisetae,,free,Salmonella,Salmonella,Salmonella,flies ,yes,no,,,1,47,0.021689383,,2.8,NA,,NA,1,6,,,flies/pool,47,fly,NA,NA,NA,NA,NA,NA,NA,NA,Moderate,2
Hamilton et al.,2021,Hamilton et al. 2021,yes,Web of Science,"USA, Tennessee, Crossville, University 
of Tennessee",yes,North America,"Plate culture, Wellcolex latex agglutination testing confirm",Conventional,NA,NA,,NA,Animal,Insect,Diptera,Syrphidae,,,Syrphidae (Unknown species),Syrphidae (family),free,Salmonella,Salmonella,Salmonella,flies ,yes,no,,,ND,3,,,1,NA,,NA,1,1,,,flies/pool,3,fly,NA,NA,NA,NA,NA,NA,NA,NA,Moderate,2
Hamilton et al.,2021,Hamilton et al. 2021,yes,Web of Science,"USA, Tennessee, Crossville, University 
of Tennessee",yes,North America,"Plate culture, Wellcolex latex agglutination testing confirm",Conventional,NA,NA,,NA,Animal,Insect,Diptera,Tachinidae,,,Tachinidae Unknown species,Tachinidae (family),free,Salmonella,Salmonella,Salmonella,flies ,yes,no,,,1,1,,,1,NA,,NA,1,1,,,flies/pool,1,fly,NA,NA,NA,NA,NA,NA,NA,NA,Moderate,2
Hamilton et al.,2021,Hamilton et al. 2021,yes,Web of Science,"USA, Tennessee, Crossville, University 
of Tennessee",yes,North America,"Plate culture, Wellcolex latex agglutination testing confirm",Conventional,NA,NA,,NA,Animal,Insect,Diptera,Muscidae,Thricops,,Muscidae Thricops sp.,Thricops (genus),free,Salmonella,Salmonella,Salmonella,flies ,yes,no,,,ND,5,,,1.3,NA,,NA,1,2,,,flies/pool,5,fly,NA,NA,NA,NA,NA,NA,NA,NA,Moderate,2
Hamilton et al.,2021,Hamilton et al. 2021,yes,Web of Science,"USA, Tennessee, Crossville, University 
of Tennessee",yes,North America,"Plate culture, Wellcolex latex agglutination testing confirm",Conventional,NA,NA,,NA,Animal,Insect,Diptera,,,,,fly (order),free,Salmonella enterica,Salmonella enterica,Salmonella enterica (non-typhoid),flies,yes,no,,,11,2665,0.004223389,,,NA,,NA,,,,,,11 pools,889 pools (from 2665 flies),NA,NA,NA,NA,NA,NA,NA,NA,Moderate,2
Barber et al.,2002,Barber et al. 2002,yes,Google Scholar,"USA, Illinois, swine production faciltiy",yes,North America,"agglutination, biochemical, culture broth and plate",Conventional,NA,NA,,1 g,Animal,Isopod,Isopoda,,,,,Isopod (order),free,Salmonella ,Salmonella,Salmonella,pool whole body,yes,no,,,ND,46,,,,NA,,NA,,,,,,,,NA,NA,NA,NA,NA,NA,NA,NA,Low,1
Adesiyun et al.,1998,Adesiyun et al. 1998,yes,review,Trinidad,no,North America,"biochemical, culture broth and plate, standard method",Conventional,ND,ND,,1 g,Animal,Mammal,Primates,Atelidae,Alouatta,Colombian red howler,Alouatta seniculus,,free range,Salmonella spp.,Salmonella,Salmonella,"feces, cloacal swab",yes,no,,,1,9,,,,NA,,NA,,,,,,,,NA,NA,NA,NA,NA,NA,NA,NA,Low,1
Adesiyun et al.,1998,Adesiyun et al. 1998,yes,review,Trinidad,no,North America,"biochemical, culture broth and plate, standard method",Conventional,ND,ND,,1 g,Animal,Mammal,Rodentia,Cuniculidae,Cuniculus,Lowland paca,Agouti paca,,free range,Salmonella spp.,Salmonella,Salmonella,"feces, cloacal swab",yes,no,,,2,10,,,,NA,,NA,,,,,,,,NA,NA,NA,NA,NA,NA,NA,NA,Low,1
Adesiyun et al.,1998,Adesiyun et al. 1998,yes,review,Trinidad,no,North America,"biochemical, culture broth and plate, standard method",Conventional,ND,ND,,1 g,Animal,Mammal,Rodentia,Cuniculidae,Cuniculus,Lowland paca,Agouti paca,,free range,Salmonella spp.,Salmonella,Salmonella,"feces, cloacal swab",yes,no,,,ND,15,,,,NA,,NA,,,,,,,,NA,NA,NA,NA,NA,NA,NA,NA,Low,1
Adesiyun et al.,1998,Adesiyun et al. 1998,yes,review,Trinidad,no,North America,"biochemical, culture broth and plate, standard method",Conventional,ND,ND,,1 g,Animal,Mammal,Didelphimorphia,Didelphidae,Didelphis,,Didelthis marsupialias insularis,Opossum,free range,Salmonella spp.,Salmonella,Salmonella,"feces, cloacal swab",yes,no,,,5,17,,,,NA,,NA,,,,,,,,NA,NA,NA,NA,NA,NA,NA,NA,Low,1
Adesiyun et al.,1998,Adesiyun et al. 1998,yes,review,Trinidad,no,North America,"biochemical, culture broth and plate, standard method",Conventional,ND,ND,,1 g,Animal,Mammal,Rodentia,Dasyproctidae,Dasyprocta,Red-rumped agouti,Dasyprocta leporina,,free range,Salmonella spp.,Salmonella,Salmonella,"feces, cloacal swab",yes,no,,,2,88,,,,NA,,NA,,,,,,,,NA,NA,NA,NA,NA,NA,NA,NA,Low,1
Adesiyun et al.,1998,Adesiyun et al. 1998,yes,review,Trinidad,no,North America,"biochemical, culture broth and plate, standard method",Conventional,ND,ND,,1 g,Animal,Mammal,Rodentia,Dasyproctidae,Dasyprocta,Red-rumped agouti,Dasyprocta leporina,,free range,Salmonella spp.,Salmonella,Salmonella,"feces, cloacal swab",yes,no,,,1,232,,,,NA,,NA,,,,,,,,NA,NA,NA,NA,NA,NA,NA,NA,Low,1
Andres-Barranco et al.,2014,Andres-Barranco et al. 2014,Yes,Google Scholar,"Spain, Northeast",no,Europe,"Outside Lab (National Reference Laboratory), plate culture, standard methods?",Conventional,NA,NA,,NA,Animal,Mammal,Rodentia,,,,,30 rats and 58 mice,free,Salmonella,Salmonella,Salmonella,feces,yes,no,,,8,39,,,,NA,,NA,,,,,,,,NA,NA,NA,NA,NA,NA,NA,NA,Low,1
Balasubramaniam et al.,2021,Balasubramaniam et al. 2021,Yes,Google Scholar,Thailand,no,South-East Asia,Standard Methods (ISO-6579),Conventional,NA,NA,,NA,Animal,Mammal,Primates,Cercopithecidae,Macaca,Long-tailed macaques,Macaca fascicularis,,free,Salmonella spp.,Salmonella,Salmonella,rectal swab and feces,yes,no,,,17,168,,,,NA,,NA,,,,,,,,NA,NA,NA,NA,NA,NA,NA,NA,Moderate,2
Barber et al.,2002,Barber et al. 2002,yes,Google Scholar,"USA, Illinois, swine production faciltiy",yes,North America,"agglutination, biochemical, culture broth and plate",Conventional,NA,NA,,1 g,Animal,Mammal,Carnivora,Felidae,Felis,Cat,,,free,Salmonella ,Salmonella,Salmonella,feces,yes,no,,,3,26,,,,NA,,NA,,,,,,,,NA,NA,NA,NA,NA,NA,NA,NA,Low,1
Barber et al.,2002,Barber et al. 2002,yes,Google Scholar,"USA, Illinois, swine production faciltiy",yes,North America,"agglutination, biochemical, culture broth and plate",Conventional,NA,NA,,1 g,Animal,Mammal,Rodentia,,,,,Mouse (order),free,Salmonella ,Salmonella,Salmonella,feces,yes,no,,,9,175,,,,NA,,NA,,,,,,,,NA,NA,NA,NA,NA,NA,NA,NA,Low,1
Bondo et al.,2016,Bondo et al. 2016,yes,Google Scholar,"Canada, Ontario, swine farm and conservation area",no,Northa America,"serotyping (outside lab McEwen Lab, Canadian Research Institute for
Food Safety, University of Guelph) ",Conventional,NA,NA,,swab,Animal,Mammal,Carnivora,Procyonidae,Procyon,Raccoon,Procyon lotor,,free,Salmonella,Salmonella,Salmonella,fecal swab,yes,no,,,279,1093,0.255,,,NA,,NA,,,,,,"Also divided by age, season, and year, and servoars but in percentage",,NA,NA,NA,NA,NA,NA,NA,NA,High,3
Cruickshank et al.,1949,Cruickshank et al. 1949,yes,review,"UK, England, London",no,Europe,Standard method? (Central Public Health Laboratory),Conventional,NA,NA,,NA,Animal,Mammal,Carnivora,Felidae,Felis,Cat,,,domestic and stray,Salmonella,Salmonella,Salmonella,feces or rectal swab,yes,no,,,7,500,,,,NA,,NA,,,,,,,,NA,NA,NA,NA,NA,NA,NA,NA,Low,1
Drewe et al.,2012,Drewe et al. 2012,yes,Google Scholar,South Africa,no,Africa,Standard Method,Conventional,NA,NA,,NA,Animal,Mammal,Primates,Cercopithecidae,Papio,Chacma baboon,Papio ursinus,,free,Salmonella spp.,Salmonella,Salmonella,feces,yes,no,,,ND,27,,,,NA,,NA,,,,,,,,NA,NA,NA,NA,NA,NA,NA,NA,Low,1
Hazeleger et al.,2018,Hazeleger et al. 2018,yes,Google Scholar,Netherlands,no,Europe,"biochemical, culture broth and plate",Conventional,NA,NA,,>=0.1 g swab,Animal,Mammal,Chiroptera,Vespertilionidae,Myotis,Bechstein's bat,Myotis bechsteinii,,free,Salmonella,Salmonella,Salmonella,feces and rectal swab,yes,no,,,ND,28,,,,NA,,NA,,,,,,,,NA,NA,NA,NA,NA,NA,NA,NA,Moderate,2
Hazeleger et al.,2018,Hazeleger et al. 2018,yes,Google Scholar,Netherlands,no,Europe,"biochemical, culture broth and plate",Conventional,NA,NA,,>=0.1 g swab,Animal,Mammal,Chiroptera,Vespertilionidae,Myotis,Brandt's bat,Myotis brandtii,,free,Salmonella,Salmonella,Salmonella,feces and rectal swab,yes,no,,,ND,11,,,,NA,,NA,,,,,,,,NA,NA,NA,NA,NA,NA,NA,NA,Moderate,2
Hazeleger et al.,2018,Hazeleger et al. 2018,yes,Google Scholar,Netherlands,no,Europe,"biochemical, culture broth and plate",Conventional,NA,NA,,>=0.1 g swab,Animal,Mammal,Chiroptera,Vespertilionidae,Plecotus,Brown long-eared bat,Plecotus auritus,,free,Salmonella,Salmonella,Salmonella,feces and rectal swab,yes,no,,,ND,26,,,,NA,,NA,,,,,,,,NA,NA,NA,NA,NA,NA,NA,NA,Moderate,2
Hazeleger et al.,2018,Hazeleger et al. 2018,yes,Google Scholar,Netherlands,no,Europe,"biochemical, culture broth and plate",Conventional,NA,NA,,>=0.1 g swab,Animal,Mammal,Chiroptera,Vespertilionidae,Nyctalus,Common noctule,Nyctalus noctula,,free,Salmonella,Salmonella,Salmonella,feces and rectal swab,yes,no,,,ND,13,,,,NA,,NA,,,,,,,,NA,NA,NA,NA,NA,NA,NA,NA,Moderate,2
Hazeleger et al.,2018,Hazeleger et al. 2018,yes,Google Scholar,Netherlands,no,Europe,"biochemical, culture broth and plate",Conventional,NA,NA,,>=0.1 g swab,Animal,Mammal,Chiroptera,Vespertilionidae,Pipistrellus,Common pipistrelle,Pipistrellus pipistrellus,,free,Salmonella,Salmonella,Salmonella,feces and rectal swab,yes,no,,,ND,102,,,,NA,,NA,,,,,,,,NA,NA,NA,NA,NA,NA,NA,NA,Moderate,2
Hazeleger et al.,2018,Hazeleger et al. 2018,yes,Google Scholar,Netherlands,no,Europe,"biochemical, culture broth and plate",Conventional,NA,NA,,>=0.1 g swab,Animal,Mammal,Chiroptera,Vespertilionidae,Myotis,Daubenton's bat,Myotis daubentonii,,free,Salmonella,Salmonella,Salmonella,feces and rectal swab,yes,no,,,ND,179,,,,NA,,NA,,,,,,,,NA,NA,NA,NA,NA,NA,NA,NA,Moderate,2
Hazeleger et al.,2018,Hazeleger et al. 2018,yes,Google Scholar,Netherlands,no,Europe,"biochemical, culture broth and plate",Conventional,NA,NA,,>=0.1 g swab,Animal,Mammal,Chiroptera,Vespertilionidae,Myotis,Geoffroy's bat,Myotis emarginatus,,free,Salmonella,Salmonella,Salmonella,feces and rectal swab,yes,no,,,ND,70,,,,NA,,NA,,,,,,,,NA,NA,NA,NA,NA,NA,NA,NA,Moderate,2
Hazeleger et al.,2018,Hazeleger et al. 2018,yes,Google Scholar,Netherlands,no,Europe,"biochemical, culture broth and plate",Conventional,NA,NA,,>=0.1 g swab,Animal,Mammal,Chiroptera,Vespertilionidae,Plecotus,Gray long-eared bat,Plecotus austriacus,,free,Salmonella,Salmonella,Salmonella,feces and rectal swab,yes,no,,,ND,2,,,,NA,,NA,,,,,,,,NA,NA,NA,NA,NA,NA,NA,NA,Moderate,2
Hazeleger et al.,2018,Hazeleger et al. 2018,yes,Google Scholar,Netherlands,no,Europe,"biochemical, culture broth and plate",Conventional,NA,NA,,>=0.1 g swab,Animal,Mammal,Chiroptera,Vespertilionidae,Myotis,Mouse eared bat,Myotis myotis,,free,Salmonella,Salmonella,Salmonella,feces and rectal swab,yes,no,,,ND,6,,,,NA,,NA,,,,,,,,NA,NA,NA,NA,NA,NA,NA,NA,Moderate,2
Hazeleger et al.,2018,Hazeleger et al. 2018,yes,Google Scholar,Netherlands,no,Europe,"biochemical, culture broth and plate",Conventional,NA,NA,,>=0.1 g swab,Animal,Mammal,Chiroptera,Vespertilionidae,Pipistrellus,Nathusius's pipistrelle,Pipistrellus nathusii,,free,Salmonella,Salmonella,Salmonella,feces and rectal swab,yes,no,,,ND,9,,,,NA,,NA,,,,,,,,NA,NA,NA,NA,NA,NA,NA,NA,Moderate,2
Hazeleger et al.,2018,Hazeleger et al. 2018,yes,Google Scholar,Netherlands,no,Europe,"biochemical, culture broth and plate",Conventional,NA,NA,,>=0.1 g swab,Animal,Mammal,Chiroptera,Vespertilionidae,Myotis,Natterer's bat,Myotis nattereri,,free,Salmonella,Salmonella,Salmonella,feces and rectal swab,yes,no,,,ND,27,,,,NA,,NA,,,,,,,,NA,NA,NA,NA,NA,NA,NA,NA,Moderate,2
Hazeleger et al.,2018,Hazeleger et al. 2018,yes,Google Scholar,Netherlands,no,Europe,"biochemical, culture broth and plate",Conventional,NA,NA,,>=0.1 g swab,Animal,Mammal,Chiroptera,Vespertilionidae,Myotis,Pond bat,Myotis dasycneme,,free,Salmonella,Salmonella,Salmonella,feces and rectal swab,yes,no,,,ND,38,,,,NA,,NA,,,,,,,,NA,NA,NA,NA,NA,NA,NA,NA,Moderate,2
Hazeleger et al.,2018,Hazeleger et al. 2018,yes,Google Scholar,Netherlands,no,Europe,"biochemical, culture broth and plate",Conventional,NA,NA,,>=0.1 g swab,Animal,Mammal,Chiroptera,Vespertilionidae,Eptesicus,Serotine,Eptesicus serotinus,,free,Salmonella,Salmonella,Salmonella,feces and rectal swab,yes,no,,,ND,29,,,,NA,,NA,,,,,,,,NA,NA,NA,NA,NA,NA,NA,NA,Moderate,2
Hazeleger et al.,2018,Hazeleger et al. 2018,yes,Google Scholar,Netherlands,no,Europe,"biochemical, culture broth and plate",Conventional,NA,NA,,>=0.1 g swab,Animal,Mammal,Chiroptera,Vespertilionidae,Myotis,Whiskered bat,Myotis mystacinus,,free,Salmonella,Salmonella,Salmonella,feces and rectal swab,yes,no,,,ND,20,,,,NA,,NA,,,,,,,,NA,NA,NA,NA,NA,NA,NA,NA,Moderate,2
Jardine et al.,2011,Jardine et al. 2011,yes,Google Scholar,"Canada, Toronto/Ontario, Niagra/Ontario, Guelph",no,Northa America,culture broth and plate,Conventional,NA,NA,,0.1-5 g,Animal,Mammal,Carnivora,Procyonidae,Procyon,Raccoon,Procyon lotor,,free,Salmonella ,Salmonella,Salmonella,rectal swab,yes,no,,,63,109,0.576150062,,,NA,,NA,,,,,,83,182 samples (from 109 racoons),NA,NA,NA,NA,NA,NA,NA,NA,Moderate,2
Kapperud and Rosef,1983,Kapperud and Rosef 1983,yes,review,"Norway, Oslo and suburbs",no,Europe,"Standard method, broth and plate culture",Conventional,NA,NA,,swab variable,Animal,Mammal,Passeriformes,Corvidae,Corvus,Common raven,Corvus corax,,free,Salmonella spp.,Salmonella,Salmonella,Cloacal swab,yes,no,,,0,1,,,,NA,,NA,,,,,,,,NA,NA,NA,NA,NA,NA,NA,NA,Low,1
Kilonzo et al.,2013,Kilonzo et al. 2013,yes,Web of Science,"USA, Central Coast, CA",yes,North America,"biochemical, broth enrich, plate culture",Conventional,NA,NA,,0.025-0.1g/rodent,Animal,Mammal,Rodentia,Cricetidae,Peromyscus,California deermouse,Peromyscus californicus,,free,Salmonella,Salmonella,Salmonella,feces,yes,no,,,2,85,,,,NA,,NA,,,,,,,,NA,NA,NA,NA,NA,NA,NA,NA,Moderate,2
Kilonzo et al.,2013,Kilonzo et al. 2013,yes,Web of Science,"USA, Central Coast, CA",yes,North America,"biochemical, broth enrich, plate culture",Conventional,NA,NA,,0.025-0.1g/rodent,Animal,Mammal,Rodentia,Sciuridae,Otospermophilus,California ground squirrel,Spermophilus beecheyi,,free,Salmonella,Salmonella,Salmonella,feces,yes,no,,,0,21,,,,NA,,NA,,,,,,,,NA,NA,NA,NA,NA,NA,NA,NA,Moderate,2
Kilonzo et al.,2013,Kilonzo et al. 2013,yes,Web of Science,"USA, Central Coast, CA",yes,North America,"biochemical, broth enrich, plate culture",Conventional,NA,NA,,0.025-0.1g/rodent,Animal,Mammal,Rodentia,Cricetidae,,,"Cricetidae (including  Peromyscus boylii, Peromyscus manicultus, Reithrodontomys megalotis, Microtus californicus, Peromyscus californicus, and Neotoma fuscipes)",Cricetidae (family),free,Salmonella,Salmonella,Salmonella,feces,yes,no,,,28,890,,,,NA,,NA,,,,,,,,NA,NA,NA,NA,NA,NA,NA,NA,Moderate,2
Kilonzo et al.,2013,Kilonzo et al. 2013,yes,Web of Science,"USA, Central Coast, CA",yes,North America,"biochemical, broth enrich, plate culture",Conventional,NA,NA,,0.025-0.1g/rodent,Animal,Mammal,Rodentia,Cricetidae,Peromyscus,Deer mouse,Peromyscus manicultus,,free,Salmonella,Salmonella,Salmonella,feces,yes,no,,,25,747,,,,NA,,NA,,,,,,,,NA,NA,NA,NA,NA,NA,NA,NA,Moderate,2
Kilonzo et al.,2013,Kilonzo et al. 2013,yes,Web of Science,"USA, Central Coast, CA",yes,North America,"biochemical, broth enrich, plate culture",Conventional,NA,NA,,0.025-0.1g/rodent,Animal,Mammal,Rodentia,Heteromyidae,Dipodomys,Heermann's kangaroo rat,Dipodomys heermani,,free,Salmonella,Salmonella,Salmonella,feces,yes,no,,,0,43,,,,NA,,NA,,,,,,,,NA,NA,NA,NA,NA,NA,NA,NA,Moderate,2
Kilonzo et al.,2013,Kilonzo et al. 2013,yes,Web of Science,"USA, Central Coast, CA",yes,North America,"biochemical, broth enrich, plate culture",Conventional,NA,NA,,0.025-0.1g/rodent,Animal,Mammal,Rodentia,Heteromyidae ,,,Heteromyidae (including  Chaetodipus californicus and Dipodomys heermani),Heteromyidae (family),free,Salmonella,Salmonella,Salmonella,feces,yes,no,,,0,53,,,,NA,,NA,,,,,,,,NA,NA,NA,NA,NA,NA,NA,NA,Moderate,2
Kilonzo et al.,2013,Kilonzo et al. 2013,yes,Web of Science,"USA, Central Coast, CA",yes,North America,"biochemical, broth enrich, plate culture",Conventional,NA,NA,,0.025-0.1g/rodent,Animal,Mammal,Rodentia,Muridae ,,,Muridae (including Mus musculus and Rattus norvegicus),Muridae (family),free,Salmonella,Salmonella,Salmonella,feces,yes,no,,,0,36,,,,NA,,NA,,,,,,,,NA,NA,NA,NA,NA,NA,NA,NA,Moderate,2
Kilonzo et al.,2013,Kilonzo et al. 2013,yes,Web of Science,"USA, Central Coast, CA",yes,North America,"biochemical, broth enrich, plate culture",Conventional,NA,NA,,0.025-0.1g/rodent,Animal,Mammal,Rodentia,,,,,Rodent (order),free,Salmonella,Salmonella,Salmonella,feces,yes,no,,,2,43,,,,NA,,NA,,,,,,,,NA,NA,NA,NA,NA,NA,NA,NA,Moderate,2
Kilonzo et al.,2013,Kilonzo et al. 2013,yes,Web of Science,"USA, Central Coast, CA",yes,North America,"biochemical, broth enrich, plate culture",Conventional,NA,NA,,0.025-0.1g/rodent,Animal,Mammal,Rodentia,Sciuridae,,,Sciuridae (including Spermophilus beecheyi),Squirrel (family),free,Salmonella,Salmonella,Salmonella,feces,yes,no,,,0,21,,,,NA,,NA,,,,,,,,NA,NA,NA,NA,NA,NA,NA,NA,Moderate,2
Lohmus et al.,2013,Lohmus et al. 2013,yes,Google Scholar,"Sweden, Uppsala, rural dwellings",no,Europe,Standard Method (ISO-EN 6579:200 Nordic Committee on Food Analysis),Conventional,NA,NA,,1 g,Animal,Mammal,Rodentia,Cricetidae,Myodes,Bank vole,Myodes glareolus,,free,Salmonella spp.,Salmonella,Salmonella,intestines content,yes,no,,,ND,7,,,,NA,,NA,,,,,,,,NA,NA,NA,NA,NA,NA,NA,NA,Low,1
Lohmus et al.,2013,Lohmus et al. 2013,yes,Google Scholar,"Sweden, Uppsala, rural dwellings",no,Europe,Standard Method (ISO-EN 6579:200 Nordic Committee on Food Analysis),Conventional,NA,NA,,1 g,Animal,Mammal,Rodentia,Muridae,Mus,House mouse,Mus musculus,,free,Salmonella spp.,Salmonella,Salmonella,intestines content,yes,no,,,ND,2,,,,NA,,NA,,,,,,,,NA,NA,NA,NA,NA,NA,NA,NA,Low,1
Lohmus et al.,2013,Lohmus et al. 2013,yes,Google Scholar,"Sweden, Uppsala, rural dwellings",no,Europe,Standard Method (ISO-EN 6579:200 Nordic Committee on Food Analysis),Conventional,NA,NA,,1 g,Animal,Mammal,Rodentia,Muridae,Apodemus,Wood mouse,Apodemus sylvaticus,,free,Salmonella spp.,Salmonella,Salmonella,intestines content,yes,no,,,ND,12,,,,NA,,NA,,,,,,,,NA,NA,NA,NA,NA,NA,NA,NA,Low,1
Lohmus et al.,2013,Lohmus et al. 2013,yes,Google Scholar,"Sweden, Uppsala, rural dwellings",no,Europe,Standard Method (ISO-EN 6579:200 Nordic Committee on Food Analysis),Conventional,NA,NA,,1 g,Animal,Mammal,Rodentia,Muridae,Apodemus,Yellow-necked mouse,Apodemus flavicollis,,free,Salmonella spp.,Salmonella,Salmonella,intestines content,yes,no,,,ND,45,,,,NA,,NA,,,,,,,,NA,NA,NA,NA,NA,NA,NA,NA,Low,1
Oates et al.,2012,Oates et al. 2012,yes,Web of Science,"USA, Monteray Bay, California",yes,North America,"PCR (confirm), biochemical, Culture, Pulsed field gel electrophoresis ",Conventional,NA,NA,,NA,Animal,Mammal,Carnivora,Felidae,Felis,Cat,Felis silvestris catus,,free,Salmonella,Salmonella,Salmonella,feces,yes,no,,,0,75,0,,,NA,,NA,,,,,,,,NA,NA,NA,NA,NA,NA,NA,NA,Low,1
Oates et al.,2012,Oates et al. 2012,yes,Web of Science,"USA, Monteray Bay, California",yes,North America,"PCR (confirm), biochemical, Culture, Pulsed field gel electrophoresis ",Conventional,NA,NA,,NA,Animal,Mammal,Carnivora,Felidae,,,"Puma concolor, Lynx rufus","Wild felids (mountain lions, bobcats)",free,Salmonella,Salmonella,Salmonella,feces,yes,no,,,ND,12,0,,,NA,,NA,,,,,,,,NA,NA,NA,NA,NA,NA,NA,NA,Low,1
Oates et al.,2012,Oates et al. 2012,yes,Web of Science,"USA, Monteray Bay, California",yes,North America,"PCR (confirm), biochemical, Culture, Pulsed field gel electrophoresis ",Conventional,NA,NA,,NA,Animal,Mammal,Didelphimorphia,Didelphidae,Didelphis,Virginia opossums,Didelphis virginiana,,free,Salmonella,Salmonella,Salmonella,feces,yes,no,,,27,70,0.386,,,NA,,NA,,,,,,,,NA,NA,NA,NA,NA,NA,NA,NA,Low,1
Ojo et al.,2019,Ojo et al. 2019,yes,Google Scholar,"Nigeria, Abeokuta",no,Africa,"biochemical, culture broth and plate",Conventional,NA,NA,,<10 g,Animal,Mammal,Rodentia,Nesomyidae,Cricetomys,African giant rat,Cricetomys gambianus,,free,Salmonella,Salmonella,Salmonella,feces hunted animals,yes,no,,,1,3,,,,NA,,NA,,,,,,,,NA,NA,NA,NA,NA,NA,NA,NA,Low,1
Ojo et al.,2019,Ojo et al. 2019,yes,Google Scholar,"Nigeria, Abeokuta",no,Africa,"biochemical, culture broth and plate",Conventional,NA,NA,,<10 g,Animal,Mammal,Rodentia,Cricetidae,Zygodontomys,Cane rat,Thryonomys swinderianus ,,free,Salmonella,Salmonella,Salmonella,feces hunted animals,yes,no,,,9,108,,,,NA,,NA,,,,,,,,NA,NA,NA,NA,NA,NA,NA,NA,Low,1
"Plant, C. W.",1978,"Plant, C. W. 1978",? Yes journal no longer published,review,"UK, England, East London, Wanstead/Epping,sewage treatment",no,Europe,"Biochemical/seriology, broth, tube culture, confirm at reference lab",Conventional,NA,NA,,NA,Animal,Mammal,Passeriformes,Hirundinidae,Riparia,Sand martin,Riparia riparia,,free,Salmonella,Salmonella,Salmonella,feces,yes,no,,,0,2,,,,NA,,NA,,,,,,,,NA,NA,NA,NA,NA,NA,NA,NA,Moderate,2
Queen et al.,2012,Queen et al. 2012,yes,review,"USA, California, Northern California, Davis Vetrinary Hospital",yes,North America,"Culture, IDEXX, flotation",Conventional,NA,NA,,swab variable,Animal,Mammal,Carnivora,Felidae,Felis,Cat,,,domestic,Salmonella,Salmonella,Salmonella,"feces, normal",yes,no,,,0,54,,,,NA,,NA,,,,,,,,NA,NA,NA,NA,NA,NA,NA,NA,Low,1
Queen et al.,2012,Queen et al. 2012,yes,review,"USA, California, Northern California, Davis Vetrinary Hospital",yes,North America,"Culture, IDEXX, flotation",Conventional,NA,NA,,swab variable,Animal,Mammal,Carnivora,Felidae,Felis,Cat,,,domestic,Salmonella,Salmonella,Salmonella,"feces, diarrhea",yes,no,,,0,219,,,,NA,,NA,,,,,,,,NA,NA,NA,NA,NA,NA,NA,NA,Low,1
Siembieda et al.,2011,Siembieda et al. 2011,yes,Google Scholar,"USA, California, San Francisco Bay",yes,North America,"Culture, Standard Method",Conventional,NA,NA,,<5 g,Animal,Mammal,Didelphimorphia,Didelphidae,Didelphis,Virginia Opossum,,,free,Salmonella spp.,Salmonella,Salmonella,feces,yes,no,,,ND,12,,,,NA,,NA,,,,,,response to oil spill,"(Arizonae III; serogroup B, strain III 53:z4,z23, and Typhimurium; serogroup C1, 6,7:1,5, Thompson, and Ohio; serogroup D, Enteritidis; and serogroup E, Liverpool)",NA,NA,NA,NA,NA,NA,NA,NA,Low,1
Siembieda et al.,2011,Siembieda et al. 2011,yes,Google Scholar,"USA, California, San Francisco Bay",yes,North America,"Culture, Standard Method",Conventional,NA,NA,,<5 g,Animal,Mammal,Carnivora,Procyonidae,Procyon,Raccoon,,,free,Salmonella spp.,Salmonella,Salmonella,feces,yes,no,,,ND,10,,,,NA,,NA,,,,,,response to oil spill,"(Arizonae III; serogroup B, strain III 53:z4,z23, and Typhimurium; serogroup C1, 6,7:1,5, Thompson, and Ohio; serogroup D, Enteritidis; and serogroup E, Liverpool)",NA,NA,NA,NA,NA,NA,NA,NA,Low,1
Spain et al.,2001,Spain et al. 2001,yes,review,"USA, New York, Central",yes,North America,"biochemical, culture plate, outside standard methdo?",Conventional,NA,NA,,NA,Animal,Mammal,Carnivora,Felidae,Felis,Cat,,,domestic,Salmonella sp.,Salmonella,Salmonella,fecal,yes,no,,,1,114,,,,NA,,NA,,,,,,,,NA,NA,NA,NA,NA,NA,NA,NA,Moderate,2
Spain et al.,2001,Spain et al. 2001,yes,review,"USA, New York, Central",yes,North America,"biochemical, culture plate, outside standard methdo?",Conventional,NA,NA,,NA,Animal,Mammal,Carnivora,Felidae,Felis,Cat,,,free (animal shelter),Salmonella sp.,Salmonella,Salmonella,fecal,yes,no,,,1,149,,,,NA,,NA,,,,,,,,NA,NA,NA,NA,NA,NA,NA,NA,Moderate,2
Spain et al.,2001,Spain et al. 2001,yes,review,"USA, New York, Central",yes,North America,"biochemical, culture plate, outside standard methdo?",Conventional,NA,NA,,NA,Animal,Mammal,Carnivora,Felidae,Felis,Cat,,,domestic and free (animal shelter),Salmonella sp.,Salmonella,Salmonella,fecal,yes,no,,,2,263,0.008,,,NA,,NA,,,,,,,,NA,NA,NA,NA,NA,NA,NA,NA,Moderate,2
Allen et al.,2010,Allen et al. 2010,Yes,Google Scholar,"Canada, Ontario",no,Northa America,culture broth and plate,Conventional,NA,NA,,NA,Animal,Mammal,Rodentia,,,,"2  Mus musculus landfill, 1 Peromyscus sp. Natural, 1 Tamias striatus farm",,free,Salmonella enterica,Salmonella enterica,Salmonella enterica (non-typhoid),feces,yes,no,,,4,302,,,,NA,,NA,,,,,,Has more information on antibiotic resistance,,NA,NA,NA,NA,NA,NA,NA,NA,Moderate,2
Franklin et al.,2015,Franklin et al. 2015,grey literature,Google Scholar,"USA, Colorado, Saguache county, San Luis Valley, fields",yes,North America,"visual, culture broth and plate",Conventional,NA,NA,,swab,Animal,Mammal,Rodentia,Cricetidae,Peromyscus,Deer mouse,Peromyscus maniculatus,,free,Salmonella enterica,Salmonella enterica,Salmonella enterica (non-typhoid),feces,yes,no,,,ND,9,,,,NA,,NA,,,,,,,,NA,NA,NA,NA,NA,NA,NA,NA,Low,1
Franklin et al.,2015,Franklin et al. 2015,grey literature,Google Scholar,"USA, Colorado, Saguache county, San Luis Valley, fields",yes,North America,"visual, culture broth and plate",Conventional,NA,NA,,swab,Animal,Mammal,Rodentia,Muridae,Mus,House mouse,Mus musculus,,free,Salmonella enterica,Salmonella enterica,Salmonella enterica (non-typhoid),feces,yes,no,,,ND,9,,,,NA,,NA,,,,,,,,NA,NA,NA,NA,NA,NA,NA,NA,Low,1
Franklin et al.,2015,Franklin et al. 2015,grey literature,Google Scholar,"USA, Colorado, Saguache county, San Luis Valley, fields",yes,North America,"visual, culture broth and plate",Conventional,NA,NA,,swab,Animal,Mammal,Rodentia,Cricetidae,Onychomys,Northern grasshopper mouse,Onychomys leucogaster,,free,Salmonella enterica,Salmonella enterica,Salmonella enterica (non-typhoid),feces,yes,no,,,ND,9,,,,NA,,NA,,,,,,,,NA,NA,NA,NA,NA,NA,NA,NA,Low,1
Franklin et al.,2015,Franklin et al. 2015,grey literature,Google Scholar,"USA, Colorado, Saguache county, San Luis Valley, fields",yes,North America,"visual, culture broth and plate",Conventional,NA,NA,,swab,Animal,Mammal,Rodentia,Heteromyidae,Dipodomys,Ord's kangaroo rat ,Dipodomys ordii,,free,Salmonella enterica,Salmonella enterica,Salmonella enterica (non-typhoid),feces,yes,no,,,ND,26,,,,NA,,NA,,,,,,,,NA,NA,NA,NA,NA,NA,NA,NA,Low,1
Chiari et al.,2014,Chiari et al. 2014,yes,Google Scholar,"Italy, Lombardi",no,Europe,"agglutination, Standard Method (ISO 6579:2002/Amd 1:2007 met)",Immunologic,NA,NA,,NA,Animal,Mammal,Carnivora,Mustelidae,Meles,European badger,Meles meles,,free,Salmonella enterica Diarizonae,Salmonella enterica subsp. diarizonae   ,Salmonella enterica (non-typhoid),intestines content,yes,no,,,ND,17,,,,NA,,NA,,,,,, (1 serovars,,NA,NA,NA,NA,NA,NA,NA,NA,High,3
Chiari et al.,2014,Chiari et al. 2014,yes,Google Scholar,"Italy, Lombardi",no,Europe,"agglutination, Standard Method (ISO 6579:2002/Amd 1:2007 met)",Immunologic,NA,NA,,NA,Animal,Mammal,Carnivora,Mustelidae,Meles,European badger,Meles meles,,free,Salmonella enterica enterica,Salmonella enterica subsp. enterica,Salmonella enterica (non-typhoid),intestines content,yes,no,,,2,17,,,,NA,,NA,,,,,, (2 serovars),,NA,NA,NA,NA,NA,NA,NA,NA,High,3
Chiari et al.,2014,Chiari et al. 2014,yes,Google Scholar,"Italy, Lombardi",no,Europe,"agglutination, Standard Method (ISO 6579:2002/Amd 1:2007 met)",Immunologic,NA,NA,,NA,Animal,Mammal,Carnivora,Mustelidae,Meles,European badger,Meles meles,,free,"Salmonella Enterica 4,12:i","Salmonella enterica subsp. enterica serovar 4,12;i",Salmonella enterica (non-typhoid),intestines content,yes,no,,,ND,17,,,,NA,,NA,,,,,,,,NA,NA,NA,NA,NA,NA,NA,NA,High,3
Chiari et al.,2014,Chiari et al. 2014,yes,Google Scholar,"Italy, Lombardi",no,Europe,"agglutination, Standard Method (ISO 6579:2002/Amd 1:2007 met)",Immunologic,NA,NA,,NA,Animal,Mammal,Carnivora,Mustelidae,Meles,European badger,Meles meles,,free,Salmonella anatum,Salmonella enterica subsp. enterica serovar Anatum,Salmonella enterica (non-typhoid),intestines content,yes,no,,,ND,17,,,,NA,,NA,,,,,,,,NA,NA,NA,NA,NA,NA,NA,NA,High,3
Chiari et al.,2014,Chiari et al. 2014,yes,Google Scholar,"Italy, Lombardi",no,Europe,"agglutination, Standard Method (ISO 6579:2002/Amd 1:2007 met)",Immunologic,NA,NA,,NA,Animal,Mammal,Carnivora,Mustelidae,Meles,European badger,Meles meles,,free,Salmonella derby,Salmonella enterica subsp. enterica serovar Derby,Salmonella enterica (non-typhoid),intestines content,yes,no,,,ND,17,,,,NA,,NA,,,,,,,,NA,NA,NA,NA,NA,NA,NA,NA,High,3
Chiari et al.,2014,Chiari et al. 2014,yes,Google Scholar,"Italy, Lombardi",no,Europe,"agglutination, Standard Method (ISO 6579:2002/Amd 1:2007 met)",Immunologic,NA,NA,,NA,Animal,Mammal,Carnivora,Mustelidae,Meles,European badger,Meles meles,,free,Salmonella hessarek,Salmonella enterica subsp. enterica serovar Hessarek,Salmonella enterica (non-typhoid),intestines content,yes,no,,,ND,17,,,,NA,,NA,,,,,,,,NA,NA,NA,NA,NA,NA,NA,NA,High,3
Chiari et al.,2014,Chiari et al. 2014,yes,Google Scholar,"Italy, Lombardi",no,Europe,"agglutination, Standard Method (ISO 6579:2002/Amd 1:2007 met)",Immunologic,NA,NA,,NA,Animal,Mammal,Carnivora,Mustelidae,Meles,European badger,Meles meles,,free,Salmonella Infantis,Salmonella enterica subsp. enterica serovar Infantis,Salmonella enterica (non-typhoid),intestines content,yes,no,,,1,17,,,,NA,,NA,,,,,,,,NA,NA,NA,NA,NA,NA,NA,NA,High,3
Chiari et al.,2014,Chiari et al. 2014,yes,Google Scholar,"Italy, Lombardi",no,Europe,"agglutination, Standard Method (ISO 6579:2002/Amd 1:2007 met)",Immunologic,NA,NA,,NA,Animal,Mammal,Carnivora,Mustelidae,Meles,European badger,Meles meles,,free,Salmonella livingstone,Salmonella enterica subsp. enterica serovar Livingstone,Salmonella enterica (non-typhoid),intestines content,yes,no,,,ND,17,,,,NA,,NA,,,,,,,,NA,NA,NA,NA,NA,NA,NA,NA,High,3
Chiari et al.,2014,Chiari et al. 2014,yes,Google Scholar,"Italy, Lombardi",no,Europe,"agglutination, Standard Method (ISO 6579:2002/Amd 1:2007 met)",Immunologic,NA,NA,,NA,Animal,Mammal,Carnivora,Mustelidae,Meles,European badger,Meles meles,,free,Salmonella mbandaka,Salmonella enterica subsp. enterica serovar Mbandaka   ,Salmonella enterica (non-typhoid),intestines content,yes,no,,,ND,17,,,,NA,,NA,,,,,,,,NA,NA,NA,NA,NA,NA,NA,NA,High,3
Chiari et al.,2014,Chiari et al. 2014,yes,Google Scholar,"Italy, Lombardi",no,Europe,"agglutination, Standard Method (ISO 6579:2002/Amd 1:2007 met)",Immunologic,NA,NA,,NA,Animal,Mammal,Carnivora,Mustelidae,Meles,European badger,Meles meles,,free,Salmonella muenchen,Salmonella enterica subsp. enterica serovar Muenchen,Salmonella enterica (non-typhoid),intestines content,yes,no,,,ND,17,,,,NA,,NA,,,,,,,,NA,NA,NA,NA,NA,NA,NA,NA,High,3
Chiari et al.,2014,Chiari et al. 2014,yes,Google Scholar,"Italy, Lombardi",no,Europe,"agglutination, Standard Method (ISO 6579:2002/Amd 1:2007 met)",Immunologic,NA,NA,,NA,Animal,Mammal,Carnivora,Mustelidae,Meles,European badger,Meles meles,,free,Salmonella napoli,Salmonella enterica subsp. enterica serovar Napoli   ,Salmonella enterica (non-typhoid),intestines content,yes,no,,,ND,17,,,,NA,,NA,,,,,,,,NA,NA,NA,NA,NA,NA,NA,NA,High,3
Chiari et al.,2014,Chiari et al. 2014,yes,Google Scholar,"Italy, Lombardi",no,Europe,"agglutination, Standard Method (ISO 6579:2002/Amd 1:2007 met)",Immunologic,NA,NA,,NA,Animal,Mammal,Carnivora,Mustelidae,Meles,European badger,Meles meles,,free,Salmonella ohio,Salmonella enterica subsp. enterica serovar Ohio   ,Salmonella enterica (non-typhoid),intestines content,yes,no,,,ND,17,,,,NA,,NA,,,,,,,,NA,NA,NA,NA,NA,NA,NA,NA,High,3
Chiari et al.,2014,Chiari et al. 2014,yes,Google Scholar,"Italy, Lombardi",no,Europe,"agglutination, Standard Method (ISO 6579:2002/Amd 1:2007 met)",Immunologic,NA,NA,,NA,Animal,Mammal,Carnivora,Mustelidae,Meles,European badger,Meles meles,,free,Salmonella thompson,Salmonella enterica subsp. enterica serovar Thompson,Salmonella enterica (non-typhoid),intestines content,yes,no,,,ND,17,,,,NA,,NA,,,,,,,,NA,NA,NA,NA,NA,NA,NA,NA,High,3
Chiari et al.,2014,Chiari et al. 2014,yes,Google Scholar,"Italy, Lombardi",no,Europe,"agglutination, Standard Method (ISO 6579:2002/Amd 1:2007 met)",Immunologic,NA,NA,,NA,Animal,Mammal,Carnivora,Mustelidae,Meles,European badger,Meles meles,,free,Salmonella veneziana,Salmonella enterica subsp. enterica serovar Veneziana   ,Salmonella enterica (non-typhoid),intestines content,yes,no,,,ND,17,,,,NA,,NA,,,,,,,,NA,NA,NA,NA,NA,NA,NA,NA,High,3
Chiari et al.,2014,Chiari et al. 2014,yes,Google Scholar,"Italy, Lombardi",no,Europe,"agglutination, Standard Method (ISO 6579:2002/Amd 1:2007 met)",Immunologic,NA,NA,,NA,Animal,Mammal,Carnivora,Mustelidae,Meles,European badger,Meles meles,,free,Salmonella enterica houtenae,Salmonella enterica subsp. houtenae   ,Salmonella enterica (non-typhoid),intestines content,yes,no,,,ND,17,,,,NA,,NA,,,,,,,,NA,NA,NA,NA,NA,NA,NA,NA,High,3
Chiari et al.,2014,Chiari et al. 2014,yes,Google Scholar,"Italy, Lombardi",no,Europe,"agglutination, Standard Method (ISO 6579:2002/Amd 1:2007 met)",Immunologic,NA,NA,,NA,Animal,Mammal,Carnivora,Mustelidae,Meles,European badger,Meles meles,,free,Salmonella enteritidis,Salmonella entericaÿsubsp.ÿentericaÿserovar Enteritidis,Salmonella enterica (non-typhoid),intestines content,yes,no,,,ND,17,,,,NA,,NA,,,,,,,,NA,NA,NA,NA,NA,NA,NA,NA,High,3
Cruickshank et al.,1949,Cruickshank et al. 1949,yes,review,"UK, England, London",no,Europe,Standard method? (Central Public Health Laboratory),Immunologic,NA,NA,,NA,Animal,Mammal,Carnivora,Felidae,Felis,Cat,,,domestic and stray,Salmonella anatum,Salmonella enterica subsp. enterica serovar Anatum,Salmonella enterica (non-typhoid),feces or rectal swab,yes,no,,,2,500,,,,NA,,NA,,,,,,,,NA,NA,NA,NA,NA,NA,NA,NA,Low,1
Cruickshank et al.,1949,Cruickshank et al. 1949,yes,review,"UK, England, London",no,Europe,Standard method? (Central Public Health Laboratory),Immunologic,NA,NA,,NA,Animal,Mammal,Carnivora,Felidae,Felis,Cat,,,domestic and stray,Salmonella montevideo,Salmonella enterica subsp. enterica serovar Montevideo,Salmonella enterica (non-typhoid),feces or rectal swab,yes,no,,,1,500,,,,NA,,NA,,,,,,,,NA,NA,NA,NA,NA,NA,NA,NA,Low,1
Cruickshank et al.,1949,Cruickshank et al. 1949,yes,review,"UK, England, London",no,Europe,Standard method? (Central Public Health Laboratory),Immunologic,NA,NA,,NA,Animal,Mammal,Carnivora,Felidae,Felis,Cat,,,domestic and stray,Salmonella paratyphi B,Salmonella enterica subsp. enterica serovar Paratyphi B,Salmonella enterica (non-typhoid),feces or rectal swab,yes,no,,,1,500,,,,NA,,NA,,,,,,,,NA,NA,NA,NA,NA,NA,NA,NA,Low,1
Jardine et al.,2011,Jardine et al. 2011,yes,Google Scholar,"Canada, Toronto/Ontario, Niagra/Ontario, Guelph",no,Northa America,"serotype (Kauffmann?White a outside lab Laboratory for Foodborne Zoonoses (LFZ) Salmonella Reference
Laboratory, Guelph, Ontario, Canada), culture broth and plate",Immunologic,NA,NA,,0.1-5 g,Animal,Mammal,Carnivora,Procyonidae,Procyon,Raccoon,Procyon lotor,,free,"Salmonella I 4,5,12:b:-","Salmonella enterica subsp. enterica serovar 4,5,12;b;-",Salmonella enterica (non-typhoid),rectal swab,yes,no,,,6,109,0.056001851,,,NA,,NA,,,,,,10,182 samples (from 109 racoons),NA,NA,NA,NA,NA,NA,NA,NA,Moderate,2
Jardine et al.,2011,Jardine et al. 2011,yes,Google Scholar,"Canada, Toronto/Ontario, Niagra/Ontario, Guelph",no,Northa America,"serotype (Kauffmann?White a outside lab Laboratory for Foodborne Zoonoses (LFZ) Salmonella Reference
Laboratory, Guelph, Ontario, Canada), culture broth and plate",Immunologic,NA,NA,,0.1-5 g,Animal,Mammal,Carnivora,Procyonidae,Procyon,Raccoon,Procyon lotor,,free,"Salmonella I 6,7,14:-:1,5","Salmonella enterica subsp. enterica serovar 6,7,14;-;1,5",Salmonella enterica (non-typhoid),rectal swab,yes,no,,,1,109,0.005504658,,,NA,,NA,,,,,,1,182 samples (from 109 racoons),NA,NA,NA,NA,NA,NA,NA,NA,Moderate,2
Jardine et al.,2011,Jardine et al. 2011,yes,Google Scholar,"Canada, Toronto/Ontario, Niagra/Ontario, Guelph",no,Northa America,"serotype (Kauffmann?White a outside lab Laboratory for Foodborne Zoonoses (LFZ) Salmonella Reference
Laboratory, Guelph, Ontario, Canada), culture broth and plate",Immunologic,NA,NA,,0.1-5 g,Animal,Mammal,Carnivora,Procyonidae,Procyon,Raccoon,Procyon lotor,,free,Salmonella anatum,Salmonella enterica subsp. enterica serovar Anatum,Salmonella enterica (non-typhoid),rectal swab,yes,no,,,4,109,0.038972353,,,NA,,NA,,,,,,7,182 samples (from 109 racoons),NA,NA,NA,NA,NA,NA,NA,NA,Moderate,2
Jardine et al.,2011,Jardine et al. 2011,yes,Google Scholar,"Canada, Toronto/Ontario, Niagra/Ontario, Guelph",no,Northa America,"serotype (Kauffmann?White a outside lab Laboratory for Foodborne Zoonoses (LFZ) Salmonella Reference
Laboratory, Guelph, Ontario, Canada), culture broth and plate",Immunologic,NA,NA,,0.1-5 g,Animal,Mammal,Carnivora,Procyonidae,Procyon,Raccoon,Procyon lotor,,free,Salmonella berta,Salmonella enterica subsp. enterica serovar Berta,Salmonella enterica (non-typhoid),rectal swab,yes,no,,,3,109,0.02773083,,,NA,,NA,,,,,,5,182 samples (from 109 racoons),NA,NA,NA,NA,NA,NA,NA,NA,Moderate,2
Jardine et al.,2011,Jardine et al. 2011,yes,Google Scholar,"Canada, Toronto/Ontario, Niagra/Ontario, Guelph",no,Northa America,"serotype (Kauffmann?White a outside lab Laboratory for Foodborne Zoonoses (LFZ) Salmonella Reference
Laboratory, Guelph, Ontario, Canada), culture broth and plate",Immunologic,NA,NA,,0.1-5 g,Animal,Mammal,Carnivora,Procyonidae,Procyon,Raccoon,Procyon lotor,,free,Salmonella Hadar,Salmonella enterica subsp. enterica serovar Hadar,Salmonella enterica (non-typhoid),rectal swab,yes,no,,,2,109,0.01657569,,,NA,,NA,,,,,,3,183 samples (from 109 racoons),NA,NA,NA,NA,NA,NA,NA,NA,Moderate,2
Jardine et al.,2011,Jardine et al. 2011,yes,Google Scholar,"Canada, Toronto/Ontario, Niagra/Ontario, Guelph",no,Northa America,"serotype (Kauffmann?White a outside lab Laboratory for Foodborne Zoonoses (LFZ) Salmonella Reference
Laboratory, Guelph, Ontario, Canada), culture broth and plate",Immunologic,NA,NA,,0.1-5 g,Animal,Mammal,Carnivora,Procyonidae,Procyon,Raccoon,Procyon lotor,,free,Salmonella hartford,Salmonella enterica subsp. enterica serovar Hartford   ,Salmonella enterica (non-typhoid),rectal swab,yes,no,,,2,109,0.01657569,,,NA,,NA,,,,,,3,184 samples (from 109 racoons),NA,NA,NA,NA,NA,NA,NA,NA,Moderate,2
Jardine et al.,2011,Jardine et al. 2011,yes,Google Scholar,"Canada, Toronto/Ontario, Niagra/Ontario, Guelph",no,Northa America,"serotype (Kauffmann?White a outside lab Laboratory for Foodborne Zoonoses (LFZ) Salmonella Reference
Laboratory, Guelph, Ontario, Canada), culture broth and plate",Immunologic,NA,NA,,0.1-5 g,Animal,Mammal,Carnivora,Procyonidae,Procyon,Raccoon,Procyon lotor,,free,Salmonella Heidelberg,Salmonella enterica subsp. enterica serovar Heidelberg,Salmonella enterica (non-typhoid),rectal swab,yes,no,,,1,109,0.011029799,,,NA,,NA,,,,,,2,182 samples (from 109 racoons),NA,NA,NA,NA,NA,NA,NA,NA,Moderate,2
Jardine et al.,2011,Jardine et al. 2011,yes,Google Scholar,"Canada, Toronto/Ontario, Niagra/Ontario, Guelph",no,Northa America,"serotype (Kauffmann?White a outside lab Laboratory for Foodborne Zoonoses (LFZ) Salmonella Reference
Laboratory, Guelph, Ontario, Canada), culture broth and plate",Immunologic,NA,NA,,0.1-5 g,Animal,Mammal,Carnivora,Procyonidae,Procyon,Raccoon,Procyon lotor,,free,Salmonella muenchen,Salmonella enterica subsp. enterica serovar Muenchen,Salmonella enterica (non-typhoid),rectal swab,yes,no,,,2,109,0.022142607,,,NA,,NA,,,,,,4,182 samples (from 109 racoons),NA,NA,NA,NA,NA,NA,NA,NA,Moderate,2
Jardine et al.,2011,Jardine et al. 2011,yes,Google Scholar,"Canada, Toronto/Ontario, Niagra/Ontario, Guelph",no,Northa America,"serotype (Kauffmann?White a outside lab Laboratory for Foodborne Zoonoses (LFZ) Salmonella Reference
Laboratory, Guelph, Ontario, Canada), culture broth and plate",Immunologic,NA,NA,,0.1-5 g,Animal,Mammal,Carnivora,Procyonidae,Procyon,Raccoon,Procyon lotor,,free,Salmonella newport,Salmonella enterica subsp. enterica serovar Newport,Salmonella enterica (non-typhoid),rectal swab,yes,no,,,9,109,0.079033418,,,NA,,NA,,,,,,14,182 samples (from 109 racoons),NA,NA,NA,NA,NA,NA,NA,NA,Moderate,2
Jardine et al.,2011,Jardine et al. 2011,yes,Google Scholar,"Canada, Toronto/Ontario, Niagra/Ontario, Guelph",no,Northa America,"serotype (Kauffmann?White a outside lab Laboratory for Foodborne Zoonoses (LFZ) Salmonella Reference
Laboratory, Guelph, Ontario, Canada), culture broth and plate",Immunologic,NA,NA,,0.1-5 g,Animal,Mammal,Carnivora,Procyonidae,Procyon,Raccoon,Procyon lotor,,free,Salmonella oranienburg,Salmonella enterica subsp. enterica serovar Oranienburg   ,Salmonella enterica (non-typhoid),rectal swab,yes,no,,,1,109,0.011029799,,,NA,,NA,,,,,,2,182 samples (from 109 racoons),NA,NA,NA,NA,NA,NA,NA,NA,Moderate,2
Jardine et al.,2011,Jardine et al. 2011,yes,Google Scholar,"Canada, Toronto/Ontario, Niagra/Ontario, Guelph",no,Northa America,"serotype (Kauffmann?White a outside lab Laboratory for Foodborne Zoonoses (LFZ) Salmonella Reference
Laboratory, Guelph, Ontario, Canada), culture broth and plate",Immunologic,NA,NA,,0.1-5 g,Animal,Mammal,Carnivora,Procyonidae,Procyon,Raccoon,Procyon lotor,,free,"Salmonella I Rough-O:k:1,5","Salmonella enterica subsp. enterica serovar Rough-O;k;1,5",Salmonella enterica (non-typhoid),rectal swab,yes,no,,,1,109,0.005504658,,,NA,,NA,,,,,,1,182 samples (from 109 racoons),NA,NA,NA,NA,NA,NA,NA,NA,Moderate,2
Jardine et al.,2011,Jardine et al. 2011,yes,Google Scholar,"Canada, Toronto/Ontario, Niagra/Ontario, Guelph",no,Northa America,"serotype (Kauffmann?White a outside lab Laboratory for Foodborne Zoonoses (LFZ) Salmonella Reference
Laboratory, Guelph, Ontario, Canada), culture broth and plate",Immunologic,NA,NA,,0.1-5 g,Animal,Mammal,Carnivora,Procyonidae,Procyon,Raccoon,Procyon lotor,,free,"Salmonella I Rough-O:y:e,n,x","Salmonella enterica subsp. enterica serovar Rough-O;y;e,n,x ",Salmonella enterica (non-typhoid),rectal swab,yes,no,,,1,109,0.011029799,,,NA,,NA,,,,,,2,182 samples (from 109 racoons),NA,NA,NA,NA,NA,NA,NA,NA,Moderate,2
Jardine et al.,2011,Jardine et al. 2011,yes,Google Scholar,"Canada, Toronto/Ontario, Niagra/Ontario, Guelph",no,Northa America,"serotype (Kauffmann?White a outside lab Laboratory for Foodborne Zoonoses (LFZ) Salmonella Reference
Laboratory, Guelph, Ontario, Canada), culture broth and plate",Immunologic,NA,NA,,0.1-5 g,Animal,Mammal,Carnivora,Procyonidae,Procyon,Raccoon,Procyon lotor,,free,Salmonella schwarzengrund,Salmonella enterica subsp. enterica serovar Schwarzengrund   ,Salmonella enterica (non-typhoid),rectal swab,yes,no,,,1,109,0.005504658,,,NA,,NA,,,,,,1,182 samples (from 109 racoons),NA,NA,NA,NA,NA,NA,NA,NA,Moderate,2
Jardine et al.,2011,Jardine et al. 2011,yes,Google Scholar,"Canada, Toronto/Ontario, Niagra/Ontario, Guelph",no,Northa America,"serotype (Kauffmann?White a outside lab Laboratory for Foodborne Zoonoses (LFZ) Salmonella Reference
Laboratory, Guelph, Ontario, Canada), culture broth and plate",Immunologic,NA,NA,,0.1-5 g,Animal,Mammal,Carnivora,Procyonidae,Procyon,Raccoon,Procyon lotor,,free,Salmonella thompson,Salmonella enterica subsp. enterica serovar Thompson,Salmonella enterica (non-typhoid),rectal swab,yes,no,,,4,109,0.033340647,,,NA,,NA,,,,,,6,182 samples (from 109 racoons),NA,NA,NA,NA,NA,NA,NA,NA,Moderate,2
Chiari et al.,2014,Chiari et al. 2014,yes,Google Scholar,"Italy, Lombardi",no,Europe,"agglutination, Standard Method (ISO 6579:2002/Amd 1:2007 met)",Immunologic,NA,NA,,NA,Animal,Mammal,Carnivora,Mustelidae,Meles,European badger,Meles meles,,free,Salmonella typhimurium,Salmonella enterica subsp. enterica serovar Typhimurium,Salmonella enterica (typhoid),intestines content,yes,no,,,1,17,,,,NA,,NA,,,,,,,,NA,NA,NA,NA,NA,NA,NA,NA,High,3
Cruickshank et al.,1949,Cruickshank et al. 1949,yes,review,"UK, England, London",no,Europe,Standard method? (Central Public Health Laboratory),Immunologic,NA,NA,,NA,Animal,Mammal,Carnivora,Felidae,Felis,Cat,,,domestic and stray,Salmonella typhimurium,Salmonella enterica subsp. enterica serovar Typhimurium,Salmonella enterica (typhoid),feces or rectal swab,yes,no,,,3,500,,,,NA,,NA,,,,,,,,NA,NA,NA,NA,NA,NA,NA,NA,Low,1
Jardine et al.,2011,Jardine et al. 2011,yes,Google Scholar,"Canada, Toronto/Ontario, Niagra/Ontario, Guelph",no,Northa America,"serotype (Kauffmann?White a outside lab Laboratory for Foodborne Zoonoses (LFZ) Salmonella Reference
Laboratory, Guelph, Ontario, Canada), culture broth and plate",Immunologic,NA,NA,,0.1-5 g,Animal,Mammal,Carnivora,Procyonidae,Procyon,Raccoon,Procyon lotor,,free,Salmonella typhimurium,Salmonella enterica subsp. enterica serovar Typhimurium,Salmonella enterica (typhoid),rectal swab,yes,no,,,12,109,0.114324057,,,NA,,NA,,,,,,20,182 samples (from 109 racoons),NA,NA,NA,NA,NA,NA,NA,NA,Moderate,2
Jardine et al.,2011,Jardine et al. 2011,yes,Google Scholar,"Canada, Toronto/Ontario, Niagra/Ontario, Guelph",no,Northa America,"serotype (Kauffmann?White a outside lab Laboratory for Foodborne Zoonoses (LFZ) Salmonella Reference
Laboratory, Guelph, Ontario, Canada), culture broth and plate",Immunologic,NA,NA,,0.1-5 g,Animal,Mammal,Carnivora,Procyonidae,Procyon,Raccoon,Procyon lotor,,free,Salmonella typhimurium copenhagen,Salmonella enterica subsp. enterica serovar Typhimurium var. Copenhagen ,Salmonella enterica (typhoid),rectal swab,yes,no,,,1,109,0.011029799,,,NA,,NA,,,,,,2,182 samples (from 109 racoons),NA,NA,NA,NA,NA,NA,NA,NA,Moderate,2
Ahmed et al. ,2019,Ahmed et al.  2019,yes,Web of Science,"Australia, South East Queensland ",no,Western Pacific,qPCR,Molecular,1000,half MDL,gene copies/g feces,200 mg,Animal,Mammal,Chiroptera,Pteropodidae,Pteropus,,,Flying fox (genus),free,Salmonella spp.,Salmonella,Salmonella,feces,yes,no,StatsnoND,yes,0,14,,,<1000,NA,<1000,NA,<1000,<1000,<1000,<1000,gene copies /g feces,,,NA,NA,NA,NA,NA,NA,NA,NA,Moderate,2
Gorski et al.,2011,Gorski et al. 2011,yes,Google Scholar,"USA, California, Monterey County",yes,North America,"PCR (invA, XbaI), pulse field gel electrophoresis, broth and plate culture",Molecular,NA,NA,,NA,Animal,Mammal,Carnivora,Procyonidae,Procyon,Raccoon,,,free,Salmonella,Salmonella,Salmonella,feces or tissue (colon),yes,no,,,ND,2,,,,NA,,NA,,,,,,,,NA,NA,NA,NA,NA,NA,NA,NA,Moderate,2
Gorski et al.,2011,Gorski et al. 2011,yes,Google Scholar,"USA, California, Monterey County",yes,North America,"PCR (invA, XbaI), pulse field gel electrophoresis, broth and plate culture",Molecular,NA,NA,,NA,Animal,Mammal,Rodentia,Sciuridae,,,,Squirrel (family),free,Salmonella,Salmonella,Salmonella,feces or tissue (colon),yes,no,,,ND,28,,,,NA,,NA,,,,,,,,NA,NA,NA,NA,NA,NA,NA,NA,Moderate,2
Himsworth et al.,2015,Himsworth et al. 2015,yes,Google Scholar,"Canada, Vancover",no,North America,"PCR, culture broth and plate",Molecular,NA,NA,,NA,Animal,Mammal,Rodentia,Muridae,Rattus,,"Rattus norvegicus, Rattus rattus","595 Norway Rat, 40 black rat",Free,Salmonella spp. ,Salmonella,Salmonella,tissue (colon),yes,no,,,3,633,,,,NA,,NA,,,,,,,,NA,NA,NA,NA,NA,NA,NA,NA,High,3
Lowenstein et al.,2020,Lowenstein et al. 2020,yes,Web of Science,"Ecuador, Yaruqui, Quito",no,South America,"PCR (S. enterica serovar Typhimurium LT2 (STM1, STM2, STM3, STM4, and STM5), S. enterica serovar Typhi CT18 (STY) )RapiD-20E test, culture",Molecular,NA,NA,,NA,Animal,Mammal,Carnivora,Felidae,Felis,Cat,,,domestic,Salmonella spp.,Salmonella,Salmonella,feces swab,yes,no,,,0,21,,,,NA,,NA,,,,,,,,NA,NA,NA,NA,NA,NA,NA,NA,Low,1
Medkour et al.,2021,Medkour et al. 2021,yes,Web of Science,Algeria,no,Africa,qPCR,Molecular,NA,NA,,NA,Animal,Mammal,Primates,Cercopithecidae,Macaca,Barbary macaque,Macaca sylvanus,,free,Salmonella spp.,Salmonella,Salmonella,feces,yes,no,,,ND,69,0,,,NA,,NA,,,,,,,,NA,NA,NA,NA,NA,NA,NA,NA,Low,1
Medkour et al.,2021,Medkour et al. 2021,yes,Web of Science,Senegal,no,Africa,qPCR,Molecular,NA,NA,,NA,Animal,Mammal,Primates,Cercopithecidae,Chlorocebus,Green monkey,Chlorocebus sabaeus,,free,Salmonella spp.,Salmonella,Salmonella,feces,yes,no,,,ND,4,0,,,NA,,NA,,,,,,,,NA,NA,NA,NA,NA,NA,NA,NA,Low,1
Medkour et al.,2021,Medkour et al. 2021,yes,Web of Science,"Senegal, Djibouti",no,Africa,qPCR,Molecular,NA,NA,,NA,Animal,Mammal,Primates,Cercopithecidae,Papio,Guinea baboon,Papio papio,,free,Salmonella spp.,Salmonella,Salmonella,feces,yes,no,,,ND,13,0,,,NA,,NA,,,,,,,,NA,NA,NA,NA,NA,NA,NA,NA,Low,1
Medkour et al.,2021,Medkour et al. 2021,yes,Web of Science,Senegal,no,Africa,qPCR,Molecular,NA,NA,,NA,Animal,Mammal,Primates,Hominidae,Pan,Western chimpanzee,Pan troglodytes verus,,free,Salmonella spp.,Salmonella,Salmonella,feces,yes,no,,,ND,49,0,,,NA,,NA,,,,,,,,NA,NA,NA,NA,NA,NA,NA,NA,Low,1
Sabshin et al. ,2012,Sabshin et al.  2012,yes,review,"USA, Florida, Alachua County",yes,North America,PCR (EU348366),Molecular,NA,NA,,NA,Animal,Mammal,Carnivora,Felidae,Felis,Cat,,,free,Salmonella spp.,Salmonella,Salmonella,feces (diarrhea),yes,no,,,6,50,,,,NA,,NA,,,,,,From Review (Silvia and Lobato 2015),,NA,NA,NA,NA,NA,NA,NA,NA,Moderate,2
Sabshin et al. ,2012,Sabshin et al.  2012,yes,review,"USA, Florida, Alachua County",yes,North America,PCR (EU348366),Molecular,NA,NA,,NA,Animal,Mammal,Carnivora,Felidae,Felis,Cat,,,free,Salmonella spp.,Salmonella,Salmonella,feces (normal),yes,no,,,2,50,,,,NA,,NA,,,,,,From Review (Silvia and Lobato 2015),,NA,NA,NA,NA,NA,NA,NA,NA,Moderate,2
Bublitz et al.,2015,Bublitz et al. 2015,yes,Google Scholar,"Madagascar, Ranomafana National Park",no,Africa,"PCR (invA, 275 bp)",Molecular,NA,NA,,NA,Animal,Mammal,Primates,,,,"Avahi laniger, Eulemur reinvented, Hap lemur aurous, Microcopies Rufus, Propithecus edwardsi, and Prolemur simus ",Primates (order),free,Salmonella enterica,Salmonella enterica,Salmonella enterica (non-typhoid),feces,yes,no,,,2,24,0.074,,,NA,,NA,,,,,,,,NA,NA,NA,NA,NA,NA,NA,NA,Low,1
Bublitz et al.,2015,Bublitz et al. 2015,yes,Google Scholar,"Madagascar, Ranomafana National Park",no,Africa,"PCR (invA, 275 bp)",Molecular,NA,NA,,NA,Animal,Mammal,Rodentia,,,,,Rodent (order),free,Salmonella enterica,Salmonella enterica,Salmonella enterica (non-typhoid),feces,yes,no,,,6,33,,,,NA,,NA,,,,,,,,NA,NA,NA,NA,NA,NA,NA,NA,Low,1
Firth et al. ,2014,Firth et al.  2014,yes,Google Scholar,"USA, New York, New York City",yes,North America,PCR,Molecular,0.35x10^3 to 3.5x10^3 RNA copies or 3.5*10^7 after 40 cycles,NA,,NA,Animal,Mammal,Rodentia,Muridae,Rattus,Brown rat,Rattus norvegicus,,free,Salmonella enterica,Salmonella enterica,Salmonella enterica (non-typhoid),fecal pellet,yes,no,,,2,133,,,,NA,,NA,,,,,,,,NA,NA,NA,NA,NA,NA,NA,NA,Low,1
Himsworth et al.,2015,Himsworth et al. 2015,yes,Google Scholar,"Canada, Vancover",no,North America,"PCR, culture broth and plate",Molecular,NA,NA,,NA,Animal,Mammal,Rodentia,Muridae,Rattus,,"Rattus norvegicus, Rattus rattus","595 Norway Rat, 40 black rat",Free,Salmonella Derby,Salmonella enterica subsp. enterica serovar Derby,Salmonella enterica (non-typhoid),tissue (colon),yes,no,,,1,633,,,,NA,,NA,,,,,,,,NA,NA,NA,NA,NA,NA,NA,NA,High,3
Himsworth et al.,2015,Himsworth et al. 2015,yes,Google Scholar,"Canada, Vancover",no,North America,"PCR, culture broth and plate",Molecular,NA,NA,,NA,Animal,Mammal,Rodentia,Muridae,Rattus,,"Rattus norvegicus, Rattus rattus","597 Norway Rat, 40 black rat",Free,Salmonella indiana,Salmonella enterica subsp. enterica serovar Indiana,Salmonella enterica (non-typhoid),tissue (colon),yes,no,,,1,633,,,,NA,,NA,,,,,,,,NA,NA,NA,NA,NA,NA,NA,NA,High,3
Himsworth et al.,2015,Himsworth et al. 2015,yes,Google Scholar,"Canada, Vancover",no,North America,"PCR, culture broth and plate",Molecular,NA,NA,,NA,Animal,Mammal,Rodentia,Muridae,Rattus,,"Rattus norvegicus, Rattus rattus","596 Norway Rat, 40 black rat",Free,Salmonella enteritidis,Salmonella entericaÿsubsp.ÿentericaÿserovar Enteritidis,Salmonella enterica (non-typhoid),tissue (colon),yes,no,,,1,633,,,,NA,,NA,,,,,,,,NA,NA,NA,NA,NA,NA,NA,NA,High,3
"Refsum, et al.",2002,"Refsum, et al. 2002",yes,review,"Norway, Ostfold, Nordland, Nord-Trondelag, Rogaland",no,Europe,Pulsed-field gel electrophoresisÿ(XbaI),Molecular,NA,NA,,NA,Animal,Mammal,Carnivora,Felidae,Felis,Cat,,,free,"Salmonella enterica Typhimurium O:4,12","Salmonella enterica subsp. enterica serovar Typhimurium var. monophasic 4,6",Salmonella enterica (typhoid),"Salmonella enterica isolates, dead birds",yes,no,,,4,4,,,,NA,,NA,,,,,,,,NA,NA,NA,NA,NA,NA,NA,NA,Very Low,0
Adesiyun et al.,1998,Adesiyun et al. 1998,yes,review,Trinidad,no,North America,"biochemical, culture broth and plate, standard method",Conventional,ND,ND,,1 g,Animal,Reptile,Squamata,Amphisbaenidae,Amphisbaena,Red worm lizard,Amphisbacua alba,,free range,Salmonella spp.,Salmonella,Salmonella,"feces, cloacal swab",yes,no,,,4,23,,,,NA,,NA,,,,,,,,NA,NA,NA,NA,NA,NA,NA,NA,Low,1
Scheelings et al. ,2011,Scheelings et al.  2011,yes,Google Scholar,"Australia, Victoria, Cape Conran",no,Western Pacific,"biochemical, culture broth and plate",Conventional,NA,NA,,swab,Animal,Reptile,Squamata,Scincidae,Egernia,Black rock skink,Egernia saxatilis,,free,Salmonella ,Salmonella,Salmonella,cloacal swab,yes,no,,,ND,8,,,,NA,,NA,,,,,,Has Salmonella Enterica Servoars but they are in a weird format.,,NA,NA,NA,NA,NA,NA,NA,NA,Low,1
Scheelings et al. ,2011,Scheelings et al.  2011,yes,Google Scholar,"Australia, Victoria, Cape Conran",no,Western Pacific,"biochemical, culture broth and plate",Conventional,NA,NA,,swab,Animal,Reptile,Squamata,Elapidae,Hemiaspis,Black-bellied swamp snake,Hemiaspis signata,,free,Salmonella ,Salmonella,Salmonella,cloacal swab,yes,no,,,1,2,,,,NA,,NA,,,,,,Has Salmonella Enterica Servoars but they are in a weird format.,,NA,NA,NA,NA,NA,NA,NA,NA,Low,1
Scheelings et al. ,2011,Scheelings et al.  2011,yes,Google Scholar,"Australia, Victoria, Cape Conran",no,Western Pacific,"biochemical, culture broth and plate",Conventional,NA,NA,,swab,Animal,Reptile,Squamata,Typhlopidae,Ramphotyphlops,,Ramphotyphlops spp.,Blind snake (genus),free,Salmonella ,Salmonella,Salmonella,cloacal swab,yes,no,,,ND,1,,,,NA,,NA,,,,,,Has Salmonella Enterica Servoars but they are in a weird format.,,NA,NA,NA,NA,NA,NA,NA,NA,Low,1
Scheelings et al. ,2011,Scheelings et al.  2011,yes,Google Scholar,"Australia, Victoria, Cape Conran",no,Western Pacific,"biochemical, culture broth and plate",Conventional,NA,NA,,swab,Animal,Reptile,Squamata,Scincidae,Tiliqua,Blotched blue-tongue lizard,Tiliqua nigrolutea,,free,Salmonella ,Salmonella,Salmonella,cloacal swab,yes,no,,,2,28,,,,NA,,NA,,,,,,Has Salmonella Enterica Servoars but they are in a weird format.,,NA,NA,NA,NA,NA,NA,NA,NA,Low,1
Scheelings et al. ,2011,Scheelings et al.  2011,yes,Google Scholar,"Australia, Victoria, Cape Conran",no,Western Pacific,"biochemical, culture broth and plate",Conventional,NA,NA,,swab,Animal,Reptile,Squamata,Agamidae,Pogona,Eastern bearded dragon,Pogona barbata,,free,Salmonella ,Salmonella,Salmonella,cloacal swab,yes,no,,,ND,3,,,,NA,,NA,,,,,,Has Salmonella Enterica Servoars but they are in a weird format.,,NA,NA,NA,NA,NA,NA,NA,NA,Low,1
Scheelings et al. ,2011,Scheelings et al.  2011,yes,Google Scholar,"Australia, Victoria, Cape Conran",no,Western Pacific,"biochemical, culture broth and plate",Conventional,NA,NA,,swab,Animal,Reptile,Squamata,Pythonidae,Morelia,Coastal carpet python,Morelia spilota mcdowelli,,free,Salmonella ,Salmonella,Salmonella,cloacal swab,yes,no,,,3,8,,,,NA,,NA,,,,,,Has Salmonella Enterica Servoars but they are in a weird format.,,NA,NA,NA,NA,NA,NA,NA,NA,Low,1
Scheelings et al. ,2011,Scheelings et al.  2011,yes,Google Scholar,"Australia, Victoria, Cape Conran",no,Western Pacific,"biochemical, culture broth and plate",Conventional,NA,NA,,swab,Animal,Reptile,Squamata,Pythonidae,Morelia,Diamond python,Morelia spilota spilota,,free,Salmonella ,Salmonella,Salmonella,cloacal swab,yes,no,,,1,1,,,,NA,,NA,,,,,,Has Salmonella Enterica Servoars but they are in a weird format.,,NA,NA,NA,NA,NA,NA,NA,NA,Low,1
Scheelings et al. ,2011,Scheelings et al.  2011,yes,Google Scholar,"Australia, Victoria, Cape Conran",no,Western Pacific,"biochemical, culture broth and plate",Conventional,NA,NA,,swab,Animal,Reptile,Squamata,Scincidae,Tiliqua,Eastern bluetongue,Tiliqua scincoides,,free,Salmonella ,Salmonella,Salmonella,cloacal swab,yes,no,,,5,43,,,,NA,,NA,,,,,,Has Salmonella Enterica Servoars but they are in a weird format.,,NA,NA,NA,NA,NA,NA,NA,NA,Low,1
Scheelings et al. ,2011,Scheelings et al.  2011,yes,Google Scholar,"Australia, Victoria, Cape Conran",no,Western Pacific,"biochemical, culture broth and plate",Conventional,NA,NA,,swab,Animal,Reptile,Squamata,Elapidae,Notechis,Eastern tiger snake,Notechis scutatus scutatus,,free,Salmonella ,Salmonella,Salmonella,cloacal swab,yes,no,,,ND,2,,,,NA,,NA,,,,,,Has Salmonella Enterica Servoars but they are in a weird format.,,NA,NA,NA,NA,NA,NA,NA,NA,Low,1
Scheelings et al. ,2011,Scheelings et al.  2011,yes,Google Scholar,"Australia, Victoria, Cape Conran",no,Western Pacific,"biochemical, culture broth and plate",Conventional,NA,NA,,swab,Animal,Reptile,Squamata,Agamidae,Intellagama,Eastern water dragon,Physignathus lesueurii lesueurii,,free,Salmonella ,Salmonella,Salmonella,cloacal swab,yes,no,,,2,8,,,,NA,,NA,,,,,,Has Salmonella Enterica Servoars but they are in a weird format.,,NA,NA,NA,NA,NA,NA,NA,NA,Low,1
Scheelings et al. ,2011,Scheelings et al.  2011,yes,Google Scholar,"Australia, Victoria, Cape Conran",no,Western Pacific,"biochemical, culture broth and plate",Conventional,NA,NA,,swab,Animal,Reptile,Squamata,Elapidae,Austrelaps,Highland copperhead,Austrelaps ramsayi,,free,Salmonella ,Salmonella,Salmonella,cloacal swab,yes,no,,,ND,2,,,,NA,,NA,,,,,,Has Salmonella Enterica Servoars but they are in a weird format.,,NA,NA,NA,NA,NA,NA,NA,NA,Low,1
Scheelings et al. ,2011,Scheelings et al.  2011,yes,Google Scholar,"Australia, Victoria, Cape Conran",no,Western Pacific,"biochemical, culture broth and plate",Conventional,NA,NA,,swab,Animal,Reptile,Squamata,Colubridae,Tropidonophis,Common keelback,Tropidonophis mairii,,free,Salmonella ,Salmonella,Salmonella,cloacal swab,yes,no,,,ND,1,,,,NA,,NA,,,,,,Has Salmonella Enterica Servoars but they are in a weird format.,,NA,NA,NA,NA,NA,NA,NA,NA,Low,1
Scheelings et al. ,2011,Scheelings et al.  2011,yes,Google Scholar,"Australia, Victoria, Cape Conran",no,Western Pacific,"biochemical, culture broth and plate",Conventional,NA,NA,,swab,Animal,Reptile,Squamata,Varanidae,Varanus,Lace monitor,Varanus varius,,free,Salmonella ,Salmonella,Salmonella,cloacal swab,yes,no,,,17,55,,,,NA,,NA,,,,,,Has Salmonella Enterica Servoars but they are in a weird format.,,NA,NA,NA,NA,NA,NA,NA,NA,Low,1
Scheelings et al. ,2011,Scheelings et al.  2011,yes,Google Scholar,"Australia, Victoria, Cape Conran",no,Western Pacific,"biochemical, culture broth and plate",Conventional,NA,NA,,swab,Animal,Reptile,Squamata,Elapidae,Austrelaps,Lowland copperhead ,Austrelaps superbus,,free,Salmonella ,Salmonella,Salmonella,cloacal swab,yes,no,,,9,13,,,,NA,,NA,,,,,,Has Salmonella Enterica Servoars but they are in a weird format.,,NA,NA,NA,NA,NA,NA,NA,NA,Low,1
Scheelings et al. ,2011,Scheelings et al.  2011,yes,Google Scholar,"Australia, Victoria, Cape Conran",no,Western Pacific,"biochemical, culture broth and plate",Conventional,NA,NA,,swab,Animal,Reptile,Squamata,Scincidae,Cyclodomorphus,Pink-tongued lizard,Hemisphaeriodon gerradi,,free,Salmonella ,Salmonella,Salmonella,cloacal swab,yes,no,,,ND,1,,,,NA,,NA,,,,,,Has Salmonella Enterica Servoars but they are in a weird format.,,NA,NA,NA,NA,NA,NA,NA,NA,Low,1
Scheelings et al. ,2011,Scheelings et al.  2011,yes,Google Scholar,"Australia, Victoria, Cape Conran",no,Western Pacific,"biochemical, culture broth and plate",Conventional,NA,NA,,swab,Animal,Reptile,Squamata,Elapidae,Pseudechis,Red-bellied black snake,Pseudechis porphyriacus,,free,Salmonella ,Salmonella,Salmonella,cloacal swab,yes,no,,,1,3,,,,NA,,NA,,,,,,Has Salmonella Enterica Servoars but they are in a weird format.,,NA,NA,NA,NA,NA,NA,NA,NA,Low,1
Scheelings et al. ,2011,Scheelings et al.  2011,yes,Google Scholar,"Australia, Victoria, Cape Conran",no,Western Pacific,"biochemical, culture broth and plate",Conventional,NA,NA,,swab,Animal,Reptile,Squamata,Scincidae,Tiliqua,Shingleback lizard,Tiliqua rugosa,,free,Salmonella ,Salmonella,Salmonella,cloacal swab,yes,no,,,ND,1,,,,NA,,NA,,,,,,Has Salmonella Enterica Servoars but they are in a weird format.,,NA,NA,NA,NA,NA,NA,NA,NA,Low,1
Scheelings et al. ,2011,Scheelings et al.  2011,yes,Google Scholar,"Australia, Victoria, Cape Conran",no,Western Pacific,"biochemical, culture broth and plate",Conventional,NA,NA,,swab,Animal,Reptile,Squamata,Scincidae,Lissolepis,Swamp skink,Egernia coventryi,,free,Salmonella ,Salmonella,Salmonella,cloacal swab,yes,no,,,ND,1,,,,NA,,NA,,,,,,Has Salmonella Enterica Servoars but they are in a weird format.,,NA,NA,NA,NA,NA,NA,NA,NA,Low,1
Scheelings et al. ,2011,Scheelings et al.  2011,yes,Google Scholar,"Australia, Victoria, Cape Conran",no,Western Pacific,"biochemical, culture broth and plate",Conventional,NA,NA,,swab,Animal,Reptile,Squamata,Scincidae,Eulamprus,Warm-termperature water skink,Eulamprus heatwolei,,free,Salmonella ,Salmonella,Salmonella,cloacal swab,yes,no,,,ND,48,,,,NA,,NA,,,,,,Has Salmonella Enterica Servoars but they are in a weird format.,,NA,NA,NA,NA,NA,NA,NA,NA,Low,1
Scheelings et al. ,2011,Scheelings et al.  2011,yes,Google Scholar,"Australia, Victoria, Cape Conran",no,Western Pacific,"biochemical, culture broth and plate",Conventional,NA,NA,,swab,Animal,Reptile,Squamata,Elapidae,Cacophis,White-crowned snake,Cacophis harriettae,,free,Salmonella ,Salmonella,Salmonella,cloacal swab,yes,no,,,ND,2,,,,NA,,NA,,,,,,Has Salmonella Enterica Servoars but they are in a weird format.,,NA,NA,NA,NA,NA,NA,NA,NA,Low,1
Scheelings et al. ,2011,Scheelings et al.  2011,yes,Google Scholar,"Australia, Victoria, Cape Conran",no,Western Pacific,"biochemical, culture broth and plate",Conventional,NA,NA,,swab,Animal,Reptile,Squamata,Elapidae,Drysdalia,White-lipped snake,Elapognathus coronoides,,free,Salmonella ,Salmonella,Salmonella,cloacal swab,yes,no,,,ND,3,,,,NA,,NA,,,,,,Has Salmonella Enterica Servoars but they are in a weird format.,,NA,NA,NA,NA,NA,NA,NA,NA,Low,1
Schmidt et al.,2014,Schmidt et al. 2014,yes,Google Scholar,"Germany, Hiddensee",no,Europe,"agglutination, culture plate and broth",Immunologic,NA,NA,,swab,Animal,Reptile,Squamata,Viperidae,Vipera,European adder,Vipera berus,,free,Salmonella spp.,Salmonella,Salmonella,cloacal swab,yes,no,,,8,23,,,,NA,,NA,,,,,,,,NA,NA,NA,NA,NA,NA,NA,NA,Moderate,2
Schmidt et al.,2014,Schmidt et al. 2014,yes,Google Scholar,"Germany, Hiddensee",no,Europe,"agglutination, culture plate and broth",Immunologic,NA,NA,,swab,Animal,Reptile,Squamata,Colubridae,Natrix,Grass snakes,Natrix natrix,,free,Salmonella spp.,Salmonella,Salmonella,cloacal swab,yes,no,,,0,12,,,,NA,,NA,,,,,,,,NA,NA,NA,NA,NA,NA,NA,NA,Moderate,2
Schmidt et al.,2014,Schmidt et al. 2014,yes,Google Scholar,"Germany, Hiddensee",no,Europe,"agglutination, culture plate and broth",Immunologic,NA,NA,,swab,Animal,Reptile,Squamata,Anguidae,Anguis,Slow worm,Anguis fragilis,,free,Salmonella spp.,Salmonella,Salmonella,cloacal swab,yes,no,,,0,21,,,,NA,,NA,,,,,,,,NA,NA,NA,NA,NA,NA,NA,NA,Moderate,2
Prud?homme et al.,2018,Prud?homme et al. 2018,yes,Google Scholar,Grand Cayman,no,Northa America,"Serotype (outside lab), plate culture",Immunologic,NA,NA,,NA,Animal,Reptile,Squamata,Iguanidae,Cyclura,Grand cayman iguana,Cyclura lewisi,,free,Salmonella enterica,Salmonella enterica,Salmonella enterica (non-typhoid),feces,yes,no,,,2,38,0.0606,,,NA,,NA,,,,,,, (Saintpaul),NA,NA,NA,NA,NA,NA,NA,NA,Low,1
Smith et al. ,2012,Smith et al.  2012,yes,Google Scholar,"Indonesia, Java, Jakarta captured then shipped to USA",no,South-East Asia,"RT-PCR, biochemical, culture broth and plate",Molecular,NA,NA,,NA,Animal,Reptile,Squamata,Gekkonidae,Gekko,Tokay geckos ,Gekko gecko,,captured for 0-3 months,Salmonella enterica,Salmonella enterica,Salmonella enterica (non-typhoid),feces,yes,no,,,80,110,,,,NA,,NA,,,,,,Includes subspecies and seroprevlance but I am not sure about the numbers,,NA,NA,NA,NA,NA,NA,NA,NA,Low,1
Smith et al. ,2012,Smith et al.  2012,yes,Google Scholar,"Indonesia, Java, Jakarta captured then shipped to USA",no,South-East Asia,"RT-PCR, biochemical, culture broth and plate",Molecular,NA,NA,,NA,Animal,Reptile,Squamata,Gekkonidae,Gekko,Tokay geckos ,Gekko gecko,,captured for 0-3 months,Salmonella enterica arizonae,Salmonella enterica subsp. arizonae   ,Salmonella enterica (non-typhoid),feces,yes,no,,,6,110,,,,NA,,NA,,,,,,Some salmonella isolates had multiple sub species,,NA,NA,NA,NA,NA,NA,NA,NA,Low,1
Smith et al. ,2012,Smith et al.  2012,yes,Google Scholar,"Indonesia, Java, Jakarta captured then shipped to USA",no,South-East Asia,"RT-PCR, biochemical, culture broth and plate",Molecular,NA,NA,,NA,Animal,Reptile,Squamata,Gekkonidae,Gekko,Tokay geckos ,Gekko gecko,,captured for 0-3 months,Salmonella enterica enterica,Salmonella enterica subsp. enterica,Salmonella enterica (non-typhoid),feces,yes,no,,,48,110,,,,NA,,NA,,,,,,Some salmonella isolates had multiple sub species,,NA,NA,NA,NA,NA,NA,NA,NA,Low,1
Smith et al. ,2012,Smith et al.  2012,yes,Google Scholar,"Indonesia, Java, Jakarta captured then shipped to USA",no,South-East Asia,"RT-PCR, biochemical, culture broth and plate",Molecular,NA,NA,,NA,Animal,Reptile,Squamata,Gekkonidae,Gekko,Tokay geckos ,Gekko gecko,,captured for 0-3 months,"Salmonella enterica arizonae 42:I,v:1,5,7","Salmonella enterica subsp. enterica serovar 42;I,v;1,5,7",Salmonella enterica (non-typhoid),feces,yes,no,,,1,110,,,,NA,,NA,,,,,,,,NA,NA,NA,NA,NA,NA,NA,NA,Low,1
Smith et al. ,2012,Smith et al.  2012,yes,Google Scholar,"Indonesia, Java, Jakarta captured then shipped to USA",no,South-East Asia,"RT-PCR, biochemical, culture broth and plate",Molecular,NA,NA,,NA,Animal,Reptile,Squamata,Gekkonidae,Gekko,Tokay geckos ,Gekko gecko,,captured for 0-3 months,Salmonella enterica arizonae 61:kz35,Salmonella enterica subsp. enterica serovar 61;kz35,Salmonella enterica (non-typhoid),feces,yes,no,,,5,110,,,,NA,,NA,,,,,,,,NA,NA,NA,NA,NA,NA,NA,NA,Low,1
Smith et al. ,2012,Smith et al.  2012,yes,Google Scholar,"Indonesia, Java, Jakarta captured then shipped to USA",no,South-East Asia,"RT-PCR, biochemical, culture broth and plate",Molecular,NA,NA,,NA,Animal,Reptile,Squamata,Gekkonidae,Gekko,Tokay geckos ,Gekko gecko,,captured for 0-3 months,Salmonella enterica enterica Adelaide,Salmonella enterica subsp. enterica serovar Adelaide   ,Salmonella enterica (non-typhoid),feces,yes,no,,,4,110,,,,NA,,NA,,,,,,,,NA,NA,NA,NA,NA,NA,NA,NA,Low,1
Smith et al. ,2012,Smith et al.  2012,yes,Google Scholar,"Indonesia, Java, Jakarta captured then shipped to USA",no,South-East Asia,"RT-PCR, biochemical, culture broth and plate",Molecular,NA,NA,,NA,Animal,Reptile,Squamata,Gekkonidae,Gekko,Tokay geckos ,Gekko gecko,,captured for 0-3 months,Salmonella enterica enterica Apapa,Salmonella enterica subsp. enterica serovar Apapa   ,Salmonella enterica (non-typhoid),feces,yes,no,,,10,110,,,,NA,,NA,,,,,,,,NA,NA,NA,NA,NA,NA,NA,NA,Low,1
Smith et al. ,2012,Smith et al.  2012,yes,Google Scholar,"Indonesia, Java, Jakarta captured then shipped to USA",no,South-East Asia,"RT-PCR, biochemical, culture broth and plate",Molecular,NA,NA,,NA,Animal,Reptile,Squamata,Gekkonidae,Gekko,Tokay geckos ,Gekko gecko,,captured for 0-3 months,Salmonella enterica enterica Bangkok,Salmonella enterica subsp. enterica serovar Bangkok   ,Salmonella enterica (non-typhoid),feces,yes,no,,,1,110,,,,NA,,NA,,,,,,,,NA,NA,NA,NA,NA,NA,NA,NA,Low,1
Smith et al. ,2012,Smith et al.  2012,yes,Google Scholar,"Indonesia, Java, Jakarta captured then shipped to USA",no,South-East Asia,"RT-PCR, biochemical, culture broth and plate",Molecular,NA,NA,,NA,Animal,Reptile,Squamata,Gekkonidae,Gekko,Tokay geckos ,Gekko gecko,,captured for 0-3 months,Salmonella enterica enterica Eastbourne,Salmonella enterica subsp. enterica serovar Eastbourne   ,Salmonella enterica (non-typhoid),feces,yes,no,,,1,110,,,,NA,,NA,,,,,,,,NA,NA,NA,NA,NA,NA,NA,NA,Low,1
Smith et al. ,2012,Smith et al.  2012,yes,Google Scholar,"Indonesia, Java, Jakarta captured then shipped to USA",no,South-East Asia,"RT-PCR, biochemical, culture broth and plate",Molecular,NA,NA,,NA,Animal,Reptile,Squamata,Gekkonidae,Gekko,Tokay geckos ,Gekko gecko,,captured for 0-3 months,Salmonella enterica enterica Fresno,Salmonella enterica subsp. enterica serovar Fresno   ,Salmonella enterica (non-typhoid),feces,yes,no,,,16,110,,,,NA,,NA,,,,,,,,NA,NA,NA,NA,NA,NA,NA,NA,Low,1
Smith et al. ,2012,Smith et al.  2012,yes,Google Scholar,"Indonesia, Java, Jakarta captured then shipped to USA",no,South-East Asia,"RT-PCR, biochemical, culture broth and plate",Molecular,NA,NA,,NA,Animal,Reptile,Squamata,Gekkonidae,Gekko,Tokay geckos ,Gekko gecko,,captured for 0-3 months,Salmonella enterica enterica Lexington ,Salmonella enterica subsp. enterica serovar Lexington   ,Salmonella enterica (non-typhoid),feces,yes,no,,,1,110,,,,NA,,NA,,,,,,,,NA,NA,NA,NA,NA,NA,NA,NA,Low,1
Smith et al. ,2012,Smith et al.  2012,yes,Google Scholar,"Indonesia, Java, Jakarta captured then shipped to USA",no,South-East Asia,"RT-PCR, biochemical, culture broth and plate",Molecular,NA,NA,,NA,Animal,Reptile,Squamata,Gekkonidae,Gekko,Tokay geckos ,Gekko gecko,,captured for 0-3 months,Salmonella enterica enterica Newport ,Salmonella enterica subsp. enterica serovar Newport   ,Salmonella enterica (non-typhoid),feces,yes,no,,,4,110,,,,NA,,NA,,,,,,,,NA,NA,NA,NA,NA,NA,NA,NA,Low,1
Smith et al. ,2012,Smith et al.  2012,yes,Google Scholar,"Indonesia, Java, Jakarta captured then shipped to USA",no,South-East Asia,"RT-PCR, biochemical, culture broth and plate",Molecular,NA,NA,,NA,Animal,Reptile,Squamata,Gekkonidae,Gekko,Tokay geckos ,Gekko gecko,,captured for 0-3 months,Salmonella enterica enterica Orientalis ,Salmonella enterica subsp. enterica serovar Orientalis   ,Salmonella enterica (non-typhoid),feces,yes,no,,,1,110,,,,NA,,NA,,,,,,,,NA,NA,NA,NA,NA,NA,NA,NA,Low,1
Smith et al. ,2012,Smith et al.  2012,yes,Google Scholar,"Indonesia, Java, Jakarta captured then shipped to USA",no,South-East Asia,"RT-PCR, biochemical, culture broth and plate",Molecular,NA,NA,,NA,Animal,Reptile,Squamata,Gekkonidae,Gekko,Tokay geckos ,Gekko gecko,,captured for 0-3 months,Salmonella enterica enterica Oslo,Salmonella enterica subsp. enterica serovar Oslo   ,Salmonella enterica (non-typhoid),feces,yes,no,,,2,110,,,,NA,,NA,,,,,,,,NA,NA,NA,NA,NA,NA,NA,NA,Low,1
Smith et al. ,2012,Smith et al.  2012,yes,Google Scholar,"Indonesia, Java, Jakarta captured then shipped to USA",no,South-East Asia,"RT-PCR, biochemical, culture broth and plate",Molecular,NA,NA,,NA,Animal,Reptile,Squamata,Gekkonidae,Gekko,Tokay geckos ,Gekko gecko,,captured for 0-3 months,Salmonella enterica enterica Rubislaw,Salmonella enterica subsp. enterica serovar Rubislaw   ,Salmonella enterica (non-typhoid),feces,yes,no,,,1,110,,,,NA,,NA,,,,,,,,NA,NA,NA,NA,NA,NA,NA,NA,Low,1
Smith et al. ,2012,Smith et al.  2012,yes,Google Scholar,"Indonesia, Java, Jakarta captured then shipped to USA",no,South-East Asia,"RT-PCR, biochemical, culture broth and plate",Molecular,NA,NA,,NA,Animal,Reptile,Squamata,Gekkonidae,Gekko,Tokay geckos ,Gekko gecko,,captured for 0-3 months,Salmonella enterica enterica Weltevreden,Salmonella enterica subsp. enterica serovar Weltevreden   ,Salmonella enterica (non-typhoid),feces,yes,no,,,3,110,,,,NA,,NA,,,,,,,,NA,NA,NA,NA,NA,NA,NA,NA,Low,1
Smith et al. ,2012,Smith et al.  2012,yes,Google Scholar,"Indonesia, Java, Jakarta captured then shipped to USA",no,South-East Asia,"RT-PCR, biochemical, culture broth and plate",Molecular,NA,NA,,NA,Animal,Reptile,Squamata,Gekkonidae,Gekko,Tokay geckos ,Gekko gecko,,captured for 0-3 months,Salmonella enterica houtenae,Salmonella enterica subsp. houtenae   ,Salmonella enterica (non-typhoid),feces,yes,no,,,36,110,,,,NA,,NA,,,,,,Some salmonella isolates had multiple sub species,,NA,NA,NA,NA,NA,NA,NA,NA,Low,1
Smith et al. ,2012,Smith et al.  2012,yes,Google Scholar,"Indonesia, Java, Jakarta captured then shipped to USA",no,South-East Asia,"RT-PCR, biochemical, culture broth and plate",Molecular,NA,NA,,NA,Animal,Reptile,Squamata,Gekkonidae,Gekko,Tokay geckos ,Gekko gecko,,captured for 0-3 months,Salmonella enterica houtenae 43:z4;z23:-,Salmonella enterica subsp. houtenae  serovar 43;z4;z23;-,Salmonella enterica (non-typhoid),feces,yes,no,,,31,110,,,,NA,,NA,,,,,,,,NA,NA,NA,NA,NA,NA,NA,NA,Low,1
Smith et al. ,2012,Smith et al.  2012,yes,Google Scholar,"Indonesia, Java, Jakarta captured then shipped to USA",no,South-East Asia,"RT-PCR, biochemical, culture broth and plate",Molecular,NA,NA,,NA,Animal,Reptile,Squamata,Gekkonidae,Gekko,Tokay geckos ,Gekko gecko,,captured for 0-3 months,Salmonella enterica houtenae 44z4;32,Salmonella enterica subsp. houtenae  serovar 44z4;32,Salmonella enterica (non-typhoid),feces,yes,no,,,1,110,,,,NA,,NA,,,,,,,,NA,NA,NA,NA,NA,NA,NA,NA,Low,1
Smith et al. ,2012,Smith et al.  2012,yes,Google Scholar,"Indonesia, Java, Jakarta captured then shipped to USA",no,South-East Asia,"RT-PCR, biochemical, culture broth and plate",Molecular,NA,NA,,NA,Animal,Reptile,Squamata,Gekkonidae,Gekko,Tokay geckos ,Gekko gecko,,captured for 0-3 months,"Salmonella enterica houtenae Rough_O:z4, z23:-","Salmonella enterica subsp. houtenae  serovar Rough_O;z4, z23;-",Salmonella enterica (non-typhoid),feces,yes,no,,,4,110,,,,NA,,NA,,,,,,,,NA,NA,NA,NA,NA,NA,NA,NA,Low,1
